# Blender 5.0.1
# www.blender.org
mtllib wandering_sword_1.mtl
o Part_1
v 0.014772 1.309789 0.070189
v 0.020278 1.309675 0.072642
v 0.021516 1.309732 0.067540
v 0.025474 1.309987 0.066970
v 0.014812 1.314318 0.069527
v 0.021937 1.314162 0.067191
v 0.014808 1.319822 0.067473
v 0.022591 1.319296 0.065601
v 0.029441 1.314178 0.061749
v 0.029866 1.317633 0.061034
v 0.033160 1.311048 0.055682
v 0.014096 1.326381 0.048029
v 0.023372 1.325463 0.046698
v 0.031973 1.322515 0.043168
v 0.036420 1.312518 0.039772
v 0.013329 1.326175 0.029673
v 0.020335 1.325361 0.029293
v 0.026864 1.322828 0.028071
v 0.030205 1.314992 0.025488
v 0.019868 1.314930 0.024232
v 0.026561 1.315537 0.024313
v 0.026488 1.309311 0.025462
v 0.019737 1.306012 0.026176
v 0.031534 1.305083 0.040947
v 0.036420 1.312518 0.039772
v 0.033160 1.311048 0.055682
v 0.028712 1.305656 0.058477
v 0.028739 1.307614 0.060077
v 0.021938 1.302453 0.060765
v 0.022115 1.304919 0.064366
v 0.027192 1.309765 0.062729
v 0.022698 1.309671 0.066937
v 0.025328 1.309630 0.066423
v 0.030048 1.309905 0.062193
v 0.014548 1.304096 0.066850
v 0.014761 1.309293 0.070103
v 0.014326 1.301602 0.062414
v 0.013543 1.299595 0.044346
v 0.022624 1.300659 0.043326
v 0.019737 1.306012 0.026176
v 0.029975 1.309738 0.060699
v 0.029809 1.309631 0.060801
v 0.020278 1.309405 0.072340
v 0.014951 1.309176 0.074709
v 0.030594 1.310023 0.061720
v 0.012879 1.305265 0.026381
v 0.019737 1.306012 0.026176
v 0.022624 1.300659 0.043326
v 0.012941 1.314876 0.024424
v 0.012879 1.305265 0.026381
v 0.012941 1.314876 0.024424
v 0.012879 1.305265 0.026381
v 0.022624 1.300659 0.043326
v 0.013543 1.299595 0.044346
v 0.030205 1.314992 0.025488
v 0.029975 1.309738 0.060699
v 0.029769 1.309921 0.060879
v 0.027136 1.309999 0.062805
v 0.030594 1.310023 0.061720
v 0.027136 1.309999 0.062805
v 0.029769 1.309921 0.060879
v 0.030097 1.310111 0.062244
v 0.027136 1.309999 0.062805
v 0.014969 1.309395 0.075074
v 0.014772 1.309789 0.070189
v 0.007834 1.309936 0.068110
v 0.009487 1.309835 0.073092
v 0.003851 1.310310 0.067871
v 0.014812 1.314318 0.069527
v 0.007518 1.314377 0.067792
v 0.014808 1.319822 0.067473
v 0.006886 1.319530 0.066256
v -0.000409 1.314624 0.062992
v -0.000789 1.318090 0.062311
v -0.004712 1.311613 0.057260
v 0.014096 1.326381 0.048029
v 0.004721 1.325741 0.047475
v -0.004228 1.323055 0.044675
v -0.009238 1.313199 0.041674
v 0.013329 1.326175 0.029673
v 0.006296 1.325571 0.029878
v -0.000385 1.323235 0.029206
v -0.004161 1.315505 0.026920
v 0.006030 1.315137 0.024809
v -0.000613 1.315943 0.025445
v -0.000630 1.309715 0.026592
v 0.006056 1.306217 0.026746
v -0.004495 1.305621 0.042448
v -0.009238 1.313199 0.041674
v -0.004712 1.311613 0.057260
v -0.000209 1.306087 0.059681
v -0.000045 1.308044 0.061276
v 0.006633 1.302681 0.061402
v 0.006830 1.305146 0.065002
v 0.001783 1.310216 0.063798
v 0.006603 1.309856 0.067599
v 0.003941 1.309949 0.067314
v -0.001104 1.310369 0.063490
v 0.014548 1.304096 0.066850
v 0.014761 1.309293 0.070103
v 0.014326 1.301602 0.062414
v 0.013543 1.299595 0.044346
v 0.004446 1.300930 0.044084
v 0.006056 1.306217 0.026746
v -0.001161 1.310203 0.061996
v -0.000990 1.310091 0.062084
v 0.009457 1.309567 0.072790
v 0.014951 1.309176 0.074709
v -0.001684 1.310504 0.063065
v 0.012879 1.305265 0.026381
v 0.013543 1.299595 0.044346
v 0.004446 1.300930 0.044084
v 0.012879 1.305265 0.026381
v 0.004446 1.300930 0.044084
v 0.006056 1.306217 0.026746
v 0.012941 1.314876 0.024424
v 0.012879 1.305265 0.026381
v 0.012941 1.314876 0.024424
v -0.004161 1.315505 0.026920
v -0.001161 1.310203 0.061996
v -0.000935 1.310379 0.062158
v 0.001850 1.310376 0.063858
v -0.001684 1.310504 0.063065
v 0.001850 1.310376 0.063858
v -0.001143 1.310577 0.063545
v -0.000935 1.310379 0.062158
v 0.001850 1.310376 0.063858
v 0.014969 1.309395 0.075074
v -0.238726 0.981539 0.072013
v -0.243338 0.984688 0.075315
v -0.251975 0.969302 0.088684
v -0.237741 0.960311 0.078860
v -0.239378 1.011040 0.078926
v -0.218974 0.997758 0.066122
v -0.214662 1.024894 0.072188
v -0.197378 0.990252 0.075312
v -0.193522 1.036012 0.077579
v -0.219778 1.027661 0.075763
v -0.239149 1.014732 0.102947
v -0.209565 1.045174 0.087672
v -0.201435 0.983817 0.075782
v -0.243164 1.008617 0.103158
v -0.239149 1.014732 0.102947
v -0.197378 0.990252 0.075312
v -0.201435 0.983817 0.075782
v -0.243164 1.008617 0.103158
v -0.237741 0.960311 0.078860
v -0.251975 0.969302 0.088684
v -0.193522 1.036012 0.077579
v -0.209565 1.045174 0.087672
v 0.120511 0.930872 -0.152547
v 0.130486 0.914926 -0.140516
v 0.141906 0.919234 -0.155714
v 0.124283 0.932503 -0.157568
v 0.121591 0.958219 -0.166508
v 0.106515 0.952037 -0.144345
v 0.106116 0.979997 -0.152602
v 0.111538 0.957018 -0.120457
v 0.104674 1.001613 -0.137762
v 0.110065 0.981720 -0.157862
v 0.143470 0.968072 -0.164760
v 0.116873 1.006931 -0.154025
v 0.114137 0.949892 -0.120816
v 0.146059 0.960931 -0.165123
v 0.143470 0.968072 -0.164760
v 0.146059 0.960931 -0.165123
v 0.114137 0.949892 -0.120816
v 0.111538 0.957018 -0.120457
v 0.130486 0.914926 -0.140516
v 0.141906 0.919234 -0.155714
v 0.104674 1.001613 -0.137762
v 0.116873 1.006931 -0.154025
v -0.049928 1.266968 0.061836
v -0.045567 1.267768 0.065699
v -0.051312 1.256388 0.080121
v -0.056968 1.253389 0.080036
v -0.035962 1.267111 0.055117
v -0.033929 1.267738 0.060398
v -0.016933 1.254287 0.061953
v -0.016231 1.255933 0.066886
v -0.024386 1.233265 0.084808
v -0.022940 1.239107 0.085788
v -0.016584 1.241258 0.081301
v 0.005627 1.243833 0.066126
v 0.005877 1.244892 0.070928
v 0.026566 1.235917 0.068290
v 0.026500 1.236612 0.072364
v 0.024131 1.235062 0.074855
v 0.003334 1.235312 0.080144
v -0.017328 1.235441 0.079811
v 0.002105 1.230379 0.078771
v 0.028113 1.227055 0.080160
v 0.027660 1.222596 0.078784
v 0.026985 1.234832 0.077238
v 0.029698 1.237076 0.073218
v 0.031217 1.225913 0.082318
v 0.035737 1.224181 0.081886
v 0.036846 1.233146 0.074419
v 0.040330 1.222521 0.081551
v 0.045071 1.229953 0.073740
v 0.046775 1.223117 0.074993
v 0.044136 1.216973 0.080592
v 0.055197 1.210862 0.077159
v 0.052826 1.205807 0.081909
v 0.060278 1.205042 0.077247
v 0.058998 1.210605 0.074767
v 0.055052 1.210961 0.072612
v 0.056969 1.210864 0.071557
v 0.046211 1.222663 0.069644
v 0.044270 1.230083 0.068683
v 0.036478 1.232714 0.068224
v 0.029770 1.236116 0.066678
v 0.038262 1.217715 0.078804
v 0.034178 1.219101 0.079038
v 0.030014 1.220373 0.079167
v 0.041878 1.213244 0.078832
v 0.050368 1.202109 0.081284
v 0.059183 1.201422 0.075832
v -0.037299 1.261510 0.055115
v -0.019297 1.250182 0.060877
v -0.016933 1.254287 0.061953
v -0.035962 1.267111 0.055117
v -0.049928 1.266968 0.061836
v -0.048955 1.260473 0.062053
v -0.056968 1.253389 0.080036
v -0.054620 1.249529 0.074979
v -0.028331 1.234284 0.080003
v -0.024386 1.233265 0.084808
v -0.021209 1.236910 0.074591
v 0.003637 1.240122 0.064602
v 0.005627 1.243833 0.066126
v 0.026204 1.232598 0.066568
v 0.026566 1.235917 0.068290
v 0.000100 1.229897 0.074229
v -0.017328 1.235441 0.079811
v 0.002105 1.230379 0.078771
v 0.027060 1.222205 0.074797
v 0.027660 1.222596 0.078784
v 0.029770 1.236116 0.066678
v 0.027909 1.231711 0.065086
v 0.030014 1.220373 0.079167
v 0.029247 1.219754 0.074108
v 0.034142 1.228210 0.066419
v 0.036478 1.232714 0.068224
v 0.041750 1.225841 0.066484
v 0.044270 1.230083 0.068683
v 0.046211 1.222663 0.069644
v 0.044216 1.218491 0.067666
v 0.055052 1.210961 0.072612
v 0.052929 1.207138 0.071215
v 0.041115 1.212305 0.073554
v 0.047281 1.203188 0.076631
v 0.041878 1.213244 0.078832
v 0.050368 1.202109 0.081284
v 0.037607 1.217762 0.074293
v 0.038262 1.217715 0.078804
v 0.034178 1.219101 0.079038
v 0.033411 1.218707 0.074145
v 0.055485 1.206934 0.069557
v 0.056969 1.210864 0.071557
v 0.056288 1.202376 0.071202
v 0.059183 1.201422 0.075832
v 0.097246 1.259255 -0.032578
v 0.115643 1.244440 -0.031152
v 0.113660 1.247749 -0.025800
v 0.099062 1.260123 -0.026832
v 0.085443 1.260678 -0.022499
v 0.089441 1.261199 -0.018478
v 0.082750 1.248959 -0.001612
v 0.087052 1.250413 0.001021
v 0.104976 1.226364 0.002251
v 0.105702 1.232243 0.003696
v 0.099151 1.235076 0.007463
v 0.076160 1.240050 0.021233
v 0.080477 1.240891 0.023447
v 0.068709 1.233657 0.041467
v 0.072473 1.234146 0.043104
v 0.075603 1.232301 0.042094
v 0.089147 1.230709 0.025525
v 0.097674 1.229300 0.006438
v 0.088048 1.225769 0.024069
v 0.078115 1.224373 0.048335
v 0.076722 1.219965 0.047557
v 0.076540 1.232174 0.045697
v 0.071934 1.234811 0.046336
v 0.078674 1.223368 0.052113
v 0.076251 1.222008 0.056100
v 0.069717 1.231383 0.053498
v 0.073890 1.220721 0.060190
v 0.065400 1.228863 0.060801
v 0.065295 1.222124 0.063205
v 0.071000 1.215532 0.063493
v 0.062780 1.210455 0.072333
v 0.067687 1.205010 0.072450
v 0.060278 1.205042 0.077247
v 0.058998 1.210605 0.074767
v 0.058738 1.210764 0.070266
v 0.056969 1.210864 0.071557
v 0.060663 1.221888 0.060445
v 0.061176 1.229177 0.057923
v 0.064238 1.231225 0.050556
v 0.065920 1.234177 0.043670
v 0.071910 1.215910 0.057388
v 0.070074 1.211732 0.060886
v 0.067873 1.201170 0.070142
v 0.059183 1.201422 0.075832
v 0.073943 1.216969 0.053728
v 0.075909 1.217912 0.049956
v 0.082750 1.248959 -0.001612
v 0.082453 1.244745 -0.004013
v 0.085577 1.255002 -0.023454
v 0.085443 1.260678 -0.022499
v 0.097246 1.259255 -0.032578
v 0.096568 1.252846 -0.031311
v 0.115643 1.244440 -0.031152
v 0.109802 1.240999 -0.030915
v 0.102346 1.227316 -0.003393
v 0.104976 1.226364 0.002251
v 0.094673 1.230724 0.000656
v 0.075336 1.236277 0.018967
v 0.076160 1.240050 0.021233
v 0.067052 1.230407 0.040569
v 0.068709 1.233657 0.041467
v 0.084749 1.225357 0.020352
v 0.097674 1.229300 0.006438
v 0.088048 1.225769 0.024069
v 0.073340 1.219723 0.045341
v 0.076722 1.219965 0.047557
v 0.065920 1.234177 0.043670
v 0.064927 1.229725 0.041525
v 0.075909 1.217912 0.049956
v 0.071610 1.217481 0.047145
v 0.063243 1.226649 0.047897
v 0.064238 1.231225 0.050556
v 0.059924 1.224866 0.054917
v 0.061176 1.229177 0.057923
v 0.060663 1.221888 0.060445
v 0.059395 1.217677 0.058004
v 0.058738 1.210764 0.070266
v 0.058076 1.206862 0.067939
v 0.065552 1.210994 0.058000
v 0.065046 1.202235 0.065324
v 0.070074 1.211732 0.060886
v 0.067873 1.201170 0.070142
v 0.068111 1.216125 0.054878
v 0.071910 1.215910 0.057388
v 0.073943 1.216969 0.053728
v 0.069814 1.216755 0.050975
v 0.055485 1.206934 0.069557
v 0.056969 1.210864 0.071557
v 0.056288 1.202376 0.071202
v 0.059183 1.201422 0.075832
v 0.064565 1.206153 0.083888
v 0.065052 1.213146 0.073922
v 0.059530 1.222887 0.074568
v 0.069625 1.202570 0.076273
v 0.069332 1.208017 0.068638
v 0.067821 1.198742 0.081213
v 0.063322 1.193059 0.083040
v 0.055883 1.213638 0.079757
v 0.055281 1.203339 0.085403
v 0.048917 1.209112 0.081632
v 0.060214 1.199150 0.086055
v 0.069449 1.215572 0.075813
v 0.061833 1.226208 0.077905
v 0.066029 1.190984 0.087467
v 0.072165 1.198730 0.084424
v 0.073979 1.210017 0.070081
v 0.074304 1.204054 0.078344
v 0.069625 1.202570 0.076273
v 0.055930 1.216298 0.084418
v 0.061833 1.226208 0.077905
v 0.066029 1.190984 0.087467
v 0.061289 1.199314 0.091346
v 0.048419 1.211388 0.086349
v 0.055281 1.203339 0.085403
v 0.055300 1.205073 0.090435
v 0.066518 1.215906 0.086135
v 0.055930 1.216298 0.084418
v 0.061833 1.226208 0.077905
v 0.069449 1.215572 0.075813
v 0.055300 1.205073 0.090435
v 0.068842 1.206261 0.090599
v 0.074304 1.204054 0.078344
v 0.073979 1.210017 0.070081
v 0.072165 1.198730 0.084424
v 0.066029 1.190984 0.087467
v 0.061289 1.199314 0.091346
v 0.048419 1.211388 0.086349
v 0.053529 1.322191 0.028211
v 0.056937 1.320670 0.027385
v 0.051699 1.313002 0.037063
v 0.048099 1.314365 0.037530
v 0.055521 1.315974 0.026631
v 0.051064 1.308387 0.034619
v 0.049867 1.311386 0.037601
v 0.049672 1.308417 0.035963
v 0.047045 1.312440 0.038008
v 0.040934 1.296872 0.047089
v 0.041104 1.294763 0.047642
v 0.039743 1.297706 0.049638
v 0.039468 1.296495 0.051415
v 0.039413 1.293014 0.049502
v 0.038564 1.295263 0.052510
v 0.036280 1.298108 0.051268
v 0.035095 1.296637 0.052603
v 0.037752 1.298884 0.049691
v 0.054401 1.310702 0.025065
v 0.049509 1.302984 0.033444
v 0.049622 1.305726 0.024321
v 0.044767 1.299052 0.031918
v 0.047111 1.306223 0.024487
v 0.042314 1.299421 0.032011
v 0.036486 1.288697 0.044144
v 0.034174 1.289620 0.043357
v 0.039367 1.290259 0.046828
v 0.039780 1.288810 0.047958
v 0.040177 1.291451 0.051101
v 0.035804 1.286577 0.043921
v 0.033212 1.287709 0.042965
v 0.027050 1.276280 0.058367
v 0.026872 1.280656 0.066724
v 0.038439 1.294977 0.054811
v 0.035109 1.296324 0.054577
v 0.025953 1.287119 0.068434
v 0.026193 1.278191 0.048135
v 0.025364 1.280635 0.045949
v 0.025149 1.289917 0.066589
v 0.013827 1.274816 0.060046
v 0.014273 1.279738 0.068992
v 0.013439 1.276555 0.050108
v 0.013368 1.279598 0.047305
v 0.014395 1.289201 0.068527
v 0.014424 1.286219 0.070294
v 0.035784 1.294440 0.046681
v 0.036280 1.298108 0.051268
v 0.035095 1.296637 0.052603
v 0.037752 1.298884 0.049691
v 0.045531 1.306619 0.034759
v 0.047045 1.312440 0.038008
v 0.048099 1.314365 0.037530
v 0.050170 1.313472 0.027408
v 0.053529 1.322191 0.028211
v 0.047111 1.306223 0.024487
v 0.042314 1.299421 0.032011
v 0.034174 1.289620 0.043357
v 0.025244 1.282658 0.056661
v 0.025364 1.280635 0.045949
v 0.033212 1.287709 0.042965
v 0.013368 1.279598 0.047305
v 0.013843 1.281038 0.058201
v 0.025149 1.289917 0.066589
v 0.014395 1.289201 0.068527
v 0.035109 1.296324 0.054577
v -0.026953 1.323391 0.031563
v -0.021003 1.315396 0.040408
v -0.024668 1.314141 0.040244
v -0.030462 1.321974 0.031025
v -0.028715 1.317533 0.030481
v -0.023281 1.309637 0.038595
v -0.022848 1.312471 0.040629
v -0.021751 1.309618 0.039782
v -0.019970 1.313439 0.040799
v -0.013591 1.297685 0.049360
v -0.013778 1.295582 0.049928
v -0.012171 1.298481 0.051800
v -0.011783 1.297260 0.053550
v -0.011991 1.293781 0.051643
v -0.010828 1.296000 0.054567
v -0.008572 1.298777 0.053136
v -0.007325 1.297270 0.054370
v -0.010146 1.299599 0.051686
v -0.027550 1.312080 0.029447
v -0.022014 1.304187 0.037268
v -0.023023 1.306947 0.028206
v -0.017577 1.300100 0.035251
v -0.020496 1.307360 0.028102
v -0.015121 1.300387 0.035082
v -0.009649 1.289385 0.046065
v -0.007384 1.290240 0.045088
v -0.012249 1.291029 0.048978
v -0.012610 1.289591 0.050140
v -0.012665 1.292239 0.053302
v -0.010521 1.295707 0.056851
v -0.007185 1.296955 0.056338
v -0.009052 1.287246 0.045789
v -0.006515 1.288302 0.044620
v 0.001565 1.281034 0.067778
v 0.002813 1.287464 0.069398
v 0.000562 1.276675 0.059470
v 0.000622 1.278573 0.049200
v 0.001340 1.280993 0.046950
v 0.003546 1.290239 0.067489
v 0.013827 1.274816 0.060046
v 0.014273 1.279738 0.068992
v 0.013439 1.276555 0.050108
v 0.013368 1.279598 0.047305
v 0.014395 1.289201 0.068527
v 0.014424 1.286219 0.070294
v -0.008568 1.295101 0.048528
v -0.007325 1.297270 0.054370
v -0.008572 1.298777 0.053136
v -0.010146 1.299599 0.051686
v -0.017816 1.307684 0.038146
v -0.019970 1.313439 0.040799
v -0.021003 1.315396 0.040408
v -0.023015 1.314702 0.031321
v -0.026953 1.323391 0.031563
v -0.020496 1.307360 0.028102
v -0.015121 1.300387 0.035082
v -0.007384 1.290240 0.045088
v 0.002408 1.282999 0.057613
v 0.001340 1.280993 0.046950
v -0.006515 1.288302 0.044620
v 0.013368 1.279598 0.047305
v 0.013843 1.281038 0.058201
v 0.003546 1.290239 0.067489
v 0.014395 1.289201 0.068527
v -0.007185 1.296955 0.056338
v 0.076067 1.406792 0.030261
v 0.077725 1.407466 0.028956
v 0.075738 1.393403 0.031116
v 0.073983 1.393456 0.032287
v 0.070754 1.381255 0.035140
v 0.073027 1.379470 0.034251
v 0.074950 1.377558 0.026293
v 0.077745 1.392421 0.023350
v 0.072059 1.392710 0.019915
v 0.069166 1.377342 0.023079
v 0.080003 1.409825 0.021604
v 0.074186 1.413406 0.018637
v 0.063742 1.366733 0.036957
v 0.069555 1.366793 0.040985
v 0.066577 1.353203 0.045968
v 0.060900 1.351437 0.041680
v 0.060565 1.351841 0.056298
v 0.067552 1.370477 0.047920
v 0.063492 1.352125 0.054835
v 0.064997 1.371211 0.048965
v 0.058272 1.366207 0.069587
v 0.053847 1.349317 0.068050
v 0.049635 1.347665 0.065410
v 0.056872 1.350006 0.052664
v 0.041959 1.345540 0.079293
v 0.038829 1.344254 0.074340
v 0.045918 1.361431 0.085612
v 0.028272 1.340269 0.087428
v 0.026047 1.339235 0.082765
v 0.015929 1.333339 0.089537
v 0.016142 1.333747 0.094508
v 0.029661 1.355782 0.097978
v 0.016807 1.350493 0.104483
v 0.060649 1.368511 0.070946
v 0.067914 1.373611 0.049592
v 0.047910 1.363710 0.087218
v 0.049654 1.367837 0.089444
v 0.062470 1.372750 0.071988
v 0.032581 1.362289 0.102988
v 0.031598 1.357857 0.099669
v 0.017168 1.356595 0.110953
v 0.016921 1.350937 0.107061
v 0.049672 1.378155 0.089400
v 0.063263 1.383400 0.071728
v 0.048870 1.388750 0.087069
v 0.062374 1.392637 0.070422
v 0.031213 1.384432 0.100149
v 0.032419 1.372868 0.103564
v 0.017345 1.378735 0.107289
v 0.017344 1.367389 0.111321
v 0.017196 1.382180 0.102461
v 0.029291 1.387520 0.096668
v 0.045873 1.391796 0.083809
v 0.058618 1.394906 0.067528
v 0.071429 1.389207 0.048787
v 0.071740 1.399141 0.046997
v 0.067239 1.401095 0.046295
v 0.071714 1.410208 0.027433
v 0.069762 1.377584 0.050229
v 0.071714 1.410208 0.027433
v 0.069166 1.377342 0.023079
v 0.072059 1.392710 0.019915
v 0.074186 1.413406 0.018637
v 0.067239 1.401095 0.046295
v 0.063742 1.366733 0.036957
v 0.056872 1.350006 0.052664
v 0.060900 1.351437 0.041680
v 0.058618 1.394906 0.067528
v 0.049635 1.347665 0.065410
v 0.045873 1.391796 0.083809
v 0.038829 1.344254 0.074340
v 0.029291 1.387520 0.096668
v 0.026047 1.339235 0.082765
v 0.017196 1.382180 0.102461
v 0.015929 1.333339 0.089537
v -0.046713 1.408624 0.035375
v -0.044866 1.395229 0.037238
v -0.046713 1.395230 0.036217
v -0.048453 1.409348 0.034211
v -0.041776 1.382933 0.039827
v -0.044167 1.381218 0.039132
v -0.046801 1.379375 0.031364
v -0.049389 1.394317 0.028645
v -0.044001 1.394441 0.024750
v -0.041313 1.378990 0.027680
v -0.051264 1.411783 0.027071
v -0.045609 1.415193 0.023626
v -0.035075 1.368207 0.041073
v -0.040527 1.368435 0.045570
v -0.037550 1.354757 0.050305
v -0.032305 1.352828 0.045562
v -0.030744 1.353203 0.060101
v -0.037847 1.372050 0.052310
v -0.033774 1.353576 0.058886
v -0.035193 1.372705 0.053138
v -0.026927 1.367478 0.073135
v -0.023150 1.350465 0.071257
v -0.019223 1.348692 0.068278
v -0.027421 1.351263 0.056175
v -0.010486 1.346322 0.081478
v -0.007818 1.344950 0.076283
v -0.013431 1.362316 0.088084
v 0.003667 1.340636 0.088453
v 0.005465 1.339541 0.083623
v 0.015929 1.333339 0.089537
v 0.016142 1.333747 0.094508
v 0.003622 1.356170 0.099063
v 0.016807 1.350493 0.104483
v -0.029113 1.369850 0.074684
v -0.037973 1.375190 0.054003
v -0.015214 1.364652 0.089847
v -0.016643 1.368826 0.092205
v -0.030714 1.374140 0.075869
v 0.001324 1.362755 0.104290
v 0.001896 1.358300 0.100906
v 0.017168 1.356595 0.110953
v 0.016921 1.350937 0.107061
v -0.016357 1.379140 0.092150
v -0.031208 1.384809 0.075663
v -0.015437 1.389710 0.089747
v -0.030157 1.394018 0.074276
v 0.003110 1.384851 0.101319
v 0.001848 1.373324 0.104838
v 0.017345 1.378735 0.107289
v 0.017344 1.367389 0.111321
v 0.017196 1.382180 0.102461
v 0.004827 1.387885 0.097687
v -0.012631 1.392669 0.086246
v -0.026590 1.396177 0.071077
v -0.041077 1.390885 0.053473
v -0.041239 1.400826 0.051703
v -0.036756 1.402646 0.050627
v -0.042513 1.411912 0.032191
v -0.039643 1.379216 0.054785
v -0.044001 1.394441 0.024750
v -0.041313 1.378990 0.027680
v -0.042513 1.411912 0.032191
v -0.045609 1.415193 0.023626
v -0.036756 1.402646 0.050627
v -0.035075 1.368207 0.041073
v -0.027421 1.351263 0.056175
v -0.032305 1.352828 0.045562
v -0.026590 1.396177 0.071077
v -0.019223 1.348692 0.068278
v -0.012631 1.392669 0.086246
v -0.007818 1.344950 0.076283
v 0.004827 1.387885 0.097687
v 0.005465 1.339541 0.083623
v 0.017196 1.382180 0.102461
v 0.015929 1.333339 0.089537
v 0.090812 1.386530 -0.022709
v 0.097128 1.382859 -0.004984
v 0.094594 1.385093 -0.003314
v 0.087835 1.389291 -0.022633
v 0.085698 1.386867 -0.029028
v 0.082217 1.389523 -0.029699
v 0.083533 1.379553 -0.033669
v 0.079499 1.381805 -0.034731
v 0.095973 1.377043 0.009977
v 0.093728 1.378278 0.013182
v 0.095030 1.369919 0.010532
v 0.092684 1.369131 0.013723
v 0.081033 1.372423 -0.037289
v 0.075834 1.373450 -0.038755
v 0.077905 1.361035 -0.029267
v 0.082127 1.360980 -0.028270
v 0.080046 1.351919 -0.019482
v 0.082960 1.352812 -0.019855
v 0.084007 1.352573 -0.014501
v 0.087114 1.354113 -0.015307
v 0.093013 1.357599 -0.001571
v 0.089800 1.356739 0.000975
v 0.092616 1.360306 0.011578
v 0.090479 1.360011 0.014312
v 0.096399 1.370636 -0.004384
v 0.090536 1.370511 -0.021587
v 0.074928 1.342653 -0.016958
v 0.087498 1.352832 0.016207
v 0.086521 1.349901 0.001525
v 0.084061 1.353330 0.026725
v 0.081148 1.345492 -0.010005
v 0.088630 1.366854 0.025630
v 0.089946 1.379110 0.024172
v 0.085868 1.370547 0.032509
v 0.093287 1.385103 0.013568
v 0.093925 1.391927 -0.002208
v 0.089616 1.395909 -0.015603
v 0.082457 1.357662 0.033695
v 0.080696 1.353362 0.034023
v 0.078310 1.357442 0.038802
v 0.075111 1.361173 0.032521
v 0.076992 1.368865 0.032260
v 0.080823 1.368969 0.038129
v 0.075111 1.361173 0.032521
v 0.086917 1.376849 0.031882
v 0.081270 1.374541 0.038715
v 0.074535 1.372352 0.046305
v 0.069582 1.351670 0.048338
v 0.076809 1.352762 0.039239
v 0.082283 1.398168 -0.026190
v 0.075255 1.398070 -0.032948
v 0.071177 1.386825 -0.039795
v 0.068090 1.373556 -0.045541
v 0.067654 1.358211 -0.036762
v 0.070927 1.343825 -0.022260
v 0.078647 1.351352 0.016096
v 0.084604 1.387288 0.013816
v 0.080516 1.381047 0.024132
v 0.075528 1.352259 0.026290
v 0.078024 1.348735 0.003006
v 0.084744 1.394095 -0.001495
v 0.077634 1.378662 0.031985
v 0.071890 1.352310 0.033841
v 0.071694 1.373408 0.045190
v 0.066280 1.350897 0.047652
v 0.071542 1.375580 -0.025713
v 0.073910 1.345444 -0.005668
v 0.067590 1.342293 -0.013078
v 0.063712 1.343393 -0.018150
v 0.060544 1.358685 -0.033131
v 0.060009 1.374288 -0.041577
v 0.063957 1.388115 -0.036187
v 0.067600 1.399906 -0.029003
v 0.075541 1.399834 -0.021850
v 0.082153 1.397616 -0.012343
v 0.063957 1.388115 -0.036187
v 0.071177 1.386825 -0.039795
v 0.075255 1.398070 -0.032948
v 0.067600 1.399906 -0.029003
v 0.075541 1.399834 -0.021850
v 0.082283 1.398168 -0.026190
v 0.082153 1.397616 -0.012343
v 0.089616 1.395909 -0.015603
v 0.060009 1.374288 -0.041577
v 0.068090 1.373556 -0.045541
v 0.067654 1.358211 -0.036762
v 0.060544 1.358685 -0.033131
v 0.070927 1.343825 -0.022260
v 0.063712 1.343393 -0.018150
v 0.067590 1.342293 -0.013078
v 0.074928 1.342653 -0.016958
v 0.073910 1.345444 -0.005668
v 0.081148 1.345492 -0.010005
v 0.078024 1.348735 0.003006
v 0.086521 1.349901 0.001525
v 0.078647 1.351352 0.016096
v 0.087498 1.352832 0.016207
v 0.084061 1.353330 0.026725
v 0.075528 1.352259 0.026290
v 0.080696 1.353362 0.034023
v 0.071890 1.352310 0.033841
v 0.076809 1.352762 0.039239
v 0.066280 1.350897 0.047652
v 0.069582 1.351670 0.048338
v 0.084604 1.387288 0.013816
v 0.084744 1.394095 -0.001495
v 0.093925 1.391927 -0.002208
v 0.093287 1.385103 0.013568
v 0.089946 1.379110 0.024172
v 0.080516 1.381047 0.024132
v 0.086917 1.376849 0.031882
v 0.077634 1.378662 0.031985
v 0.081270 1.374541 0.038715
v 0.074535 1.372352 0.046305
v 0.071694 1.373408 0.045190
v 0.066280 1.350897 0.047652
v 0.069582 1.351670 0.048338
v 0.067924 1.357474 0.004328
v 0.064805 1.344600 0.005127
v 0.069751 1.346299 0.007477
v 0.072861 1.357720 0.007844
v 0.065661 1.330393 0.008679
v 0.061136 1.329404 0.006302
v 0.069960 1.342114 0.013956
v 0.071120 1.346813 0.010768
v 0.065892 1.329733 0.014185
v 0.061439 1.321455 0.010118
v 0.055924 1.316523 0.008211
v 0.058957 1.313555 0.023292
v 0.064398 1.326301 0.023602
v 0.063479 1.323902 0.027939
v 0.057996 1.321095 0.030630
v 0.063524 1.341482 0.030582
v 0.072820 1.354235 0.010430
v 0.074442 1.360604 0.009033
v 0.073947 1.366928 0.006596
v 0.076226 1.354097 0.012949
v 0.078381 1.362015 0.010708
v 0.077461 1.366843 0.005755
v 0.080612 1.370353 0.007407
v 0.080623 1.372475 0.022673
v 0.083332 1.388849 0.020076
v 0.085039 1.387812 0.000402
v 0.077958 1.372859 -0.013591
v 0.079296 1.384755 -0.015086
v 0.079841 1.403720 -0.013601
v 0.086708 1.410890 -0.001808
v 0.074380 1.399674 -0.021280
v 0.076105 1.385074 -0.021814
v 0.075282 1.376248 -0.022070
v 0.084538 1.400272 0.018129
v 0.078795 1.363981 0.023180
v 0.071482 1.385575 -0.023154
v 0.070414 1.401047 -0.022710
v 0.066625 1.385953 -0.020994
v 0.066508 1.400149 -0.019407
v 0.069367 1.402701 -0.014853
v 0.076627 1.405608 -0.014674
v 0.077627 1.413089 -0.001397
v 0.084126 1.413082 -0.001979
v 0.066629 1.377655 -0.021978
v 0.071723 1.375535 -0.023415
v 0.068817 1.373777 -0.014326
v 0.075289 1.371413 -0.014687
v 0.081992 1.402023 0.020533
v 0.077627 1.413089 -0.001397
v 0.070456 1.368480 0.003531
v 0.080150 1.390215 0.022558
v 0.074780 1.402146 0.018761
v 0.073141 1.390917 0.020535
v 0.072044 1.379201 0.022894
v 0.077417 1.373088 0.024953
v 0.075385 1.371376 0.024839
v 0.068560 1.360766 0.032156
v 0.073325 1.360463 0.029563
v 0.068629 1.342721 0.027916
v 0.068444 1.343354 0.024193
v 0.074088 1.364500 0.024877
v 0.069958 1.342906 0.024316
v 0.074088 1.364500 0.024877
v 0.076013 1.364309 0.025190
v 0.072443 1.342788 0.022617
v 0.068333 1.329126 0.021893
v 0.069501 1.331477 0.015347
v 0.073215 1.343041 0.016146
v 0.074191 1.347995 0.012842
v 0.077627 1.413089 -0.001397
v 0.064805 1.344600 0.005127
v 0.067924 1.357474 0.004328
v 0.060662 1.359265 0.004883
v 0.057559 1.346032 0.005429
v 0.070456 1.368480 0.003531
v 0.061136 1.329404 0.006302
v 0.052195 1.328850 0.006325
v 0.055924 1.316523 0.008211
v 0.047832 1.316822 0.007655
v 0.063621 1.375217 0.003594
v 0.070960 1.374304 0.002707
v 0.052427 1.303946 0.024930
v 0.044494 1.304591 0.023527
v 0.064633 1.379686 0.022043
v 0.072044 1.379201 0.022894
v 0.068560 1.360766 0.032156
v 0.061537 1.362470 0.031965
v 0.063524 1.341482 0.030582
v 0.056484 1.343095 0.030277
v 0.057996 1.321095 0.030630
v 0.050593 1.322615 0.030150
v 0.052427 1.303946 0.024930
v 0.044494 1.304591 0.023527
v 0.070960 1.374304 0.002707
v 0.063621 1.375217 0.003594
v 0.052195 1.328850 0.006325
v 0.057559 1.346032 0.005429
v 0.056484 1.343095 0.030277
v 0.050593 1.322615 0.030150
v 0.047832 1.316822 0.007655
v 0.044494 1.304591 0.023527
v 0.060662 1.359265 0.004883
v 0.061537 1.362470 0.031965
v 0.064633 1.379686 0.022043
v 0.063621 1.375217 0.003594
v 0.074809 1.385547 -0.002590
v 0.068817 1.373777 -0.014326
v 0.066629 1.377655 -0.021978
v 0.070960 1.374304 0.002707
v 0.066625 1.385953 -0.020994
v 0.069367 1.402701 -0.014853
v 0.066508 1.400149 -0.019407
v 0.077627 1.413089 -0.001397
v 0.073141 1.390917 0.020535
v 0.072044 1.379201 0.022894
v 0.074780 1.402146 0.018761
v 0.070456 1.368480 0.003531
v 0.052427 1.303946 0.024930
v 0.080780 1.440223 -0.002103
v 0.080004 1.444797 0.009278
v 0.062236 1.384046 0.020591
v 0.066615 1.382072 -0.005479
v 0.063009 1.369127 -0.003853
v 0.057611 1.369763 0.025607
v 0.066136 1.383694 0.023932
v 0.084457 1.445922 0.012284
v 0.060834 1.367211 0.029375
v 0.066975 1.366324 -0.005038
v 0.070883 1.381241 -0.005671
v 0.081990 1.444099 0.007530
v 0.082605 1.440125 -0.002462
v 0.069692 1.387645 -0.005572
v 0.084621 1.444878 0.009598
v 0.086047 1.436342 -0.011577
v 0.083277 1.437140 -0.008997
v 0.110217 1.534210 -0.018026
v 0.112644 1.534824 -0.020229
v 0.112278 1.548590 -0.009996
v 0.115162 1.553898 -0.008587
v 0.088706 1.437832 -0.000595
v 0.075258 1.380983 -0.003818
v 0.070983 1.382927 0.021917
v 0.087940 1.442401 0.010787
v 0.071401 1.366593 -0.002255
v 0.066053 1.367214 0.027213
v 0.066136 1.383694 0.023932
v 0.084457 1.445922 0.012284
v 0.060834 1.367211 0.029375
v 0.066975 1.366324 -0.005038
v 0.070883 1.381241 -0.005671
v 0.074569 1.385973 -0.005078
v 0.087374 1.438691 -0.001565
v 0.086145 1.443222 0.008605
v 0.084621 1.444878 0.009598
v 0.086047 1.436342 -0.011577
v 0.087828 1.436236 -0.008152
v 0.113558 1.533359 -0.017378
v 0.112644 1.534824 -0.020229
v 0.115618 1.547737 -0.009349
v 0.115162 1.553898 -0.008587
v -0.053105 1.442220 0.003473
v -0.041006 1.383677 -0.000996
v -0.034420 1.385488 0.024617
v -0.051247 1.446755 0.014745
v -0.037664 1.370629 0.000340
v -0.029819 1.371067 0.029249
v -0.038035 1.385248 0.028271
v -0.055400 1.448009 0.018109
v -0.032794 1.368607 0.033274
v -0.041797 1.367947 -0.000507
v -0.045300 1.382975 -0.000831
v -0.053394 1.446119 0.013169
v -0.054953 1.442176 0.003267
v -0.043912 1.389339 -0.000840
v -0.055818 1.446974 0.015447
v -0.059253 1.438510 -0.005525
v -0.056256 1.439222 -0.003186
v -0.080950 1.537061 -0.010064
v -0.083532 1.537751 -0.012058
v -0.081907 1.551487 -0.001908
v -0.084507 1.556877 -0.000271
v -0.060945 1.440065 0.005638
v -0.059099 1.444595 0.016911
v -0.043054 1.384628 0.026667
v -0.049509 1.382845 0.001379
v -0.045966 1.368344 0.002633
v -0.038171 1.368769 0.031554
v -0.038035 1.385248 0.028271
v -0.055400 1.448009 0.018109
v -0.032794 1.368607 0.033274
v -0.041797 1.367947 -0.000507
v -0.045300 1.382975 -0.000831
v -0.048780 1.387813 0.000060
v -0.059672 1.440884 0.004560
v -0.057468 1.445364 0.014586
v -0.055818 1.446974 0.015447
v -0.059253 1.438510 -0.005525
v -0.060745 1.438453 -0.001964
v -0.084249 1.536309 -0.009139
v -0.083532 1.537751 -0.012058
v -0.085206 1.550733 -0.000984
v -0.084507 1.556877 -0.000271
v -0.066408 1.388875 -0.016160
v -0.063354 1.391546 -0.016336
v -0.068607 1.387528 0.003483
v -0.071335 1.385373 0.002033
v -0.061829 1.389068 -0.022884
v -0.058338 1.391620 -0.023845
v -0.060276 1.381698 -0.027680
v -0.056280 1.383830 -0.029075
v -0.069113 1.379505 0.016853
v -0.066574 1.380669 0.019858
v -0.068341 1.372357 0.017336
v -0.065762 1.371495 0.020322
v -0.058300 1.374502 -0.031486
v -0.053213 1.375375 -0.033380
v -0.054856 1.363016 -0.023737
v -0.058981 1.363085 -0.022393
v -0.056448 1.353956 -0.013797
v -0.059354 1.354935 -0.013927
v -0.059958 1.354721 -0.008504
v -0.063074 1.356353 -0.009051
v -0.067707 1.359996 0.005123
v -0.064318 1.359038 0.007394
v -0.066135 1.362674 0.018191
v -0.063788 1.362313 0.020737
v -0.070925 1.373132 0.002585
v -0.066516 1.372854 -0.015046
v -0.051414 1.344538 -0.011695
v -0.060875 1.355046 0.022387
v -0.061210 1.352104 0.007678
v -0.056562 1.355428 0.032583
v -0.060801 1.369083 0.031854
v -0.056947 1.347552 -0.004254
v -0.054256 1.359701 0.039389
v -0.057370 1.372684 0.038475
v -0.061871 1.381375 0.030495
v -0.065900 1.387478 0.020198
v -0.067643 1.394337 0.004522
v -0.064347 1.398206 -0.009190
v -0.052603 1.355351 0.039575
v -0.049707 1.359352 0.044134
v -0.046934 1.362993 0.037605
v -0.048599 1.370739 0.037491
v -0.051923 1.370950 0.043658
v -0.046934 1.362993 0.037605
v -0.058278 1.379015 0.037930
v -0.052153 1.376531 0.044272
v -0.044879 1.374133 0.051279
v -0.040394 1.353310 0.052919
v -0.048315 1.354629 0.044451
v -0.057855 1.400259 -0.020353
v -0.051420 1.399960 -0.027672
v -0.048261 1.388606 -0.034821
v -0.046059 1.375259 -0.040787
v -0.045353 1.359897 -0.032055
v -0.047835 1.345596 -0.017313
v -0.052111 1.353303 0.021542
v -0.048130 1.354104 0.031440
v -0.052424 1.383031 0.029669
v -0.057165 1.389403 0.019721
v -0.052658 1.350685 0.008449
v -0.058375 1.396230 0.004466
v -0.048969 1.380551 0.037258
v -0.043878 1.354037 0.038662
v -0.042110 1.375106 0.049930
v -0.037185 1.352440 0.051961
v -0.047789 1.377360 -0.020742
v -0.049379 1.347283 -0.000533
v -0.043794 1.343954 -0.008438
v -0.040321 1.344945 -0.013817
v -0.037954 1.360154 -0.029029
v -0.037659 1.375745 -0.037509
v -0.040731 1.389677 -0.031827
v -0.043412 1.401562 -0.024379
v -0.050729 1.401718 -0.016591
v -0.056591 1.399686 -0.006564
v -0.040731 1.389677 -0.031827
v -0.043412 1.401562 -0.024379
v -0.051420 1.399960 -0.027672
v -0.048261 1.388606 -0.034821
v -0.050729 1.401718 -0.016591
v -0.057855 1.400259 -0.020353
v -0.056591 1.399686 -0.006564
v -0.064347 1.398206 -0.009190
v -0.037659 1.375745 -0.037509
v -0.046059 1.375259 -0.040787
v -0.045353 1.359897 -0.032055
v -0.037954 1.360154 -0.029029
v -0.047835 1.345596 -0.017313
v -0.040321 1.344945 -0.013817
v -0.043794 1.343954 -0.008438
v -0.051414 1.344538 -0.011695
v -0.049379 1.347283 -0.000533
v -0.056947 1.347552 -0.004254
v -0.052658 1.350685 0.008449
v -0.061210 1.352104 0.007678
v -0.052111 1.353303 0.021542
v -0.060875 1.355046 0.022387
v -0.056562 1.355428 0.032583
v -0.048130 1.354104 0.031440
v -0.052603 1.355351 0.039575
v -0.043878 1.354037 0.038662
v -0.048315 1.354629 0.044451
v -0.037185 1.352440 0.051961
v -0.040394 1.353310 0.052919
v -0.057165 1.389403 0.019721
v -0.065900 1.387478 0.020198
v -0.067643 1.394337 0.004522
v -0.058375 1.396230 0.004466
v -0.061871 1.381375 0.030495
v -0.052424 1.383031 0.029669
v -0.058278 1.379015 0.037930
v -0.048969 1.380551 0.037258
v -0.052153 1.376531 0.044272
v -0.044879 1.374133 0.051279
v -0.042110 1.375106 0.049930
v -0.037185 1.352440 0.051961
v -0.040394 1.353310 0.052919
v -0.041864 1.359320 0.010198
v -0.046845 1.359506 0.012830
v -0.043663 1.348205 0.013541
v -0.039047 1.346346 0.010680
v -0.039926 1.332168 0.014325
v -0.035714 1.331033 0.011481
v -0.043298 1.344018 0.020012
v -0.044656 1.348759 0.016959
v -0.039586 1.331506 0.019824
v -0.035833 1.323090 0.015319
v -0.030698 1.317980 0.012843
v -0.032185 1.315087 0.028165
v -0.037193 1.328008 0.029034
v -0.035888 1.325572 0.033252
v -0.030229 1.322578 0.035347
v -0.035142 1.343140 0.035858
v -0.046169 1.356235 0.016792
v -0.048234 1.362434 0.014143
v -0.049880 1.355978 0.018201
v -0.051977 1.363960 0.016137
v -0.051329 1.368765 0.011119
v -0.054225 1.372365 0.013023
v -0.052904 1.374467 0.028234
v -0.055331 1.390918 0.025852
v -0.058698 1.389957 0.006389
v -0.053253 1.374817 -0.008126
v -0.054356 1.386749 -0.009519
v -0.054211 1.405720 -0.008018
v -0.059857 1.413077 0.004297
v -0.049530 1.401523 -0.016119
v -0.051730 1.386981 -0.016490
v -0.051192 1.378135 -0.016802
v -0.056354 1.402374 0.023998
v -0.051296 1.365921 0.028599
v -0.047219 1.387346 -0.018210
v -0.045658 1.402778 -0.017875
v -0.042190 1.387577 -0.016462
v -0.041519 1.401761 -0.014908
v -0.043912 1.404391 -0.010135
v -0.051042 1.407513 -0.009357
v -0.050711 1.415004 0.003948
v -0.057234 1.415190 0.003909
v -0.042523 1.379283 -0.017432
v -0.047780 1.377318 -0.018438
v -0.044182 1.375463 -0.009620
v -0.050729 1.373292 -0.009439
v -0.053566 1.404045 0.026179
v -0.050711 1.415004 0.003948
v -0.044487 1.370195 0.008319
v -0.047756 1.368743 0.011665
v -0.051914 1.392185 0.028059
v -0.046526 1.403956 0.023814
v -0.045080 1.392680 0.025459
v -0.044140 1.380934 0.027733
v -0.049503 1.374982 0.030240
v -0.047539 1.373209 0.029959
v -0.040448 1.362392 0.036697
v -0.045420 1.362234 0.034508
v -0.040465 1.344555 0.033749
v -0.041514 1.344995 0.028773
v -0.046449 1.366298 0.029897
v -0.043025 1.344592 0.029021
v -0.046449 1.366298 0.029897
v -0.048346 1.366164 0.030370
v -0.045645 1.344549 0.027535
v -0.041730 1.330679 0.027359
v -0.042998 1.333368 0.021362
v -0.046944 1.344833 0.021151
v -0.048044 1.349818 0.017933
v -0.050711 1.415004 0.003948
v -0.039047 1.346346 0.010680
v -0.031773 1.347534 0.010206
v -0.034537 1.360866 0.009973
v -0.041864 1.359320 0.010198
v -0.044487 1.370195 0.008319
v -0.035714 1.331033 0.011481
v -0.026839 1.330179 0.010551
v -0.030698 1.317980 0.012843
v -0.022242 1.318133 0.012235
v -0.037473 1.376725 0.007804
v -0.044886 1.376033 0.007532
v -0.025796 1.305261 0.029113
v -0.017201 1.305745 0.027559
v -0.036816 1.381199 0.026268
v -0.033418 1.363886 0.035920
v -0.040448 1.362392 0.036697
v -0.044140 1.380934 0.027733
v -0.035142 1.343140 0.035858
v -0.028135 1.344517 0.034801
v -0.030229 1.322578 0.035347
v -0.022880 1.323850 0.034078
v -0.025796 1.305261 0.029113
v -0.017201 1.305745 0.027559
v -0.044886 1.376033 0.007532
v -0.037473 1.376725 0.007804
v -0.026839 1.330179 0.010551
v -0.022880 1.323850 0.034078
v -0.028135 1.344517 0.034801
v -0.031773 1.347534 0.010206
v -0.022242 1.318133 0.012235
v -0.017201 1.305745 0.027559
v -0.034537 1.360866 0.009973
v -0.033418 1.363886 0.035920
v -0.036816 1.381199 0.026268
v -0.037473 1.376725 0.007804
v -0.048824 1.387391 0.002559
v -0.042523 1.379283 -0.017432
v -0.044182 1.375463 -0.009620
v -0.044886 1.376033 0.007532
v -0.042190 1.387577 -0.016462
v -0.043912 1.404391 -0.010135
v -0.041519 1.401761 -0.014908
v -0.050711 1.415004 0.003948
v -0.045080 1.392680 0.025459
v -0.044140 1.380934 0.027733
v -0.046526 1.403956 0.023814
v -0.044487 1.370195 0.008319
v -0.025796 1.305261 0.029113
v 0.025184 1.456577 -0.038109
v 0.024721 1.457970 -0.049092
v 0.005668 1.460788 -0.041477
v 0.005148 1.460117 -0.032978
v 0.017660 1.452514 -0.065731
v -0.000146 1.454839 -0.052389
v 0.000952 1.443730 -0.083510
v -0.017704 1.446478 -0.065841
v -0.017582 1.432069 -0.098550
v -0.038074 1.434009 -0.076290
v -0.066016 1.408476 -0.098865
v -0.046034 1.405652 -0.121757
v -0.095261 1.383473 -0.125420
v -0.071872 1.382769 -0.148271
v -0.118607 1.368167 -0.148689
v -0.094394 1.363887 -0.172554
v -0.142010 1.354969 -0.173095
v -0.117560 1.347739 -0.199744
v -0.167033 1.352078 -0.198516
v -0.141281 1.341605 -0.228085
v -0.191278 1.351372 -0.225061
v -0.167145 1.337529 -0.257863
v -0.216600 1.354776 -0.250701
v -0.195430 1.337424 -0.286905
v -0.244148 1.366557 -0.273385
v -0.227154 1.346902 -0.315363
v -0.270200 1.384894 -0.299078
v -0.258678 1.366106 -0.343721
v -0.301554 1.406504 -0.316030
v -0.291891 1.391178 -0.367175
v -0.327956 1.438331 -0.325796
v -0.323719 1.427794 -0.384731
v -0.354696 1.464898 -0.393674
v -0.353525 1.473047 -0.328351
v -0.380731 1.494308 -0.395108
v -0.378450 1.503632 -0.326765
v -0.422478 1.540713 -0.353139
v -0.418329 1.544912 -0.318151
v -0.425359 1.535624 -0.389087
v -0.460659 1.567095 -0.378005
v 0.006721 1.461514 -0.033651
v 0.024666 1.458591 -0.038228
v 0.025184 1.456577 -0.038109
v 0.005148 1.460117 -0.032978
v 0.007589 1.462393 -0.042631
v 0.023530 1.460476 -0.048264
v 0.024721 1.457970 -0.049092
v 0.005668 1.460788 -0.041477
v 0.000034 1.456927 -0.053625
v -0.000146 1.454839 -0.052389
v -0.017150 1.448591 -0.067768
v -0.000407 1.446029 -0.083573
v -0.017704 1.446478 -0.065841
v 0.016774 1.454557 -0.066061
v 0.017660 1.452514 -0.065731
v 0.000952 1.443730 -0.083510
v -0.020267 1.434442 -0.098086
v -0.037165 1.436216 -0.079343
v -0.065710 1.411064 -0.102790
v -0.047609 1.409591 -0.122207
v -0.066016 1.408476 -0.098865
v -0.038074 1.434009 -0.076290
v -0.017582 1.432069 -0.098550
v -0.046034 1.405652 -0.121757
v -0.073445 1.388670 -0.145647
v -0.094120 1.386515 -0.128871
v -0.095261 1.383473 -0.125420
v -0.071872 1.382769 -0.148271
v -0.096010 1.368286 -0.170638
v -0.117088 1.370117 -0.151484
v -0.118607 1.368167 -0.148689
v -0.094394 1.363887 -0.172554
v -0.140478 1.358199 -0.175471
v -0.118363 1.353128 -0.196642
v -0.142010 1.354969 -0.173095
v -0.117560 1.347739 -0.199744
v -0.162822 1.353286 -0.201264
v -0.141827 1.344990 -0.226330
v -0.167033 1.352078 -0.198516
v -0.141281 1.341605 -0.228085
v -0.188588 1.352823 -0.229185
v -0.167424 1.341146 -0.256020
v -0.191278 1.351372 -0.225061
v -0.167145 1.337529 -0.257863
v -0.213850 1.356179 -0.254904
v -0.194771 1.340824 -0.285787
v -0.216600 1.354776 -0.250701
v -0.195430 1.337424 -0.286905
v -0.241296 1.367926 -0.277671
v -0.225858 1.350879 -0.313768
v -0.244148 1.366557 -0.273385
v -0.227154 1.346902 -0.315363
v -0.267916 1.385948 -0.300907
v -0.257244 1.369846 -0.342148
v -0.270200 1.384894 -0.299078
v -0.258678 1.366106 -0.343721
v -0.298424 1.407553 -0.319331
v -0.290717 1.393950 -0.365036
v -0.301554 1.406504 -0.316030
v -0.291891 1.391178 -0.367175
v -0.324739 1.440264 -0.329629
v -0.321214 1.429290 -0.380934
v -0.327956 1.438331 -0.325796
v -0.323719 1.427794 -0.384731
v -0.351823 1.467837 -0.389702
v -0.352079 1.474532 -0.333421
v -0.353525 1.473047 -0.328351
v -0.354696 1.464898 -0.393674
v -0.378982 1.497554 -0.392079
v -0.376766 1.504038 -0.331670
v -0.378450 1.503632 -0.326765
v -0.380731 1.494308 -0.395108
v -0.419517 1.542760 -0.354751
v -0.415133 1.544982 -0.321599
v -0.422478 1.540713 -0.353139
v -0.418329 1.544912 -0.318151
v -0.456059 1.567845 -0.378180
v -0.422736 1.538231 -0.388849
v -0.425359 1.535624 -0.389087
v -0.460659 1.567095 -0.378005
v 0.018440 1.404556 0.092418
v 0.016605 1.399721 0.089610
v 0.021865 1.396473 0.089047
v 0.026285 1.399785 0.092482
v 0.010611 1.400831 0.092506
v 0.009386 1.405647 0.096779
v 0.020066 1.409918 0.094390
v 0.010855 1.413598 0.098942
v 0.021878 1.418520 0.094724
v 0.016205 1.422933 0.098827
v 0.029600 1.406661 0.094000
v 0.029462 1.417452 0.095356
v 0.024643 1.427219 0.093698
v 0.029065 1.427965 0.093660
v 0.030024 1.439184 0.089538
v 0.028230 1.438258 0.090804
v 0.020644 1.429308 0.096851
v 0.030485 1.437314 0.090425
v 0.017691 1.395244 0.085186
v 0.014874 1.395903 0.084895
v 0.013342 1.397106 0.085765
v 0.023026 1.399097 0.096036
v 0.016843 1.400987 0.099635
v 0.020619 1.408634 0.102200
v 0.027648 1.406723 0.098042
v 0.014145 1.412159 0.102143
v 0.029010 1.418187 0.098778
v 0.024183 1.419747 0.101275
v 0.029008 1.428431 0.095933
v 0.026489 1.429744 0.097695
v 0.024528 1.430244 0.098154
v 0.018965 1.422052 0.101588
v 0.020644 1.429308 0.096851
v 0.016205 1.422933 0.098827
v 0.029065 1.427965 0.093660
v 0.029462 1.417452 0.095356
v 0.029600 1.406661 0.094000
v 0.026285 1.399785 0.092482
v 0.028230 1.438258 0.090804
v 0.029399 1.436839 0.093021
v 0.030485 1.437314 0.090425
v 0.030024 1.439184 0.089538
v 0.019975 1.395718 0.091719
v 0.015237 1.395277 0.093114
v 0.016504 1.394289 0.085420
v 0.014450 1.394623 0.085866
v 0.014874 1.395903 0.084895
v 0.017691 1.395244 0.085186
v 0.012964 1.395885 0.086427
v 0.013342 1.397106 0.085765
v 0.021865 1.396473 0.089047
v 0.010611 1.400831 0.092506
v 0.012037 1.397837 0.092856
v 0.011424 1.403853 0.099167
v 0.009386 1.405647 0.096779
v 0.010855 1.413598 0.098942
v 0.000521 1.404442 0.096050
v 0.005363 1.407513 0.097793
v 0.008189 1.400486 0.096111
v -0.001993 1.411250 0.095044
v 0.000985 1.413668 0.096311
v -0.004928 1.417385 0.091917
v -0.003690 1.419356 0.093034
v 0.003123 1.415292 0.094238
v -0.002245 1.420335 0.091086
v -0.007234 1.422620 0.087661
v 0.008194 1.409735 0.095415
v 0.011774 1.403849 0.093691
v 0.009648 1.410079 0.092436
v 0.012207 1.405428 0.091861
v 0.012664 1.401578 0.089424
v 0.012911 1.399998 0.090311
v 0.010088 1.397605 0.091848
v 0.007193 1.397081 0.091788
v 0.004031 1.399388 0.094807
v 0.002493 1.399057 0.092938
v -0.000621 1.403332 0.093805
v 0.006170 1.397297 0.090235
v 0.004459 1.415875 0.091316
v -0.001383 1.420598 0.089085
v -0.002752 1.409640 0.092965
v -0.005178 1.415815 0.090155
v -0.007139 1.419663 0.087101
v -0.008428 1.422628 0.084291
v -0.005127 1.422226 0.086132
v -0.007234 1.422620 0.087661
v 0.009580 1.396730 0.089462
v 0.010848 1.396821 0.088877
v 0.009278 1.396941 0.088485
v 0.010881 1.397317 0.087995
v 0.012108 1.398170 0.088911
v 0.011669 1.399120 0.088247
v 0.004290 1.406538 0.092091
v 0.007015 1.402512 0.091538
v 0.012207 1.405428 0.091861
v 0.009648 1.410079 0.092436
v 0.009202 1.400804 0.089271
v 0.006170 1.397297 0.090235
v 0.002493 1.399057 0.092938
v -0.000621 1.403332 0.093805
v -0.002752 1.409640 0.092965
v 0.001575 1.412040 0.091306
v -0.005178 1.415815 0.090155
v -0.002193 1.417395 0.089189
v -0.007139 1.419663 0.087101
v -0.006822 1.421381 0.085662
v -0.008428 1.422628 0.084291
v -0.005127 1.422226 0.086132
v -0.001383 1.420598 0.089085
v 0.004459 1.415875 0.091316
v 0.009278 1.396941 0.088485
v 0.010279 1.398725 0.088131
v 0.010881 1.397317 0.087995
v 0.011669 1.399120 0.088247
v 0.012664 1.401578 0.089424
v 0.014509 1.460637 -0.044715
v 0.024041 1.461620 -0.043432
v 0.022828 1.448292 -0.035280
v 0.013252 1.447876 -0.036575
v 0.023883 1.444845 -0.038161
v 0.013583 1.444136 -0.039908
v 0.029542 1.450121 -0.031401
v 0.032515 1.463207 -0.040000
v 0.037944 1.466570 -0.032778
v 0.034002 1.452108 -0.024812
v 0.036637 1.450308 -0.025913
v 0.031848 1.447221 -0.033274
v 0.034438 1.455543 -0.017871
v 0.039724 1.470547 -0.024332
v 0.037243 1.474260 -0.016590
v 0.032165 1.458891 -0.011334
v 0.035499 1.457011 -0.009117
v 0.037627 1.453693 -0.017437
v 0.031943 1.477545 -0.010198
v 0.027916 1.461607 -0.006561
v 0.030724 1.459706 -0.002829
v 0.022225 1.463750 -0.003269
v 0.024454 1.479732 -0.005990
v 0.014731 1.480445 -0.004234
v 0.013948 1.464497 -0.001569
v 0.023541 1.461931 0.001597
v 0.013775 1.462771 0.003623
v 0.005319 1.479752 -0.005417
v 0.005851 1.463995 -0.002170
v -0.002878 1.477377 -0.009454
v -0.001315 1.461549 -0.005455
v 0.003877 1.461950 0.002571
v -0.004712 1.459401 -0.001721
v -0.008630 1.474325 -0.015766
v -0.006469 1.458306 -0.010836
v -0.011358 1.470944 -0.023634
v -0.009056 1.455168 -0.017592
v -0.010468 1.456192 -0.008373
v -0.013133 1.452829 -0.016549
v -0.008596 1.452529 -0.024396
v -0.010621 1.467605 -0.031807
v -0.004420 1.449992 -0.030454
v -0.004861 1.464460 -0.038576
v -0.012288 1.449859 -0.024755
v -0.006570 1.446939 -0.032249
v 0.004364 1.448257 -0.035241
v 0.005010 1.461678 -0.042918
v 0.013252 1.447876 -0.036575
v 0.014509 1.460637 -0.044715
v 0.002997 1.444873 -0.037951
v 0.013583 1.444136 -0.039908
v 0.024585 1.446042 -0.040067
v 0.024945 1.452060 -0.041305
v 0.014070 1.451184 -0.042782
v 0.013797 1.445029 -0.041864
v 0.023883 1.444845 -0.038161
v 0.013583 1.444136 -0.039908
v 0.014353 1.453323 -0.041334
v 0.024329 1.454099 -0.040004
v 0.032148 1.455726 -0.036878
v 0.033795 1.454568 -0.036992
v 0.037784 1.459675 -0.029793
v 0.039218 1.458365 -0.029844
v 0.038684 1.450770 -0.026905
v 0.033671 1.447786 -0.035059
v 0.036637 1.450308 -0.025913
v 0.031848 1.447221 -0.033274
v 0.040428 1.463296 -0.021550
v 0.039495 1.464145 -0.022027
v 0.037243 1.468704 -0.014587
v 0.038265 1.468182 -0.013483
v 0.037952 1.457724 -0.008495
v 0.039767 1.454220 -0.017426
v 0.035499 1.457011 -0.009117
v 0.037627 1.453693 -0.017437
v 0.031992 1.473121 -0.008126
v 0.033002 1.472445 -0.006717
v 0.033140 1.460683 -0.001281
v 0.030724 1.459706 -0.002829
v 0.025060 1.463391 0.003943
v 0.023541 1.461931 0.001597
v 0.014451 1.464574 0.005798
v 0.014209 1.475667 0.000396
v 0.024920 1.475276 -0.001732
v 0.013775 1.462771 0.003623
v 0.024397 1.475821 -0.003191
v 0.014076 1.476383 -0.000919
v 0.003479 1.463971 0.004308
v 0.003877 1.461950 0.002571
v -0.006065 1.461667 -0.000302
v -0.004383 1.470680 -0.005146
v 0.004263 1.474564 -0.000702
v -0.004712 1.459401 -0.001721
v -0.003706 1.471737 -0.006558
v 0.004499 1.475497 -0.002025
v -0.012692 1.457624 -0.007786
v -0.010468 1.456192 -0.008373
v -0.013133 1.452829 -0.016549
v -0.015612 1.453672 -0.016850
v -0.013848 1.462324 -0.020581
v -0.010576 1.466793 -0.011935
v -0.011825 1.463564 -0.021214
v -0.009230 1.467945 -0.013109
v -0.012288 1.449859 -0.024755
v -0.014358 1.450225 -0.026136
v -0.006570 1.446939 -0.032249
v -0.008007 1.447065 -0.034789
v -0.007179 1.454703 -0.036819
v -0.013274 1.458482 -0.029230
v -0.010838 1.459882 -0.028996
v -0.005105 1.456488 -0.035515
v 0.002997 1.444873 -0.037951
v 0.002210 1.445357 -0.040009
v 0.013583 1.444136 -0.039908
v 0.013797 1.445029 -0.041864
v 0.002829 1.452043 -0.041544
v 0.014070 1.451184 -0.042782
v 0.004284 1.454047 -0.039919
v 0.014353 1.453323 -0.041334
v -0.006338 1.462260 -0.039042
v -0.012440 1.465614 -0.031336
v -0.010621 1.467605 -0.031807
v -0.004861 1.464460 -0.038576
v 0.004075 1.459819 -0.043941
v 0.005010 1.461678 -0.042918
v 0.014158 1.458850 -0.046149
v 0.014509 1.460637 -0.044715
v -0.011358 1.470944 -0.023634
v -0.013278 1.468907 -0.023007
v -0.010388 1.472863 -0.014350
v -0.008630 1.474325 -0.015766
v -0.004348 1.476632 -0.007258
v -0.002878 1.477377 -0.009454
v 0.004269 1.478893 -0.002598
v 0.005319 1.479752 -0.005417
v 0.014428 1.479758 -0.001346
v 0.014731 1.480445 -0.004234
v 0.025004 1.478910 -0.003871
v 0.024454 1.479732 -0.005990
v 0.031943 1.477545 -0.010198
v 0.033047 1.476213 -0.009120
v 0.037243 1.474260 -0.016590
v 0.038541 1.472649 -0.015875
v 0.039724 1.470547 -0.024332
v 0.041258 1.468872 -0.023927
v 0.037944 1.466570 -0.032778
v 0.039823 1.464804 -0.032795
v 0.033860 1.461271 -0.040705
v 0.032515 1.463207 -0.040000
v 0.025049 1.459574 -0.044610
v 0.024041 1.461620 -0.043432
v 0.014158 1.458850 -0.046149
v 0.014509 1.460637 -0.044715
v -0.002352 1.470041 -0.038842
v 0.014647 1.464236 -0.026324
v -0.003667 1.476874 -0.033358
v -0.017813 1.485480 -0.044295
v -0.017842 1.477826 -0.050303
v -0.026447 1.490541 -0.054645
v -0.026197 1.485424 -0.058707
v -0.033353 1.493682 -0.065811
v -0.032756 1.491233 -0.067024
v -0.036711 1.494352 -0.074910
v 0.025540 1.458802 -0.014644
v 0.012222 1.467386 -0.022352
v 0.010658 1.463329 -0.019027
v -0.008377 1.469737 -0.028041
v -0.003667 1.476874 -0.033358
v -0.022823 1.478487 -0.038719
v -0.017813 1.485480 -0.044295
v -0.031679 1.487409 -0.052153
v -0.026447 1.490541 -0.054645
v -0.035552 1.492765 -0.065823
v -0.033353 1.493682 -0.065811
v -0.033353 1.493682 -0.065811
v -0.003667 1.476874 -0.033358
v -0.008993 1.465319 -0.032521
v 0.010940 1.460765 -0.021910
v 0.012379 1.461035 -0.024079
v -0.006141 1.465444 -0.038605
v 0.014647 1.464236 -0.026324
v 0.025540 1.458802 -0.014644
v 0.010658 1.463329 -0.019027
v -0.008377 1.469737 -0.028041
v -0.025333 1.473985 -0.043343
v -0.022518 1.471827 -0.049687
v -0.017842 1.477826 -0.050303
v -0.002352 1.470041 -0.038842
v -0.031657 1.481747 -0.058358
v -0.032753 1.484813 -0.054390
v -0.031679 1.487409 -0.052153
v -0.022823 1.478487 -0.038719
v -0.026197 1.485424 -0.058707
v -0.034140 1.490310 -0.066809
v -0.035552 1.492765 -0.065823
v -0.032756 1.491233 -0.067024
v -0.036711 1.494352 -0.074910
v 0.013359 1.460832 -0.041599
v 0.027254 1.459219 -0.020153
v 0.014677 1.473037 -0.042015
v 0.005606 1.458832 -0.031932
v -0.015803 1.471779 -0.053489
v -0.003653 1.471636 -0.062585
v 0.007273 1.481108 -0.053944
v -0.003506 1.500695 -0.065870
v -0.016918 1.490614 -0.077541
v -0.029848 1.489315 -0.067020
v -0.029696 1.508099 -0.089084
v -0.014472 1.524188 -0.071683
v -0.035121 1.534131 -0.096442
v -0.023482 1.546837 -0.078818
v -0.036420 1.553395 -0.103853
v -0.027258 1.561728 -0.089733
v -0.026871 1.571922 -0.106057
v -0.029696 1.508099 -0.089084
v -0.032554 1.569285 -0.113998
v -0.026363 1.578977 -0.118659
v -0.027918 1.576685 -0.121016
v -0.029696 1.508099 -0.089084
v -0.040668 1.510651 -0.079139
v -0.035121 1.534131 -0.096442
v -0.045111 1.535831 -0.087022
v -0.041426 1.555487 -0.098736
v -0.036420 1.553395 -0.103853
v -0.037694 1.569533 -0.108295
v -0.032554 1.569285 -0.113998
v -0.031412 1.578827 -0.121246
v -0.026250 1.582570 -0.130018
v -0.027918 1.576685 -0.121016
v -0.032554 1.569285 -0.113998
v -0.027918 1.576685 -0.121016
v -0.026250 1.582570 -0.130018
v -0.027918 1.576685 -0.121016
v -0.040668 1.510651 -0.079139
v -0.032388 1.527141 -0.061422
v -0.021616 1.502535 -0.051546
v -0.029848 1.489315 -0.067020
v -0.015803 1.471779 -0.053489
v -0.005396 1.482393 -0.043064
v 0.005606 1.458832 -0.031932
v -0.045111 1.535831 -0.087022
v -0.034522 1.547548 -0.071650
v -0.035947 1.561855 -0.087239
v -0.041426 1.555487 -0.098736
v -0.037694 1.569533 -0.108295
v -0.027258 1.561728 -0.089733
v -0.032348 1.572954 -0.104014
v -0.026871 1.571922 -0.106057
v -0.029850 1.580414 -0.118206
v -0.031412 1.578827 -0.121246
v -0.026250 1.582570 -0.130018
v -0.026363 1.578977 -0.118659
v 0.010315 1.470382 -0.032708
v 0.027254 1.459219 -0.020153
v 0.014677 1.473037 -0.042015
v -0.005396 1.482393 -0.043064
v 0.007273 1.481108 -0.053944
v -0.005396 1.482393 -0.043064
v -0.003506 1.500695 -0.065870
v -0.021616 1.502535 -0.051546
v -0.014472 1.524188 -0.071683
v -0.032388 1.527141 -0.061422
v -0.023482 1.546837 -0.078818
v -0.034522 1.547548 -0.071650
v 0.016676 1.464958 -0.033136
v 0.013055 1.463504 -0.027242
v 0.017093 1.469182 -0.025621
v 0.011850 1.469433 -0.021163
v 0.017750 1.486788 -0.031231
v 0.019994 1.477599 -0.041377
v 0.021622 1.503464 -0.057965
v 0.017641 1.514032 -0.041523
v 0.015823 1.540886 -0.052592
v 0.008741 1.488720 -0.020959
v 0.000879 1.514333 -0.028873
v -0.004645 1.541795 -0.036973
v -0.011566 1.569934 -0.052243
v 0.008183 1.569263 -0.067107
v 0.009422 1.557307 -0.085732
v 0.018121 1.529716 -0.072955
v -0.012896 1.593098 -0.073316
v 0.001674 1.587033 -0.082673
v -0.000121 1.577079 -0.094106
v -0.009718 1.607624 -0.096404
v -0.001858 1.602557 -0.098140
v -0.005709 1.594715 -0.102850
v -0.006242 1.609681 -0.114496
v -0.003774 1.614930 -0.112753
v -0.003811 1.622071 -0.126010
v -0.007642 1.617833 -0.112756
v -0.022366 1.526465 -0.045281
v -0.004645 1.541795 -0.036973
v 0.000879 1.514333 -0.028873
v -0.030921 1.553251 -0.056138
v -0.011566 1.569934 -0.052243
v -0.016936 1.520131 -0.068843
v -0.009445 1.497168 -0.057002
v -0.014986 1.503167 -0.038413
v 0.008741 1.488720 -0.020959
v -0.004874 1.481121 -0.031953
v 0.021622 1.503464 -0.057965
v 0.018121 1.529716 -0.072955
v 0.001666 1.476037 -0.043171
v 0.008005 1.466482 -0.036024
v 0.019994 1.477599 -0.041377
v 0.016676 1.464958 -0.033136
v 0.013055 1.463504 -0.027242
v 0.006473 1.467469 -0.027659
v 0.011850 1.469433 -0.021163
v -0.021676 1.547155 -0.079503
v 0.009422 1.557307 -0.085732
v -0.022066 1.576712 -0.096316
v -0.030338 1.584259 -0.075983
v -0.000121 1.577079 -0.094106
v -0.005709 1.594715 -0.102850
v -0.020245 1.593760 -0.104497
v -0.021724 1.602128 -0.097376
v -0.012880 1.608489 -0.114596
v -0.013967 1.612830 -0.112205
v -0.007642 1.617833 -0.112756
v -0.003811 1.622071 -0.126010
v -0.006242 1.609681 -0.114496
v -0.003811 1.622071 -0.126010
v -0.012896 1.593098 -0.073316
v -0.009718 1.607624 -0.096404
v 0.056214 1.481829 -0.040236
v 0.071674 1.505263 -0.062462
v 0.069608 1.500884 -0.067221
v 0.051254 1.477862 -0.046045
v 0.076161 1.520182 -0.091401
v 0.077196 1.526122 -0.086883
v 0.034204 1.465029 -0.030335
v 0.036293 1.466173 -0.021216
v 0.050562 1.485232 -0.035888
v 0.034868 1.470674 -0.021116
v 0.065510 1.510252 -0.060219
v 0.081370 1.529878 -0.102458
v 0.074840 1.527604 -0.087214
v 0.078504 1.530638 -0.101381
v 0.081370 1.529878 -0.102458
v 0.087132 1.532043 -0.122099
v 0.081370 1.529878 -0.102458
v 0.080092 1.526171 -0.106085
v 0.087132 1.532043 -0.122099
v 0.031523 1.468300 -0.029409
v 0.034868 1.470674 -0.021116
v 0.036293 1.466173 -0.021216
v 0.050562 1.485232 -0.035888
v 0.049059 1.485624 -0.045296
v 0.051254 1.477862 -0.046045
v 0.069608 1.500884 -0.067221
v 0.064795 1.506668 -0.065229
v 0.034204 1.465029 -0.030335
v 0.065510 1.510252 -0.060219
v 0.074840 1.527604 -0.087214
v 0.072210 1.522998 -0.089903
v 0.076161 1.520182 -0.091401
v 0.075846 1.527970 -0.103078
v 0.078504 1.530638 -0.101381
v 0.075846 1.527970 -0.103078
v 0.080092 1.526171 -0.106085
v 0.087132 1.532043 -0.122099
v 0.072210 1.522998 -0.089903
v 0.075846 1.527970 -0.103078
v 0.087132 1.532043 -0.122099
v 0.075846 1.527970 -0.103078
v 0.005782 1.508943 -0.072260
v -0.004357 1.513009 -0.071284
v -0.001599 1.510253 -0.053537
v 0.011410 1.505810 -0.055044
v 0.014862 1.514855 -0.071050
v 0.020446 1.511629 -0.054553
v 0.008211 1.516512 -0.084460
v 0.002710 1.512269 -0.085405
v -0.002183 1.515246 -0.087491
v 0.003936 1.505702 -0.038007
v 0.012029 1.503025 -0.040775
v 0.007096 1.502270 -0.026721
v 0.014181 1.500473 -0.027672
v 0.020800 1.507080 -0.038100
v 0.021923 1.503516 -0.027620
v 0.014675 1.506590 -0.025538
v 0.004868 1.513255 -0.104696
v 0.009399 1.518114 -0.055136
v 0.005152 1.520329 -0.072386
v 0.014862 1.514855 -0.071050
v 0.020446 1.511629 -0.054553
v -0.004357 1.513009 -0.071284
v -0.001599 1.510253 -0.053537
v 0.008211 1.516512 -0.084460
v 0.004165 1.518801 -0.085462
v -0.002183 1.515246 -0.087491
v 0.012072 1.512826 -0.037938
v 0.020800 1.507080 -0.038100
v 0.014675 1.506590 -0.025538
v 0.021923 1.503516 -0.027620
v 0.007096 1.502270 -0.026721
v 0.003936 1.505702 -0.038007
v 0.004868 1.513255 -0.104696
v -0.025348 1.305690 -0.046861
v -0.019272 1.303408 -0.046200
v -0.029207 1.300466 -0.038931
v -0.033022 1.285661 -0.041962
v -0.032287 1.276703 -0.051107
v -0.035791 1.270030 -0.044004
v -0.032191 1.280448 -0.056616
v -0.041653 1.254052 -0.057633
v -0.030044 1.253456 -0.068741
v -0.024014 1.281275 -0.063657
v -0.024647 1.308542 -0.051545
v -0.014346 1.309727 -0.059340
v -0.039431 1.260309 -0.050441
v -0.038779 1.270530 -0.042472
v -0.040924 1.286029 -0.036406
v -0.042524 1.290210 -0.030762
v -0.042649 1.294329 -0.021584
v -0.011206 1.303153 -0.050212
v -0.033001 1.310484 -0.025145
v -0.033347 1.307135 -0.011859
v -0.029394 1.329190 -0.004946
v -0.024653 1.326152 -0.041167
v -0.039960 1.295045 -0.011251
v -0.036976 1.293451 -0.002269
v -0.031627 1.337513 -0.024882
v -0.015342 1.353773 -0.047978
v 0.006252 1.347538 -0.053832
v -0.006925 1.320948 -0.051732
v -0.031174 1.363477 -0.034906
v -0.037136 1.350174 -0.012043
v -0.041014 1.370862 -0.019510
v -0.039854 1.362978 -0.001621
v -0.042600 1.375802 -0.005004
v -0.035715 1.351770 -0.000403
v -0.040239 1.390479 -0.029487
v -0.044273 1.398174 -0.011448
v 0.010308 1.371254 -0.058988
v -0.012681 1.376845 -0.054976
v 0.010574 1.393783 -0.060683
v -0.030114 1.383294 -0.041205
v -0.025756 1.403170 -0.045671
v -0.034275 1.409541 -0.037491
v -0.010492 1.397469 -0.057855
v 0.010989 1.411835 -0.057181
v -0.005560 1.415479 -0.055774
v -0.016772 1.420471 -0.047413
v -0.038222 1.416146 -0.022655
v -0.039167 1.425454 -0.003888
v -0.043098 1.408328 0.012636
v -0.036337 1.434714 0.015955
v -0.031501 1.443559 0.004554
v -0.022649 1.452158 0.022419
v -0.025621 1.443336 0.038761
v -0.002850 1.457981 0.031742
v -0.014737 1.455341 -0.000628
v -0.005652 1.448224 0.051487
v 0.015470 1.460148 0.033106
v 0.002397 1.461249 0.009745
v 0.014555 1.462087 0.010433
v -0.028271 1.430111 0.053572
v -0.007515 1.435939 0.067274
v -0.019836 1.416996 0.073152
v -0.022405 1.447615 -0.014400
v -0.034403 1.434032 -0.016655
v -0.022343 1.440284 -0.028786
v -0.029588 1.427960 -0.031851
v 0.005830 1.461722 -0.009491
v -0.004026 1.458246 -0.013444
v 0.013561 1.460687 -0.012914
v 0.002488 1.457478 -0.021663
v -0.011638 1.451251 -0.024523
v -0.000960 1.452055 -0.029533
v -0.010578 1.442710 -0.037382
v -0.001171 1.435557 -0.047296
v 0.011603 1.432275 -0.049766
v 0.012246 1.445936 -0.039203
v 0.012786 1.454139 -0.029185
v 0.012786 1.454139 -0.029185
v -0.070876 1.188254 -0.075040
v -0.079084 1.183490 -0.062460
v -0.068404 1.179767 -0.081735
v -0.067856 1.198083 -0.067015
v -0.063503 1.178162 -0.084461
v -0.063635 1.168601 -0.090305
v -0.057511 1.171095 -0.091246
v -0.054018 1.166897 -0.099113
v -0.052745 1.155944 -0.096190
v -0.064828 1.156999 -0.082900
v -0.073989 1.171189 -0.071526
v -0.090944 1.176228 -0.043729
v -0.049159 1.132484 -0.088190
v -0.051305 1.170728 -0.095174
v -0.083710 1.197048 -0.041936
v -0.072763 1.207472 -0.049133
v -0.061970 1.214586 -0.063133
v -0.089985 1.181275 -0.039554
v -0.068817 1.220763 -0.048848
v -0.060269 1.229022 -0.053810
v -0.041880 1.167435 -0.104151
v -0.045114 1.170429 -0.099136
v -0.035922 1.176682 -0.102016
v -0.035974 1.155477 -0.101313
v -0.020350 1.168312 -0.105666
v -0.004093 1.153822 -0.104109
v -0.031274 1.177776 -0.105368
v -0.023535 1.185715 -0.105171
v -0.009377 1.179802 -0.106917
v 0.011684 1.170869 -0.109427
v -0.017082 1.195393 -0.099355
v 0.011288 1.192205 -0.103000
v 0.001594 1.203577 -0.096626
v -0.014775 1.212081 -0.093171
v 0.015154 1.175855 -0.107047
v 0.001211 1.217089 -0.093540
v -0.006636 1.224922 -0.088151
v -0.023277 1.131877 -0.093434
v -0.019416 1.106105 -0.085497
v -0.036135 1.109693 -0.081465
v -0.030184 1.099944 -0.078208
v -0.043974 1.110069 -0.078210
v -0.050228 1.110436 -0.072472
v -0.037308 1.097479 -0.066435
v -0.040565 1.097778 -0.063326
v -0.050761 1.101011 -0.065043
v -0.061394 1.108283 -0.058638
v -0.045257 1.093315 -0.058697
v -0.053295 1.100497 -0.059495
v -0.033111 1.097391 -0.068095
v -0.028693 1.092476 -0.069461
v -0.024139 1.098985 -0.078150
v -0.064777 1.134066 -0.066950
v -0.080680 1.157874 -0.055234
v -0.059250 1.189580 -0.095000
v -0.059232 1.185793 -0.092447
v -0.051806 1.185439 -0.097202
v -0.057220 1.181899 -0.091163
v -0.057271 1.192247 -0.098136
v -0.053824 1.193078 -0.101016
v -0.053755 1.178940 -0.091490
v -0.049765 1.177711 -0.093343
v -0.067164 1.189523 -0.096198
v -0.068184 1.183849 -0.091744
v -0.064432 1.183801 -0.094381
v -0.064352 1.189088 -0.097720
v -0.068632 1.193729 -0.090649
v -0.069910 1.186240 -0.084856
v -0.067856 1.198083 -0.067015
v -0.061970 1.214586 -0.063133
v -0.063503 1.178162 -0.084461
v -0.063453 1.177155 -0.091035
v -0.061784 1.178368 -0.092781
v -0.065554 1.195721 -0.101134
v -0.061568 1.192809 -0.101903
v -0.057399 1.196199 -0.106896
v -0.056826 1.193969 -0.105807
v -0.055692 1.202716 -0.104762
v -0.066639 1.202045 -0.097106
v -0.043561 1.224290 -0.087521
v -0.059848 1.224511 -0.076816
v -0.057119 1.174242 -0.093348
v -0.057511 1.171095 -0.091246
v -0.051305 1.170728 -0.095174
v -0.051688 1.172531 -0.095928
v -0.053755 1.178940 -0.091490
v -0.049765 1.177711 -0.093343
v -0.057220 1.181899 -0.091163
v -0.059232 1.185793 -0.092447
v -0.053824 1.193078 -0.101016
v -0.057271 1.192247 -0.098136
v -0.059250 1.189580 -0.095000
v -0.050152 1.296554 -0.022450
v -0.049432 1.290191 -0.033315
v -0.042524 1.290210 -0.030762
v -0.042649 1.294329 -0.021584
v -0.040924 1.286029 -0.036406
v -0.047952 1.285726 -0.038620
v -0.038779 1.270530 -0.042472
v -0.047100 1.270238 -0.046852
v -0.046522 1.298624 -0.009414
v -0.039960 1.295045 -0.011251
v -0.039431 1.260309 -0.050441
v -0.048228 1.261293 -0.055067
v -0.041653 1.254052 -0.057633
v -0.075416 1.259497 -0.033014
v -0.084698 1.262816 -0.021713
v -0.075628 1.256445 -0.032345
v -0.085070 1.260101 -0.020639
v -0.087178 1.267630 -0.007077
v -0.087721 1.264953 -0.006197
v -0.084456 1.269247 0.009000
v -0.083659 1.271863 0.008210
v -0.065421 1.246844 -0.046519
v -0.055144 1.246068 -0.054862
v -0.064963 1.243127 -0.045951
v -0.062100 1.235799 -0.054604
v -0.060269 1.229022 -0.053810
v -0.062482 1.222412 -0.063545
v -0.061970 1.214586 -0.063133
v -0.059848 1.224511 -0.076816
v -0.062592 1.229757 -0.078208
v -0.044442 1.229109 -0.089311
v -0.076288 1.271075 0.023874
v -0.075495 1.273739 0.023098
v -0.042812 1.297032 0.000609
v -0.040841 1.289193 0.015667
v -0.063757 1.272688 0.036270
v -0.064833 1.270093 0.037010
v -0.036942 1.284681 0.010269
v -0.036976 1.293451 -0.002269
v -0.035863 1.281500 0.027288
v -0.049829 1.268103 0.047799
v -0.025285 1.272338 0.034309
v -0.038719 1.258286 0.052663
v -0.027374 1.254043 0.053444
v -0.014445 1.261080 0.040153
v -0.014295 1.258217 0.035449
v -0.025331 1.267695 0.026764
v -0.007356 1.249869 0.050831
v -0.006991 1.244130 0.045106
v -0.014745 1.245533 0.055264
v -0.030667 1.251168 0.053929
v -0.010789 1.248076 0.054260
v -0.051362 1.265465 0.048429
v -0.040110 1.255656 0.053290
v -0.034637 1.276845 0.019726
v -0.012613 1.241340 0.051415
v -0.048228 1.261293 -0.055067
v -0.054283 1.255268 -0.068255
v -0.037164 1.254405 -0.080008
v -0.030044 1.253456 -0.068741
v -0.054283 1.255268 -0.068255
v -0.044442 1.229109 -0.089311
v -0.048228 1.261293 -0.055067
v -0.043561 1.224290 -0.087521
v -0.075972 1.253405 0.073014
v -0.076295 1.250241 0.070360
v -0.088536 1.257436 0.059730
v -0.088828 1.261285 0.061265
v -0.100666 1.261424 0.046082
v -0.099545 1.257504 0.045932
v -0.106024 1.257369 0.035192
v -0.059603 1.240884 0.082865
v -0.060416 1.237507 0.080540
v -0.064833 1.270093 0.037010
v -0.051362 1.265465 0.048429
v -0.076288 1.271075 0.023874
v -0.109600 1.261484 0.033467
v -0.100666 1.261424 0.046082
v -0.084456 1.269247 0.009000
v -0.113650 1.243555 0.008183
v -0.087721 1.264953 -0.006197
v -0.095071 1.238606 -0.018754
v -0.085070 1.260101 -0.020639
v -0.075628 1.256445 -0.032345
v -0.082180 1.218084 -0.037342
v -0.110443 1.222407 -0.010944
v -0.101511 1.202180 -0.025748
v -0.083710 1.197048 -0.041936
v -0.072763 1.207472 -0.049133
v -0.089985 1.181275 -0.039554
v -0.064963 1.243127 -0.045951
v -0.068817 1.220763 -0.048848
v -0.060269 1.229022 -0.053810
v -0.107035 1.200923 -0.027274
v -0.090944 1.176228 -0.043729
v -0.116256 1.223714 -0.010703
v -0.119911 1.245479 0.008995
v -0.113979 1.262876 0.034674
v -0.115299 1.190588 -0.012657
v -0.126491 1.214177 0.003208
v -0.121842 1.210184 0.010618
v -0.111281 1.187379 -0.004619
v -0.102107 1.165694 -0.026288
v -0.094228 1.149114 -0.034965
v -0.080680 1.157874 -0.055234
v -0.097942 1.164103 -0.017563
v -0.131884 1.234480 0.022299
v -0.127426 1.228554 0.028652
v -0.126591 1.252803 0.046902
v -0.122835 1.245429 0.051051
v -0.089157 1.149975 -0.025475
v -0.064777 1.134066 -0.066950
v -0.070654 1.120293 -0.047078
v -0.061394 1.108283 -0.058638
v -0.068540 1.100929 -0.042065
v -0.053295 1.100497 -0.059495
v -0.045257 1.093315 -0.058697
v -0.053408 1.083268 -0.042204
v 0.000102 1.233690 0.063905
v -0.014745 1.245533 0.055264
v -0.012613 1.241340 0.051415
v 0.000830 1.233550 0.062301
v -0.021526 1.233682 0.075535
v -0.031162 1.238971 0.069260
v -0.043298 1.237143 0.080250
v 0.008933 1.226567 0.069358
v 0.008326 1.227545 0.067477
v -0.030667 1.251168 0.053929
v -0.055001 1.236298 0.088220
v -0.040110 1.255656 0.053290
v -0.055001 1.236298 0.088220
v -0.122835 1.245429 0.051051
v -0.109600 1.261484 0.033467
v -0.106024 1.257369 0.035192
v -0.126591 1.252803 0.046902
v -0.113979 1.262876 0.034674
v -0.047507 1.074938 -0.045721
v -0.053408 1.083268 -0.042204
v -0.053797 1.066946 -0.033691
v -0.045377 1.064515 -0.043340
v -0.050357 1.059113 -0.033232
v -0.043602 1.071357 -0.052314
v -0.042611 1.062337 -0.041957
v -0.047209 1.057381 -0.032746
v -0.041110 1.069298 -0.050325
v -0.044052 1.069610 -0.059795
v -0.047373 1.075428 -0.061381
v -0.045373 1.091634 -0.059376
v -0.045899 1.095537 -0.065340
v -0.040914 1.074608 -0.067641
v -0.040755 1.095271 -0.070372
v -0.043826 1.097750 -0.064628
v -0.039281 1.097050 -0.069483
v -0.045257 1.093315 -0.058697
v -0.040565 1.097778 -0.063326
v -0.039281 1.097050 -0.069483
v -0.037308 1.097479 -0.066435
v -0.039334 1.069152 -0.064595
v -0.032042 1.069502 -0.052925
v -0.033640 1.072032 -0.047304
v -0.033760 1.064866 -0.034009
v -0.041161 1.060769 -0.028054
v -0.059502 1.048295 -0.004014
v -0.062215 1.047098 -0.007190
v -0.064631 1.049063 -0.009679
v -0.079848 1.041824 0.018714
v -0.080630 1.047413 0.013516
v -0.065568 1.055982 -0.014436
v -0.077926 1.038653 0.023330
v 0.039357 1.076446 0.137699
v 0.044804 1.049471 0.136135
v 0.021708 1.053479 0.140295
v 0.020502 1.094720 0.139510
v 0.046028 1.010733 0.130787
v 0.004909 1.015123 0.131676
v 0.005557 0.983715 0.128841
v 0.049072 0.980941 0.129660
v 0.065145 0.979208 0.123872
v 0.051242 0.953826 0.126458
v 0.004303 0.952139 0.128539
v 0.038052 0.917827 0.122909
v 0.064829 0.924435 0.113724
v 0.001799 0.926859 0.134767
v -0.035034 0.950026 0.119232
v -0.030417 0.985214 0.115464
v -0.055032 0.956290 0.084200
v -0.052928 0.985265 0.079653
v -0.057334 0.980840 0.037791
v -0.058770 1.018007 0.079676
v -0.069104 1.014399 0.035257
v -0.055992 0.950134 0.036458
v -0.041294 0.975586 0.008415
v -0.035517 0.943879 0.011964
v -0.019881 0.976043 -0.007336
v -0.016878 0.944406 -0.004235
v -0.023861 1.017281 -0.019007
v -0.051428 1.015228 0.002203
v -0.035493 0.905945 0.002764
v -0.012200 0.903553 -0.013334
v -0.050558 0.912698 0.020301
v -0.066688 0.880149 0.010218
v -0.049619 0.878006 -0.011186
v -0.014264 0.870495 -0.027549
v -0.054520 0.851510 -0.019724
v -0.018172 0.841951 -0.035194
v -0.052907 0.819552 -0.023271
v -0.070538 0.822173 0.000930
v -0.072926 0.853882 0.004088
v -0.075249 0.824995 0.029686
v -0.076972 0.859207 0.035946
v -0.016353 0.804404 -0.034915
v -0.060860 0.787160 -0.004503
v -0.072082 0.794468 0.029679
v -0.071549 0.777848 0.028280
v -0.084885 0.799868 0.062167
v -0.080897 0.759410 0.031571
v -0.050250 0.764106 0.013121
v -0.030050 0.775245 -0.013985
v -0.006039 0.785398 -0.021197
v 0.006156 0.763434 0.020982
v 0.011447 0.773376 0.005242
v 0.036970 0.775249 0.049352
v 0.029996 0.767106 0.057649
v 0.004080 0.728240 0.034110
v 0.027824 0.727313 0.067906
v -0.024147 0.760303 0.005072
v -0.001782 0.686635 0.041360
v 0.015156 0.680487 0.081983
v -0.014476 0.633541 0.043783
v -0.044502 0.654301 0.012772
v -0.032690 0.698821 0.012128
v -0.021940 0.736424 0.007793
v -0.081156 0.673676 0.020192
v -0.080056 0.710801 0.020826
v -0.056640 0.747742 0.015138
v -0.087259 0.624118 0.025157
v -0.056629 0.599284 0.021446
v -0.006534 0.639314 0.099300
v -0.030804 0.577592 0.072128
v -0.040149 0.585030 0.047672
v 0.061253 1.040291 0.129722
v 0.051130 1.056267 0.134094
v 0.086733 1.011337 0.120328
v 0.091258 1.004715 0.126973
v 0.075902 1.021330 0.131264
v 0.073670 1.027597 0.127731
v 0.063167 1.034866 0.133421
v 0.061253 1.040291 0.129722
v 0.046028 1.010733 0.130787
v 0.050122 1.011152 0.133118
v 0.071100 1.001557 0.127779
v 0.063293 1.042634 0.132479
v 0.051130 1.056267 0.134094
v 0.054227 1.058372 0.136714
v 0.039357 1.076446 0.137699
v 0.043596 1.078055 0.140298
v 0.073533 1.070050 0.132994
v 0.024780 1.096994 0.142384
v 0.020502 1.094720 0.139510
v 0.078351 1.042495 0.128667
v 0.086651 1.025633 0.122038
v 0.088733 1.042182 0.125928
v 0.090448 1.052714 0.129470
v 0.086191 1.058925 0.123234
v 0.073687 1.072624 0.127728
v 0.082580 1.060715 0.117919
v 0.072109 1.071423 0.122717
v 0.058821 1.090101 0.125873
v 0.056217 1.097381 0.131332
v 0.054366 1.096045 0.134937
v 0.048047 1.108709 0.130193
v 0.045549 1.108934 0.134308
v 0.011456 1.106027 0.143728
v 0.003340 1.105940 0.139931
v 0.088320 0.988607 0.121227
v 0.085292 0.956013 0.115090
v 0.068622 0.979009 0.124597
v 0.076847 0.962466 0.124542
v 0.066331 0.973694 0.126935
v 0.071823 0.944248 0.122293
v 0.089456 0.948464 0.120402
v 0.055584 0.953513 0.129276
v 0.051242 0.953826 0.126458
v 0.067891 0.925688 0.119097
v 0.085143 0.924288 0.114008
v 0.064829 0.924435 0.113724
v 0.082399 0.903435 0.110640
v 0.076765 0.901151 0.103129
v 0.082399 0.903435 0.110640
v 0.065145 0.979208 0.123872
v 0.090286 0.923998 0.094088
v 0.082399 0.903435 0.110640
v 0.094399 0.925155 0.098583
v 0.105140 0.952675 0.085555
v 0.106663 0.952341 0.090353
v 0.101064 0.972834 0.100812
v 0.095943 0.943684 0.103734
v 0.096130 0.961979 0.109897
v 0.089456 0.948464 0.120402
v 0.085143 0.924288 0.114008
v 0.097623 0.978446 0.103057
v 0.082399 0.903435 0.110640
v 0.085292 0.956013 0.115090
v 0.088320 0.988607 0.121227
v 0.098006 0.978048 0.098915
v 0.111115 1.009599 0.088581
v 0.099456 1.000790 0.106988
v 0.110194 1.008998 0.083739
v 0.104957 1.033453 0.104174
v 0.102089 1.038920 0.101285
v 0.096299 1.026847 0.111774
v 0.099382 1.020599 0.114568
v 0.086733 1.011337 0.120328
v 0.091258 1.004715 0.126973
v 0.104086 1.041264 0.104072
v 0.109445 1.054155 0.094129
v 0.110887 1.056320 0.097884
v 0.116683 1.073163 0.086086
v 0.117816 1.074789 0.090547
v 0.099586 1.069015 0.115469
v 0.126972 1.092473 0.075506
v 0.125990 1.090147 0.070296
v 0.094930 1.041901 0.117161
v 0.086651 1.025633 0.122038
v 0.088733 1.042182 0.125928
v 0.090448 1.052714 0.129470
v 0.086191 1.058925 0.123234
v 0.094800 1.071785 0.113526
v 0.082580 1.060715 0.117919
v 0.090682 1.070685 0.110223
v 0.098846 1.088278 0.099318
v 0.104701 1.095099 0.099493
v 0.108647 1.093489 0.099292
v 0.106951 1.105794 0.092010
v 0.111731 1.105660 0.091407
v 0.133978 1.100230 0.064031
v 0.133781 1.100052 0.054788
v 0.075415 0.847453 0.099504
v 0.033055 0.844720 0.122660
v 0.035742 0.879756 0.119307
v 0.076850 0.876476 0.104252
v -0.010578 0.859897 0.139608
v -0.031235 0.820628 0.143585
v 0.023576 0.797040 0.126547
v -0.008919 0.760767 0.141701
v 0.028112 0.743764 0.116391
v -0.002195 0.893643 0.132803
v -0.037843 0.917102 0.127647
v -0.049175 0.872885 0.131651
v -0.037320 0.909894 0.124985
v -0.066502 0.895691 0.097335
v -0.072053 0.872819 0.100323
v -0.080998 0.840639 0.095812
v -0.065536 0.836306 0.129165
v -0.085833 0.815916 0.094478
v -0.074779 0.799291 0.127377
v -0.072092 0.888357 0.067148
v -0.077870 0.864743 0.066982
v -0.062696 0.916266 0.092341
v -0.063518 0.916395 0.063283
v -0.080700 0.833210 0.062562
v -0.059650 0.912320 0.037094
v -0.072747 0.883384 0.038835
v 0.068733 0.807414 0.104368
v 0.061559 0.781935 0.095019
v 0.041745 0.775361 0.100699
v 0.036970 0.775249 0.049352
v 0.029996 0.767106 0.057649
v 0.027824 0.727313 0.067906
v 0.015156 0.680487 0.081983
v 0.001696 0.706857 0.127412
v -0.023400 0.719114 0.149444
v -0.043430 0.767558 0.147092
v -0.052588 0.718839 0.153576
v -0.052817 0.686121 0.153949
v -0.011224 0.660314 0.132443
v -0.063229 0.772793 0.141520
v -0.052459 0.660350 0.154500
v -0.035491 0.618961 0.142844
v -0.025205 0.590661 0.117070
v -0.006534 0.639314 0.099300
v -0.001773 0.668043 0.112006
v -0.030804 0.577592 0.072128
v 0.007458 1.234449 0.055247
v 0.018085 1.224521 0.070385
v 0.008326 1.227545 0.067477
v 0.040402 1.230717 0.044518
v 0.000830 1.233550 0.062301
v -0.006991 1.244130 0.045106
v 0.012358 1.247435 0.042480
v -0.012613 1.241340 0.051415
v -0.013272 1.261648 0.026120
v 0.003965 1.263793 0.032388
v 0.028184 1.255452 0.025456
v 0.021348 1.278255 0.018786
v 0.008455 1.282249 0.018010
v -0.009811 1.285110 0.023818
v 0.013050 1.294200 0.025661
v -0.003553 1.303171 0.018291
v -0.022943 1.313504 0.009385
v 0.002535 1.294859 0.036818
v -0.011122 1.306797 0.026278
v -0.021933 1.321195 0.013284
v -0.025313 1.320535 0.022399
v -0.019764 1.312180 0.030558
v -0.026727 1.325311 0.029938
v -0.031366 1.336543 0.016992
v -0.020738 1.317891 0.039842
v -0.032436 1.342329 0.033149
v -0.025956 1.327330 0.037365
v -0.014083 1.304142 0.039901
v -0.008806 1.295587 0.043422
v -0.013782 1.306773 0.046873
v -0.007820 1.298048 0.052355
v -0.001669 1.286312 0.052568
v -0.000463 1.290923 0.059532
v 0.007219 1.282236 0.059971
v 0.006006 1.285695 0.066074
v -0.036902 1.358736 0.021470
v -0.035204 1.359705 0.029547
v -0.037997 1.379368 0.024170
v -0.039276 1.380002 0.014428
v -0.024073 1.330398 0.048518
v -0.016020 1.319947 0.054065
v -0.021209 1.331826 0.055888
v -0.025690 1.345655 0.058064
v -0.030655 1.344804 0.046200
v -0.027338 1.358321 0.055894
v -0.031620 1.359396 0.044995
v -0.026824 1.371882 0.060482
v -0.035329 1.381155 0.036158
v -0.020164 1.354552 0.063934
v -0.023285 1.359473 0.060871
v -0.019765 1.361429 0.064788
v -0.018329 1.357896 0.067118
v -0.015000 1.350890 0.067575
v -0.012730 1.355301 0.070891
v -0.006316 1.350386 0.069879
v -0.005878 1.354933 0.071491
v 0.001839 1.351576 0.070195
v 0.001871 1.356799 0.071247
v 0.006080 1.355594 0.072406
v 0.004186 1.360178 0.077875
v -0.004698 1.361617 0.074098
v -0.004648 1.364635 0.078022
v -0.012667 1.363714 0.074597
v -0.013510 1.368137 0.077353
v -0.021441 1.367969 0.070052
v -0.018847 1.363509 0.068039
v -0.024305 1.365048 0.062728
v 0.007881 1.357350 0.076924
v 0.008685 1.350350 0.078028
v 0.010853 1.357681 0.081768
v 0.011483 1.350677 0.082823
v 0.016025 1.356632 0.083507
v 0.015973 1.350680 0.084386
v 0.005909 1.349846 0.073775
v 0.016368 1.365498 0.088555
v 0.007751 1.364885 0.087254
v 0.011444 1.343174 0.084755
v 0.015963 1.342967 0.086900
v 0.011576 1.335607 0.086839
v 0.008669 1.335202 0.081480
v 0.007905 1.329922 0.083629
v 0.005624 1.329710 0.078875
v 0.004078 1.331865 0.074811
v 0.004932 1.342526 0.075485
v -0.002105 1.342542 0.071610
v -0.003791 1.333354 0.070811
v -0.002182 1.325020 0.069766
v 0.005377 1.324529 0.073961
v 0.008242 1.342749 0.079902
v 0.011169 1.330092 0.089886
v 0.015976 1.335076 0.090056
v 0.015963 1.342967 0.086900
v 0.009340 1.326516 0.088298
v 0.007352 1.327294 0.083537
v 0.005658 1.326395 0.078519
v 0.002324 1.317768 0.071731
v 0.008668 1.322657 0.075967
v 0.010167 1.317374 0.077364
v 0.003486 1.314111 0.072150
v 0.010128 1.313581 0.077871
v 0.015221 1.317494 0.078224
v 0.015187 1.313000 0.079021
v -0.003620 1.312767 0.064171
v -0.004915 1.315899 0.064880
v -0.005045 1.310049 0.061050
v -0.010104 1.314244 0.058913
v 0.013768 1.321164 0.080195
v 0.015353 1.320809 0.080195
v 0.015086 1.310772 0.077387
v 0.009690 1.311542 0.074998
v 0.014969 1.309395 0.075074
v 0.009489 1.309835 0.073091
v 0.003408 1.312077 0.070589
v 0.003851 1.310310 0.067871
v -0.002218 1.311726 0.064085
v -0.003102 1.310251 0.062167
v -0.001684 1.310504 0.063065
v -0.001739 1.309013 0.062562
v -0.002099 1.307105 0.062460
v -0.004280 1.303791 0.060260
v 0.002726 1.300431 0.064079
v 0.001906 1.295285 0.062407
v 0.007762 1.292651 0.066155
v 0.009274 1.299407 0.066797
v -0.004941 1.300685 0.057600
v -0.007940 1.308046 0.058198
v -0.010241 1.307001 0.053868
v 0.003465 1.304759 0.067540
v 0.009263 1.304241 0.072692
v 0.003990 1.306954 0.068564
v 0.009337 1.306641 0.073575
v 0.009457 1.309567 0.072790
v 0.014951 1.309176 0.074709
v 0.014915 1.306685 0.074742
v 0.003941 1.309947 0.067313
v 0.014853 1.304049 0.074206
v 0.014556 1.299118 0.068825
v 0.014435 1.291826 0.068533
v 0.014237 1.284289 0.066475
v 0.014814 1.280917 0.061364
v 0.017881 1.284259 0.044570
v 0.011165 1.287740 0.040261
v -0.010029 1.321621 0.062603
v -0.010076 1.331834 0.066645
v -0.015410 1.332103 0.062818
v -0.017173 1.342846 0.065268
v -0.009405 1.342656 0.069045
v -0.014295 1.258217 0.035449
v -0.025331 1.267695 0.026764
v -0.020896 1.266373 0.018315
v -0.034637 1.276845 0.019726
v -0.027987 1.273184 0.011915
v -0.036942 1.284681 0.010269
v -0.025474 1.301300 0.008174
v -0.030873 1.338546 0.001526
v -0.031894 1.337369 0.008489
v -0.033172 1.339823 0.003741
v -0.037608 1.338679 0.006602
v -0.036667 1.343022 0.002483
v -0.042963 1.343246 0.002207
v -0.033450 1.338265 0.011432
v -0.037486 1.344968 0.010971
v -0.034374 1.342585 0.013769
v -0.041530 1.347304 0.006534
v -0.042963 1.343246 0.002207
v -0.045310 1.351478 -0.001619
v -0.046186 1.348930 -0.003292
v -0.051084 1.358891 -0.008251
v -0.050543 1.360384 -0.004911
v -0.052818 1.369352 -0.008221
v -0.051931 1.369578 -0.004823
v -0.044659 1.356667 0.004955
v -0.046951 1.364473 0.005812
v -0.042032 1.353110 0.009626
v -0.038901 1.353179 0.010681
v -0.051260 1.378822 -0.004499
v -0.048624 1.379241 0.003299
v -0.051962 1.376985 -0.002099
v -0.051260 1.378822 -0.004499
v -0.048236 1.382222 0.002688
v -0.044745 1.380011 0.010474
v -0.044382 1.377566 0.009072
v -0.040272 1.373857 0.015238
v -0.042772 1.372595 0.013893
v -0.040366 1.358330 0.008903
v -0.038829 1.359599 0.015757
v -0.042933 1.380847 0.002009
v -0.036252 1.348722 0.014930
v -0.041706 1.382493 0.008757
v -0.040122 1.393206 0.026599
v -0.037556 1.382523 0.035656
v -0.036660 1.402913 0.043974
v -0.034098 1.389214 0.050195
v -0.029445 1.410873 0.059643
v -0.025125 1.397786 0.064870
v -0.039145 1.418455 0.032930
v -0.031790 1.387895 0.050470
v -0.023098 1.396373 0.065990
v -0.020561 1.389662 0.071611
v -0.022084 1.379164 0.071682
v -0.015734 1.402605 0.075056
v -0.008256 1.388795 0.083522
v -0.014676 1.380027 0.080283
v -0.005426 1.377553 0.084748
v 0.005419 1.389535 0.088426
v 0.005021 1.376959 0.088191
v -0.004443 1.368838 0.085540
v -0.015433 1.372284 0.079776
v -0.022486 1.372590 0.070827
v 0.016558 1.376544 0.089157
v -0.009352 1.359474 0.069500
v 0.015976 1.335076 0.090056
v 0.015997 1.329485 0.092566
v 0.011916 1.324964 0.091290
v 0.015957 1.325413 0.093057
v 0.015802 1.322040 0.090545
v 0.013044 1.322175 0.089574
v 0.015580 1.320294 0.085828
v 0.013682 1.320725 0.085503
v 0.010743 1.324389 0.086561
v 0.012714 1.325041 0.081071
v 0.008787 1.325750 0.082689
v 0.008120 1.324075 0.078729
v 0.016820 1.394395 0.089077
v 0.004484 1.399057 0.087135
v 0.016972 1.397305 0.091676
v 0.004404 1.400723 0.088959
v -0.005667 1.398671 0.083643
v -0.006632 1.401449 0.084377
v -0.017850 1.404574 0.076214
v 0.006203 1.421148 0.083151
v 0.016980 1.421722 0.083109
v -0.008160 1.419610 0.078404
v 0.016762 1.436978 0.072423
v 0.016289 1.450040 0.056387
v 0.015470 1.460148 0.033106
v -0.001143 1.310577 0.063545
v -0.001104 1.310369 0.063490
v 0.020320 1.292273 0.025983
v -0.039854 1.362978 -0.001621
v -0.042600 1.375802 -0.005004
v -0.052818 1.369352 -0.008221
v -0.051084 1.358891 -0.008251
v -0.046186 1.348930 -0.003292
v -0.035715 1.351770 -0.000403
v -0.042963 1.343246 0.002207
v -0.051260 1.378822 -0.004499
v -0.042933 1.380847 0.002009
v -0.024034 1.230826 0.100416
v -0.005382 1.210554 0.119721
v -0.020377 1.216784 0.119175
v -0.045652 1.228596 0.108305
v -0.062186 1.222316 0.119740
v -0.073594 1.224035 0.114607
v -0.051975 1.235154 0.093508
v -0.066662 1.202113 0.135288
v -0.081400 1.198955 0.130933
v -0.075293 1.169119 0.136717
v -0.054755 1.173641 0.147363
v -0.023334 1.194188 0.139202
v -0.022350 1.171542 0.153784
v 0.008280 1.183318 0.141088
v 0.013358 1.160092 0.152481
v 0.033529 1.179009 0.130932
v -0.055001 1.236298 0.088220
v -0.086494 1.196185 0.124128
v -0.081564 1.224665 0.107471
v -0.078013 1.164303 0.120353
v -0.065626 1.141617 0.136863
v -0.049347 1.148175 0.148186
v -0.023380 1.134124 0.157195
v 0.007091 1.133739 0.156838
v 0.004841 1.110441 0.154962
v -0.024539 1.112859 0.153966
v 0.036799 1.138345 0.152080
v 0.038668 1.168692 0.137120
v 0.058028 1.133661 0.138953
v 0.065939 1.147752 0.125889
v 0.073640 1.129099 0.124590
v 0.044280 1.113684 0.139496
v 0.063679 1.116098 0.130838
v -0.045338 1.123220 0.147044
v -0.056993 1.127366 0.129700
v 0.011456 1.106027 0.143728
v 0.045549 1.108934 0.134308
v 0.045032 1.181027 0.128500
v 0.064028 1.115732 0.120954
v 0.048047 1.108709 0.130193
v 0.003340 1.105940 0.139931
v 0.061909 1.114564 0.118755
v -0.035204 1.111502 0.136465
v -0.053221 1.124405 0.128516
v 0.049195 1.189660 0.126143
v 0.090273 1.166913 0.127415
v 0.087220 1.130772 0.125215
v 0.085207 1.100832 0.122522
v 0.073505 1.188215 0.099446
v 0.047880 1.194186 0.113821
v 0.025767 1.201247 0.126105
v 0.057618 1.191115 0.105583
v 0.040289 1.199693 0.107843
v 0.039352 1.213374 0.094776
v 0.063329 1.188392 0.083444
v 0.044570 1.211338 0.077397
v 0.017744 1.224883 0.072411
v 0.009656 1.225096 0.096108
v -0.020194 1.235038 0.078644
v -0.040322 1.238143 0.083848
v 0.055481 1.201924 0.069974
v 0.043323 1.210482 0.072204
v -0.021526 1.233682 0.075535
v -0.043298 1.237143 0.080250
v 0.008933 1.226567 0.069358
v 0.065822 1.183776 0.087749
v 0.018085 1.224521 0.070385
v 0.008326 1.227545 0.067477
v -0.060416 1.237507 0.080540
v -0.019903 1.106385 0.139892
v -0.069236 1.142821 0.123254
v -0.076116 1.158673 0.119299
v 0.072109 1.071423 0.122717
v 0.082421 1.079704 0.118376
v 0.082580 1.060715 0.117919
v 0.058821 1.090101 0.125873
v 0.061909 1.114564 0.118755
v 0.048047 1.108709 0.130193
v 0.082421 1.079704 0.118376
v 0.076765 0.901151 0.103129
v -0.005729 1.093465 0.141884
v -0.019903 1.106385 0.139892
v 0.003340 1.105940 0.139931
v -0.030826 1.091901 0.134576
v -0.000613 1.056162 0.140602
v -0.030962 1.057996 0.126448
v -0.033675 1.018018 0.118117
v -0.052713 1.037779 0.097743
v -0.058703 1.065129 0.106547
v -0.056785 1.076269 0.114382
v -0.046127 1.093733 0.126505
v -0.035204 1.111502 0.136465
v -0.053513 1.116752 0.126274
v -0.053221 1.124405 0.128516
v -0.055562 1.104738 0.123231
v -0.060268 1.092742 0.116608
v -0.064454 1.035561 0.078467
v -0.075846 1.035459 0.053288
v -0.078033 1.037101 0.033937
v -0.077926 1.038653 0.023330
v -0.059502 1.048295 -0.004014
v -0.029958 1.049515 -0.029578
v -0.041161 1.060769 -0.028054
v -0.033760 1.064866 -0.034009
v -0.033262 1.041154 -0.039934
v -0.028082 1.012463 -0.026703
v -0.022552 0.974282 -0.015417
v -0.023007 1.011883 -0.032204
v -0.018792 0.972245 -0.021544
v -0.029171 1.040499 -0.044051
v -0.018705 0.941671 -0.012814
v -0.016012 0.941085 -0.017516
v -0.013384 0.909530 -0.018146
v -0.012006 0.908284 -0.020558
v -0.006843 0.904186 -0.013986
v -0.032042 1.069502 -0.052925
v -0.033640 1.072032 -0.047304
v -0.090536 0.671858 0.013805
v -0.095528 0.621814 0.011740
v -0.087259 0.624118 0.025157
v -0.081156 0.673676 0.020192
v -0.089721 0.712237 0.015794
v -0.080056 0.710801 0.020826
v -0.089146 0.758561 0.030046
v -0.080897 0.759410 0.031571
v -0.102816 0.715172 0.032481
v -0.112259 0.722772 0.054879
v -0.096615 0.796924 0.062174
v -0.084885 0.799868 0.062167
v -0.098794 0.812563 0.095759
v -0.085833 0.815916 0.094478
v -0.109632 0.765574 0.094143
v -0.104656 0.761693 0.057554
v -0.085064 0.795990 0.130137
v -0.091523 0.768806 0.129101
v -0.074779 0.799291 0.127377
v -0.063229 0.772793 0.141520
v -0.068771 0.771584 0.145518
v -0.052588 0.718839 0.153576
v -0.058941 0.716818 0.159740
v -0.052817 0.686121 0.153949
v -0.057938 0.685275 0.159939
v -0.052459 0.660350 0.154500
v -0.054832 0.656023 0.161291
v -0.093693 0.664286 0.144712
v -0.084796 0.725909 0.146597
v -0.105467 0.728474 0.128716
v -0.113585 0.666711 0.119884
v -0.122014 0.691974 0.092219
v -0.116628 0.726220 0.092615
v -0.120603 0.673567 0.064243
v -0.106252 0.666240 0.030103
v -0.095528 0.621814 0.011740
v -0.113296 0.607838 0.028268
v -0.115479 0.633342 0.049536
v -0.123787 0.631862 0.087027
v -0.109452 0.634482 0.128506
v -0.126356 0.593036 0.083673
v -0.122281 0.601181 0.043243
v -0.123049 0.593673 0.109865
v -0.110243 0.603405 0.131563
v -0.087462 0.624634 0.149148
v -0.050051 0.517322 0.108911
v -0.021771 0.578398 0.107066
v -0.023299 0.570112 0.070568
v -0.055429 0.498188 0.068185
v -0.049227 0.546195 0.137448
v -0.028494 0.597271 0.136131
v -0.069639 0.579965 0.155537
v -0.036211 0.617400 0.149968
v -0.054832 0.656023 0.161291
v -0.087462 0.624634 0.149148
v -0.110243 0.603405 0.131563
v -0.106415 0.556641 0.137401
v -0.123049 0.593673 0.109865
v -0.127710 0.538638 0.115520
v -0.133749 0.587366 0.085382
v -0.145797 0.523361 0.081679
v -0.144076 0.534092 0.055171
v -0.128186 0.596165 0.058104
v -0.126356 0.593036 0.083673
v -0.122281 0.601181 0.043243
v -0.035491 0.618961 0.142844
v -0.025205 0.590661 0.117070
v -0.052459 0.660350 0.154500
v -0.030804 0.577592 0.072128
v -0.124775 0.547049 0.028389
v -0.113296 0.607838 0.028268
v -0.105291 0.551478 0.013700
v -0.095528 0.621814 0.011740
v -0.056863 0.592109 0.012829
v -0.077560 0.530060 0.018283
v -0.034975 0.575658 0.039839
v -0.061140 0.511539 0.041708
v -0.023299 0.570112 0.070568
v -0.055429 0.498188 0.068185
v -0.040149 0.585030 0.047672
v -0.030804 0.577592 0.072128
v -0.087259 0.624118 0.025157
v -0.056629 0.599284 0.021446
v -0.104099 0.539687 0.021954
v -0.122511 0.535302 0.035437
v -0.138801 0.527516 0.054966
v -0.138127 0.513379 0.080301
v -0.083740 0.523832 0.025801
v -0.069027 0.506206 0.044658
v -0.064916 0.492507 0.068822
v -0.122786 0.528323 0.109382
v -0.102402 0.548417 0.129980
v -0.075213 0.563331 0.132142
v -0.069639 0.579965 0.155537
v -0.062283 0.539972 0.125190
v -0.059952 0.516924 0.110968
v -0.075213 0.563331 0.132142
v -0.064916 0.492507 0.068822
v -0.138127 0.513379 0.080301
v -0.122786 0.528323 0.109382
v -0.118603 0.504625 0.110632
v -0.128742 0.485985 0.095427
v -0.131732 0.489723 0.082094
v -0.102402 0.548417 0.129980
v -0.089339 0.509673 0.121232
v -0.075213 0.563331 0.132142
v -0.101173 0.471160 0.115835
v -0.062283 0.539972 0.125190
v -0.059952 0.516924 0.110968
v -0.071801 0.493961 0.098660
v -0.064916 0.492507 0.068822
v -0.126709 0.462588 0.095904
v -0.105647 0.455027 0.110782
v -0.081663 0.470596 0.086962
v -0.080012 0.472484 0.071174
v -0.125624 0.431150 0.098413
v -0.111161 0.434773 0.105471
v -0.102930 0.423737 0.092562
v -0.089390 0.450435 0.088869
v -0.124029 0.403011 0.101400
v -0.118697 0.401213 0.100363
v -0.083740 0.523832 0.025801
v -0.082962 0.478329 0.043527
v -0.069027 0.506206 0.044658
v -0.095043 0.482634 0.034653
v -0.104099 0.539687 0.021954
v -0.115720 0.493967 0.031527
v -0.122511 0.535302 0.035437
v -0.129394 0.492607 0.044765
v -0.138801 0.527516 0.054966
v -0.136311 0.494736 0.054267
v -0.136227 0.493070 0.068717
v -0.079656 0.475368 0.054946
v -0.064916 0.492507 0.068822
v -0.080012 0.472484 0.071174
v -0.104817 0.468388 0.027904
v -0.119471 0.475258 0.026715
v -0.117917 0.450509 0.021187
v -0.124969 0.451916 0.021925
v -0.130909 0.455313 0.024706
v -0.129536 0.476045 0.034971
v -0.084479 1.147196 0.109906
v -0.078013 1.164303 0.120353
v -0.076116 1.158673 0.119299
v -0.083901 1.144632 0.114341
v -0.092747 1.129530 0.105799
v -0.092582 1.132493 0.100541
v -0.095491 1.118104 0.090078
v -0.096067 1.118697 0.092317
v -0.104741 1.114079 0.074989
v -0.104933 1.108938 0.078249
v -0.114736 1.108800 0.055891
v -0.116938 1.102980 0.052864
v -0.076652 1.117913 0.117902
v -0.069274 1.131272 0.122983
v -0.057699 1.119142 0.128586
v -0.056993 1.127366 0.129700
v -0.069236 1.142821 0.123254
v -0.053221 1.124405 0.128516
v -0.053513 1.116752 0.126274
v -0.060248 1.106410 0.124888
v -0.055562 1.104738 0.123231
v -0.060268 1.092742 0.116608
v -0.065487 1.093852 0.118093
v -0.061370 1.075795 0.114273
v -0.056785 1.076269 0.114382
v -0.058703 1.065129 0.106547
v -0.064948 1.065173 0.105032
v -0.085460 1.085914 0.098988
v -0.082039 1.102239 0.107682
v -0.076828 1.058184 0.087462
v -0.110510 1.082114 0.057604
v -0.094710 1.057652 0.057172
v -0.056996 1.039067 0.098641
v -0.068151 1.037512 0.080971
v -0.064454 1.035561 0.078467
v -0.080923 1.036498 0.054063
v -0.075846 1.035459 0.053288
v -0.052713 1.037779 0.097743
v -0.078033 1.037101 0.033937
v -0.085228 1.037965 0.031818
v -0.077926 1.038653 0.023330
v -0.084482 1.038903 0.022285
v -0.100642 1.061617 0.031625
v -0.115270 1.084336 0.030576
v -0.094876 1.069545 0.006313
v -0.086624 1.048905 0.013613
v -0.110518 1.090794 0.006516
v -0.095105 1.100717 -0.018498
v -0.081037 1.078921 -0.018638
v -0.073162 1.098200 -0.042013
v -0.075147 1.118164 -0.047430
v -0.107037 1.122491 -0.017323
v -0.095301 1.142230 -0.037683
v -0.094228 1.149114 -0.034965
v -0.120377 1.109364 0.005120
v -0.117211 1.115720 0.010976
v -0.103433 1.126984 -0.011656
v -0.070654 1.120293 -0.047078
v -0.058389 1.079201 -0.043535
v -0.068540 1.100929 -0.042065
v -0.053408 1.083268 -0.042204
v -0.053797 1.066946 -0.033691
v -0.058495 1.067139 -0.035252
v -0.065568 1.055982 -0.014436
v -0.069529 1.057996 -0.016929
v -0.122581 1.110196 0.031911
v -0.129788 1.102699 0.030837
v -0.080630 1.047413 0.013516
v -0.079848 1.041824 0.018714
v -0.190608 0.982578 0.155395
v -0.176187 1.015254 0.148386
v -0.167024 0.996688 0.137970
v -0.182593 0.971806 0.141616
v -0.206359 0.997786 0.158830
v -0.186370 1.029930 0.148461
v -0.161650 0.988493 0.123399
v -0.174022 0.964654 0.130350
v -0.173209 0.964680 0.107954
v -0.159727 0.986321 0.102783
v -0.165324 0.993631 0.120663
v -0.163192 0.990376 0.102262
v -0.171686 1.000653 0.131479
v -0.178051 1.015798 0.142108
v -0.187569 1.030741 0.145281
v -0.203435 0.962123 0.159901
v -0.193563 0.952247 0.147460
v -0.196037 0.951889 0.145707
v -0.208469 0.962445 0.155508
v -0.219252 0.977274 0.162905
v -0.221834 0.976627 0.159649
v -0.184729 0.946064 0.135737
v -0.192215 0.946385 0.131992
v -0.186646 0.945046 0.112993
v -0.191765 0.946541 0.114422
v -0.208690 0.998141 0.154601
v -0.186370 1.029930 0.148461
v -0.159727 0.986321 0.102783
v -0.176432 0.967820 0.107849
v -0.163192 0.990376 0.102262
v -0.186646 0.945046 0.112993
v -0.187569 1.030741 0.145281
v -0.186370 1.029930 0.148461
v -0.186646 0.945046 0.112993
v -0.191765 0.946541 0.114422
v -0.221834 0.976627 0.159649
v -0.208469 0.962445 0.155508
v -0.235915 0.943879 0.128841
v -0.196037 0.951889 0.145707
v -0.192215 0.946385 0.131992
v -0.191765 0.946541 0.114422
v -0.241396 0.985533 0.150239
v -0.252627 0.982883 0.128666
v -0.252210 0.976360 0.111392
v -0.211256 0.946263 0.089128
v -0.230546 0.952863 0.085124
v -0.245512 0.971998 0.090235
v -0.000870 1.212113 0.123074
v 0.033898 1.183355 0.133336
v 0.033529 1.179009 0.130932
v -0.005382 1.210554 0.119721
v 0.042120 1.184843 0.131510
v 0.045032 1.181027 0.128500
v -0.000870 1.212113 0.123074
v 0.019849 1.205309 0.127438
v 0.042120 1.184843 0.131510
v 0.025767 1.201247 0.126105
v 0.045975 1.198327 0.114977
v 0.041046 1.203554 0.111471
v -0.000870 1.212113 0.123074
v 0.045975 1.198327 0.114977
v 0.047880 1.194186 0.113821
v 0.045975 1.198327 0.114977
v 0.040289 1.199693 0.107843
v 0.047880 1.194186 0.113821
v -0.000870 1.212113 0.123074
v -0.005382 1.210554 0.119721
v 0.042120 1.184843 0.131510
v 0.045032 1.181027 0.128500
v 0.083929 1.081342 0.119651
v 0.082421 1.079704 0.118376
v 0.091178 1.113089 0.099832
v 0.092399 1.114303 0.102611
v 0.106951 1.105794 0.092010
v 0.101570 1.114190 0.106341
v 0.092157 1.128155 0.112711
v 0.111731 1.105660 0.091407
v 0.117185 1.110011 0.092360
v 0.111852 1.130869 0.104514
v 0.097637 1.146080 0.105661
v 0.120728 1.164290 0.084890
v 0.132831 1.133279 0.090796
v 0.144630 1.153167 0.068709
v 0.147362 1.103351 0.062101
v 0.149499 1.126313 0.065249
v 0.162404 1.124437 0.037708
v 0.158414 1.103758 0.034761
v 0.161355 1.112625 0.013761
v 0.133978 1.100230 0.064031
v 0.111198 1.177478 0.086387
v 0.161667 1.161672 0.036661
v 0.138207 1.176349 0.058392
v 0.150622 1.184858 0.028483
v 0.170205 1.161918 0.003491
v 0.165906 1.190433 -0.015306
v 0.170630 1.157778 -0.026017
v 0.169150 1.185805 -0.033737
v 0.150679 1.213004 -0.030341
v 0.150049 1.211645 -0.018275
v 0.134853 1.219064 -0.007326
v 0.132995 1.208558 0.021557
v 0.118786 1.223209 0.009253
v 0.126709 1.203469 0.035648
v 0.123331 1.226660 -0.019559
v 0.118080 1.174474 0.077117
v 0.120442 1.227580 -0.025248
v 0.164813 1.183579 -0.042205
v 0.148042 1.214117 -0.043729
v 0.157048 1.154889 -0.035405
v 0.163096 1.130288 -0.010452
v 0.100144 1.220242 0.038514
v 0.097778 1.228741 0.003370
v 0.074776 1.221774 0.036499
v 0.085561 1.210896 0.065364
v 0.067498 1.210108 0.062804
v 0.111210 1.230189 -0.013443
v 0.063329 1.188392 0.083444
v 0.085956 1.189595 0.087546
v 0.055481 1.201924 0.069974
v 0.063264 1.209413 0.059512
v 0.095416 1.227440 0.000920
v 0.109083 1.229151 -0.017591
v 0.075940 1.222914 0.027164
v 0.065822 1.183776 0.087749
v 0.095939 1.196708 0.072423
v 0.097733 1.191512 0.082091
v 0.073505 1.188215 0.099446
v 0.107975 1.186507 0.088730
v 0.090273 1.166913 0.127415
v 0.087220 1.130772 0.125215
v 0.085207 1.100832 0.122522
v 0.118672 1.196264 0.066973
v 0.083929 1.081342 0.119651
v 0.115163 1.229362 -0.034381
v 0.083929 1.081342 0.119651
v 0.055481 1.201924 0.069974
v 0.043323 1.210482 0.072204
v -0.089157 1.149975 -0.025475
v -0.157579 1.184710 0.095815
v -0.157897 1.155479 0.095641
v -0.163766 1.156136 0.064239
v -0.163314 1.183324 0.063125
v -0.179097 1.131432 0.094953
v -0.189056 1.134367 0.067138
v -0.201745 1.107791 0.070678
v -0.185361 1.104412 0.104807
v -0.130995 1.158821 0.119581
v -0.147811 1.133218 0.132061
v -0.166228 1.130835 0.107539
v -0.161528 1.103384 0.131880
v -0.169970 1.103631 0.119218
v -0.129280 1.094302 0.142032
v -0.115526 1.126383 0.131319
v -0.104630 1.158090 0.121191
v -0.105352 1.077809 0.113955
v -0.091185 1.113633 0.113434
v -0.104349 1.106099 0.088966
v -0.116843 1.071911 0.088035
v -0.093465 1.146447 0.095570
v -0.098635 1.124509 0.084680
v -0.094252 1.161231 0.111100
v -0.084479 1.147196 0.109906
v -0.092582 1.132493 0.100541
v -0.095491 1.118104 0.090078
v -0.078013 1.164303 0.120353
v -0.130935 1.046947 0.118346
v -0.134958 1.044641 0.101917
v -0.147778 1.063747 0.140310
v -0.170551 1.068942 0.131837
v -0.165392 1.025348 0.124811
v -0.156028 1.014706 0.118528
v -0.171686 1.000653 0.131479
v -0.169814 1.031117 0.140103
v -0.185219 1.074625 0.127863
v -0.180551 1.104842 0.115300
v -0.188247 1.072739 0.112902
v -0.209452 1.078035 0.079271
v -0.194904 1.069908 0.059121
v -0.186616 1.099063 0.046461
v -0.175988 1.128382 0.038281
v -0.147441 1.108399 0.025425
v -0.166258 1.081940 0.037164
v -0.141682 1.135036 0.038148
v -0.122924 1.127233 0.050454
v -0.126230 1.094470 0.046156
v -0.157697 1.148445 0.043995
v -0.182191 1.058161 0.049417
v -0.190462 1.049063 0.067553
v -0.207358 1.041689 0.089749
v -0.203598 1.050575 0.095892
v -0.152914 1.168079 0.037742
v -0.147147 1.190460 0.026033
v -0.156389 1.212722 0.061095
v -0.148990 1.213725 0.097657
v -0.128289 1.245818 0.089178
v -0.133906 1.241235 0.054911
v -0.122835 1.245429 0.051051
v -0.104185 1.255819 0.077102
v -0.127426 1.228554 0.028652
v -0.141839 1.217155 0.032576
v -0.130002 1.206609 0.017803
v -0.130540 1.185297 0.010523
v -0.137966 1.153239 0.026839
v -0.129571 1.155594 0.007706
v -0.111893 1.160785 -0.007895
v -0.111281 1.187379 -0.004619
v -0.097942 1.164103 -0.017563
v -0.123169 1.132054 0.009036
v -0.127516 1.129076 0.031028
v -0.117211 1.115720 0.010976
v -0.122581 1.110196 0.031911
v -0.114736 1.108800 0.055891
v -0.106408 1.139373 -0.008729
v -0.103433 1.126984 -0.011656
v -0.089157 1.149975 -0.025475
v -0.121842 1.210184 0.010618
v -0.108650 1.118418 0.070230
v -0.136338 1.153656 0.039039
v -0.108428 1.098021 0.077451
v -0.123533 1.067851 0.052812
v -0.104349 1.106099 0.088966
v -0.098635 1.124509 0.084680
v -0.095491 1.118104 0.090078
v -0.104741 1.114079 0.074989
v -0.114736 1.108800 0.055891
v -0.114295 1.069307 0.076643
v -0.116843 1.071911 0.088035
v -0.133635 1.042198 0.084654
v -0.134958 1.044641 0.101917
v -0.156028 1.014706 0.118528
v -0.156637 1.019317 0.086769
v -0.148699 1.042674 0.051804
v -0.181623 1.022327 0.074377
v -0.172669 1.051157 0.041630
v -0.175984 1.005310 0.084106
v -0.163192 0.990376 0.102262
v -0.165324 0.993631 0.120663
v -0.171686 1.000653 0.131479
v -0.200505 0.996923 0.078520
v -0.205381 1.029140 0.080782
v -0.219497 1.011687 0.082337
v -0.180229 0.988026 0.083786
v -0.237623 0.993851 0.083201
v -0.216484 0.977636 0.077797
v -0.194122 0.968577 0.083760
v -0.176432 0.967820 0.107849
v -0.245512 0.971998 0.090235
v -0.230546 0.952863 0.085124
v -0.211256 0.946263 0.089128
v -0.191765 0.946541 0.114422
v -0.225488 1.022424 0.098575
v -0.213374 1.035605 0.092896
v -0.226232 1.029411 0.111845
v -0.241598 1.001194 0.104161
v -0.243085 1.004707 0.120126
v -0.213015 1.034898 0.134393
v -0.214031 1.041074 0.102924
v -0.205681 1.049179 0.124524
v -0.230242 1.003779 0.146269
v -0.252627 0.982883 0.128666
v -0.241396 0.985533 0.150239
v -0.221834 0.976627 0.159649
v -0.208690 0.998141 0.154601
v -0.252210 0.976360 0.111392
v -0.201433 1.033812 0.144710
v -0.188009 1.041891 0.141800
v -0.187569 1.030741 0.145281
v -0.178051 1.015798 0.142108
v -0.185219 1.074625 0.127863
v -0.185219 1.074625 0.127863
v -0.188009 1.041891 0.141800
v -0.092464 1.243739 0.098903
v -0.114189 1.224348 0.115814
v -0.081564 1.224665 0.107471
v -0.086494 1.196185 0.124128
v -0.116035 1.192531 0.127574
v -0.095504 1.173272 0.126780
v -0.060416 1.237507 0.080540
v -0.076295 1.250241 0.070360
v -0.088536 1.257436 0.059730
v -0.099545 1.257504 0.045932
v -0.106024 1.257369 0.035192
v -0.145272 1.071049 0.037625
v -0.150329 1.074654 0.040978
v -0.001290 1.304400 -0.059788
v 0.005044 1.298609 -0.058296
v -0.003770 1.302563 -0.054432
v 0.000143 1.283902 -0.062100
v -0.009421 1.275510 -0.065144
v -0.003998 1.268324 -0.064240
v -0.014120 1.279505 -0.067710
v -0.015073 1.252626 -0.074551
v -0.030044 1.253456 -0.068741
v -0.024014 1.281275 -0.063657
v -0.003185 1.307403 -0.062485
v -0.014346 1.309727 -0.059340
v -0.009028 1.258678 -0.069792
v -0.001318 1.268521 -0.066316
v 0.006552 1.283449 -0.066245
v 0.013145 1.287139 -0.065403
v 0.022030 1.290722 -0.061406
v -0.011206 1.303153 -0.050212
v -0.006925 1.320948 -0.051732
v 0.014269 1.324323 -0.056783
v 0.006252 1.347538 -0.053832
v 0.030494 1.352815 -0.052492
v 0.041323 1.334836 -0.043035
v 0.052600 1.362068 -0.039385
v 0.060313 1.348350 -0.018411
v 0.064237 1.369093 -0.025138
v 0.064770 1.361220 -0.007215
v 0.067505 1.373951 -0.010892
v 0.060465 1.350153 -0.005545
v 0.063685 1.388928 -0.033816
v 0.069432 1.396477 -0.016184
v 0.010308 1.371254 -0.058988
v 0.033710 1.376153 -0.056909
v 0.010574 1.393783 -0.060683
v 0.052412 1.382063 -0.044643
v 0.048289 1.402065 -0.048755
v 0.057647 1.408170 -0.041319
v 0.031902 1.396836 -0.059621
v 0.010989 1.411835 -0.057181
v 0.027698 1.414983 -0.057159
v 0.039712 1.419629 -0.049766
v 0.063008 1.414636 -0.026871
v 0.065787 1.423888 -0.008259
v 0.070564 1.406632 0.007902
v 0.064894 1.433204 0.011739
v 0.059390 1.442203 0.000769
v 0.052316 1.451039 0.019296
v 0.056372 1.442112 0.035346
v 0.033543 1.457438 0.030226
v 0.042613 1.454486 -0.003017
v 0.037685 1.447578 0.049682
v 0.015470 1.460148 0.033106
v 0.026585 1.460888 0.008737
v 0.014555 1.462087 0.010433
v 0.059849 1.428797 0.049901
v 0.040487 1.435223 0.065275
v 0.052685 1.415914 0.070131
v 0.048877 1.446551 -0.017369
v 0.060236 1.432621 -0.020597
v 0.047400 1.439244 -0.031691
v 0.053993 1.426713 -0.035333
v 0.021580 1.461487 -0.010147
v 0.030965 1.457724 -0.014902
v 0.013561 1.460687 -0.012914
v 0.023771 1.457160 -0.022549
v 0.037418 1.450519 -0.026566
v 0.026389 1.451646 -0.030672
v 0.035037 1.442030 -0.039282
v 0.024632 1.435172 -0.048371
v 0.011603 1.432275 -0.049766
v 0.012246 1.445936 -0.039203
v 0.012786 1.454139 -0.029185
v 0.012786 1.454139 -0.029185
v -0.046369 1.188889 -0.103199
v -0.051806 1.185439 -0.097202
v -0.044357 1.184995 -0.101915
v -0.044339 1.181208 -0.099362
v -0.049833 1.191848 -0.102870
v -0.053824 1.193078 -0.101016
v -0.046317 1.178541 -0.096225
v -0.049765 1.177711 -0.093343
v -0.044129 1.188288 -0.110859
v -0.046720 1.188142 -0.108942
v -0.044071 1.182709 -0.107340
v -0.040106 1.182343 -0.109615
v -0.038174 1.192096 -0.110035
v -0.032969 1.184259 -0.108368
v -0.017082 1.195393 -0.099355
v -0.014775 1.212081 -0.093171
v -0.035922 1.176682 -0.102016
v -0.041963 1.176002 -0.104713
v -0.044153 1.177423 -0.104003
v -0.048796 1.194822 -0.111800
v -0.051389 1.192263 -0.108382
v -0.057399 1.196199 -0.106896
v -0.056826 1.193969 -0.105807
v -0.055692 1.202716 -0.104762
v -0.044218 1.200842 -0.111376
v -0.043561 1.224290 -0.087521
v -0.027309 1.222784 -0.097477
v -0.046940 1.173696 -0.099827
v -0.045114 1.170429 -0.099136
v -0.051305 1.170728 -0.095174
v -0.051688 1.172531 -0.095928
v -0.046317 1.178541 -0.096225
v -0.049765 1.177711 -0.093343
v -0.044339 1.181208 -0.099362
v -0.044357 1.184995 -0.101915
v -0.053824 1.193078 -0.101016
v -0.049833 1.191848 -0.102870
v -0.046369 1.188889 -0.103199
v 0.024948 1.292354 -0.068739
v 0.022030 1.290722 -0.061406
v 0.013145 1.287139 -0.065403
v 0.013276 1.286792 -0.072786
v 0.006552 1.283449 -0.066245
v 0.006944 1.282798 -0.073526
v -0.001318 1.268521 -0.066316
v -0.002034 1.267833 -0.075485
v 0.035408 1.293994 -0.059405
v 0.030552 1.291050 -0.054225
v -0.009028 1.258678 -0.069792
v -0.009435 1.259213 -0.079758
v -0.015073 1.252626 -0.074551
v 0.021493 1.254354 -0.094803
v 0.035528 1.256510 -0.098579
v 0.021958 1.251266 -0.094568
v 0.036454 1.253727 -0.098343
v 0.050193 1.260421 -0.094948
v 0.051017 1.257674 -0.094949
v 0.063506 1.261560 -0.085918
v 0.062929 1.264163 -0.085573
v 0.004142 1.243150 -0.090833
v -0.007757 1.243547 -0.084998
v 0.004184 1.239455 -0.090002
v -0.005399 1.232788 -0.090704
v -0.006636 1.224922 -0.088151
v -0.014346 1.219857 -0.094179
v -0.014775 1.212081 -0.093171
v -0.027309 1.222784 -0.097477
v -0.027030 1.227871 -0.100797
v -0.044442 1.229109 -0.089311
v 0.073821 1.263259 -0.072426
v 0.073208 1.265917 -0.072039
v 0.044493 1.292122 -0.050129
v 0.054312 1.283822 -0.043107
v 0.080235 1.265099 -0.055844
v 0.081004 1.262478 -0.056535
v 0.047274 1.279985 -0.041718
v 0.037887 1.289060 -0.046915
v 0.062944 1.276164 -0.031126
v 0.084603 1.261001 -0.038182
v 0.063345 1.267559 -0.018917
v 0.083802 1.251648 -0.024667
v 0.079324 1.248226 -0.013743
v 0.063075 1.257081 -0.005192
v 0.058375 1.254492 -0.008520
v 0.057147 1.263368 -0.020940
v 0.068352 1.245811 0.002591
v 0.062582 1.240397 0.000784
v 0.075121 1.240726 -0.002032
v 0.072754 1.243602 0.001009
v 0.080951 1.245082 -0.016357
v 0.085611 1.258232 -0.039188
v 0.084647 1.249054 -0.026496
v 0.056221 1.272078 -0.032826
v 0.070430 1.236896 -0.001521
v -0.009435 1.259213 -0.079758
v -0.019272 1.253390 -0.090539
v -0.037164 1.254405 -0.080008
v -0.019272 1.253390 -0.090539
v -0.030044 1.253456 -0.068741
v -0.044442 1.229109 -0.089311
v -0.009435 1.259213 -0.079758
v -0.043561 1.224290 -0.087521
v 0.113349 1.245504 -0.054410
v 0.107604 1.253159 -0.071427
v 0.105878 1.249377 -0.071624
v 0.111320 1.242099 -0.055606
v 0.097693 1.253687 -0.088090
v 0.097079 1.249747 -0.087391
v 0.089789 1.249486 -0.097228
v 0.117003 1.232669 -0.032458
v 0.115163 1.229362 -0.034381
v 0.081004 1.262478 -0.056535
v 0.085611 1.258232 -0.039188
v 0.073821 1.263259 -0.072426
v 0.089662 1.253492 -0.101296
v 0.097693 1.253687 -0.088090
v 0.063506 1.261560 -0.085918
v 0.068483 1.235582 -0.113341
v 0.051017 1.257674 -0.094949
v 0.038703 1.232114 -0.105755
v 0.036454 1.253727 -0.098343
v 0.021958 1.251266 -0.094568
v 0.016082 1.213124 -0.100602
v 0.048602 1.215380 -0.116631
v 0.031964 1.195840 -0.113013
v 0.011288 1.192205 -0.103000
v 0.001594 1.203577 -0.096626
v 0.015154 1.175855 -0.107047
v 0.004184 1.239455 -0.090002
v 0.001211 1.217089 -0.093540
v -0.006636 1.224922 -0.088151
v 0.032615 1.194310 -0.118638
v 0.011684 1.170869 -0.109427
v 0.050664 1.216587 -0.121704
v 0.070682 1.237730 -0.119278
v 0.092053 1.254778 -0.105212
v 0.048784 1.183414 -0.119639
v 0.066525 1.206682 -0.125598
v 0.071214 1.203896 -0.117242
v 0.054441 1.181008 -0.111576
v 0.031037 1.160126 -0.110250
v 0.018626 1.145954 -0.103765
v -0.004093 1.153822 -0.104109
v 0.036969 1.159760 -0.101431
v 0.084626 1.226864 -0.125479
v 0.088366 1.221102 -0.118851
v 0.104971 1.244375 -0.113596
v 0.107813 1.236819 -0.108483
v 0.025615 1.145266 -0.097426
v -0.023277 1.131877 -0.093434
v -0.004197 1.116846 -0.089600
v -0.019416 1.106105 -0.085497
v -0.002265 1.097550 -0.084582
v -0.024139 1.098985 -0.078150
v -0.028693 1.092476 -0.069461
v -0.011584 1.081224 -0.069526
v 0.070430 1.236896 -0.001521
v 0.075121 1.240726 -0.002032
v 0.075868 1.229625 0.015615
v 0.074102 1.229616 0.015606
v 0.095416 1.227440 0.000920
v 0.094202 1.232327 -0.010941
v 0.109083 1.229151 -0.017591
v 0.075940 1.222914 0.027164
v 0.074582 1.223933 0.025756
v 0.080951 1.245082 -0.016357
v 0.120442 1.227580 -0.025248
v 0.084647 1.249054 -0.026496
v 0.120442 1.227580 -0.025248
v 0.107813 1.236819 -0.108483
v 0.089789 1.249486 -0.097228
v 0.089662 1.253492 -0.101296
v 0.104971 1.244375 -0.113596
v 0.092053 1.254778 -0.105212
v -0.018320 1.073755 -0.064746
v -0.005720 1.065306 -0.065567
v -0.011584 1.081224 -0.069526
v -0.018396 1.063286 -0.061240
v -0.008042 1.057797 -0.061661
v -0.026367 1.070760 -0.063507
v -0.018593 1.061757 -0.057886
v -0.008632 1.056403 -0.058481
v -0.026159 1.068617 -0.060245
v -0.033047 1.069102 -0.067041
v -0.032568 1.074731 -0.071103
v -0.028946 1.090806 -0.069997
v -0.033608 1.094907 -0.073266
v -0.040914 1.074608 -0.067641
v -0.040755 1.095271 -0.070372
v -0.033376 1.097205 -0.071349
v -0.039281 1.097050 -0.069483
v -0.028693 1.092476 -0.069461
v -0.033111 1.097391 -0.068095
v -0.037308 1.097479 -0.066435
v -0.039281 1.097050 -0.069483
v -0.039334 1.069152 -0.064595
v -0.032042 1.069502 -0.052925
v -0.026081 1.071688 -0.052319
v -0.015016 1.064480 -0.046513
v -0.007077 1.060257 -0.051080
v 0.020780 1.047041 -0.059261
v 0.019561 1.045542 -0.062817
v 0.018504 1.047224 -0.065929
v 0.047739 1.037380 -0.069650
v 0.044107 1.043304 -0.072125
v 0.015923 1.054188 -0.068824
v 0.050900 1.034303 -0.066021
v 0.116683 1.073163 0.086086
v 0.126205 1.049575 0.067469
v 0.113964 1.046995 0.088137
v 0.125990 1.090147 0.070296
v 0.110194 1.008998 0.083739
v 0.123502 1.011945 0.045150
v 0.119954 0.981036 0.044616
v 0.108489 0.979484 0.085191
v 0.098006 0.978048 0.098915
v 0.105140 0.952675 0.085555
v 0.121394 0.951106 0.042535
v 0.107063 0.917629 0.071842
v 0.090286 0.923998 0.094088
v 0.129499 0.927054 0.042731
v 0.125672 0.949599 0.003120
v 0.118609 0.982389 0.006550
v 0.098407 0.955327 -0.026201
v 0.091624 0.982557 -0.025470
v 0.053419 0.978791 -0.042355
v 0.094206 1.013491 -0.030194
v 0.055051 1.010669 -0.054030
v 0.054619 0.949925 -0.042538
v 0.018454 0.974051 -0.035430
v 0.021735 0.943243 -0.029949
v -0.004613 0.975599 -0.018848
v -0.003658 0.944069 -0.014324
v -0.009667 1.016867 -0.029068
v 0.019166 1.013524 -0.048300
v 0.019669 0.906625 -0.036408
v -0.003978 0.903640 -0.019225
v 0.041721 0.913975 -0.044958
v 0.039145 0.881540 -0.065340
v 0.012607 0.878950 -0.055229
v -0.014421 0.870493 -0.027438
v 0.007328 0.852283 -0.064522
v -0.018172 0.841951 -0.035194
v 0.006829 0.819500 -0.069725
v 0.039251 0.821554 -0.078856
v 0.036914 0.855029 -0.074627
v 0.073628 0.823320 -0.072908
v 0.069545 0.860614 -0.067896
v -0.016353 0.804404 -0.034915
v 0.041340 0.783183 -0.077912
v 0.081888 0.789278 -0.067002
v 0.082560 0.771845 -0.064551
v 0.116231 0.794923 -0.054467
v 0.093324 0.752190 -0.065998
v 0.055068 0.759947 -0.057632
v 0.012447 0.774232 -0.050996
v -0.006236 0.785398 -0.021070
v 0.026943 0.763707 0.005475
v 0.011447 0.773376 0.005242
v 0.036970 0.775249 0.049352
v 0.046170 0.767381 0.047061
v 0.039093 0.729446 0.008199
v 0.051274 0.729688 0.050286
v 0.029226 0.759097 -0.038995
v 0.041591 0.689912 0.006025
v 0.061601 0.688890 0.046709
v 0.053314 0.635976 0.006022
v 0.051702 0.650585 -0.038381
v 0.042858 0.696223 -0.037406
v 0.032166 0.734909 -0.035248
v 0.084487 0.666079 -0.061730
v 0.084467 0.703287 -0.066576
v 0.062263 0.742648 -0.058897
v 0.090462 0.616744 -0.055015
v 0.062793 0.595510 -0.031274
v 0.086309 0.646552 0.051028
v 0.079331 0.581313 0.025556
v 0.069068 0.585533 0.000703
v 0.102089 1.038920 0.101285
v 0.109445 1.054155 0.094129
v 0.075415 0.847453 0.099504
v 0.076850 0.876476 0.104252
v 0.104681 0.881314 0.068996
v 0.106690 0.846880 0.070683
v 0.138342 0.862980 0.035718
v 0.143305 0.825555 0.034442
v 0.102723 0.802305 0.071540
v 0.122734 0.769850 0.060829
v 0.084611 0.749003 0.079007
v 0.131101 0.895218 0.038073
v 0.137293 0.918946 0.002881
v 0.145583 0.875173 -0.002634
v 0.135146 0.912022 0.002512
v 0.118783 0.898254 -0.033697
v 0.125493 0.874766 -0.036377
v 0.135216 0.839370 -0.039126
v 0.153609 0.837578 -0.004286
v 0.140715 0.812972 -0.034989
v 0.157812 0.799959 -0.000715
v 0.092547 0.890607 -0.049864
v 0.099053 0.866110 -0.056520
v 0.112812 0.918432 -0.032293
v 0.087531 0.918332 -0.044042
v 0.107932 0.831098 -0.059888
v 0.060493 0.913867 -0.047656
v 0.066537 0.885287 -0.060157
v 0.068733 0.807414 0.104368
v 0.074410 0.776944 0.078894
v 0.061559 0.781935 0.095019
v 0.036970 0.775249 0.049352
v 0.046170 0.767381 0.047061
v 0.051274 0.729688 0.050286
v 0.061601 0.688890 0.046709
v 0.101450 0.717552 0.067657
v 0.135135 0.728266 0.063089
v 0.148699 0.773756 0.040677
v 0.157474 0.724994 0.046273
v 0.157726 0.692893 0.051262
v 0.113179 0.669506 0.069540
v 0.160263 0.776232 0.021182
v 0.158010 0.667467 0.055018
v 0.133874 0.627572 0.066196
v 0.107145 0.598653 0.059433
v 0.086309 0.646552 0.051028
v 0.091216 0.676652 0.061262
v 0.079331 0.581313 0.025556
v 0.065016 1.231347 0.018599
v 0.074582 1.223933 0.025756
v 0.072779 1.221539 0.035945
v 0.040402 1.230717 0.044518
v 0.074102 1.229616 0.015606
v 0.062582 1.240397 0.000784
v 0.052058 1.245244 0.017530
v 0.070430 1.236896 -0.001521
v 0.049209 1.258075 -0.011968
v 0.047075 1.261906 0.008581
v 0.028184 1.255452 0.025456
v 0.021348 1.278255 0.018786
v 0.029891 1.280882 0.008760
v 0.047409 1.281620 -0.005633
v 0.027141 1.293531 0.021633
v 0.037189 1.301289 0.007394
v 0.048945 1.310077 -0.015034
v 0.034830 1.293829 0.031088
v 0.043590 1.305162 0.017258
v 0.049857 1.319050 0.001449
v 0.053429 1.318759 0.015365
v 0.048543 1.310828 0.024968
v 0.054792 1.323785 0.024611
v 0.058010 1.334870 0.011151
v 0.048910 1.316720 0.036118
v 0.059686 1.340955 0.029312
v 0.054101 1.325984 0.033084
v 0.043231 1.303117 0.035898
v 0.038306 1.294745 0.040131
v 0.042427 1.305828 0.043867
v 0.036839 1.297297 0.049968
v 0.030412 1.285773 0.050852
v 0.030091 1.290409 0.057899
v 0.022253 1.281983 0.059167
v 0.022445 1.285450 0.065389
v 0.063652 1.357236 0.017281
v 0.062661 1.358245 0.025471
v 0.065582 1.377823 0.019856
v 0.066065 1.378430 0.010041
v 0.052278 1.329260 0.045338
v 0.044407 1.319046 0.051549
v 0.050081 1.330763 0.052918
v 0.055137 1.344449 0.054698
v 0.059071 1.343465 0.042463
v 0.056975 1.357063 0.052382
v 0.060366 1.358024 0.041163
v 0.057249 1.370628 0.056980
v 0.063972 1.379674 0.032022
v 0.050385 1.353499 0.060995
v 0.053387 1.358329 0.057678
v 0.050264 1.360384 0.061871
v 0.048922 1.356893 0.064317
v 0.045435 1.349989 0.065058
v 0.043582 1.354461 0.068546
v 0.036962 1.349741 0.068077
v 0.036795 1.354296 0.069714
v 0.028900 1.351172 0.069068
v 0.029110 1.356393 0.070113
v 0.024979 1.355312 0.071619
v 0.027457 1.359832 0.076905
v 0.036035 1.361009 0.072401
v 0.036400 1.364023 0.076312
v 0.044078 1.362868 0.072234
v 0.045276 1.367260 0.074905
v 0.052566 1.366865 0.066970
v 0.049682 1.362487 0.065185
v 0.054723 1.363869 0.059436
v 0.023614 1.357116 0.076269
v 0.022696 1.350141 0.077444
v 0.021065 1.357528 0.081343
v 0.020317 1.350545 0.082455
v 0.016025 1.356632 0.083507
v 0.015973 1.350680 0.084386
v 0.025092 1.349559 0.072976
v 0.016368 1.365498 0.088555
v 0.024826 1.364630 0.086543
v 0.020293 1.343042 0.084387
v 0.015963 1.342967 0.086900
v 0.020109 1.335480 0.086484
v 0.022548 1.334995 0.080902
v 0.023330 1.329692 0.082986
v 0.025200 1.329418 0.078059
v 0.026467 1.331531 0.073878
v 0.025988 1.342212 0.074608
v 0.032678 1.342023 0.070162
v 0.034017 1.332790 0.069236
v 0.032080 1.324509 0.068339
v 0.024885 1.324238 0.073149
v 0.023064 1.342528 0.079285
v 0.020604 1.329951 0.089493
v 0.015963 1.342967 0.086900
v 0.022186 1.326325 0.087763
v 0.023795 1.327049 0.082853
v 0.025038 1.326106 0.077712
v 0.027538 1.317392 0.070681
v 0.021717 1.322462 0.075423
v 0.020183 1.317225 0.076947
v 0.026307 1.313770 0.071200
v 0.020151 1.313432 0.077454
v 0.015221 1.317494 0.078224
v 0.015187 1.313000 0.079021
v 0.032682 1.312225 0.062659
v 0.034123 1.315316 0.063254
v 0.033761 1.309470 0.059434
v 0.038747 1.313515 0.056878
v 0.016944 1.321117 0.080063
v 0.015353 1.320809 0.080195
v 0.015086 1.310772 0.077387
v 0.020287 1.311384 0.074557
v 0.020278 1.309675 0.072642
v 0.014969 1.309395 0.075074
v 0.026194 1.311737 0.069640
v 0.025474 1.309987 0.066970
v 0.031247 1.311226 0.062691
v 0.031925 1.309728 0.060708
v 0.030594 1.310023 0.061720
v 0.030563 1.308531 0.061217
v 0.030856 1.306613 0.061087
v 0.032747 1.303238 0.058717
v 0.025985 1.300084 0.063111
v 0.028168 1.294843 0.061002
v 0.020911 1.292455 0.065608
v 0.019658 1.299252 0.066364
v 0.034615 1.300020 0.055485
v 0.036347 1.307385 0.056354
v 0.039664 1.306162 0.051199
v 0.025666 1.304428 0.066616
v 0.020302 1.304077 0.072232
v 0.025293 1.306636 0.067677
v 0.020375 1.306476 0.073115
v 0.020278 1.309405 0.072340
v 0.014951 1.309176 0.074709
v 0.014915 1.306685 0.074742
v 0.025328 1.309628 0.066422
v 0.014853 1.304049 0.074206
v 0.030048 1.309905 0.062193
v 0.030097 1.310111 0.062244
v 0.014556 1.299118 0.068825
v 0.014435 1.291826 0.068533
v 0.014237 1.284289 0.066475
v 0.014814 1.280917 0.061364
v 0.017881 1.284259 0.044570
v 0.025596 1.287337 0.038062
v 0.020320 1.292273 0.025983
v 0.046893 1.262599 -0.021501
v 0.057147 1.263368 -0.020940
v 0.058375 1.254492 -0.008520
v 0.056221 1.272078 -0.032826
v 0.044152 1.269073 -0.032077
v 0.047274 1.279985 -0.041718
v 0.037887 1.289060 -0.046915
v 0.046798 1.297264 -0.024960
v 0.035093 1.303331 -0.045479
v 0.030552 1.291050 -0.054225
v 0.024101 1.307358 -0.053546
v 0.048657 1.326325 -0.024367
v 0.054876 1.336660 -0.008362
v 0.057445 1.335697 0.002650
v 0.058160 1.338114 -0.002228
v 0.062897 1.336798 0.000034
v 0.061468 1.341373 -0.002765
v 0.067702 1.341386 -0.003710
v 0.059397 1.336528 0.005365
v 0.063245 1.343274 0.005584
v 0.060381 1.340992 0.008703
v 0.066857 1.345482 0.000738
v 0.067702 1.341386 -0.003710
v 0.069862 1.349542 -0.007778
v 0.070480 1.346969 -0.009530
v 0.075104 1.356770 -0.014998
v 0.074966 1.358274 -0.011622
v 0.077131 1.367167 -0.015169
v 0.076619 1.367417 -0.011696
v 0.070066 1.354738 -0.001180
v 0.072748 1.362543 0.000510
v 0.067851 1.351263 0.003751
v 0.064581 1.351636 0.006371
v 0.076393 1.376918 -0.009815
v 0.074427 1.377406 -0.001827
v 0.077237 1.375058 -0.007480
v 0.076393 1.376918 -0.009815
v 0.074080 1.380398 -0.002406
v 0.071184 1.378281 0.005646
v 0.070633 1.375850 0.004281
v 0.066941 1.372258 0.010773
v 0.069282 1.370923 0.009226
v 0.066046 1.356742 0.004471
v 0.065120 1.358048 0.011427
v 0.068700 1.379182 -0.002641
v 0.062550 1.347061 0.009647
v 0.068088 1.380855 0.004184
v 0.068313 1.391589 0.022082
v 0.066191 1.380975 0.031335
v 0.066598 1.401373 0.039673
v 0.064155 1.387748 0.046102
v 0.060951 1.409524 0.055878
v 0.056692 1.396566 0.061462
v 0.068617 1.416848 0.028442
v 0.061839 1.386498 0.046570
v 0.054724 1.395212 0.062749
v 0.052465 1.388572 0.068570
v 0.053675 1.378033 0.068526
v 0.048328 1.401650 0.072387
v 0.041172 1.388057 0.081463
v 0.047037 1.379106 0.077713
v 0.038120 1.376903 0.082935
v 0.027980 1.389198 0.087486
v 0.027983 1.376617 0.087234
v 0.036947 1.368221 0.083816
v 0.047518 1.371344 0.077154
v 0.053809 1.371452 0.067649
v 0.016558 1.376544 0.089157
v 0.040225 1.358734 0.067435
v 0.015997 1.329485 0.092566
v 0.015976 1.335076 0.090056
v 0.019824 1.324846 0.090960
v 0.015957 1.325413 0.093057
v 0.015802 1.322040 0.090545
v 0.018475 1.322093 0.089347
v 0.015580 1.320294 0.085828
v 0.017458 1.320669 0.085346
v 0.020582 1.324243 0.086152
v 0.018182 1.324959 0.080844
v 0.022247 1.325550 0.082128
v 0.022535 1.323860 0.078128
v 0.016820 1.394395 0.089077
v 0.029088 1.398690 0.086110
v 0.016972 1.397305 0.091676
v 0.029369 1.400351 0.087919
v 0.038897 1.398006 0.081787
v 0.040003 1.400753 0.082434
v 0.050591 1.403553 0.073364
v 0.027702 1.420827 0.082256
v 0.016980 1.421722 0.083109
v 0.041569 1.418868 0.076333
v 0.016762 1.436978 0.072423
v 0.016289 1.450040 0.056387
v 0.015470 1.460148 0.033106
v 0.039739 1.341923 0.066999
v 0.039886 1.331089 0.064564
v 0.047167 1.341886 0.062588
v 0.044889 1.331203 0.060307
v 0.039199 1.320886 0.060553
v 0.064770 1.361220 -0.007215
v 0.075104 1.356770 -0.014998
v 0.077131 1.367167 -0.015169
v 0.067505 1.373951 -0.010892
v 0.070480 1.346969 -0.009530
v 0.060465 1.350153 -0.005545
v 0.067702 1.341386 -0.003710
v 0.076393 1.376918 -0.009815
v 0.068700 1.379182 -0.002641
v 0.150948 1.116767 -0.004920
v 0.166082 1.136810 0.010709
v 0.146619 1.102456 0.017997
v 0.153242 1.132649 -0.020354
v 0.154827 1.149518 -0.032719
v 0.148214 1.113990 -0.001486
v 0.143127 1.098672 0.033845
v 0.133781 1.100052 0.054788
v 0.090682 1.070685 0.110223
v 0.082580 1.060715 0.117919
v 0.082421 1.079704 0.118376
v 0.091178 1.113089 0.099832
v 0.098846 1.088278 0.099318
v 0.106951 1.105794 0.092010
v 0.082421 1.079704 0.118376
v 0.076765 0.901151 0.103129
v 0.138564 1.087173 0.046723
v 0.133781 1.100052 0.054788
v 0.143127 1.098672 0.033845
v 0.141549 1.084540 0.020599
v 0.134323 1.051121 0.046563
v 0.131719 1.052386 0.013451
v 0.122426 1.013834 0.004225
v 0.110779 1.032513 -0.017836
v 0.123898 1.058304 -0.018904
v 0.131945 1.068794 -0.012993
v 0.140390 1.085189 0.002126
v 0.146619 1.102456 0.017997
v 0.145726 1.106631 -0.002659
v 0.148214 1.113990 -0.001486
v 0.142746 1.095049 -0.006315
v 0.137178 1.083750 -0.014389
v 0.096397 1.030380 -0.035245
v 0.076408 1.030204 -0.053870
v 0.059844 1.032417 -0.062419
v 0.050900 1.034303 -0.066021
v 0.020780 1.047041 -0.059261
v -0.014294 1.048913 -0.040277
v -0.007077 1.060257 -0.051080
v -0.015016 1.064480 -0.046513
v -0.023841 1.040807 -0.046434
v -0.016128 1.012095 -0.035211
v -0.012144 0.973963 -0.023296
v -0.023007 1.011883 -0.032204
v -0.018792 0.972245 -0.021544
v -0.029171 1.040499 -0.044051
v -0.010988 0.941362 -0.018717
v -0.016012 0.941085 -0.017516
v -0.009823 0.909552 -0.020730
v -0.012006 0.908284 -0.020558
v -0.006843 0.904186 -0.013986
v -0.032042 1.069502 -0.052925
v -0.026081 1.071688 -0.052319
v 0.086716 0.662639 -0.072524
v 0.084487 0.666079 -0.061730
v 0.090462 0.616744 -0.055015
v 0.086759 0.612374 -0.069816
v 0.087884 0.703198 -0.077200
v 0.084467 0.703287 -0.066576
v 0.098165 0.750280 -0.072837
v 0.093324 0.752190 -0.065998
v 0.110588 0.705932 -0.076235
v 0.133131 0.714413 -0.068620
v 0.125327 0.790500 -0.062241
v 0.116231 0.794923 -0.054467
v 0.151123 0.808205 -0.042409
v 0.140715 0.812972 -0.034989
v 0.163593 0.760864 -0.046886
v 0.131548 0.754026 -0.066972
v 0.168173 0.795734 -0.006557
v 0.173340 0.768950 -0.007887
v 0.157812 0.799959 -0.000715
v 0.160263 0.776232 0.021182
v 0.167281 0.774809 0.020127
v 0.157474 0.724994 0.046273
v 0.165158 0.723059 0.047958
v 0.157726 0.692893 0.051262
v 0.165679 0.691950 0.052008
v 0.158010 0.667467 0.055018
v 0.164287 0.663473 0.058847
v 0.183445 0.665206 0.018299
v 0.175581 0.728678 0.020059
v 0.180634 0.727862 -0.009050
v 0.179553 0.662605 -0.012920
v 0.164855 0.685170 -0.042082
v 0.165720 0.721003 -0.045368
v 0.143706 0.663987 -0.059445
v 0.109260 0.656179 -0.071952
v 0.086759 0.612374 -0.069816
v 0.108169 0.597869 -0.066758
v 0.126181 0.623922 -0.057927
v 0.158600 0.624777 -0.036598
v 0.180548 0.631909 0.001187
v 0.155208 0.586313 -0.033939
v 0.123345 0.591496 -0.060386
v 0.171574 0.589511 -0.013416
v 0.178164 0.602437 0.009257
v 0.178324 0.627507 0.032163
v 0.115855 0.522258 0.048184
v 0.087719 0.499431 0.021123
v 0.072698 0.574666 0.030690
v 0.097365 0.586088 0.056456
v 0.138558 0.553125 0.063381
v 0.121510 0.606419 0.070722
v 0.168093 0.585999 0.055834
v 0.139769 0.626541 0.070676
v 0.164287 0.663473 0.058847
v 0.178324 0.627507 0.032163
v 0.178164 0.602437 0.009257
v 0.180016 0.556767 0.022070
v 0.171574 0.589511 -0.013416
v 0.178528 0.534760 -0.005149
v 0.161364 0.579977 -0.036920
v 0.167765 0.514856 -0.039598
v 0.148849 0.523730 -0.058981
v 0.138001 0.587073 -0.053325
v 0.155208 0.586313 -0.033939
v 0.123345 0.591496 -0.060386
v 0.133874 0.627572 0.066196
v 0.107145 0.598653 0.059433
v 0.158010 0.667467 0.055018
v 0.079331 0.581313 0.025556
v 0.117426 0.536578 -0.067209
v 0.108169 0.597869 -0.066758
v 0.093256 0.541787 -0.065172
v 0.086759 0.612374 -0.069816
v 0.057269 0.587656 -0.036874
v 0.072911 0.524796 -0.036799
v 0.059638 0.576216 0.000061
v 0.073706 0.510474 -0.003186
v 0.072698 0.574666 0.030690
v 0.087719 0.499431 0.021123
v 0.069068 0.585533 0.000703
v 0.079331 0.581313 0.025556
v 0.062793 0.595510 -0.031274
v 0.090462 0.616744 -0.055015
v 0.086759 0.612374 -0.069816
v 0.098067 0.531462 -0.056092
v 0.120817 0.526171 -0.058549
v 0.145381 0.518043 -0.054409
v 0.162199 0.505671 -0.033621
v 0.081678 0.504667 -0.005722
v 0.082096 0.518902 -0.034006
v 0.171209 0.524460 -0.004862
v 0.171910 0.548513 0.020594
v 0.155199 0.566610 0.038401
v 0.138890 0.544484 0.046655
v 0.124910 0.520619 0.042824
v 0.095395 0.492648 0.015981
v 0.095395 0.492648 0.015981
v 0.162199 0.505671 -0.033621
v 0.169166 0.500623 0.002495
v 0.171209 0.524460 -0.004862
v 0.165214 0.479341 -0.012945
v 0.158676 0.482420 -0.024435
v 0.171910 0.548513 0.020594
v 0.155689 0.510202 0.029328
v 0.155199 0.566610 0.038401
v 0.159493 0.466788 0.021804
v 0.138890 0.544484 0.046655
v 0.124910 0.520619 0.042824
v 0.124257 0.494921 0.029562
v 0.095395 0.492648 0.015981
v 0.162261 0.455398 -0.009945
v 0.157644 0.449094 0.015553
v 0.123948 0.468413 0.016387
v 0.110494 0.471001 0.007058
v 0.160572 0.424124 -0.006324
v 0.156021 0.428993 0.008896
v 0.141867 0.421017 0.008678
v 0.130850 0.447972 0.012407
v 0.162728 0.398858 0.003352
v 0.158199 0.397966 0.006544
v 0.082096 0.518902 -0.034006
v 0.081678 0.504667 -0.005722
v 0.094647 0.477752 -0.014714
v 0.097804 0.479557 -0.031184
v 0.098067 0.531462 -0.056092
v 0.111811 0.488473 -0.049512
v 0.120817 0.526171 -0.058549
v 0.130529 0.485740 -0.049657
v 0.145381 0.518043 -0.054409
v 0.142596 0.488258 -0.047154
v 0.152692 0.485864 -0.037078
v 0.099340 0.474434 -0.003816
v 0.095395 0.492648 0.015981
v 0.110494 0.471001 0.007058
v 0.099974 0.466451 -0.042636
v 0.109857 0.471843 -0.054075
v 0.101462 0.448715 -0.055925
v 0.106794 0.449447 -0.060340
v 0.112997 0.452362 -0.062656
v 0.122499 0.471080 -0.055329
v 0.147582 1.138658 -0.042336
v 0.154827 1.149518 -0.032719
v 0.157048 1.154889 -0.035405
v 0.151161 1.135286 -0.039497
v 0.142962 1.120106 -0.046922
v 0.139094 1.123809 -0.049604
v 0.126304 1.114734 -0.052839
v 0.131562 1.109247 -0.054606
v 0.112840 1.106630 -0.064013
v 0.117931 1.100068 -0.064335
v 0.096581 1.102019 -0.076494
v 0.097856 1.094228 -0.082206
v 0.147682 1.106552 -0.027883
v 0.151619 1.120978 -0.020145
v 0.149638 1.108749 -0.005948
v 0.150948 1.116767 -0.004920
v 0.153242 1.132649 -0.020354
v 0.148214 1.113990 -0.001486
v 0.145726 1.106631 -0.002659
v 0.146380 1.096396 -0.009818
v 0.142746 1.095049 -0.006315
v 0.137178 1.083750 -0.014389
v 0.140423 1.084420 -0.019218
v 0.133532 1.068075 -0.017268
v 0.131945 1.068794 -0.012993
v 0.123898 1.058304 -0.018904
v 0.124632 1.058087 -0.025214
v 0.127952 1.076274 -0.044420
v 0.139325 1.092154 -0.035507
v 0.110668 1.051473 -0.042663
v 0.096664 1.074103 -0.075902
v 0.087616 1.051135 -0.068347
v 0.113190 1.033204 -0.021266
v 0.100117 1.031715 -0.037585
v 0.096397 1.030380 -0.035245
v 0.079073 1.031204 -0.058026
v 0.076408 1.030204 -0.053870
v 0.110779 1.032513 -0.017836
v 0.059844 1.032417 -0.062419
v 0.060536 1.032673 -0.069731
v 0.050900 1.034303 -0.066021
v 0.052457 1.033937 -0.072074
v 0.067331 1.055547 -0.082525
v 0.046351 1.044429 -0.077376
v 0.044711 1.063736 -0.087446
v 0.074831 1.076794 -0.092097
v 0.053290 1.082747 -0.101042
v 0.028360 1.094464 -0.098732
v 0.020722 1.074147 -0.085251
v -0.000502 1.094495 -0.088626
v -0.002803 1.114411 -0.093718
v 0.037556 1.116892 -0.107061
v 0.016308 1.137810 -0.107034
v 0.018626 1.145954 -0.103765
v 0.060305 1.100740 -0.109725
v 0.063049 1.107072 -0.105205
v 0.041490 1.121336 -0.101734
v -0.004197 1.116846 -0.089600
v -0.010634 1.077404 -0.074426
v -0.002265 1.097550 -0.084582
v -0.011584 1.081224 -0.069526
v -0.005720 1.065306 -0.065567
v -0.004601 1.065213 -0.070688
v 0.015923 1.054188 -0.068824
v 0.015106 1.056053 -0.073296
v 0.079847 1.102120 -0.096937
v 0.082655 1.093040 -0.106178
v 0.044107 1.043304 -0.072125
v 0.047739 1.037380 -0.069650
v 0.187296 0.974601 -0.099434
v 0.173944 0.965051 -0.089383
v 0.164264 0.987894 -0.088143
v 0.175621 1.000193 -0.102555
v 0.192114 0.979982 -0.120313
v 0.177070 1.008796 -0.117320
v 0.149713 0.980007 -0.081969
v 0.162212 0.958867 -0.080426
v 0.140321 0.953160 -0.083259
v 0.129228 0.974520 -0.082453
v 0.147326 0.982005 -0.087916
v 0.128966 0.976510 -0.087389
v 0.158550 0.987646 -0.095020
v 0.169755 0.998817 -0.105334
v 0.174241 1.008444 -0.119087
v 0.198350 0.953501 -0.099904
v 0.185717 0.945840 -0.088437
v 0.184748 0.943988 -0.090660
v 0.195410 0.950407 -0.105053
v 0.202498 0.959715 -0.120765
v 0.200137 0.957190 -0.123183
v 0.173195 0.940245 -0.079941
v 0.171424 0.936332 -0.087158
v 0.152099 0.932546 -0.084455
v 0.154488 0.932028 -0.089410
v 0.188478 0.978349 -0.123158
v 0.177070 1.008796 -0.117320
v 0.129228 0.974520 -0.082453
v 0.140306 0.954162 -0.087797
v 0.128966 0.976510 -0.087389
v 0.152099 0.932546 -0.084455
v 0.177070 1.008796 -0.117320
v 0.174241 1.008444 -0.119087
v 0.152099 0.932546 -0.084455
v 0.154488 0.932028 -0.089410
v 0.200137 0.957190 -0.123183
v 0.179678 0.914600 -0.124490
v 0.195410 0.950407 -0.105053
v 0.184748 0.943988 -0.090660
v 0.171424 0.936332 -0.087158
v 0.154488 0.932028 -0.089410
v 0.194157 0.953472 -0.146225
v 0.176545 0.940935 -0.157991
v 0.160863 0.931041 -0.157134
v 0.135203 0.916777 -0.109944
v 0.135064 0.913191 -0.130442
v 0.140448 0.924738 -0.151762
v 0.127962 1.205202 0.041075
v 0.126709 1.203469 0.035648
v 0.118080 1.174474 0.077117
v 0.120430 1.178714 0.078261
v 0.115435 1.180911 0.084847
v 0.111198 1.177478 0.086387
v 0.115435 1.180911 0.084847
v 0.122677 1.199794 0.061990
v 0.127962 1.205202 0.041075
v 0.118672 1.196264 0.066973
v 0.099894 1.195435 0.080659
v 0.099195 1.200435 0.074461
v 0.127962 1.205202 0.041075
v 0.099894 1.195435 0.080659
v 0.097733 1.191512 0.082091
v 0.099894 1.195435 0.080659
v 0.095939 1.196708 0.072423
v 0.097733 1.191512 0.082091
v 0.127962 1.205202 0.041075
v 0.126709 1.203469 0.035648
v 0.115435 1.180911 0.084847
v 0.111198 1.177478 0.086387
v 0.072779 1.221539 0.035945
v 0.074582 1.223933 0.025756
v 0.063264 1.209413 0.059512
v 0.055481 1.201924 0.069974
v 0.025615 1.145266 -0.097426
v 0.142757 1.164864 -0.128768
v 0.111170 1.165377 -0.136136
v 0.107472 1.137621 -0.130511
v 0.139864 1.135405 -0.124061
v 0.136689 1.106538 -0.137827
v 0.107855 1.108528 -0.149910
v 0.110351 1.080070 -0.157870
v 0.144018 1.077754 -0.138738
v 0.160066 1.141409 -0.098183
v 0.171869 1.111859 -0.105770
v 0.148618 1.107792 -0.124351
v 0.171300 1.080737 -0.112293
v 0.158563 1.078743 -0.120887
v 0.181628 1.078404 -0.076289
v 0.175215 1.113337 -0.070665
v 0.161882 1.146162 -0.067854
v 0.148726 1.070316 -0.049814
v 0.149283 1.106025 -0.043826
v 0.127680 1.099649 -0.061075
v 0.121763 1.064811 -0.061116
v 0.135764 1.138772 -0.054474
v 0.123230 1.121169 -0.057332
v 0.152577 1.151676 -0.056313
v 0.147582 1.138658 -0.042336
v 0.139094 1.123809 -0.049604
v 0.126304 1.114734 -0.052839
v 0.157048 1.154889 -0.035405
v 0.149771 1.035455 -0.068713
v 0.132290 1.033257 -0.073444
v 0.175394 1.046341 -0.088739
v 0.168022 1.045932 -0.114161
v 0.151785 1.009079 -0.098596
v 0.143201 0.999947 -0.084564
v 0.158550 0.987646 -0.095020
v 0.167306 1.014204 -0.102999
v 0.175394 1.046341 -0.088739
v 0.165060 1.047951 -0.131055
v 0.154864 1.078568 -0.133202
v 0.149169 1.046319 -0.134809
v 0.117145 1.047432 -0.152013
v 0.089284 1.046818 -0.148284
v 0.080467 1.078597 -0.146512
v 0.079284 1.110060 -0.137609
v 0.063764 1.100115 -0.104701
v 0.072085 1.067815 -0.117054
v 0.081515 1.127808 -0.103252
v 0.095259 1.120932 -0.086113
v 0.086210 1.089208 -0.081294
v 0.087158 1.134597 -0.122299
v 0.080897 1.038478 -0.128816
v 0.099783 1.025329 -0.132940
v 0.121108 1.010652 -0.146941
v 0.128278 1.021112 -0.144419
v 0.087816 1.157521 -0.124678
v 0.086297 1.183450 -0.129477
v 0.116436 1.197761 -0.135551
v 0.148711 1.197241 -0.123115
v 0.141427 1.234834 -0.104246
v 0.113433 1.231951 -0.117956
v 0.107813 1.236819 -0.108483
v 0.125742 1.247063 -0.082702
v 0.088366 1.221102 -0.118851
v 0.095787 1.208747 -0.128902
v 0.079199 1.200599 -0.121411
v 0.073466 1.179612 -0.121495
v 0.077626 1.148598 -0.109270
v 0.065706 1.152861 -0.113788
v 0.051211 1.154681 -0.111403
v 0.054441 1.181008 -0.111576
v 0.036969 1.159760 -0.101431
v 0.064547 1.126498 -0.108057
v 0.079058 1.123574 -0.097858
v 0.063049 1.107072 -0.105205
v 0.079847 1.102120 -0.096937
v 0.096581 1.102019 -0.076494
v 0.047432 1.131598 -0.107369
v 0.041490 1.121336 -0.101734
v 0.025615 1.145266 -0.097426
v 0.071214 1.203896 -0.117242
v 0.085832 1.147680 -0.103769
v 0.096581 1.102019 -0.076494
v 0.109859 1.115336 -0.069146
v 0.109859 1.115336 -0.069146
v 0.114413 1.091208 -0.064169
v 0.084026 1.063582 -0.067655
v 0.108198 1.064569 -0.057265
v 0.069832 1.062602 -0.092028
v 0.080034 1.031889 -0.089497
v 0.074050 1.064559 -0.097949
v 0.114271 1.032319 -0.072010
v 0.113345 1.002556 -0.088852
v 0.103004 0.999978 -0.118092
v 0.143201 0.999947 -0.084564
v 0.071462 1.034656 -0.117618
v 0.111728 0.984523 -0.106978
v 0.128966 0.976510 -0.087389
v 0.147326 0.982005 -0.087916
v 0.158550 0.987646 -0.095020
v 0.112044 0.963986 -0.126940
v 0.111074 0.996436 -0.143401
v 0.116546 0.972089 -0.150139
v 0.113365 0.965682 -0.104634
v 0.127469 0.945461 -0.156616
v 0.120404 0.938772 -0.130970
v 0.121644 0.941982 -0.106680
v 0.140306 0.954162 -0.087797
v 0.140448 0.924738 -0.151762
v 0.135064 0.913191 -0.130442
v 0.135203 0.916777 -0.109944
v 0.154488 0.932028 -0.089410
v 0.132070 0.983472 -0.157708
v 0.124524 1.002524 -0.150729
v 0.144941 0.991736 -0.159166
v 0.146386 0.955674 -0.161092
v 0.161301 0.961783 -0.161956
v 0.166066 1.002920 -0.145821
v 0.134966 1.007941 -0.151778
v 0.156310 1.018337 -0.144015
v 0.184382 0.972389 -0.146013
v 0.176545 0.940935 -0.157991
v 0.194157 0.953472 -0.146225
v 0.200137 0.957190 -0.123183
v 0.188478 0.978349 -0.123158
v 0.160863 0.931041 -0.157134
v 0.174992 1.006886 -0.133297
v 0.171506 1.017594 -0.123351
v 0.174241 1.008444 -0.119087
v 0.169755 0.998817 -0.105334
v 0.165060 1.047951 -0.131055
v 0.171506 1.017594 -0.123351
v 0.165060 1.047951 -0.131055
v 0.142528 1.234502 -0.062100
v 0.163934 1.212299 -0.081201
v 0.148042 1.214117 -0.043729
v 0.164813 1.183579 -0.042205
v 0.172724 1.177222 -0.081697
v 0.168603 1.161577 -0.055847
v 0.115163 1.229362 -0.034381
v 0.111320 1.242099 -0.055606
v 0.105878 1.249377 -0.071624
v 0.097079 1.249747 -0.087391
v 0.089789 1.249486 -0.097228
v 0.112840 1.106630 -0.064013
v 0.126304 1.114734 -0.052839
v 0.096581 1.102019 -0.076494
v 0.123230 1.121169 -0.057332
v 0.127680 1.099649 -0.061075
v 0.121763 1.064811 -0.061116
v 0.132290 1.033257 -0.073444
v 0.109859 1.115336 -0.069146
v 0.021423 1.456535 -0.007361
v 0.032430 1.478350 -0.010491
v 0.043294 1.475441 -0.026262
v 0.020772 1.478202 -0.005229
v 0.012359 1.478754 -0.006429
v 0.001936 1.515571 -0.007977
v 0.016760 1.521990 -0.003140
v 0.040349 1.523400 -0.008511
v 0.054836 1.509212 -0.033545
v -0.005974 1.541538 -0.017667
v 0.010782 1.552624 -0.012098
v -0.010512 1.575281 -0.041855
v 0.003882 1.583945 -0.035838
v -0.010121 1.596586 -0.062735
v 0.005298 1.605087 -0.059558
v -0.007372 1.614760 -0.091566
v 0.003121 1.620021 -0.089959
v 0.001265 1.630246 -0.122485
v 0.011576 1.633430 -0.122574
v 0.018829 1.645715 -0.145154
v 0.019674 1.645895 -0.144977
v 0.019050 1.614964 -0.095512
v 0.027736 1.601109 -0.068060
v 0.029313 1.579877 -0.093612
v 0.039104 1.586514 -0.045944
v 0.049263 1.570877 -0.064412
v 0.043338 1.550954 -0.016840
v 0.056382 1.534437 -0.043278
v 0.051371 1.525156 -0.060058
v 0.051012 1.502741 -0.047909
v 0.045382 1.559084 -0.077039
v 0.020553 1.647229 -0.147351
v 0.015507 1.629988 -0.125907
v 0.013129 1.599074 -0.113568
v 0.012093 1.623758 -0.132818
v 0.019672 1.644818 -0.145873
v 0.019921 1.645665 -0.145158
v 0.020553 1.647229 -0.147351
v 0.012093 1.623758 -0.132818
v 0.019672 1.644818 -0.145873
v 0.018900 1.644805 -0.145910
v 0.003244 1.621711 -0.132055
v 0.013129 1.599074 -0.113568
v 0.000396 1.598435 -0.110053
v 0.002232 1.576992 -0.087208
v 0.029313 1.579877 -0.093612
v -0.010121 1.596586 -0.062735
v -0.010512 1.575281 -0.041855
v 0.001265 1.630246 -0.122485
v -0.007372 1.614760 -0.091566
v 0.018829 1.645715 -0.145154
v 0.020553 1.647229 -0.147351
v 0.045382 1.559084 -0.077039
v 0.006457 1.556100 -0.069372
v 0.012610 1.530910 -0.050465
v 0.051371 1.525156 -0.060058
v -0.005974 1.541538 -0.017667
v 0.016311 1.504535 -0.039399
v 0.001936 1.515571 -0.007977
v 0.012359 1.478754 -0.006429
v 0.021270 1.475646 -0.025382
v 0.043294 1.475441 -0.026262
v 0.051012 1.502741 -0.047909
v 0.021423 1.456535 -0.007361
v 0.029021 1.470315 -0.061246
v 0.039596 1.491635 -0.092894
v 0.036975 1.502321 -0.072636
v 0.035462 1.532067 -0.092911
v 0.050841 1.547309 -0.072966
v 0.040783 1.516477 -0.114156
v 0.039725 1.548223 -0.126013
v 0.033904 1.558048 -0.108073
v 0.048331 1.570782 -0.097697
v 0.035334 1.575483 -0.123327
v 0.045257 1.582177 -0.116669
v 0.040505 1.588704 -0.140473
v 0.044535 1.592767 -0.137786
v 0.040280 1.566379 -0.135204
v 0.043155 1.584622 -0.147436
v 0.049242 1.603197 -0.158926
v 0.054408 1.511637 -0.054284
v 0.042209 1.480820 -0.039204
v 0.030310 1.475497 -0.045268
v 0.026781 1.460043 -0.017569
v 0.030310 1.475497 -0.045268
v 0.019421 1.455740 -0.023085
v 0.029075 1.457070 -0.020286
v 0.021957 1.454027 -0.026174
v 0.019421 1.455740 -0.023085
v 0.030310 1.475497 -0.045268
v 0.029021 1.470315 -0.061246
v 0.047066 1.474522 -0.049031
v 0.039596 1.491635 -0.092894
v 0.021957 1.454027 -0.026174
v 0.029075 1.457070 -0.020286
v 0.061758 1.501978 -0.070187
v 0.054408 1.511637 -0.054284
v 0.042209 1.480820 -0.039204
v 0.062026 1.535883 -0.090788
v 0.040783 1.516477 -0.114156
v 0.029075 1.457070 -0.020286
v 0.054826 1.560177 -0.111435
v 0.050841 1.547309 -0.072966
v 0.048331 1.570782 -0.097697
v 0.039725 1.548223 -0.126013
v 0.040280 1.566379 -0.135204
v 0.049183 1.576034 -0.128516
v 0.045257 1.582177 -0.116669
v 0.044535 1.592767 -0.137786
v 0.049252 1.589903 -0.143462
v 0.043155 1.584622 -0.147436
v 0.049242 1.603197 -0.158926
v 0.029075 1.457070 -0.020286
v 0.026781 1.460043 -0.017569
v 0.008357 1.515583 -0.023392
v 0.018331 1.485658 -0.017883
v 0.008155 1.486819 -0.004013
v -0.000934 1.514527 -0.007202
v -0.026281 1.507564 -0.019952
v 0.000415 1.538594 -0.028649
v -0.011538 1.540986 -0.014899
v -0.035928 1.533919 -0.023860
v 0.014635 1.454682 -0.007121
v -0.007924 1.484886 -0.010086
v -0.021363 1.574121 -0.031228
v -0.015959 1.572449 -0.045248
v -0.038153 1.566349 -0.034352
v -0.026387 1.595766 -0.051922
v -0.030817 1.594013 -0.051812
v -0.033243 1.612624 -0.076186
v -0.032823 1.612716 -0.076096
v -0.033584 1.614353 -0.078626
v -0.025687 1.593389 -0.061004
v -0.032823 1.612716 -0.076096
v -0.032823 1.612716 -0.076096
v -0.032341 1.611257 -0.075947
v -0.033584 1.614353 -0.078626
v -0.012202 1.509104 -0.035771
v -0.026281 1.507564 -0.019952
v -0.007924 1.484886 -0.010086
v -0.025533 1.535352 -0.043836
v -0.035928 1.533919 -0.023860
v -0.038153 1.566349 -0.034352
v -0.032986 1.566501 -0.050032
v -0.015959 1.572449 -0.045248
v 0.000415 1.538594 -0.028649
v 0.008357 1.515583 -0.023392
v 0.002100 1.482647 -0.027427
v 0.018331 1.485658 -0.017883
v -0.025687 1.593389 -0.061004
v -0.031225 1.593913 -0.057963
v -0.030817 1.594013 -0.051812
v -0.033243 1.612624 -0.076186
v -0.033232 1.612027 -0.076167
v -0.033584 1.614353 -0.078626
v -0.032341 1.611257 -0.075947
v 0.002100 1.482647 -0.027427
v 0.014635 1.454682 -0.007121
v 0.002100 1.482647 -0.027427
v -0.045096 1.540743 -0.040810
v -0.031092 1.543104 -0.053296
v -0.016129 1.521624 -0.044419
v -0.035460 1.520197 -0.026741
v -0.058785 1.549210 -0.064335
v -0.050036 1.549129 -0.068692
v -0.035110 1.535579 -0.063138
v -0.022966 1.515454 -0.058019
v -0.011185 1.495412 -0.052182
v -0.004493 1.499822 -0.039319
v 0.005222 1.477484 -0.035640
v 0.007841 1.485357 -0.028778
v -0.023477 1.501229 -0.018741
v 0.016085 1.464575 -0.012307
v 0.016592 1.466184 -0.011156
v -0.026936 1.487002 -0.049783
v -0.009083 1.468599 -0.026597
v -0.041902 1.504199 -0.055620
v -0.051481 1.523551 -0.064828
v -0.058862 1.537714 -0.078757
v -0.075249 1.551636 -0.095852
v -0.007942 1.483589 -0.013785
v 0.010532 1.463398 -0.005941
v 0.015119 1.461202 -0.007127
v 0.015119 1.461202 -0.007127
v 0.010591 1.459578 -0.010037
v 0.015119 1.461202 -0.007127
v -0.075249 1.551636 -0.095852
v -0.048282 1.545817 -0.076181
v -0.061237 1.542025 -0.066716
v -0.053102 1.526577 -0.051920
v -0.051481 1.523551 -0.064828
v -0.058862 1.537714 -0.078757
v -0.041902 1.504199 -0.055620
v -0.042526 1.507521 -0.040288
v -0.035460 1.520197 -0.026741
v -0.023477 1.501229 -0.018741
v -0.030615 1.490286 -0.031873
v -0.010303 1.473950 -0.017324
v -0.026936 1.487002 -0.049783
v -0.075249 1.551636 -0.095852
v -0.058785 1.549210 -0.064335
v -0.045096 1.540743 -0.040810
v -0.007942 1.483589 -0.013785
v 0.010532 1.463398 -0.005941
v 0.008630 1.459825 -0.005458
v 0.015119 1.461202 -0.007127
v -0.009083 1.468599 -0.026597
v 0.010591 1.459578 -0.010037
v 0.008630 1.459825 -0.005458
v 0.015119 1.461202 -0.007127
v 0.016839 1.456408 -0.027971
v 0.036573 1.471078 -0.050026
v 0.016558 1.466102 -0.058621
v 0.005448 1.466422 -0.050082
v -0.003389 1.475216 -0.066005
v 0.016039 1.471735 -0.073764
v 0.044867 1.492388 -0.057279
v 0.003673 1.469568 -0.044077
v -0.005330 1.486408 -0.056286
v -0.013469 1.497555 -0.067163
v -0.012177 1.485078 -0.086896
v 0.014817 1.481375 -0.094699
v 0.043965 1.507705 -0.071075
v 0.013513 1.505196 -0.116157
v -0.019234 1.507801 -0.109989
v -0.023002 1.521037 -0.085746
v 0.033337 1.534534 -0.093974
v 0.007480 1.542986 -0.124142
v 0.022766 1.559448 -0.107323
v 0.016356 1.582358 -0.120912
v -0.016789 1.541620 -0.119402
v -0.023585 1.551997 -0.101662
v -0.008570 1.574292 -0.125831
v 0.006313 1.573144 -0.125883
v -0.012043 1.580972 -0.115639
v 0.016918 1.605155 -0.134737
v 0.017515 1.604832 -0.133856
v 0.017616 1.607268 -0.135341
v 0.016271 1.605584 -0.134847
v 0.017616 1.607268 -0.135341
v 0.015939 1.605797 -0.134218
v 0.017616 1.607268 -0.135341
v 0.016851 1.605458 -0.133025
v 0.015992 1.605745 -0.133520
v 0.017616 1.607268 -0.135341
v 0.015939 1.605797 -0.134218
v 0.017515 1.604832 -0.133856
v 0.009095 1.587405 -0.110967
v -0.006437 1.584311 -0.108933
v -0.009916 1.567719 -0.087478
v -0.012043 1.580972 -0.115639
v 0.016356 1.582358 -0.120912
v 0.022766 1.559448 -0.107323
v 0.013084 1.567866 -0.089742
v -0.007256 1.545442 -0.063268
v 0.024245 1.548573 -0.069133
v 0.001386 1.523117 -0.045363
v 0.039306 1.524978 -0.045634
v 0.006521 1.507527 -0.034213
v -0.023002 1.521037 -0.085746
v -0.013469 1.497555 -0.067163
v -0.005330 1.486408 -0.056286
v 0.003673 1.469568 -0.044077
v 0.010909 1.481337 -0.028165
v 0.043118 1.506334 -0.037223
v 0.016839 1.456408 -0.027971
v 0.035935 1.472218 -0.033354
v 0.044867 1.492388 -0.057279
v 0.043965 1.507705 -0.071075
v 0.033337 1.534534 -0.093974
v 0.036573 1.471078 -0.050026
v 0.016839 1.456408 -0.027971
v -0.023585 1.551997 -0.101662
vn -0.2067 -0.7960 -0.5689
vn -0.2825 -0.7713 -0.5703
vn 0.0096 -0.9995 -0.0317
vn 0.0638 -0.9978 0.0186
vn -0.3263 -0.2146 -0.9206
vn -0.4506 -0.1205 -0.8845
vn -0.2367 -0.6712 -0.7025
vn -0.3748 -0.6273 -0.6827
vn -0.7068 0.0003 -0.7075
vn -0.7101 -0.4692 -0.5249
vn -0.9246 -0.2164 -0.3135
vn -0.1200 -0.9798 -0.1597
vn -0.2516 -0.9569 -0.1450
vn -0.7027 -0.7106 -0.0357
vn -0.9064 -0.4187 0.0559
vn -0.0660 -0.8461 0.5289
vn -0.1337 -0.8396 0.5266
vn -0.4398 -0.6992 0.5636
vn -0.6012 -0.2953 0.7425
vn 0.0145 -0.1169 0.9930
vn -0.1555 -0.1589 0.9750
vn -0.3970 0.5363 0.7448
vn -0.2170 0.6092 0.7627
vn -0.6478 0.7500 0.1333
vn -0.8145 0.5530 0.1753
vn -0.8081 0.5510 -0.2084
vn -0.6346 0.6775 -0.3719
vn -0.6463 0.5058 -0.5714
vn -0.3407 0.8821 -0.3252
vn -0.4341 0.6351 -0.6389
vn -0.3737 0.8313 -0.4115
vn -0.2417 0.8988 -0.3656
vn 0.0178 0.9987 0.0479
vn -0.1561 0.9790 -0.1311
vn -0.3015 0.6824 -0.6659
vn -0.1898 0.9082 -0.3730
vn -0.1917 0.9277 -0.3204
vn -0.1288 0.9860 -0.1057
vn -0.3338 0.9423 0.0251
vn -0.3469 0.8771 0.3322
vn -0.6787 0.6978 -0.2290
vn -0.5132 0.7666 -0.3860
vn -0.0267 0.9990 0.0346
vn -0.0312 0.9992 0.0266
vn -0.3373 0.9349 -0.1105
vn -0.0938 0.9458 0.3110
vn -0.0454 0.6612 0.7488
vn 0.0180 0.2072 0.9781
vn -0.0454 0.6613 0.7488
vn 0.0075 0.1995 0.9799
vn 0.0186 -0.4319 0.9018
vn -0.0773 0.9500 0.3027
vn -0.7614 0.4962 0.4172
vn -0.8675 -0.3652 -0.3377
vn -0.7460 -0.2351 -0.6230
vn -0.5954 0.0974 -0.7975
vn -0.0714 -0.9794 0.1890
vn 0.0678 -0.9974 0.0243
vn 0.0301 -0.9937 0.1083
vn 0.0343 -0.9910 0.1297
vn 0.0442 -0.9985 0.0326
vn 0.0155 -0.9966 -0.0811
vn 0.1350 -0.8011 -0.5831
vn -0.0419 -0.9987 -0.0296
vn 0.2110 -0.7786 -0.5910
vn -0.0917 -0.9955 0.0251
vn 0.2422 -0.2231 -0.9442
vn 0.3718 -0.1327 -0.9188
vn 0.1575 -0.6771 -0.7189
vn 0.2979 -0.6373 -0.7107
vn 0.6452 -0.0199 -0.7638
vn 0.6497 -0.4895 -0.5816
vn 0.8885 -0.2435 -0.3890
vn 0.0771 -0.9828 -0.1679
vn 0.2101 -0.9638 -0.1642
vn 0.6758 -0.7312 -0.0931
vn 0.8950 -0.4456 -0.0191
vn 0.0846 -0.8484 0.5226
vn 0.1519 -0.8438 0.5147
vn 0.4641 -0.7127 0.5260
vn 0.6518 -0.3140 0.6903
vn 0.0647 -0.1177 0.9909
vn 0.2312 -0.1647 0.9589
vn 0.4733 0.5233 0.7086
vn 0.2977 0.6015 0.7413
vn 0.6787 0.7302 0.0781
vn 0.8424 0.5283 0.1063
vn 0.8040 0.5269 -0.2756
vn 0.6214 0.6588 -0.4242
vn 0.6106 0.4859 -0.6254
vn 0.3386 0.8720 -0.3535
vn 0.3990 0.6233 -0.6726
vn 0.3519 0.8320 -0.4288
vn 0.2486 0.8852 -0.3932
vn 0.0312 0.9981 0.0530
vn 0.1575 0.9776 -0.1399
vn 0.2645 0.6746 -0.6892
vn 0.1824 0.9027 -0.3896
vn 0.1920 0.9219 -0.3364
vn 0.1489 0.9819 -0.1173
vn 0.3627 0.9319 -0.0039
vn 0.3992 0.8660 0.3011
vn 0.6781 0.6774 -0.2851
vn 0.4976 0.7521 -0.4322
vn 0.0592 0.9980 0.0236
vn 0.0631 0.9978 0.0226
vn 0.3547 0.9246 -0.1391
vn 0.1305 0.9469 0.2940
vn 0.1475 0.9422 0.3010
vn 0.1271 0.6587 0.7416
vn 0.0695 0.2064 0.9760
vn 0.1272 0.6587 0.7416
vn 0.0800 0.1984 0.9769
vn 0.0436 -0.4322 0.9007
vn 0.8079 0.4728 0.3519
vn 0.8250 -0.3906 -0.4084
vn 0.6842 -0.2567 -0.6826
vn 0.5297 0.0806 -0.8443
vn 0.0578 -0.9813 0.1836
vn -0.0952 -0.9950 0.0309
vn -0.0529 -0.9896 0.1335
vn -0.0505 -0.9924 0.1118
vn -0.0709 -0.9968 0.0373
vn -0.0518 -0.9956 -0.0781
vn -0.3402 -0.1612 -0.9264
vn -0.8365 -0.0110 -0.5478
vn -0.7750 0.0962 -0.6246
vn -0.3317 -0.3035 -0.8932
vn -0.7544 0.4303 -0.4958
vn 0.0110 -0.0211 -0.9997
vn -0.0774 0.3509 -0.9332
vn 0.3303 -0.0863 -0.9399
vn 0.0292 0.3775 -0.9256
vn -0.5030 0.5983 -0.6237
vn -0.7741 0.6217 -0.1197
vn -0.4241 0.6652 -0.6145
vn 0.2150 -0.3254 -0.9208
vn -0.9115 0.3898 -0.1311
vn 0.4644 -0.1754 0.8681
vn 0.3988 -0.2938 0.8687
vn 0.4772 -0.1610 0.8639
vn 0.3861 -0.3117 0.8682
vn 0.3339 -0.3934 0.8566
vn 0.3424 -0.3912 0.8542
vn 0.5110 -0.0750 0.8563
vn 0.5065 -0.0606 0.8601
vn -0.7615 -0.5459 -0.3493
vn -0.3063 -0.5233 -0.7952
vn -0.7106 -0.6492 -0.2713
vn -0.4081 -0.4287 -0.8060
vn -0.3560 -0.1021 -0.9289
vn -0.9482 -0.2931 -0.1225
vn -0.9407 0.0076 -0.3393
vn -0.9598 -0.1874 0.2089
vn -0.9522 0.1271 -0.2777
vn -0.5750 0.1479 -0.8047
vn -0.0194 0.1642 -0.9862
vn -0.5880 0.2746 -0.7608
vn -0.8705 -0.4428 0.2147
vn 0.0405 -0.1098 -0.9931
vn 0.7402 0.2836 0.6097
vn 0.7808 0.1627 0.6032
vn 0.7797 0.1609 0.6051
vn 0.7409 0.2891 0.6062
vn 0.7994 0.0497 0.5988
vn 0.7900 0.0590 0.6103
vn 0.7143 0.3292 0.6176
vn 0.7090 0.3103 0.6333
vn -0.3141 0.9334 0.1733
vn -0.1209 0.5943 0.7951
vn -0.0789 0.9281 0.3640
vn -0.2844 0.5136 0.8095
vn 0.2383 0.9482 -0.2102
vn 0.3510 0.9312 0.0980
vn 0.5367 0.7748 -0.3342
vn 0.4391 0.8663 0.2382
vn 0.2013 -0.1929 0.9603
vn 0.2605 0.1318 0.9564
vn 0.3075 0.3375 0.8897
vn 0.4186 0.8799 -0.2247
vn 0.3566 0.8817 0.3089
vn 0.0987 0.9821 -0.1602
vn 0.0380 0.9863 0.1606
vn 0.0100 0.7162 0.6978
vn 0.0966 0.2271 0.9691
vn 0.3219 -0.2762 0.9056
vn -0.0512 -0.2581 0.9648
vn -0.3573 0.0622 0.9319
vn -0.3578 -0.3019 0.8837
vn -0.2110 0.6310 0.7465
vn 0.1669 0.9640 0.2069
vn -0.1302 0.0916 0.9872
vn 0.1098 0.0716 0.9914
vn 0.3910 0.8318 0.3941
vn 0.2400 0.1092 0.9646
vn 0.7180 0.6310 0.2937
vn 0.8341 0.4295 0.3461
vn 0.1269 0.0929 0.9875
vn 0.5620 0.6354 0.5295
vn 0.2718 0.0229 0.9621
vn 0.5279 -0.0059 0.8493
vn 0.3332 0.8308 0.4459
vn 0.4724 0.8814 -0.0037
vn 0.0705 0.9969 0.0359
vn 0.9101 0.3920 -0.1346
vn 0.6948 0.7113 -0.1058
vn 0.4123 0.9060 -0.0956
vn 0.2189 0.9657 -0.1393
vn -0.2216 -0.3840 0.8963
vn -0.1086 -0.4598 0.8814
vn -0.2614 -0.4291 0.8646
vn -0.3436 -0.1937 0.9189
vn 0.0963 -0.2278 0.9689
vn 0.4455 -0.4370 0.7814
vn -0.1732 -0.3188 -0.9319
vn 0.2741 0.0902 -0.9575
vn 0.0092 -0.3661 -0.9305
vn -0.0926 0.0224 -0.9954
vn -0.6743 -0.0938 -0.7325
vn -0.6072 -0.3733 -0.7014
vn -0.8805 -0.4671 -0.0808
vn -0.7269 -0.6278 -0.2782
vn -0.3197 -0.9200 -0.2268
vn -0.1220 -0.9865 -0.1091
vn -0.1802 -0.8180 -0.5463
vn 0.0221 -0.2475 -0.9686
vn 0.2291 0.2710 -0.9349
vn -0.3586 -0.0762 -0.9304
vn -0.0643 0.4650 -0.8829
vn -0.2561 -0.9100 -0.3261
vn -0.1409 -0.9799 -0.1411
vn -0.2589 -0.9428 0.2099
vn -0.5718 -0.7796 -0.2553
vn -0.5216 -0.8379 0.1607
vn -0.0277 0.3489 -0.9368
vn -0.3077 -0.0900 -0.9472
vn -0.4822 -0.8609 0.1621
vn -0.4825 -0.8192 -0.3100
vn 0.0105 -0.2325 -0.9725
vn 0.2205 0.2791 -0.9346
vn 0.1426 -0.0845 -0.9862
vn 0.3655 0.2480 -0.8972
vn 0.5734 0.1037 -0.8127
vn -0.0765 -0.1976 -0.9773
vn 0.0469 0.3447 -0.9375
vn -0.3390 -0.1687 -0.9255
vn -0.7420 -0.5651 -0.3607
vn -0.6170 -0.7636 -0.1905
vn -0.8138 -0.5400 0.2148
vn -0.4224 -0.9033 0.0750
vn -0.5432 -0.7508 -0.3758
vn -0.5833 -0.8086 0.0763
vn -0.2798 -0.9552 0.0960
vn -0.2219 -0.9048 -0.3636
vn -0.5316 0.0770 -0.8435
vn -0.3880 0.5301 -0.7539
vn -0.3762 -0.7774 -0.5042
vn -0.1456 -0.9830 -0.1116
vn 0.3589 0.9018 -0.2408
vn 0.8214 0.5358 0.1954
vn 0.8873 0.4590 0.0450
vn 0.4317 0.9008 0.0465
vn -0.2161 0.9727 0.0844
vn 0.0138 0.9492 0.3142
vn -0.4668 0.8297 0.3062
vn 0.1002 0.8850 0.4547
vn 0.7741 -0.2248 0.5917
vn 0.7692 0.1071 0.6300
vn 0.7034 0.3162 0.6366
vn -0.3114 0.9197 0.2392
vn 0.1968 0.8907 0.4098
vn -0.1115 0.9934 -0.0265
vn 0.2044 0.9774 0.0548
vn 0.6813 0.6802 0.2706
vn 0.8530 0.1870 0.4873
vn 0.6637 -0.2948 0.6874
vn 0.8742 -0.3075 0.3758
vn 0.9975 -0.0105 0.0696
vn 0.9263 -0.3708 0.0663
vn 0.8117 0.5762 0.0956
vn 0.1902 0.9628 0.1920
vn 0.9543 0.0335 0.2970
vn 0.8556 0.0315 0.5167
vn 0.2553 0.8390 0.4805
vn 0.7796 0.0803 0.6212
vn 0.0115 0.6689 0.7432
vn -0.0052 0.4745 0.8802
vn 0.8466 0.0543 0.5295
vn 0.2909 0.6500 0.7021
vn 0.7573 -0.0032 0.6531
vn 0.5454 -0.0068 0.8381
vn 0.3263 0.8311 0.4502
vn -0.1348 0.9139 0.3829
vn 0.0788 0.9964 0.0307
vn -0.4748 0.4662 0.7465
vn -0.3338 0.7665 0.5486
vn -0.1909 0.9384 0.2882
vn -0.1445 0.9852 0.0919
vn 0.8743 -0.4428 0.1988
vn 0.9605 -0.2637 0.0889
vn 0.8181 -0.2666 0.5095
vn 0.4859 -0.4392 0.7557
vn 0.8074 -0.5091 0.2983
vn 0.8589 -0.4892 0.1516
vn -0.9743 0.1575 -0.1608
vn -0.8006 -0.2858 -0.5266
vn -0.8747 -0.3189 -0.3650
vn -0.8665 0.0629 -0.4952
vn -0.4065 -0.1053 -0.9076
vn -0.4267 -0.3788 -0.8213
vn 0.2490 -0.5235 -0.8148
vn -0.0048 -0.6628 -0.7488
vn -0.1397 -0.9311 -0.3369
vn -0.1253 -0.9862 -0.1079
vn -0.4818 -0.8028 -0.3512
vn -0.9040 -0.1972 -0.3793
vn -0.9207 0.3331 -0.2036
vn -0.6962 -0.0581 -0.7155
vn -0.7358 0.5010 -0.4556
vn -0.2570 -0.9101 -0.3250
vn -0.1448 -0.9796 -0.1393
vn 0.2264 -0.9690 -0.0989
vn -0.0498 -0.8076 -0.5876
vn 0.3008 -0.8820 -0.3628
vn -0.8086 0.3908 -0.4397
vn -0.7338 -0.0671 -0.6760
vn 0.2837 -0.9020 -0.3253
vn -0.1398 -0.8376 -0.5282
vn -0.9014 -0.1835 -0.3921
vn -0.9164 0.3402 -0.2108
vn -0.9580 -0.0255 -0.2856
vn -0.9459 0.3184 -0.0625
vn -0.9680 0.1864 0.1683
vn -0.8665 -0.1553 -0.4744
vn -0.8411 0.3923 -0.3723
vn -0.7071 -0.1490 -0.6912
vn -0.0572 -0.6018 -0.7966
vn 0.0290 -0.7982 -0.6017
vn 0.4952 -0.6102 -0.6183
vn 0.1766 -0.9354 -0.3062
vn -0.1686 -0.7709 -0.6142
vn 0.2527 -0.8534 -0.4558
vn 0.1318 -0.9773 -0.1658
vn -0.3043 -0.9004 -0.3111
vn -0.5332 0.0771 -0.8425
vn -0.4781 0.5350 -0.6966
vn -0.3569 -0.7784 -0.5164
vn -0.1145 -0.9847 -0.1313
vn -0.5178 -0.3400 -0.7850
vn -0.4743 0.4090 -0.7796
vn -0.5856 -0.0369 -0.8097
vn -0.2875 -0.7585 -0.5848
vn -0.2457 -0.2395 -0.9393
vn -0.0915 -0.5106 -0.8549
vn -0.4260 -0.6653 -0.6131
vn -0.4886 -0.0421 -0.8715
vn -0.4656 -0.7490 -0.4713
vn -0.7641 -0.2117 -0.6094
vn -0.7734 -0.4739 -0.4210
vn 0.1371 0.5086 -0.8500
vn 0.4401 0.4661 -0.7675
vn 0.4992 -0.6108 -0.6146
vn 0.4275 -0.6926 -0.5810
vn 0.3099 -0.0392 -0.9500
vn 0.3100 -0.0392 -0.9499
vn 0.4399 -0.7423 -0.5055
vn 0.4688 -0.7105 -0.5249
vn -0.7875 0.5581 -0.2616
vn -0.8435 0.5349 0.0495
vn -0.8122 -0.5403 0.2201
vn -0.7579 -0.6289 0.1734
vn -0.9921 0.0308 -0.1212
vn -0.7258 -0.6464 0.2355
vn -0.6985 -0.6812 0.2194
vn 0.4619 0.5722 0.6777
vn 0.4215 0.6752 0.6053
vn -0.1090 0.5144 0.8506
vn 0.8539 0.4630 0.2376
vn -0.0690 0.3695 0.9267
vn 0.5341 0.1923 0.8233
vn 0.8949 0.3179 0.3133
vn 0.8639 0.4239 0.2719
vn 0.8187 -0.1019 0.5650
vn 0.5082 -0.2618 0.8205
vn 0.1586 -0.0664 0.9851
vn -0.0849 0.4744 0.8762
vn 0.4117 0.5884 0.6959
vn 0.6575 0.0712 0.7501
vn 0.7687 0.2287 0.5973
vn 0.2568 0.3579 0.8978
vn 0.9215 -0.2955 0.2521
vn 0.8625 -0.2832 0.4194
vn 0.5255 -0.0621 0.8485
vn 0.7586 -0.1503 0.6339
vn 0.2599 0.3466 0.9013
vn 0.8196 0.0724 0.5683
vn 0.8875 -0.1782 0.4250
vn 0.7099 0.3866 0.5887
vn 0.7054 0.2968 0.6437
vn 0.9833 -0.0412 0.1772
vn 0.7576 0.5035 0.4154
vn 0.2730 0.6082 0.7453
vn 0.3329 0.8075 0.4870
vn 0.3435 0.6170 0.7080
vn 0.9016 -0.4133 0.1277
vn 0.8340 -0.5485 0.0594
vn 0.4575 -0.7787 -0.4293
vn 0.2997 -0.8073 -0.5084
vn -0.1755 -0.6801 -0.7118
vn -0.1289 -0.7046 -0.6978
vn 0.5047 -0.4551 -0.7336
vn 0.1650 -0.3845 -0.9083
vn 0.9076 -0.3623 -0.2123
vn 0.9082 -0.3848 -0.1647
vn 0.9849 -0.0554 0.1639
vn 0.5266 -0.4897 -0.6949
vn 0.2237 -0.2764 -0.9346
vn 0.4507 -0.8818 0.1390
vn 0.5055 -0.5188 0.6894
vn 0.7290 0.4907 0.4773
vn 0.3197 0.8564 0.4055
vn 0.4128 0.1806 0.8928
vn 0.2702 -0.8401 -0.4705
vn 0.0941 -0.6365 -0.7655
vn 0.2728 0.5917 0.7586
vn 0.1270 -0.9776 0.1676
vn 0.1786 -0.5887 0.7884
vn 0.0398 -0.8901 -0.4540
vn -0.0266 -0.6766 -0.7358
vn 0.1003 0.5187 0.8491
vn 0.1469 0.1407 0.9791
vn -0.8361 0.4849 -0.2564
vn -0.8385 0.5202 -0.1623
vn -0.7980 0.5098 -0.3213
vn -0.8035 0.5255 -0.2797
vn -0.8819 0.4217 -0.2109
vn -0.8720 0.3911 -0.2944
vn -0.8944 0.3788 -0.2377
vn -0.8984 0.3925 -0.1969
vn -0.9039 0.3683 -0.2174
vn -0.8839 0.4419 -0.1530
vn -0.8653 0.4599 -0.1994
vn -0.8110 0.5060 -0.2937
vn -0.4866 0.8026 -0.3451
vn -0.4712 0.8625 -0.1847
vn -0.6419 0.4503 -0.6207
vn -0.1318 0.9794 -0.1530
vn -0.1723 0.9114 -0.3737
vn -0.4546 0.7111 -0.5364
vn -0.1611 0.7784 -0.6067
vn -0.8130 0.5809 -0.0395
vn -0.3347 0.5995 0.7270
vn -0.6305 0.0524 0.7744
vn -0.1705 0.3643 0.9156
vn -0.7169 0.2401 0.6546
vn -0.8985 -0.3440 0.2729
vn -0.8165 -0.2898 0.4993
vn -0.4490 -0.0922 0.8888
vn -0.7465 -0.1839 0.6395
vn -0.1736 0.3532 0.9193
vn -0.7646 0.1116 0.6348
vn -0.8633 -0.1558 0.4800
vn -0.6495 0.4082 0.6415
vn -0.6402 0.3167 0.6999
vn -0.9660 -0.0121 0.2584
vn -0.7052 0.5253 0.4763
vn -0.1919 0.6152 0.7646
vn -0.2671 0.8164 0.5119
vn -0.2647 0.6262 0.7334
vn -0.8936 -0.3871 0.2273
vn -0.8485 -0.5157 0.1188
vn -0.5257 -0.7631 -0.3759
vn -0.3752 -0.7809 -0.4994
vn 0.0758 -0.6840 -0.7255
vn 0.0286 -0.6978 -0.7157
vn -0.5840 -0.4201 -0.6946
vn -0.2550 -0.3705 -0.8931
vn -0.9336 -0.3237 -0.1537
vn -0.9298 -0.3574 -0.0881
vn -0.9691 -0.0263 0.2453
vn -0.6719 0.5115 0.5357
vn -0.2594 0.8650 0.4295
vn -0.5969 -0.4730 -0.6481
vn -0.3087 -0.2685 -0.9125
vn -0.4617 -0.5044 0.7296
vn -0.3316 0.1917 0.9237
vn -0.4637 -0.8681 0.1770
vn -0.3332 -0.8310 -0.4453
vn -0.1763 -0.6325 -0.7542
vn -0.1910 0.5987 0.7779
vn -0.1417 -0.9736 0.1788
vn -0.1299 -0.5841 0.8012
vn -0.1039 -0.8880 -0.4480
vn -0.0548 -0.6762 -0.7347
vn -0.0138 0.5204 0.8538
vn -0.0608 0.1438 0.9877
vn 0.8373 0.4514 -0.3084
vn 0.7834 0.4863 -0.3872
vn 0.8373 0.4952 -0.2318
vn 0.8037 0.5024 -0.3189
vn 0.8717 0.4279 -0.2389
vn 0.8786 0.4272 -0.2132
vn 0.8792 0.4210 -0.2229
vn 0.8803 0.4131 -0.2332
vn 0.8847 0.4073 -0.2270
vn 0.8753 0.4157 -0.2469
vn 0.8697 0.4236 -0.2534
vn 0.8065 0.4766 -0.3500
vn 0.4799 0.7881 -0.3854
vn 0.4797 0.8483 -0.2242
vn 0.6013 0.4319 -0.6722
vn 0.1477 0.9752 -0.1646
vn 0.1677 0.9063 -0.3879
vn 0.4293 0.6979 -0.5733
vn 0.1333 0.7740 -0.6190
vn 0.8239 0.5565 -0.1072
vn 0.5588 0.5399 0.6295
vn 0.8143 -0.0372 0.5793
vn 0.6527 0.4780 0.5878
vn 0.8333 -0.0485 0.5508
vn 0.8370 0.0845 0.5406
vn 0.8659 0.0647 0.4961
vn 0.8094 -0.4679 -0.3549
vn 0.9061 -0.1980 -0.3739
vn 0.4855 -0.1994 -0.8512
vn 0.4156 -0.5691 -0.7095
vn 0.8634 0.4293 -0.2651
vn 0.6167 0.6889 -0.3808
vn 0.4555 -0.6328 -0.6262
vn 0.9100 -0.3940 -0.1293
vn 0.7974 -0.5899 -0.1272
vn 0.5518 -0.7344 -0.3952
vn 0.6729 -0.6578 0.3383
vn 0.7319 0.2562 0.6314
vn 0.5816 -0.5959 0.5537
vn 0.8438 -0.2498 0.4749
vn 0.7965 -0.5242 0.3012
vn 0.6656 -0.6739 0.3207
vn 0.3526 -0.9352 0.0322
vn 0.4091 -0.9114 0.0443
vn 0.5587 -0.7372 0.3800
vn 0.3482 -0.9371 0.0255
vn 0.6584 -0.5859 0.4724
vn 0.5554 -0.7454 0.3686
vn 0.4309 -0.9024 -0.0054
vn 0.4937 -0.8690 0.0337
vn 0.6074 -0.6749 0.4190
vn 0.5670 -0.6553 0.4991
vn 0.5345 -0.7387 0.4106
vn 0.7586 -0.6024 0.2484
vn 0.7891 -0.6138 -0.0222
vn 0.6437 -0.6460 0.4103
vn 0.7316 -0.2768 0.6230
vn 0.8798 -0.2431 0.4085
vn 0.5845 -0.3059 0.7515
vn 0.5657 -0.6677 0.4838
vn 0.5386 -0.3099 0.7835
vn 0.5409 -0.7051 0.4586
vn 0.6911 0.1095 0.7144
vn 0.8713 0.0494 0.4883
vn 0.5170 0.5374 0.6663
vn 0.6647 0.5599 0.4947
vn 0.2959 0.5649 0.7703
vn 0.5022 0.1394 0.8534
vn 0.2288 0.5034 0.8332
vn 0.4288 0.0947 0.8984
vn -0.0306 0.8025 0.5959
vn 0.1268 0.7773 0.6163
vn 0.2757 0.8225 0.4975
vn 0.2646 0.8933 0.3634
vn 0.9724 -0.0567 0.2264
vn 0.7862 0.4770 0.3928
vn 0.3088 0.8523 0.4222
vn 0.3665 0.8243 0.4315
vn 0.9523 -0.2716 0.1393
vn -0.9700 0.0938 -0.2242
vn -0.9482 0.1094 -0.2982
vn -0.9607 0.1402 -0.2394
vn -0.9669 0.0845 -0.2410
vn -0.9579 0.1345 -0.2534
vn -0.9544 0.1527 -0.2564
vn -0.9137 0.1533 -0.3763
vn -0.9394 0.0710 -0.3353
vn -0.8744 0.1648 -0.4564
vn -0.7741 0.2114 -0.5968
vn -0.7109 0.2131 -0.6702
vn -0.6310 0.2482 -0.7350
vn -0.5773 0.2557 -0.7755
vn -0.6058 0.2379 -0.7592
vn -0.5278 0.2618 -0.8080
vn -0.6265 0.2145 -0.7493
vn -0.4882 0.5555 0.6731
vn -0.7639 -0.0137 0.6451
vn -0.7857 -0.0243 0.6182
vn -0.5870 0.4965 0.6394
vn -0.7863 0.1087 0.6082
vn -0.8193 0.0899 0.5662
vn -0.8496 -0.4432 -0.2858
vn -0.9396 -0.1705 -0.2969
vn -0.5602 -0.1838 -0.8077
vn -0.4899 -0.5556 -0.6718
vn -0.8693 0.4552 -0.1930
vn -0.6255 0.7074 -0.3292
vn -0.5247 -0.6182 -0.5853
vn -0.9289 -0.3666 -0.0527
vn -0.8224 -0.5658 -0.0598
vn -0.6043 -0.7172 -0.3470
vn -0.6617 -0.6380 0.3939
vn -0.6690 0.2771 0.6897
vn -0.5510 -0.5790 0.6009
vn -0.8085 -0.2250 0.5438
vn -0.7840 -0.5007 0.3670
vn -0.6564 -0.6542 0.3758
vn -0.3764 -0.9243 0.0626
vn -0.4310 -0.8989 0.0793
vn -0.5468 -0.7207 0.4261
vn -0.3726 -0.9263 0.0556
vn -0.6340 -0.5666 0.5263
vn -0.5449 -0.7290 0.4144
vn -0.4566 -0.8891 0.0315
vn -0.5149 -0.8539 0.0758
vn -0.5904 -0.6570 0.4689
vn -0.5429 -0.6388 0.5452
vn -0.5203 -0.7230 0.4545
vn -0.7529 -0.5798 0.3113
vn -0.8063 -0.5899 0.0443
vn -0.6263 -0.6270 0.4632
vn -0.6852 -0.2556 0.6821
vn -0.8496 -0.2173 0.4806
vn -0.5289 -0.2893 0.7979
vn -0.5432 -0.6512 0.5300
vn -0.4806 -0.2947 0.8260
vn -0.5217 -0.6892 0.5028
vn -0.6258 0.1291 0.7692
vn -0.8258 0.0747 0.5590
vn -0.4436 0.5517 0.7063
vn -0.6043 0.5788 0.5475
vn -0.2139 0.5725 0.7915
vn -0.4252 0.1533 0.8920
vn -0.1437 0.5090 0.8487
vn -0.3497 0.1063 0.9308
vn 0.1040 0.8005 0.5903
vn -0.0519 0.7799 0.6237
vn -0.2088 0.8297 0.5177
vn -0.2068 0.9003 0.3831
vn -0.9514 -0.0280 0.3065
vn -0.7363 0.4997 0.4562
vn -0.2471 0.8606 0.4453
vn -0.3048 0.8343 0.4594
vn -0.9451 -0.2433 0.2183
vn 0.9230 0.0815 -0.3760
vn 0.9504 0.0652 -0.3041
vn 0.9413 0.1118 -0.3186
vn 0.9456 0.0559 -0.3204
vn 0.9371 0.1063 -0.3324
vn 0.9339 0.1245 -0.3351
vn 0.8834 0.1265 -0.4512
vn 0.9100 0.0436 -0.4123
vn 0.8380 0.1393 -0.5277
vn 0.7277 0.1891 -0.6593
vn 0.6587 0.1927 -0.7273
vn 0.5748 0.2302 -0.7852
vn 0.5182 0.2393 -0.8211
vn 0.5475 0.2207 -0.8072
vn 0.4664 0.2469 -0.8494
vn 0.5682 0.1967 -0.7990
vn 0.8423 0.3896 -0.3725
vn 0.9058 0.4230 0.0234
vn 0.9294 0.3660 -0.0478
vn 0.7731 0.4800 -0.4146
vn 0.6382 0.4272 -0.6405
vn 0.6285 0.3435 -0.6978
vn 0.6600 0.1773 -0.7301
vn 0.5028 0.2775 -0.8187
vn 0.9233 0.1948 0.3309
vn 0.9364 0.0727 0.3432
vn 0.9309 -0.1440 0.3358
vn 0.8860 -0.1218 0.4475
vn 0.4986 -0.1909 -0.8455
vn 0.5140 -0.1359 -0.8470
vn 0.3980 -0.5759 -0.7141
vn 0.5008 -0.5507 -0.6678
vn 0.5106 -0.6615 -0.5493
vn 0.4296 -0.7778 -0.4587
vn 0.6183 -0.7595 -0.2021
vn 0.7053 -0.6637 -0.2492
vn 0.7696 -0.6385 -0.0037
vn 0.6700 -0.7398 0.0613
vn 0.7688 -0.5475 0.3304
vn 0.8817 -0.3609 0.3039
vn 0.9756 -0.1740 -0.1337
vn 0.8813 -0.1949 -0.4306
vn 0.6682 -0.5244 -0.5277
vn 0.9206 -0.3415 0.1893
vn 0.8888 -0.4443 -0.1124
vn 0.8915 -0.2862 0.3512
vn 0.7912 -0.5219 -0.3189
vn 0.9177 -0.1651 0.3612
vn 0.9398 -0.0571 0.3371
vn 0.7594 -0.2083 0.6163
vn 0.9838 0.0572 0.1701
vn 0.9862 0.1158 -0.1187
vn 0.9155 0.1604 -0.3689
vn 0.7299 -0.0195 0.6832
vn 0.8125 -0.2748 0.5142
vn 0.8818 -0.0116 0.4714
vn 0.0350 0.3819 0.9235
vn 0.6848 -0.5510 0.4769
vn 0.8633 -0.3845 0.3269
vn 0.8167 -0.2123 -0.5366
vn 0.8866 -0.1119 0.4488
vn 0.7743 -0.1274 0.6199
vn 0.7627 -0.1260 0.6343
vn 0.7714 -0.1413 0.6205
vn 0.7860 -0.1974 0.5858
vn 0.7384 0.2754 -0.6156
vn 0.6425 0.2476 -0.7252
vn 0.6171 0.1994 -0.7612
vn 0.6517 -0.1381 -0.7458
vn 0.6060 -0.4514 -0.6550
vn 0.6234 -0.4944 -0.6058
vn -0.9782 0.1548 -0.1387
vn -0.9448 0.1394 -0.2965
vn -0.9868 0.1511 -0.0577
vn -0.9215 0.1510 -0.3577
vn -0.9605 0.1701 0.2204
vn -0.9511 0.1937 0.2407
vn -0.9307 0.1558 -0.3308
vn -0.9063 0.1730 -0.3856
vn -0.9206 0.1783 -0.3474
vn -0.9174 0.1819 -0.3540
vn -0.8448 0.1517 0.5131
vn -0.8645 0.2295 0.4472
vn -0.7560 0.3088 0.5772
vn -0.7455 0.3189 0.5853
vn -0.8046 0.2982 0.5136
vn -0.8057 0.1477 0.5736
vn -0.8299 -0.0369 0.5568
vn -0.7403 -0.0291 0.6717
vn -0.7534 0.0196 0.6572
vn -0.8935 0.1808 0.4111
vn -0.3096 0.5023 -0.8074
vn -0.0584 0.8634 -0.5012
vn -0.3196 0.4976 -0.8064
vn -0.0808 0.8344 -0.5451
vn 0.2001 0.9773 -0.0695
vn 0.2042 0.9777 -0.0495
vn 0.2626 0.9573 0.1212
vn 0.2698 0.9557 0.1174
vn -0.4383 -0.0198 -0.8986
vn -0.4389 0.0193 -0.8983
vn -0.4042 -0.5647 -0.7196
vn -0.3932 -0.5896 -0.7055
vn -0.2037 -0.8759 -0.4374
vn -0.1860 -0.8884 -0.4198
vn 0.0549 -0.9984 0.0091
vn 0.0765 -0.9951 0.0631
vn 0.1694 -0.9496 0.2637
vn 0.1658 -0.9501 0.2643
vn 0.1710 -0.9569 0.2346
vn 0.1702 -0.9587 0.2280
vn 0.1524 -0.9776 0.1451
vn 0.1614 -0.9763 0.1443
vn 0.1309 -0.9871 0.0924
vn 0.1184 -0.9892 0.0869
vn 0.1193 -0.9923 0.0335
vn 0.1261 -0.9920 0.0004
vn 0.1362 -0.9903 -0.0288
vn 0.1885 -0.9819 0.0183
vn 0.2166 -0.9747 0.0550
vn 0.2174 0.8536 0.4734
vn 0.2507 0.9143 0.3180
vn 0.2412 0.9171 0.3175
vn 0.2289 0.8573 0.4612
vn 0.1883 0.8656 0.4641
vn 0.1779 0.8810 0.4384
vn 0.1829 0.9072 0.3788
vn 0.1834 0.8974 0.4012
vn 0.1914 0.8797 0.4353
vn -0.0632 0.6234 0.7794
vn -0.0613 0.6419 0.7643
vn -0.2432 0.1537 0.9577
vn -0.2348 0.1507 0.9603
vn 0.5630 -0.1627 -0.8103
vn 0.7469 -0.2426 -0.6191
vn 0.4736 -0.1798 -0.8622
vn 0.7552 -0.2272 -0.6149
vn 0.7882 -0.3373 -0.5148
vn 0.5054 -0.2926 -0.8118
vn 0.7701 -0.3280 -0.5471
vn 0.7900 -0.3655 -0.4923
vn 0.8189 -0.5246 -0.2328
vn 0.7658 -0.4798 -0.4282
vn 0.7041 -0.5871 -0.3995
vn 0.8397 -0.5273 0.1297
vn 0.8976 -0.4343 0.0753
vn 0.8042 -0.3374 0.4894
vn 0.5998 -0.3991 0.6935
vn 0.4873 -0.1557 0.8593
vn 0.7672 -0.2556 -0.5883
vn 0.6044 -0.3435 -0.7188
vn 0.1528 -0.6470 -0.7470
vn 0.8658 -0.3071 -0.3951
vn 0.8410 -0.3963 -0.3683
vn 0.4438 -0.7329 -0.5157
vn 0.9321 -0.3446 -0.1112
vn 0.8715 -0.1165 0.4764
vn 0.8818 -0.0576 0.4681
vn 0.9815 -0.1426 -0.1274
vn 0.7942 -0.5177 -0.3181
vn 0.9202 -0.0458 -0.3888
vn 0.7596 0.2622 -0.5953
vn 0.8816 0.4513 -0.1385
vn 0.5802 0.2571 -0.7728
vn 0.6643 0.0322 -0.7468
vn 0.6222 -0.3559 -0.6973
vn 0.8927 0.1890 0.4090
vn 0.8608 -0.2045 0.4662
vn -0.0378 0.0430 -0.9984
vn -0.1658 0.5332 -0.8296
vn -0.4309 0.0575 -0.9006
vn -0.6106 0.5457 -0.5739
vn -0.3595 0.8839 -0.2991
vn 0.1434 0.7881 -0.5986
vn -0.1019 0.8699 -0.4825
vn 0.3681 0.9239 -0.1044
vn -0.4302 -0.3869 -0.8156
vn -0.0479 -0.5494 -0.8342
vn -0.3618 -0.8930 -0.2677
vn 0.1468 -0.9223 -0.3574
vn 0.3060 0.5211 0.7967
vn 0.0408 0.8953 0.4436
vn 0.0700 -0.8421 -0.5347
vn 0.2201 0.1289 0.9669
vn -0.1865 0.5956 0.7813
vn -0.2532 0.2001 0.9465
vn -0.0995 0.2157 0.9714
vn 0.2225 0.0613 0.9730
vn 0.1411 0.1873 0.9721
vn 0.4692 0.0120 0.8830
vn 0.8357 -0.0867 0.5423
vn 0.8612 -0.2440 0.4458
vn 0.6867 -0.1947 0.7004
vn 0.9786 -0.2051 -0.0175
vn 0.2490 -0.1164 0.9615
vn -0.1572 0.0186 0.9874
vn 0.2362 -0.0625 0.9697
vn 0.8298 -0.2630 0.4922
vn 0.7467 -0.5704 0.3421
vn 0.7370 -0.4627 -0.4927
vn 0.9181 -0.3091 -0.2481
vn 0.8267 -0.3334 -0.4532
vn -0.0989 0.8803 0.4639
vn -0.0572 -0.0483 -0.9972
vn -0.0786 -0.0476 -0.9958
vn -0.0875 -0.0462 -0.9951
vn -0.0423 -0.0460 -0.9980
vn -0.0952 -0.0817 -0.9921
vn -0.0053 -0.0906 -0.9959
vn 0.0157 -0.1093 -0.9939
vn 0.0318 -0.4630 -0.8858
vn 0.0410 -0.5523 -0.8327
vn -0.0990 -0.0912 -0.9909
vn -0.1347 -0.1275 -0.9827
vn 0.0348 -0.7968 -0.6032
vn 0.0422 -0.7957 -0.6043
vn 0.0367 0.9211 0.3875
vn 0.0055 0.2103 0.9776
vn 0.0090 0.9005 0.4349
vn 0.0253 0.2208 0.9750
vn -0.0484 -0.0298 0.9984
vn -0.0521 -0.0280 0.9982
vn -0.0875 -0.1257 0.9882
vn -0.1027 -0.1452 0.9841
vn -0.1742 -0.2810 0.9438
vn -0.1893 -0.2816 0.9407
vn 0.0912 0.9667 -0.2392
vn 0.0914 0.9667 -0.2392
vn -0.9507 0.3101 0.0104
vn -0.9640 0.2660 -0.0006
vn -0.9658 0.2591 -0.0112
vn -0.9536 0.3002 0.0215
vn -0.9438 0.3292 0.0311
vn -0.9507 0.3080 0.0374
vn -0.9773 0.2117 0.0005
vn -0.9754 0.2202 0.0055
vn -0.9831 0.1828 0.0099
vn -0.9830 0.1831 0.0096
vn -0.9755 0.1701 0.1394
vn -0.9254 0.0315 0.3776
vn -0.9463 0.1944 0.2583
vn -0.9752 0.2179 0.0397
vn -0.9069 -0.0316 0.4201
vn -0.8785 0.0155 0.4775
vn -0.8269 -0.0692 0.5581
vn -0.9796 0.0925 0.1782
vn -0.9876 0.1429 -0.0648
vn -0.9947 0.0990 0.0294
vn -0.9890 0.1161 -0.0916
vn -0.9873 0.1026 0.1210
vn 0.8299 -0.5560 0.0471
vn -0.5302 0.5581 -0.6382
vn -0.8896 0.3507 0.2927
vn -0.6363 0.7640 0.1071
vn -0.6322 0.1209 -0.7653
vn -0.7833 -0.2759 -0.5570
vn -0.9393 -0.1673 0.2995
vn -0.5807 0.3709 0.7247
vn -0.4461 0.8225 0.3529
vn -0.8131 -0.2524 0.5245
vn -0.5427 -0.4822 -0.6877
vn -0.1068 -0.0390 -0.9935
vn -0.4658 0.8681 -0.1717
vn -0.7707 0.4268 -0.4731
vn -0.2458 0.0453 -0.9683
vn -0.4091 0.8945 0.1802
vn -0.6520 0.1184 -0.7489
vn -0.8447 0.1929 -0.4992
vn -0.8242 0.2676 -0.4991
vn -0.6757 0.3058 -0.6707
vn -0.8783 0.4629 -0.1199
vn -0.8584 0.4985 -0.1212
vn 0.9164 0.1592 -0.3672
vn 0.7875 -0.0798 0.6111
vn 0.8448 -0.2574 -0.4690
vn 0.8728 0.3254 0.3637
vn 0.6671 -0.6843 -0.2943
vn 0.5543 -0.5923 0.5848
vn 0.3963 0.1266 0.9094
vn 0.7111 0.4878 0.5064
vn 0.3187 -0.5545 0.7687
vn 0.3904 -0.7356 -0.5536
vn 0.3963 -0.1911 -0.8980
vn 0.5256 -0.1664 -0.8343
vn 0.9925 -0.0232 -0.1196
vn 0.8888 0.4529 0.0705
vn 0.7851 0.5135 0.3462
vn 0.8489 -0.2608 -0.4597
vn 0.9524 -0.2639 -0.1524
vn 0.9712 -0.1860 -0.1488
vn 0.9284 -0.0987 -0.3581
vn 0.9719 0.0013 0.2354
vn 0.9727 0.0439 0.2277
vn 0.4917 0.5429 -0.6808
vn 0.9209 0.3238 0.2172
vn 0.5698 0.1030 -0.8153
vn 0.6655 0.7445 0.0528
vn 0.7258 -0.2984 -0.6199
vn 0.9555 -0.1956 0.2207
vn 0.6499 0.3525 0.6733
vn 0.4982 0.8084 0.3136
vn 0.8459 -0.2774 0.4555
vn 0.4691 -0.4973 -0.7298
vn 0.0226 -0.0409 -0.9989
vn 0.4756 0.8540 -0.2108
vn 0.7411 0.4043 -0.5360
vn 0.1656 0.0391 -0.9854
vn 0.4493 0.8817 0.1441
vn 0.5908 0.0998 -0.8007
vn 0.8057 0.1683 -0.5680
vn 0.7874 0.2436 -0.5662
vn 0.6265 0.2864 -0.7249
vn 0.8786 0.4368 -0.1929
vn 0.8597 0.4731 -0.1926
vn -0.9386 0.1869 -0.2899
vn -0.7360 -0.0571 0.6746
vn -0.8295 0.3508 0.4346
vn -0.8882 -0.2316 -0.3968
vn -0.7094 -0.6638 -0.2370
vn -0.5212 -0.5762 0.6296
vn -0.3154 0.1372 0.9390
vn -0.6517 0.5081 0.5632
vn -0.2702 -0.5457 0.7932
vn -0.4568 -0.7230 -0.5183
vn -0.4752 -0.1781 -0.8617
vn -0.5980 -0.1496 -0.7874
vn -0.9993 0.0065 -0.0367
vn -0.8660 0.4791 0.1436
vn -0.7381 0.5362 0.4096
vn -0.8916 -0.2349 -0.3872
vn -0.9692 -0.2352 -0.0724
vn -0.9853 -0.1569 -0.0673
vn -0.9575 -0.0706 -0.2796
vn -0.9485 0.0297 0.3154
vn -0.9488 0.0723 0.3076
vn -0.8584 0.4150 -0.3017
vn -0.8878 0.4497 0.0981
vn -0.7902 0.5033 -0.3496
vn -0.9189 0.3935 0.0291
vn -0.6762 0.4468 -0.5858
vn -0.6738 0.3630 -0.6436
vn -0.7128 0.1978 -0.6729
vn -0.5606 0.2934 -0.7744
vn -0.8864 0.2218 0.4063
vn -0.9021 0.1001 0.4197
vn -0.9036 -0.1166 0.4123
vn -0.8489 -0.0960 0.5197
vn -0.5727 -0.1749 -0.8009
vn -0.5864 -0.1195 -0.8011
vn -0.4730 -0.5629 -0.6778
vn -0.5708 -0.5347 -0.6231
vn -0.5740 -0.6454 -0.5040
vn -0.4893 -0.7641 -0.4204
vn -0.6553 -0.7405 -0.1490
vn -0.7430 -0.6421 -0.1889
vn -0.7859 -0.6153 0.0611
vn -0.6842 -0.7197 0.1177
vn -0.7546 -0.5248 0.3939
vn -0.8637 -0.3349 0.3766
vn -0.9881 -0.1447 -0.0519
vn -0.9194 -0.1680 -0.3556
vn -0.7251 -0.5037 -0.4696
vn -0.9115 -0.3141 0.2656
vn -0.9079 -0.4175 -0.0376
vn -0.8673 -0.2600 0.4245
vn -0.8891 -0.1383 0.4364
vn -0.8301 -0.4977 -0.2513
vn -0.6709 0.0014 0.7416
vn -0.7114 -0.1863 0.6776
vn -0.9098 -0.0296 0.4140
vn -0.9641 0.0863 0.2512
vn -0.9887 0.1455 -0.0363
vn -0.9378 0.1881 -0.2917
vn -0.7748 -0.2511 0.5803
vn -0.8395 0.0141 0.5431
vn 0.0533 0.3816 0.9228
vn -0.6588 -0.5309 0.5330
vn -0.8442 -0.3590 0.3981
vn -0.8645 -0.1873 -0.4664
vn -0.8490 -0.0858 0.5213
vn -0.7235 -0.1050 0.6823
vn -0.7108 -0.1040 0.6957
vn -0.7211 -0.1190 0.6826
vn -0.7402 -0.1746 0.6493
vn -0.7785 0.2980 -0.5525
vn -0.6929 0.2676 -0.6696
vn -0.6721 0.2186 -0.7075
vn -0.7152 -0.1177 -0.6889
vn -0.6715 -0.4323 -0.6018
vn -0.6859 -0.4749 -0.5513
vn 0.9674 0.1258 -0.2198
vn 0.9206 0.1116 -0.3741
vn 0.8927 0.1240 -0.4333
vn 0.9827 0.1217 -0.1396
vn 0.9801 0.1412 0.1396
vn 0.9731 0.1650 0.1606
vn 0.9042 0.1284 -0.4074
vn 0.8759 0.1464 -0.4598
vn 0.8935 0.1512 -0.4229
vn 0.8898 0.1549 -0.4292
vn 0.8887 0.1258 0.4409
vn 0.9052 0.2031 0.3734
vn 0.8103 0.2854 0.5118
vn 0.8008 0.2957 0.5208
vn 0.8530 0.2735 0.4446
vn 0.8546 0.1230 0.5045
vn 0.8718 -0.0622 0.4859
vn 0.7924 -0.0520 0.6078
vn 0.8057 -0.0037 0.5923
vn 0.9295 0.1536 0.3352
vn 0.2562 0.4939 -0.8309
vn 0.0422 0.8619 -0.5054
vn 0.0600 0.8323 -0.5510
vn 0.2661 0.4889 -0.8308
vn -0.1759 0.9829 -0.0539
vn -0.1784 0.9834 -0.0336
vn -0.2391 0.9590 0.1523
vn -0.2218 0.9626 0.1554
vn 0.3613 -0.0317 -0.9319
vn 0.3631 0.0074 -0.9317
vn 0.3260 -0.5756 -0.7500
vn 0.3155 -0.6002 -0.7350
vn 0.1405 -0.8810 -0.4518
vn 0.1239 -0.8930 -0.4326
vn -0.0837 -0.9964 0.0150
vn -0.1005 -0.9924 0.0705
vn -0.1751 -0.9445 0.2780
vn -0.1715 -0.9450 0.2784
vn -0.1794 -0.9517 0.2492
vn -0.1791 -0.9535 0.2426
vn -0.1689 -0.9728 0.1584
vn -0.1779 -0.9712 0.1584
vn -0.1521 -0.9829 0.1042
vn -0.1402 -0.9853 0.0976
vn -0.1456 -0.9883 0.0446
vn -0.1551 -0.9878 0.0121
vn -0.1676 -0.9857 -0.0161
vn -0.2155 -0.9759 0.0351
vn -0.2403 -0.9679 0.0741
vn -0.1518 0.8591 0.4888
vn -0.1862 0.9260 0.3285
vn -0.1641 0.8632 0.4775
vn -0.2003 0.9267 0.3179
vn -0.1232 0.8702 0.4771
vn -0.1146 0.8854 0.4506
vn -0.1236 0.9118 0.3916
vn -0.1226 0.9020 0.4140
vn -0.1282 0.8845 0.4486
vn 0.1463 0.6203 0.7706
vn 0.1438 0.6389 0.7558
vn 0.3264 0.1452 0.9340
vn 0.3182 0.1424 0.9373
vn -0.4768 -0.2131 -0.8528
vn -0.8127 -0.2335 -0.5339
vn -0.7821 -0.2865 -0.5534
vn -0.5684 -0.1648 -0.8061
vn -0.8485 -0.3132 -0.4267
vn -0.5983 -0.2768 -0.7519
vn -0.7139 -0.3364 -0.6141
vn -0.7464 -0.3781 -0.5476
vn -0.8544 -0.4996 -0.1425
vn -0.8214 -0.4559 -0.3427
vn -0.7605 -0.5650 -0.3200
vn -0.8365 -0.5022 0.2194
vn -0.8970 -0.4063 0.1743
vn -0.7572 -0.3142 0.5726
vn -0.5349 -0.3826 0.7533
vn -0.3953 -0.1293 0.9094
vn -0.7219 -0.3117 -0.6178
vn -0.6647 -0.3555 -0.6571
vn -0.8408 -0.3190 -0.4373
vn -0.8801 -0.3706 -0.2967
vn -0.5067 -0.7187 -0.4761
vn -0.9480 -0.3165 -0.0329
vn -0.8319 -0.0910 0.5474
vn -0.8411 -0.0319 0.5399
vn -0.9925 -0.1132 -0.0451
vn -0.8330 -0.4935 -0.2503
vn -0.9503 -0.0179 -0.3108
vn -0.7983 0.2854 -0.5304
vn -0.8762 0.4775 -0.0653
vn -0.6345 0.2753 -0.7223
vn -0.7229 0.0529 -0.6889
vn -0.6883 -0.3364 -0.6427
vn -0.8496 0.2150 0.4816
vn -0.8247 -0.1793 0.5364
vn -0.0440 0.0431 -0.9981
vn 0.1120 0.5290 -0.8412
vn 0.3561 0.0457 -0.9333
vn 0.5767 0.5280 -0.6233
vn 0.3595 0.8732 -0.3291
vn -0.1691 0.7928 -0.5856
vn 0.0872 0.8671 -0.4904
vn -0.3479 0.9346 -0.0746
vn 0.3492 -0.3985 -0.8481
vn -0.0380 -0.5495 -0.8346
vn 0.3115 -0.9031 -0.2957
vn -0.2034 -0.9171 -0.3428
vn -0.2231 0.5290 0.8187
vn 0.0229 0.8955 0.4444
vn -0.0997 -0.8429 -0.5287
vn -0.2336 -0.6412 -0.7309
vn -0.1350 0.1342 0.9817
vn 0.2684 0.5889 0.7624
vn 0.3368 0.1913 0.9219
vn 0.1863 0.2114 0.9595
vn -0.1389 0.0667 0.9881
vn -0.0541 0.1903 0.9802
vn -0.3911 0.0430 0.9193
vn -0.7942 -0.0546 0.6053
vn -0.7587 -0.2217 0.6125
vn -0.5509 -0.1629 0.8185
vn -0.9823 -0.1758 0.0642
vn -0.1835 -0.0840 0.9794
vn 0.2392 0.0126 0.9709
vn -0.1564 -0.0567 0.9861
vn -0.7988 -0.2403 0.5515
vn -0.7029 -0.6114 0.3635
vn -0.7735 -0.4498 -0.4465
vn -0.8818 -0.3525 -0.3132
vn -0.7566 -0.3197 -0.5704
vn 0.1633 0.8764 0.4530
vn -0.0511 -0.0484 -0.9975
vn -0.0062 -0.0961 -0.9954
vn -0.0659 -0.0457 -0.9968
vn -0.0081 -0.1062 -0.9943
vn 0.0387 -0.1361 -0.9899
vn -0.1039 -0.0891 -0.9906
vn -0.1040 -0.1147 -0.9879
vn -0.0661 -0.4582 -0.8864
vn -0.0541 -0.5692 -0.8204
vn 0.0468 -0.1283 -0.9906
vn 0.0486 -0.1302 -0.9903
vn -0.0575 -0.7879 -0.6131
vn -0.0666 -0.7866 -0.6139
vn 0.0231 0.9213 0.3881
vn 0.0743 0.2425 0.9673
vn 0.0592 0.2454 0.9676
vn 0.0540 0.8998 0.4330
vn 0.1452 -0.0027 0.9894
vn 0.1518 -0.0022 0.9884
vn 0.1881 -0.1293 0.9736
vn 0.1900 -0.1504 0.9702
vn 0.1914 -0.2812 0.9404
vn 0.1860 -0.2807 0.9416
vn -0.0819 0.9693 -0.2320
vn -0.0820 0.9693 -0.2320
vn 0.9518 0.2938 -0.0882
vn 0.9632 0.2518 -0.0944
vn 0.9535 0.2917 -0.0755
vn 0.9662 0.2310 -0.1146
vn 0.9401 0.3356 -0.0604
vn 0.9468 0.3169 -0.0553
vn 0.9766 0.1977 -0.0844
vn 0.9736 0.2181 -0.0674
vn 0.9843 0.1637 -0.0666
vn 0.9822 0.1714 -0.0765
vn 0.9884 0.1408 0.0577
vn 0.9699 0.1658 0.1785
vn 0.9541 0.0034 0.2994
vn 0.9811 0.1888 -0.0417
vn 0.9374 -0.0591 0.3433
vn 0.9152 -0.0113 0.4028
vn 0.8680 -0.0945 0.4875
vn 0.9934 0.0631 0.0960
vn 0.9826 0.1134 -0.1469
vn 0.9962 0.0693 -0.0536
vn 0.9810 0.0867 -0.1737
vn 0.9966 0.0734 0.0385
vn -0.8365 -0.5308 0.1361
vn -0.1916 -0.9754 -0.1094
vn -0.0684 -0.9913 0.1128
vn -0.0942 -0.9871 0.1294
vn -0.1954 -0.9767 -0.0891
vn 0.0977 -0.9343 0.3428
vn 0.1678 -0.9153 0.3663
vn 0.1989 -0.9096 0.3647
vn 0.2427 -0.8988 0.3649
vn 0.3393 -0.8457 0.4120
vn 0.3652 -0.8362 0.4091
vn 0.3712 -0.8262 0.4239
vn 0.3703 -0.8283 0.4204
vn 0.3165 -0.8793 0.3560
vn 0.3140 -0.8705 0.3789
vn 0.2235 -0.9064 0.3584
vn 0.2140 -0.8933 0.3952
vn 0.0512 -0.9559 0.2893
vn 0.0293 -0.9503 0.3099
vn -0.1252 -0.9693 0.2116
vn -0.1305 -0.9587 0.2527
vn -0.2318 -0.9508 0.2053
vn -0.2376 -0.9382 0.2517
vn -0.3824 -0.9058 0.1823
vn -0.3864 -0.8941 0.2262
vn -0.5486 -0.8240 0.1418
vn -0.5532 -0.8146 0.1743
vn -0.6235 -0.7680 0.1461
vn -0.6267 -0.7656 0.1454
vn -0.7077 -0.7008 0.0895
vn -0.7151 -0.6947 0.0772
vn -0.7825 -0.6195 0.0632
vn -0.7704 -0.6350 0.0581
vn -0.7670 -0.6363 0.0827
vn -0.7826 -0.6148 0.0975
vn -0.7180 -0.6862 0.1165
vn -0.7229 -0.6794 0.1254
vn -0.6659 -0.7306 0.1512
vn -0.6916 -0.7028 0.1664
vn -0.6463 -0.7466 0.1575
vn -0.6290 -0.7612 0.1582
vn -0.1203 0.7892 0.6023
vn 0.8054 0.2400 0.5421
vn 0.6309 0.5820 0.5131
vn -0.3757 0.7098 0.5958
vn -0.2191 0.9744 -0.0505
vn 0.5246 0.8342 -0.1698
vn 0.8399 0.4683 -0.2743
vn -0.6510 0.7580 0.0409
vn -0.5590 0.8284 0.0357
vn -0.8067 0.3583 0.4700
vn -0.4921 0.8696 0.0419
vn 0.2088 0.7013 -0.6816
vn -0.6447 0.6055 0.4667
vn 0.4385 0.6852 -0.5816
vn 0.7637 0.2409 -0.5990
vn 0.5322 0.3073 -0.7889
vn -0.0280 0.7505 -0.6602
vn -0.5684 0.8214 -0.0461
vn -0.6304 0.7751 -0.0421
vn 0.1340 0.6227 -0.7709
vn -0.7621 0.5676 0.3114
vn -0.6890 0.6691 0.2785
vn 0.3125 0.4934 -0.8117
vn 0.5713 0.1535 -0.8063
vn 0.0171 0.7530 -0.6578
vn -0.6017 0.7978 -0.0378
vn -0.7392 0.6066 0.2926
vn 0.4275 0.4611 -0.7776
vn 0.1201 0.7762 -0.6189
vn -0.4679 0.8802 -0.0794
vn -0.6490 0.7404 0.1750
vn 0.4698 0.4916 -0.7332
vn -0.4408 0.8935 0.0861
vn 0.2764 0.7813 -0.5597
vn -0.6541 0.6480 0.3902
vn 0.5950 0.4650 -0.6555
vn -0.0637 0.9970 -0.0447
vn 0.4289 0.7582 -0.4911
vn -0.1978 0.9723 0.1244
vn 0.6522 0.4277 -0.6259
vn 0.0357 0.9993 0.0100
vn 0.5080 0.7106 -0.4868
vn -0.1816 0.9594 0.2157
vn 0.6799 0.3668 -0.6350
vn 0.2108 0.9757 0.0602
vn 0.6388 0.5381 -0.5498
vn -0.0283 0.9533 0.3006
vn 0.6961 0.0975 -0.7113
vn 0.3711 0.9184 0.1373
vn 0.7027 0.4859 -0.5197
vn 0.1442 0.9106 0.3874
vn 0.6846 0.0673 -0.7258
vn 0.4198 0.8749 0.2413
vn 0.7208 0.4596 -0.5189
vn 0.1232 0.7978 0.5902
vn 0.6514 0.0682 -0.7557
vn 0.5957 0.7619 0.2545
vn 0.7416 0.4947 -0.4531
vn 0.3897 0.7026 0.5954
vn 0.6660 0.2561 -0.7006
vn 0.7038 0.6352 0.3180
vn 0.7761 0.5075 -0.3743
vn 0.4992 0.5449 0.6737
vn 0.6959 0.3745 -0.6128
vn 0.7164 0.5514 -0.4274
vn 0.7672 0.6238 0.1493
vn 0.7285 0.5747 0.3729
vn 0.5797 0.3957 -0.7123
vn 0.6197 0.6228 -0.4776
vn 0.7500 0.6548 0.0938
vn 0.7365 0.6013 0.3099
vn 0.4618 0.4612 -0.7577
vn 0.3694 0.9238 0.1013
vn 0.4252 0.8874 0.1782
vn -0.3392 0.8451 0.4132
vn 0.3318 0.8855 0.3253
vn 0.0465 0.9766 -0.2098
vn 0.3656 0.5585 -0.7446
vn -0.0501 0.1625 -0.9854
vn -0.1649 0.9656 -0.2011
vn -0.0833 0.4375 -0.8954
vn 0.2996 0.5592 -0.7730
vn 0.0496 0.6649 -0.7453
vn 0.1965 0.3107 -0.9300
vn -0.2380 0.6640 -0.7089
vn -0.3197 0.4416 -0.8384
vn -0.1610 0.2359 -0.9583
vn -0.3750 0.2383 -0.8959
vn -0.2191 0.0491 -0.9745
vn -0.4988 0.1695 -0.8500
vn 0.0527 0.1795 -0.9823
vn 0.0456 -0.0223 -0.9987
vn -0.3082 -0.0822 -0.9477
vn 0.0415 -0.2674 -0.9627
vn -0.2247 -0.2068 -0.9522
vn -0.5740 -0.0280 -0.8184
vn -0.5886 0.0863 -0.8038
vn 0.2879 -0.3519 -0.8907
vn 0.2937 0.7070 -0.6434
vn 0.2172 0.7181 -0.6612
vn 0.0946 0.7840 -0.6136
vn 0.4242 -0.6823 0.5954
vn 0.1877 -0.2000 0.9616
vn -0.0442 -0.5527 0.8322
vn 0.6743 -0.3155 0.6677
vn -0.3781 0.0420 0.9248
vn 0.8028 0.0373 0.5951
vn 0.3105 0.1109 0.9441
vn 0.8791 0.0855 0.4690
vn 0.4597 0.2791 0.8431
vn -0.0476 0.5395 0.8406
vn -0.2316 0.3234 0.9175
vn -0.3968 0.6131 0.6832
vn -0.5552 0.4425 0.7043
vn 0.9971 -0.0599 0.0477
vn 0.9917 0.0229 0.1263
vn 0.8685 -0.3028 0.3925
vn 0.6336 -0.6716 0.3841
vn -0.1483 0.7988 0.5831
vn 0.4205 0.5760 0.7010
vn 0.8743 0.2846 0.3931
vn 0.4238 0.7143 0.5569
vn 0.3249 -0.9123 0.2494
vn -0.2279 -0.8862 0.4033
vn 0.0881 -0.8521 -0.5158
vn -0.4599 -0.8094 -0.3653
vn -0.3887 -0.3902 -0.8346
vn 0.4340 -0.6832 -0.5873
vn -0.8277 -0.4536 -0.3304
vn -0.7920 -0.0825 -0.6049
vn 0.4644 -0.8842 0.0494
vn -0.8986 -0.4002 0.1797
vn -0.7586 -0.5928 0.2705
vn -0.6038 -0.3642 0.7091
vn -0.8216 -0.2540 0.5104
vn -0.6627 0.1548 0.7328
vn -0.5291 -0.2836 0.7997
vn 0.2965 -0.4318 0.8518
vn 0.1376 0.0710 0.9879
vn -0.6733 -0.0549 0.7373
vn -0.0739 0.3384 0.9381
vn -0.8230 -0.0686 0.5639
vn -0.2941 0.5154 0.8049
vn 0.4478 0.6627 0.6003
vn 0.3012 0.8540 0.4241
vn -0.7725 0.4958 0.3967
vn 0.6183 0.4274 0.6596
vn 0.8171 0.0200 0.5762
vn 0.7472 0.5054 0.4316
vn 0.8943 0.2115 0.3942
vn 0.9950 0.0591 -0.0803
vn 0.9641 -0.2391 0.1159
vn 0.4482 -0.7415 0.4993
vn -0.0860 -0.9433 0.3206
vn -0.2867 -0.6655 0.6892
vn -0.4686 -0.7438 0.4767
vn -0.7135 -0.4107 0.5676
vn -0.2728 -0.9615 0.0330
vn 0.5692 0.7217 0.3939
vn 0.3665 0.8890 0.2747
vn -0.8590 -0.1964 0.4728
vn -0.9104 -0.2234 0.3481
vn -0.9277 -0.1136 0.3556
vn -0.6671 0.7059 0.2381
vn 0.2403 0.9656 0.0997
vn 0.3052 0.9352 0.1794
vn 0.0187 -0.9985 0.0524
vn 0.4274 -0.9007 -0.0786
vn -0.0876 -0.9668 -0.2402
vn 0.5008 -0.6947 -0.5162
vn 0.8744 -0.4344 -0.2160
vn 0.8027 -0.0880 -0.5899
vn -0.1086 -0.0591 -0.9923
vn -0.0909 0.3266 -0.9408
vn -0.2992 0.2403 -0.9235
vn 0.0517 0.0183 -0.9985
vn -0.3350 0.4083 -0.8492
vn -0.4993 0.2466 -0.8306
vn -0.3706 0.0917 -0.9243
vn -0.2626 -0.1103 -0.9586
vn -0.1659 -0.3194 -0.9330
vn 0.0152 -0.2360 -0.9716
vn -0.0203 -0.5063 -0.8621
vn 0.1926 -0.3333 -0.9229
vn 0.0494 -0.6373 -0.7690
vn 0.2641 -0.5118 -0.8175
vn 0.2891 -0.5147 -0.8071
vn 0.4321 -0.2977 -0.8513
vn 0.4568 -0.1442 -0.8778
vn 0.1978 -0.1304 -0.9715
vn -0.4422 0.1087 -0.8903
vn -0.2439 0.2128 -0.9462
vn -0.1640 0.0251 -0.9861
vn -0.0286 0.3631 -0.9313
vn -0.0735 0.4987 -0.8636
vn -0.1558 0.5314 0.8327
vn -0.3066 -0.1344 0.9423
vn -0.3117 0.5393 0.7823
vn -0.1331 -0.1005 0.9860
vn -0.1493 -0.6629 0.7337
vn -0.0797 -0.6671 0.7407
vn -0.6248 -0.1514 0.7660
vn -0.6303 0.5213 0.5753
vn -0.8984 0.3876 0.2066
vn -0.8280 -0.3797 0.4126
vn -0.3877 -0.8019 0.4546
vn -0.3239 -0.6833 0.6543
vn -0.9180 -0.3911 0.0655
vn -0.9498 0.2592 -0.1751
vn -0.8496 0.0987 -0.5181
vn -0.8422 -0.4720 -0.2606
vn -0.5303 -0.8413 0.1044
vn -0.4961 -0.8099 0.3131
vn -0.6420 -0.0209 -0.7664
vn -0.6637 -0.5450 -0.5123
vn -0.4618 -0.8826 -0.0884
vn -0.3922 -0.6037 -0.6941
vn -0.3533 -0.1089 -0.9292
vn -0.0355 -0.1581 -0.9868
vn -0.0523 -0.6611 -0.7485
vn -0.2842 -0.9237 -0.2569
vn -0.0199 -0.9457 -0.3244
vn 0.2934 -0.1737 -0.9401
vn 0.3042 -0.6462 -0.6999
vn 0.6168 -0.1316 -0.7760
vn 0.6191 -0.6094 -0.4953
vn 0.2712 -0.9224 -0.2749
vn 0.4528 -0.8879 -0.0809
vn 0.8610 -0.0369 -0.5073
vn 0.7998 -0.5562 -0.2256
vn 0.9829 0.0830 -0.1642
vn 0.8812 -0.4688 0.0614
vn 0.5094 -0.8545 0.1011
vn 0.5294 -0.8079 0.2591
vn 0.8427 -0.3310 0.4245
vn 0.9301 0.2432 0.2751
vn 0.6117 -0.1998 0.7654
vn 0.6465 0.3816 0.6606
vn 0.4904 -0.7363 0.4662
vn 0.3567 -0.6534 0.6677
vn 0.3055 -0.1472 0.9408
vn 0.3283 0.4684 0.8203
vn 0.1603 -0.1123 0.9807
vn 0.2135 0.5103 0.8331
vn 0.1788 -0.6602 0.7295
vn 0.0923 -0.6578 0.7475
vn 0.3467 -0.5757 -0.7405
vn 0.1330 0.1599 -0.9781
vn 0.2698 0.1581 -0.9499
vn 0.1752 -0.6100 -0.7728
vn 0.3045 -0.8559 -0.4179
vn 0.1303 -0.9071 -0.4001
vn 0.1337 -0.0169 -0.9909
vn 0.2543 -0.0283 -0.9667
vn 0.5606 0.0268 -0.8276
vn 0.6067 0.1661 -0.7773
vn 0.8658 0.1280 -0.4838
vn 0.8535 0.2178 -0.4734
vn 0.7802 -0.6228 -0.0586
vn 0.6190 -0.6631 -0.4209
vn 0.3188 -0.9201 0.2274
vn 0.3289 -0.9444 -0.0005
vn 0.9403 0.3107 -0.1387
vn 0.9728 0.2109 -0.0956
vn 0.8881 0.4214 0.1833
vn 0.8534 0.5077 0.1177
vn 0.7289 -0.4634 0.5039
vn 0.7812 -0.5665 0.2623
vn 0.1495 -0.8933 0.4239
vn 0.2200 -0.9012 0.3734
vn 0.7018 0.5270 0.4793
vn 0.6744 0.6313 0.3829
vn 0.5579 -0.3662 0.7448
vn 0.0540 -0.8792 0.4734
vn 0.3024 -0.2588 0.9174
vn 0.0256 -0.8497 0.5267
vn 0.0278 -0.1777 0.9837
vn 0.0188 0.6846 0.7287
vn 0.3627 0.7183 0.5936
vn 0.0038 -0.7628 0.6466
vn 0.3911 0.6167 0.6831
vn 0.0189 0.5722 0.8199
vn -0.2787 -0.1052 0.9546
vn -0.1180 -0.6557 0.7457
vn -0.5787 -0.0765 0.8120
vn -0.6488 0.5987 0.4697
vn -0.3642 0.6275 0.6882
vn -0.2914 -0.6345 0.7159
vn -0.7057 0.4383 0.5567
vn -0.3767 0.4961 0.7823
vn -0.7948 -0.2471 0.5543
vn -0.3508 -0.7659 0.5388
vn -0.3436 -0.8578 0.3824
vn -0.8798 -0.4098 0.2408
vn -0.8487 0.5097 -0.1414
vn -0.7997 0.5737 0.1771
vn -0.9252 0.3681 -0.0922
vn -0.8755 0.3986 0.2730
vn -0.3145 -0.9214 0.2283
vn -0.8206 -0.5590 -0.1193
vn -0.2466 -0.9645 0.0951
vn -0.5893 -0.6702 -0.4511
vn -0.5185 0.3008 -0.8004
vn -0.7786 0.3964 -0.4864
vn -0.8089 0.3001 -0.5056
vn -0.5233 0.1883 -0.8311
vn -0.1631 -0.9750 -0.1511
vn -0.2966 -0.6759 -0.6747
vn -0.0944 -0.9124 -0.3983
vn -0.1296 -0.5621 -0.8169
vn -0.2365 0.2458 -0.9400
vn -0.1010 0.2322 -0.9674
vn -0.2665 0.0989 -0.9588
vn -0.1426 -0.0507 -0.9885
vn -0.6246 -0.0386 -0.7800
vn -0.9150 0.0900 -0.3932
vn -0.6836 0.5170 -0.5152
vn -0.4155 0.4601 -0.7847
vn -0.3173 -0.0293 -0.9479
vn -0.1618 0.5455 -0.8223
vn -0.1699 -0.0038 -0.9854
vn -0.0763 0.6331 -0.7703
vn -0.7379 0.6507 -0.1793
vn -0.9721 0.2343 0.0046
vn -0.8688 0.3855 0.3108
vn -0.6264 0.7795 -0.0019
vn -0.6344 0.5701 0.5221
vn -0.3893 0.9193 0.0580
vn -0.3300 0.6366 0.6971
vn -0.2217 0.9535 0.2044
vn 0.0391 0.6523 0.7569
vn 0.0264 0.9705 0.2397
vn 0.3981 0.5948 0.6983
vn 0.2659 0.9201 0.2877
vn 0.5789 0.7554 0.3071
vn 0.7160 0.4072 0.5670
vn 0.7458 0.6567 0.1122
vn 0.8971 0.2915 0.3320
vn 0.7485 0.6249 -0.2219
vn 0.9802 0.1958 -0.0294
vn 0.5833 0.6141 -0.5316
vn 0.9001 0.0858 -0.4271
vn 0.6332 -0.0401 -0.7730
vn 0.3829 0.5467 -0.7447
vn 0.2781 -0.0732 -0.9578
vn 0.1422 0.5523 -0.8214
vn 0.1326 -0.0916 -0.9869
vn 0.0414 0.6204 -0.7832
vn 0.6478 0.5373 -0.5400
vn 0.6596 0.5435 -0.5192
vn 0.6179 0.7385 -0.2700
vn 0.7339 0.4298 -0.5260
vn 0.7348 0.4211 -0.5317
vn 0.8150 0.3782 -0.4390
vn 0.8194 0.3822 -0.4272
vn 0.8573 0.3764 -0.3514
vn 0.8582 0.3802 -0.3450
vn 0.4440 0.8906 -0.0984
vn 0.3702 0.8691 0.3281
vn 0.3187 0.8842 0.3416
vn -0.0751 0.6493 0.7568
vn -0.1417 0.6509 0.7458
vn -0.1432 0.6549 0.7420
vn -0.1924 0.6876 0.7001
vn -0.2114 0.7116 0.6700
vn -0.2655 0.8092 0.5241
vn -0.2617 0.8274 0.4969
vn -0.3604 0.8766 0.3189
vn -0.3465 0.8251 0.4463
vn -0.3777 0.9028 0.2059
vn 0.4441 0.8906 -0.0983
vn 0.6108 0.7582 -0.2282
vn -0.4577 -0.8443 0.2788
vn 0.1290 -0.8945 -0.4280
vn -0.2863 -0.9323 0.2211
vn 0.1179 -0.8243 -0.5538
vn 0.3498 -0.6696 -0.6552
vn -0.0164 -0.9935 -0.1131
vn -0.4278 -0.6885 0.5856
vn -0.5728 -0.5297 0.6255
vn -0.7788 -0.5316 0.3331
vn -0.1752 -0.8202 -0.5446
vn 0.3850 -0.4085 -0.8276
vn 0.4333 -0.3988 -0.8082
vn -0.4899 -0.7114 -0.5039
vn -0.9508 -0.1883 0.2459
vn -0.9004 0.0022 0.4351
vn -0.7561 -0.2138 0.6186
vn 0.3300 -0.5662 -0.7554
vn -0.3701 -0.8048 -0.4640
vn -0.8948 -0.4463 -0.0107
vn 0.3706 -0.6980 -0.6127
vn -0.5482 -0.8048 -0.2276
vn 0.4402 -0.7121 -0.5470
vn 0.7753 -0.1358 -0.6168
vn 0.5495 -0.7276 -0.4107
vn -0.0571 -0.9676 -0.2460
vn -0.3269 -0.8326 -0.4471
vn 0.2096 -0.6561 -0.7250
vn 0.7049 -0.1896 -0.6835
vn 0.6789 -0.0102 -0.7342
vn 0.1810 -0.4878 -0.8540
vn -0.4332 -0.7020 -0.5653
vn 0.7188 0.0284 -0.6946
vn 0.7343 0.0877 -0.6732
vn 0.8220 -0.0298 -0.5688
vn 0.8349 -0.0040 -0.5503
vn 0.8628 -0.2925 -0.4124
vn 0.8726 -0.2720 -0.4057
vn 0.7888 -0.5125 -0.3394
vn -0.4123 -0.6923 -0.5922
vn 0.7724 -0.5383 -0.3371
vn 0.8332 -0.5347 -0.1411
vn 0.8377 -0.5457 -0.0221
vn -0.6537 -0.4557 -0.6042
vn -0.4332 -0.7019 -0.5653
vn -0.6528 -0.4608 -0.6013
vn -0.6867 -0.3016 -0.6615
vn -0.6805 -0.3035 -0.6669
vn -0.7301 -0.2607 -0.6316
vn -0.7396 -0.2569 -0.6221
vn -0.7232 -0.2696 -0.6358
vn -0.7077 -0.3324 -0.6235
vn -0.4090 -0.6256 -0.6643
vn -0.4095 -0.7270 -0.5512
vn -0.2900 -0.5567 -0.7785
vn 0.8791 -0.4569 -0.1358
vn 0.8331 -0.5348 -0.1411
vn -0.8638 -0.0876 0.4961
vn -0.7856 -0.1556 0.5989
vn -0.8690 -0.0335 0.4936
vn -0.8145 -0.1490 0.5606
vn -0.7012 -0.1109 0.7043
vn -0.6635 -0.0800 0.7439
vn -0.5072 0.1903 0.8405
vn -0.8973 0.1753 0.4051
vn -0.8112 0.3148 0.4928
vn -0.4542 0.6990 0.5524
vn -0.9052 0.3538 0.2354
vn -0.7310 0.6331 0.2545
vn 0.2472 0.7536 0.6091
vn -0.1985 0.8663 0.4584
vn 0.3395 0.8023 0.4910
vn -0.2204 0.9367 0.2719
vn -0.7076 0.7066 -0.0053
vn -0.1339 0.9813 0.1383
vn 0.3943 0.8393 0.3742
vn -0.0685 0.6509 0.7561
vn -0.5073 0.1903 0.8405
vn -0.1847 0.5974 0.7804
vn 0.3493 0.8541 0.3854
vn 0.2034 0.7938 0.5731
vn 0.4684 0.7567 0.4560
vn 0.5272 0.6409 0.5580
vn 0.5531 0.5589 0.6178
vn 0.5349 0.5463 0.6445
vn 0.5192 0.4603 0.7200
vn 0.4984 0.4639 0.7324
vn 0.4878 0.5143 0.7053
vn 0.4971 0.4882 0.7173
vn 0.9165 -0.3682 0.1562
vn 0.8283 -0.2169 0.5166
vn 0.6620 -0.5993 0.4501
vn 0.6754 -0.0878 0.7322
vn 0.8945 0.1233 0.4297
vn 0.9863 -0.0018 0.1650
vn 0.9844 0.1025 0.1431
vn 0.8442 0.2412 0.4787
vn 0.8507 0.3484 0.3936
vn 0.7186 0.2209 0.6594
vn 0.5648 0.3657 0.7397
vn 0.5602 0.4203 0.7138
vn 0.5190 0.5417 0.6612
vn 0.8263 0.4595 0.3256
vn 0.9585 0.2552 -0.1268
vn 0.9769 0.2137 -0.0070
vn 0.5606 0.6361 0.5302
vn 0.8686 0.4657 0.1692
vn 0.9244 0.1629 -0.3449
vn 0.5498 0.6646 0.5061
vn 0.9311 0.3510 0.0995
vn 0.8558 -0.1178 -0.5037
vn 0.9003 -0.3086 -0.3069
vn 0.9458 0.2864 0.1532
vn 0.9709 0.2121 0.1116
vn 0.5377 0.7168 0.4438
vn -0.8871 -0.1242 0.4445
vn -0.5452 0.0963 0.8328
vn -0.5091 0.2023 0.8366
vn -0.9332 0.0613 0.3540
vn -0.4851 0.4428 0.7541
vn -0.5753 -0.4753 -0.6657
vn -0.5301 -0.5593 -0.6374
vn -0.8917 -0.2064 0.4029
vn -0.5896 -0.0402 0.8067
vn -0.8440 -0.3994 0.3579
vn 0.0683 -0.4968 -0.8652
vn 0.0017 -0.4452 -0.8954
vn -0.4082 -0.6777 -0.6116
vn -0.3283 -0.8111 -0.4840
vn 0.1352 -0.5458 -0.8269
vn 0.0540 -0.8071 -0.5879
vn -0.3795 -0.9162 0.1285
vn -0.6717 -0.6608 0.3348
vn -0.5868 -0.3958 0.7064
vn -0.5949 -0.3915 -0.7020
vn -0.0059 -0.4373 -0.8993
vn -0.5465 -0.3451 -0.7630
vn -0.9097 0.3552 0.2154
vn 0.0991 -0.3742 -0.9220
vn 0.1198 -0.5107 -0.8514
vn -0.5845 -0.2585 -0.7691
vn -0.8289 0.5559 0.0622
vn -0.4717 -0.3364 -0.8151
vn -0.8444 0.5057 -0.1769
vn -0.5825 0.7950 0.1693
vn -0.7947 0.5726 -0.2013
vn 0.1285 -0.6533 -0.7462
vn 0.1344 -0.6886 -0.7126
vn -0.4326 0.7069 0.5596
vn -0.4019 0.7988 0.4476
vn 0.8488 -0.3430 0.4024
vn 0.8899 -0.4561 0.0004
vn 0.9076 0.0083 0.4197
vn 0.6585 -0.7509 -0.0495
vn 0.9559 -0.2760 0.1009
vn 0.8362 0.3943 0.3812
vn 0.5985 -0.8006 -0.0280
vn 0.7697 -0.3861 0.5085
vn 0.6578 0.1626 0.7355
vn 0.5880 0.1687 0.7910
vn 0.5980 0.4308 0.6759
vn 0.9372 -0.2994 0.1790
vn 0.4316 0.7854 0.4437
vn 0.3500 0.8955 0.2749
vn 0.3302 0.9147 0.2328
vn 0.3197 0.9270 0.1960
vn 0.8918 -0.4337 0.1290
vn 0.8798 -0.4508 0.1507
vn 0.8518 -0.4858 0.1963
vn -0.9850 -0.0057 -0.1726
vn -0.8361 -0.3903 0.3855
vn -0.9140 0.2872 0.2865
vn -0.6838 0.7182 0.1287
vn -0.8612 0.3316 -0.3852
vn -0.6373 -0.1147 -0.7620
vn -0.6808 -0.3415 -0.6480
vn -0.9031 0.0443 -0.4272
vn -0.7615 -0.5115 -0.3981
vn -0.8969 0.4212 -0.1351
vn -0.8660 0.4987 -0.0364
vn -0.9428 -0.0420 -0.3306
vn -0.6170 -0.6060 -0.5021
vn -0.6268 -0.6559 -0.4205
vn -0.7009 0.7079 -0.0877
vn -0.5996 -0.6610 -0.4513
vn -0.6072 -0.6351 -0.4775
vn -0.6119 -0.6168 -0.4951
vn -0.7257 0.6856 0.0584
vn -0.6234 0.7535 -0.2086
vn 0.0933 -0.9639 -0.2493
vn -0.3416 -0.9337 -0.1067
vn -0.3891 -0.9136 -0.1182
vn 0.1485 -0.9652 -0.2152
vn 0.5404 -0.7704 -0.3384
vn 0.5188 -0.8121 -0.2669
vn 0.6041 -0.7704 -0.2040
vn 0.0439 -0.9847 -0.1684
vn -0.4719 -0.8711 -0.1363
vn -0.3554 -0.9196 -0.1672
vn 0.0599 -0.9744 -0.2165
vn -0.2407 -0.9413 0.2367
vn 0.1165 -0.9069 0.4049
vn 0.4441 -0.8567 -0.2625
vn 0.3622 -0.9237 0.1250
vn 0.0884 -0.3346 0.9382
vn 0.0981 -0.9944 -0.0398
vn -0.0088 0.9800 0.1988
vn 0.4994 0.8648 -0.0514
vn -0.0719 0.9970 0.0276
vn 0.5091 0.8526 0.1175
vn -0.5861 0.7979 0.1411
vn -0.5500 0.7846 0.2863
vn 0.5137 0.8412 -0.1689
vn 0.0225 0.9824 -0.1855
vn -0.4753 0.8672 -0.1484
vn -0.0307 0.9239 0.3814
vn 0.5176 0.8188 0.2485
vn 0.0233 0.9074 0.4196
vn 0.4377 0.8645 0.2471
vn -0.5416 0.7187 0.4361
vn -0.6060 0.6883 0.3987
vn -0.0655 0.9581 -0.2787
vn -0.4835 0.7890 0.3790
vn -0.8236 0.3532 -0.4438
vn -0.2802 0.9045 -0.3214
vn -0.7649 0.2743 -0.5828
vn -0.9574 0.2868 -0.0329
vn -0.7015 0.4221 -0.5742
vn -0.8915 0.3020 -0.3377
vn -0.8148 0.3289 -0.4775
vn -0.6560 0.2652 -0.7066
vn -0.6358 0.2886 -0.7158
vn -0.5036 0.8633 -0.0338
vn -0.2791 0.9342 -0.2223
vn -0.8943 0.4288 -0.1276
vn -0.4038 0.3633 -0.8396
vn -0.6128 0.3487 -0.7092
vn -0.7011 0.5800 -0.4148
vn -0.8316 0.5368 -0.1424
vn -0.2058 0.8593 -0.4683
vn -0.9478 0.2494 -0.1988
vn -0.9121 0.3300 0.2433
vn -0.9687 -0.1396 0.2053
vn -0.7299 0.0896 -0.6776
vn -0.8390 0.4725 0.2697
vn -0.6801 0.4553 0.5746
vn -0.9562 -0.0735 -0.2835
vn -0.5190 -0.1456 -0.8423
vn -0.3339 -0.0883 -0.9385
vn -0.4756 0.1165 -0.8719
vn -0.7960 -0.1893 -0.5750
vn -0.9617 -0.2656 -0.0684
vn -0.9498 -0.1715 -0.2617
vn -0.9715 -0.2359 0.0227
vn -0.8853 0.1920 -0.4234
vn -0.9101 -0.3898 -0.1409
vn -0.9023 -0.0455 -0.4288
vn -0.9930 0.0495 -0.1071
vn -0.2293 -0.1457 -0.9624
vn -0.4335 -0.1452 -0.8894
vn -0.1401 0.0344 -0.9895
vn -0.7280 -0.1060 -0.6773
vn -0.6350 0.0857 -0.7678
vn -0.7876 0.1837 -0.5882
vn -0.3760 0.0576 -0.9248
vn -0.0466 0.2419 -0.9692
vn -0.2647 0.2837 -0.9217
vn -0.5271 0.3507 -0.7741
vn -0.9263 0.2477 -0.2840
vn -0.9531 0.2935 -0.0737
vn -0.9931 0.0865 0.0798
vn -0.9029 0.4193 0.0944
vn -0.7749 0.6294 -0.0584
vn -0.5680 0.8112 0.1391
vn -0.6748 0.6542 0.3414
vn -0.2617 0.9307 0.2554
vn -0.4530 0.8879 -0.0802
vn -0.3299 0.8148 0.4767
vn -0.1204 0.9675 0.2225
vn -0.2088 0.9771 0.0409
vn -0.0511 0.9978 0.0434
vn -0.7631 0.4595 0.4544
vn -0.3701 0.6671 0.6465
vn -0.6585 0.2840 0.6969
vn -0.6094 0.7548 -0.2427
vn -0.8388 0.4761 -0.2641
vn -0.6192 0.6099 -0.4947
vn -0.7218 0.4250 -0.5462
vn -0.1063 0.9845 -0.1397
vn -0.3471 0.9163 -0.1997
vn 0.0409 0.9694 -0.2419
vn -0.1540 0.9061 -0.3941
vn -0.4397 0.8060 -0.3963
vn -0.2036 0.7984 -0.5666
vn -0.3955 0.6419 -0.6569
vn -0.2110 0.5496 -0.8084
vn -0.0255 0.4788 -0.8776
vn -0.1018 0.7152 -0.6915
vn -0.1013 0.7724 -0.6270
vn -0.0366 0.8939 -0.4468
vn -0.5702 0.5055 -0.6475
vn -0.6362 0.3083 -0.7073
vn -0.8467 0.2403 -0.4748
vn -0.7390 0.4873 -0.4652
vn -0.2726 0.5236 -0.8072
vn -0.6952 0.1087 -0.7105
vn -0.3553 0.6739 -0.6477
vn -0.5105 0.2487 -0.8231
vn -0.5177 -0.3281 -0.7902
vn -0.7960 -0.2872 -0.5328
vn -0.8683 -0.0860 -0.4886
vn -0.8936 0.1672 -0.4166
vn -0.5114 -0.3814 -0.7700
vn -0.3063 0.7792 -0.5468
vn -0.8123 0.4028 -0.4217
vn -0.7914 0.3963 -0.4654
vn -0.7960 0.3654 -0.4826
vn -0.9210 0.3369 -0.1957
vn -0.7817 0.3411 -0.5222
vn -0.7268 0.4310 -0.5348
vn -0.3399 0.0865 -0.9365
vn -0.3849 0.6755 -0.6289
vn -0.5750 0.5394 -0.6152
vn -0.1694 -0.3267 -0.9298
vn -0.0840 -0.1301 -0.9879
vn -0.0980 -0.2570 -0.9614
vn -0.3476 0.2930 -0.8907
vn -0.2994 0.4871 -0.8204
vn -0.0554 0.2015 -0.9779
vn 0.0065 0.1195 -0.9928
vn -0.0757 0.4546 -0.8875
vn -0.0160 0.3658 -0.9306
vn -0.0602 0.3609 -0.9307
vn -0.0785 0.3409 -0.9368
vn 0.2295 0.2846 -0.9308
vn -0.1240 0.3268 -0.9369
vn -0.1600 0.4457 -0.8808
vn -0.1669 -0.3547 -0.9200
vn -0.2383 -0.4523 -0.8594
vn -0.3582 -0.5336 -0.7661
vn -0.4416 -0.6454 -0.6233
vn -0.4565 -0.5885 -0.6672
vn -0.5823 -0.5229 -0.6225
vn -0.3916 -0.7373 -0.5505
vn -0.2872 -0.7098 -0.6431
vn -0.4286 -0.6458 -0.6319
vn -0.7119 -0.4262 -0.5581
vn -0.2715 -0.7204 -0.6382
vn -0.6410 -0.6801 -0.3559
vn -0.5471 -0.6734 -0.4972
vn -0.5777 -0.6668 -0.4708
vn -0.1071 -0.7164 -0.6894
vn -0.7901 -0.3202 -0.5226
vn -0.8492 -0.2138 -0.4829
vn -0.4864 -0.4898 -0.7235
vn -0.4866 -0.4898 -0.7234
vn -0.4865 -0.4899 -0.7234
vn -0.4865 -0.4898 -0.7235
vn -0.4867 -0.4897 -0.7234
vn -0.4868 -0.4897 -0.7234
vn -0.7991 -0.2502 -0.5466
vn -0.1167 -0.4415 -0.8896
vn -0.8364 -0.4054 -0.3689
vn -0.1118 -0.6167 -0.7792
vn -0.9845 0.1235 -0.1246
vn -0.9519 -0.2864 0.1088
vn -0.9768 0.2108 0.0391
vn -0.9576 0.2877 0.0138
vn -0.7694 -0.6164 0.1678
vn -0.7073 -0.6139 -0.3504
vn -0.1738 -0.2399 -0.9551
vn -0.7373 -0.0428 -0.6742
vn -0.2142 -0.7377 -0.6402
vn -0.5749 -0.0251 -0.8179
vn -0.2759 -0.7768 -0.5661
vn -0.4995 0.5570 -0.6635
vn -0.8167 0.4028 -0.4133
vn -0.4082 0.6840 -0.6046
vn -0.8045 0.5134 -0.2988
vn -0.3404 -0.0883 -0.9361
vn -0.5793 -0.5346 -0.6153
vn -0.4959 -0.4277 -0.7557
vn -0.4330 -0.0192 -0.9012
vn -0.0499 0.3993 -0.9155
vn -0.2322 0.5019 -0.8331
vn 0.2697 0.0961 -0.9581
vn 0.4348 -0.2944 -0.8510
vn 0.0584 -0.9748 -0.2152
vn 0.2014 -0.9109 -0.3601
vn 0.4057 -0.6615 -0.6307
vn -0.2429 0.9184 -0.3123
vn 0.2124 0.8420 -0.4959
vn -0.2890 0.7712 -0.5672
vn 0.3266 0.8984 -0.2936
vn 0.2281 0.6157 -0.7542
vn -0.1570 0.5906 -0.7915
vn 0.3716 0.4854 -0.7914
vn -0.0828 0.5293 -0.8444
vn -0.0608 0.9977 0.0292
vn 0.4581 0.8846 -0.0870
vn 0.4111 0.5885 -0.6962
vn 0.4245 0.5974 -0.6804
vn 0.3305 0.8721 -0.3608
vn -0.7006 0.2548 -0.6665
vn -0.8298 0.2904 -0.4765
vn -0.8115 -0.0792 -0.5789
vn -0.9196 -0.0242 -0.3921
vn -0.8723 0.4738 -0.1209
vn -0.9818 0.1860 -0.0394
vn -0.8969 0.3497 0.2707
vn -0.7681 0.6149 0.1787
vn -0.7556 0.1473 -0.6383
vn -0.8463 0.4086 -0.3418
vn -0.9471 -0.1721 -0.2708
vn -0.9152 0.1080 -0.3883
vn -0.9468 -0.2011 0.2511
vn -0.9994 0.0018 0.0331
vn -0.9977 -0.0661 -0.0151
vn -0.7394 -0.4534 -0.4978
vn -0.8621 0.0159 -0.5065
vn -0.4777 -0.4500 -0.7546
vn -0.7623 0.3799 0.5240
vn -0.6210 0.6615 0.4205
vn 0.1541 0.9422 0.2975
vn 0.3573 0.8465 0.3947
vn -0.4138 0.6918 0.5917
vn -0.5729 0.4342 0.6951
vn 0.8177 0.5312 0.2220
vn 0.5762 0.7896 0.2111
vn 0.4493 0.8433 0.2950
vn -0.1150 0.6296 0.7684
vn 0.6063 0.7649 0.2176
vn 0.0733 0.4587 0.8856
vn 0.1264 0.4725 0.8722
vn 0.7043 0.6859 0.1829
vn 0.8374 0.4709 -0.2775
vn 0.7662 0.5452 -0.3402
vn 0.8419 0.2493 0.4786
vn 0.9823 -0.0418 0.1826
vn 0.3813 -0.0258 0.9241
vn -0.0048 0.1798 0.9837
vn 0.6167 -0.1024 0.7805
vn -0.3057 0.3853 0.8707
vn -0.0467 0.2551 0.9658
vn 0.8393 0.5246 -0.1429
vn 0.7719 -0.1699 0.6127
vn 0.5185 0.6624 -0.5407
vn 0.3304 0.8721 -0.3608
vn -0.2613 0.8552 -0.4476
vn 0.3305 0.8721 -0.3609
vn 0.0818 0.9961 0.0321
vn -0.7119 0.6774 -0.1851
vn -0.5362 0.0813 -0.8401
vn -0.9013 0.4075 -0.1471
vn -0.5363 0.0813 -0.8401
vn -0.5117 -0.3798 -0.7707
vn -0.3947 0.3448 0.8516
vn -0.7463 -0.2978 0.5953
vn -0.7038 -0.4064 0.5827
vn -0.5333 0.5272 0.6616
vn -0.6771 0.5455 0.4939
vn -0.7918 -0.2479 0.5583
vn -0.7544 -0.4003 0.5202
vn -0.3312 0.4243 0.8428
vn -0.7390 -0.2523 0.6247
vn -0.0864 0.9451 0.3151
vn 0.1481 0.8212 0.5511
vn -0.2210 0.9653 0.1389
vn -0.4030 0.8914 -0.2077
vn -0.7400 -0.4242 0.5220
vn -0.4030 0.8913 -0.2077
vn -0.7544 -0.4002 0.5202
vn -0.5106 0.8517 -0.1181
vn -0.2765 0.7274 -0.6281
vn -0.7551 0.5900 -0.2858
vn -0.7063 0.3252 -0.6288
vn -0.8104 0.3349 -0.4806
vn -0.6836 0.2291 -0.6930
vn -0.6542 0.2182 -0.7242
vn -0.2901 0.5400 -0.7901
vn -0.2947 0.4495 -0.8433
vn -0.6432 0.1827 -0.7436
vn -0.6643 0.2082 -0.7179
vn -0.0986 0.5199 -0.8485
vn -0.6555 0.2068 -0.7264
vn -0.6556 0.2085 -0.7258
vn -0.6323 0.2057 -0.7469
vn -0.4849 0.3130 -0.8166
vn -0.7209 0.0221 -0.6927
vn -0.4624 0.4597 -0.7582
vn -0.4294 0.6818 -0.5922
vn -0.4226 0.7843 -0.4541
vn -0.9255 -0.3222 -0.1992
vn -0.9650 -0.1883 -0.1824
vn -0.8318 -0.5021 0.2366
vn -0.8191 -0.5353 0.2062
vn -0.9009 -0.3984 -0.1723
vn -0.8874 -0.3352 -0.3165
vn -0.7854 -0.1655 -0.5965
vn -0.7614 -0.5962 0.2548
vn -0.9957 0.0683 -0.0621
vn -0.8889 -0.3527 0.2924
vn -0.9780 0.2007 0.0577
vn -0.8953 -0.2478 0.3702
vn -0.7233 -0.5763 0.3804
vn -0.8008 -0.3134 -0.5104
vn -0.8263 -0.3057 -0.4731
vn -0.7758 -0.3935 -0.4933
vn -0.7176 -0.4453 -0.5355
vn -0.5802 -0.6496 -0.4914
vn -0.5872 -0.5937 -0.5502
vn -0.6038 -0.5125 -0.6106
vn 0.4193 0.8421 0.3393
vn 0.6887 0.6620 -0.2957
vn 0.4238 0.8398 0.3394
vn 0.4795 0.8660 0.1417
vn 0.2155 0.8334 0.5089
vn 0.2706 0.8058 0.5267
vn 0.2841 0.8044 0.5218
vn 0.3911 0.8138 0.4297
vn 0.5022 0.8242 0.2616
vn 0.2835 0.7548 0.5915
vn 0.2687 0.8335 0.4829
vn 0.3077 0.7361 0.6029
vn -0.8170 -0.1805 0.5477
vn 0.3022 0.5797 0.7567
vn 0.3021 0.5797 0.7567
vn 0.3261 0.5508 0.7683
vn 0.3082 0.5725 0.7597
vn 0.3730 0.4897 0.7881
vn -0.8206 -0.2795 -0.4986
vn -0.7351 -0.3297 -0.5924
vn -0.7814 -0.2974 -0.5486
vn -0.5393 -0.5783 -0.6122
vn -0.5386 -0.5955 -0.5961
vn -0.8661 -0.4866 -0.1144
vn 0.1501 -0.8584 -0.4906
vn 0.1320 -0.9198 -0.3694
vn 0.1178 -0.9063 -0.4059
vn -0.5710 -0.8125 -0.1174
vn -0.9573 -0.2182 -0.1894
vn -0.9969 0.0567 -0.0537
vn -0.8800 0.3706 -0.2971
vn -0.6844 -0.3025 -0.6633
vn -0.6425 0.3457 -0.6838
vn -0.4373 0.8993 0.0015
vn -0.3489 0.8323 -0.4306
vn -0.9593 0.2820 0.0170
vn -0.0807 0.9858 0.1474
vn 0.0354 0.9933 -0.1101
vn -0.0806 0.9858 0.1475
vn -0.0260 0.9921 -0.1228
vn -0.3489 0.8324 -0.4306
vn -0.4302 -0.8349 -0.3432
vn -0.1746 -0.9408 0.2904
vn 0.3180 -0.9295 -0.1867
vn 0.4717 -0.8435 -0.2570
vn 0.4959 -0.8619 -0.1060
vn 0.4544 -0.8895 -0.0474
vn 0.0932 -0.9602 -0.2632
vn -0.4915 -0.7022 -0.5151
vn -0.4498 -0.7739 -0.4457
vn -0.6703 -0.5473 -0.5012
vn -0.6640 -0.4705 -0.5812
vn -0.2794 -0.8788 -0.3870
vn 0.1561 0.0071 0.9877
vn 0.0713 -0.0985 0.9926
vn 0.2446 -0.0685 0.9672
vn 0.0957 0.0370 0.9947
vn 0.0901 -0.1062 0.9902
vn -0.1677 -0.1667 0.9716
vn -0.1704 -0.0521 0.9840
vn 0.1587 -0.0614 0.9854
vn 0.3338 -0.0484 0.9414
vn 0.1371 -0.1191 0.9834
vn -0.0659 0.0895 0.9938
vn 0.3012 -0.1126 0.9469
vn 0.3652 -0.2235 0.9037
vn 0.0595 0.1049 0.9927
vn -0.5799 0.2183 0.7849
vn -0.6133 0.0013 0.7898
vn -0.9435 0.1664 0.2866
vn -0.9445 -0.0273 0.3273
vn -0.9722 -0.1599 -0.1711
vn -0.8808 -0.2465 0.4042
vn -0.9085 -0.4043 -0.1055
vn -0.9467 0.0375 -0.3199
vn -0.7267 -0.2198 -0.6509
vn -0.7062 0.0084 -0.7080
vn -0.9373 -0.1704 -0.3042
vn -0.9317 -0.0574 -0.3587
vn -0.9588 -0.1868 -0.2142
vn -0.7050 -0.3256 -0.6300
vn -0.5836 0.3738 -0.7209
vn -0.5016 0.0503 -0.8637
vn -0.7677 0.2921 -0.5704
vn -0.8150 0.4016 -0.4177
vn -0.5356 0.4373 -0.7224
vn -0.3114 0.3465 -0.8849
vn -0.5883 0.1943 -0.7849
vn -0.3292 0.1354 -0.9345
vn -0.5810 -0.1133 -0.8060
vn -0.9219 -0.1121 -0.3708
vn -0.9082 0.1353 -0.3960
vn -0.9833 -0.0865 -0.1600
vn -0.9860 0.1093 -0.1262
vn -0.2958 -0.3207 -0.8998
vn -0.7130 -0.3998 -0.5761
vn -0.9498 -0.0269 -0.3116
vn -0.8318 0.0210 -0.5547
vn -0.9411 0.1327 -0.3110
vn -0.6035 0.1915 -0.7740
vn -0.4881 -0.3474 -0.8007
vn -0.1572 -0.6772 -0.7188
vn 0.1044 -0.7357 -0.6692
vn 0.5966 -0.5735 -0.5614
vn 0.2831 -0.8510 -0.4423
vn 0.5633 -0.7739 -0.2895
vn 0.7409 -0.4965 -0.4523
vn 0.7371 -0.2334 -0.6343
vn 0.8161 -0.2413 -0.5251
vn 0.1011 -0.4869 -0.8676
vn 0.7647 -0.2413 -0.5975
vn 0.8789 -0.3628 -0.3098
vn 0.8110 -0.3289 -0.4838
vn 0.2247 -0.1341 -0.9651
vn 0.2400 -0.1279 -0.9623
vn 0.2388 -0.1620 -0.9574
vn -0.1990 -0.0089 -0.9800
vn -0.2485 0.0347 -0.9680
vn -0.3568 0.0461 -0.9330
vn -0.2162 -0.0925 -0.9720
vn 0.3747 -0.2859 -0.8820
vn 0.9034 -0.4202 -0.0856
vn 0.8707 -0.3995 -0.2869
vn 0.7331 -0.4302 -0.5268
vn 0.3115 -0.1018 0.9448
vn 0.3201 -0.0134 0.9473
vn 0.7579 0.5099 0.4069
vn 0.5255 0.2247 0.8206
vn 0.3493 -0.0204 0.9368
vn 0.5652 0.2029 0.7996
vn 0.1017 0.4244 0.8998
vn -0.3479 -0.2024 0.9154
vn -0.4892 -0.1135 0.8648
vn -0.2694 -0.0958 0.9583
vn 0.1507 -0.2004 0.9681
vn -0.1083 -0.3405 0.9340
vn -0.4075 -0.4225 0.8095
vn -0.0907 -0.2678 0.9592
vn -0.3641 -0.4043 0.8390
vn -0.0357 -0.1442 0.9889
vn 0.5666 0.2982 0.7681
vn -0.0198 -0.1284 0.9915
vn -0.3061 -0.4884 0.8172
vn 0.2280 -0.1825 0.9564
vn 0.3575 -0.1518 0.9215
vn 0.2350 -0.2985 0.9250
vn 0.3523 0.0386 0.9351
vn 0.7260 0.6862 0.0449
vn 0.7677 0.6407 -0.0105
vn 0.6663 0.7028 -0.2491
vn 0.6497 0.6671 -0.3645
vn 0.7262 0.5610 -0.3973
vn 0.8135 0.5665 0.1315
vn 0.5078 0.3417 0.7908
vn 0.7628 0.5475 0.3440
vn 0.4692 0.3610 0.8060
vn -0.2234 -0.4141 0.8824
vn -0.3466 -0.5584 0.7536
vn 0.2003 -0.2381 0.9504
vn 0.1579 0.0016 0.9875
vn 0.7372 0.4330 0.5187
vn 0.5044 0.1586 0.8488
vn -0.0253 0.2433 0.9696
vn 0.2282 -0.1972 0.9534
vn 0.3724 -0.0103 0.9280
vn -0.2201 -0.0934 0.9710
vn -0.5618 -0.0992 0.8213
vn -0.2477 -0.4629 0.8511
vn 0.2409 -0.2174 0.9459
vn -0.6418 -0.5688 0.5143
vn -0.5775 -0.5691 0.5853
vn 0.1423 -0.9717 0.1886
vn 0.2639 -0.1875 0.9462
vn -0.2760 0.0169 0.9610
vn 0.6825 -0.5659 -0.4625
vn 0.7186 -0.5820 -0.3806
vn 0.8906 -0.4546 -0.0096
vn 0.9417 -0.0773 -0.3273
vn 0.9958 -0.0783 0.0467
vn 0.9386 0.2763 0.2068
vn 0.8586 -0.1872 0.4773
vn 0.6856 0.1470 0.7130
vn 0.7969 0.0057 0.6041
vn 0.8523 -0.2138 0.4774
vn 0.8965 -0.0063 0.4431
vn 0.8463 -0.1916 0.4971
vn 0.3150 0.4151 0.8535
vn 0.8475 -0.2179 0.4840
vn 0.9954 0.0960 -0.0000
vn 0.9984 -0.0320 0.0457
vn 0.8693 -0.1793 0.4606
vn 0.9810 -0.0823 -0.1755
vn 0.8005 0.4244 0.4232
vn 0.9817 -0.1900 -0.0110
vn 0.5728 0.1846 0.7986
vn 0.6027 0.2239 0.7659
vn 0.1349 0.4990 0.8561
vn 0.7649 0.0198 0.6438
vn 0.9119 -0.3486 0.2167
vn 0.8980 -0.4261 -0.1099
vn 0.9254 -0.2774 0.2583
vn 0.8964 -0.4386 -0.0636
vn 0.9287 -0.1818 0.3233
vn 0.5054 0.3020 0.8083
vn 0.9077 -0.1633 0.3867
vn 0.8416 -0.5364 0.0631
vn 0.8093 -0.1683 0.5627
vn 0.7437 -0.1363 0.6544
vn 0.7805 -0.2768 0.5605
vn 0.7293 0.0762 0.6799
vn -0.2087 0.6960 0.6870
vn -0.2834 0.6524 0.7028
vn -0.4619 0.7171 0.5220
vn -0.5578 0.6863 0.4668
vn -0.6636 0.5663 0.4888
vn -0.2023 0.5713 0.7954
vn 0.5418 0.3253 0.7750
vn 0.0299 0.5439 0.8386
vn 0.5618 0.3439 0.7524
vn 0.8629 -0.4798 0.1586
vn 0.7824 -0.6227 -0.0046
vn 0.4332 -0.0302 0.9008
vn 0.3787 -0.0235 0.9252
vn 0.4089 0.0187 0.9124
vn 0.3384 -0.0675 0.9386
vn 0.1095 0.0847 0.9904
vn -0.0229 0.1202 0.9925
vn 0.4675 -0.0776 0.8806
vn 0.3736 0.0009 0.9276
vn 0.8361 -0.2237 0.5009
vn 0.1017 0.0423 0.9939
vn -0.5564 -0.0162 0.8307
vn -0.4894 0.2141 0.8454
vn -0.5583 -0.0456 0.8284
vn -0.8828 0.2724 0.3827
vn -0.8989 0.2270 0.3748
vn -0.9514 0.1968 0.2367
vn -0.6518 0.2279 0.7233
vn -0.9701 0.1747 0.1685
vn -0.7465 0.1551 0.6471
vn -0.9618 0.2732 0.0169
vn -0.9833 0.1815 0.0151
vn -0.9137 0.2390 0.3286
vn -0.9728 0.2232 -0.0625
vn -0.9899 0.0773 -0.1190
vn -0.9226 0.2291 -0.3105
vn -0.9374 0.3144 -0.1498
vn 0.4650 -0.1829 0.8662
vn 0.7351 -0.5634 0.3772
vn 0.4012 -0.7214 0.5645
vn 0.6148 -0.7868 -0.0555
vn 0.8657 -0.4965 -0.0636
vn 0.9877 -0.1495 0.0449
vn 0.8946 -0.2995 0.3317
vn 0.7301 -0.2108 0.6500
vn 0.3873 -0.0287 0.9215
vn -0.0389 0.1118 0.9930
vn 0.0981 0.0680 0.9929
vn 0.3496 -0.0731 0.9340
vn 0.7461 -0.1894 0.6383
vn -0.3050 0.1473 0.9409
vn 0.4716 -0.0079 0.8818
vn 0.6631 -0.2083 0.7190
vn 0.9195 -0.3325 0.2096
vn 0.9216 -0.2913 0.2565
vn 0.8970 -0.2633 0.3549
vn 0.9322 -0.3618 -0.0110
vn 0.2355 0.8080 0.5401
vn 0.1898 0.8607 0.4724
vn 0.2699 0.8407 0.4695
vn 0.3668 0.7352 0.5700
vn 0.3041 0.8498 0.4305
vn 0.0912 0.7899 0.6064
vn 0.1536 0.6398 0.7531
vn 0.1117 0.8682 0.4834
vn -0.0138 0.6564 0.7543
vn -0.0029 0.4446 0.8957
vn 0.4020 0.5756 0.7121
vn 0.1063 0.1537 0.9824
vn 0.0245 0.1396 0.9899
vn -0.2156 0.2649 0.9399
vn -0.4406 -0.8575 0.2656
vn -0.5785 -0.4920 0.6505
vn -0.7777 -0.0272 0.6280
vn -0.4092 -0.8099 -0.4202
vn -0.5979 -0.7496 -0.2839
vn -0.8624 -0.4997 0.0813
vn -0.8220 -0.5573 -0.1173
vn -0.7791 -0.6219 -0.0787
vn -0.9125 -0.3883 0.1288
vn -0.9323 -0.3520 0.0834
vn -0.8725 -0.4213 0.2474
vn -0.9614 -0.2400 0.1343
vn -0.8952 -0.3870 0.2210
vn -0.8391 -0.5438 -0.0114
vn -0.7027 -0.6908 -0.1706
vn -0.8670 -0.3930 0.3064
vn -0.8388 -0.3753 0.3944
vn -0.6179 -0.7862 -0.0018
vn -0.7532 -0.3400 0.5631
vn -0.3797 -0.9161 0.1287
vn -0.4650 -0.4508 0.7619
vn -0.9610 -0.1465 0.2347
vn -0.9711 -0.0923 0.2200
vn -0.9784 -0.1418 0.1502
vn -0.9461 -0.0545 0.3193
vn -0.8585 -0.3900 0.3330
vn -0.7972 -0.3788 0.4701
vn -0.7778 -0.3617 0.5140
vn -0.8063 -0.1728 0.5657
vn -0.9410 -0.1913 0.2793
vn -0.8704 -0.0861 0.4847
vn -0.9574 -0.0606 0.2824
vn -0.9183 -0.0881 0.3860
vn -0.8381 -0.4268 0.3396
vn -0.7197 -0.0905 0.6884
vn -0.7153 -0.2015 0.6691
vn -0.6573 -0.2896 0.6957
vn -0.6202 0.1084 0.7769
vn -0.4959 -0.1981 0.8455
vn -0.3329 0.0036 0.9430
vn -0.1551 -0.1413 0.9777
vn -0.0430 -0.0003 0.9991
vn -0.2819 0.0473 0.9583
vn -0.2478 -0.4818 0.8405
vn -0.6493 -0.3017 0.6981
vn -0.4190 -0.7589 0.4985
vn -0.2648 -0.7674 0.5840
vn -0.3292 -0.7706 0.5457
vn -0.3841 -0.6834 0.6208
vn -0.5107 -0.5854 0.6296
vn -0.7146 -0.4068 0.5691
vn -0.5398 -0.6524 0.5320
vn -0.7846 -0.3029 0.5410
vn -0.7341 -0.4803 0.4800
vn -0.8558 0.1085 0.5058
vn -0.5518 -0.3669 0.7489
vn -0.6246 0.1422 0.7679
vn -0.3500 -0.1515 0.9244
vn -0.3383 0.2007 0.9194
vn -0.7221 0.2165 0.6570
vn -0.1662 -0.3010 0.9390
vn -0.2349 -0.4609 0.8558
vn -0.6485 0.1912 0.7368
vn -0.4039 0.2628 0.8762
vn -0.7104 0.2968 0.6382
vn -0.8538 0.1687 0.4925
vn -0.8736 0.2432 0.4215
vn -0.9154 0.1047 0.3887
vn -0.7225 -0.0421 0.6901
vn -0.6779 0.1431 0.7211
vn -0.3645 0.0922 0.9266
vn -0.4708 -0.1203 0.8740
vn -0.5440 -0.2014 0.8145
vn -0.6669 -0.2550 0.7001
vn -0.8185 0.1218 0.5615
vn -0.6650 0.2777 0.6933
vn 0.0438 0.4411 0.8964
vn -0.5357 0.3128 0.7843
vn -0.8653 -0.2356 0.4425
vn -0.8910 -0.2784 0.3587
vn -0.8653 -0.3963 0.3068
vn -0.6113 -0.1209 0.7821
vn -0.6104 -0.3604 0.7053
vn -0.4710 -0.0021 0.8821
vn -0.6259 -0.2970 0.7211
vn -0.4475 -0.2821 0.8486
vn -0.1664 -0.2021 0.9651
vn -0.2403 -0.2218 0.9450
vn -0.5659 -0.4981 0.6570
vn -0.6209 -0.3317 0.7103
vn -0.5654 -0.3083 0.7650
vn -0.7145 -0.3391 0.6120
vn -0.5973 -0.5836 0.5502
vn -0.1919 -0.8612 0.4706
vn -0.3097 -0.7098 0.6326
vn -0.4228 -0.6830 0.5956
vn -0.3250 -0.7800 0.5348
vn -0.4117 -0.6777 0.6093
vn -0.5355 -0.6267 0.5661
vn -0.4586 -0.7732 0.4380
vn -0.4507 -0.6914 0.5646
vn -0.4190 -0.3887 0.8206
vn -0.4683 -0.4909 0.7346
vn -0.5084 -0.0637 0.8588
vn -0.5790 -0.1091 0.8080
vn -0.6481 -0.2661 0.7136
vn -0.5384 -0.2692 0.7986
vn -0.6243 -0.1245 0.7712
vn -0.3790 -0.0195 0.9252
vn -0.4075 -0.3590 0.8397
vn -0.7476 -0.3044 0.5903
vn -0.7170 -0.3039 0.6273
vn -0.8074 -0.3396 0.4825
vn -0.6447 -0.3440 0.6826
vn -0.4424 -0.4976 0.7461
vn -0.6948 0.0400 0.7181
vn -0.4720 -0.0344 0.8809
vn -0.5107 0.2502 0.8225
vn -0.2363 0.0905 0.9674
vn -0.2034 -0.0849 0.9754
vn -0.6547 0.2520 0.7126
vn -0.2197 -0.4698 0.8550
vn -0.3241 -0.4418 0.8365
vn -0.3517 -0.1336 0.9265
vn -0.2284 -0.5702 0.7891
vn -0.1975 -0.9669 0.1616
vn -0.2286 -0.9154 -0.3314
vn -0.3095 -0.8593 -0.4073
vn -0.6607 -0.3126 0.6824
vn -0.5364 -0.2419 0.8085
vn -0.6578 -0.3123 0.6854
vn -0.5850 -0.1867 0.7893
vn -0.3829 -0.0753 0.9207
vn 0.5268 0.8266 0.1978
vn 0.6698 0.6701 0.3198
vn -0.0513 0.7348 0.6764
vn 0.6710 0.6965 0.2542
vn 0.0816 0.6663 0.7412
vn 0.6980 0.5997 0.3914
vn -0.7551 0.1777 0.6311
vn -0.8764 -0.4779 -0.0588
vn -0.6163 -0.7736 -0.1475
vn -0.4794 -0.7937 -0.3745
vn -0.5662 -0.8235 -0.0357
vn -0.1960 -0.4839 -0.8529
vn 0.0072 -0.6890 -0.7248
vn -0.6896 -0.6860 0.2321
vn -0.7871 -0.2922 0.5433
vn -0.8565 -0.3618 0.3682
vn -0.8223 -0.2453 0.5135
vn -0.8516 -0.1960 0.4862
vn -0.8778 -0.1895 0.4400
vn -0.8458 -0.0574 0.5305
vn -0.9142 -0.2647 0.3068
vn -0.9127 -0.2562 0.3183
vn -0.9657 -0.0634 0.2517
vn -0.9499 -0.0624 0.3063
vn -0.8358 -0.2117 0.5065
vn -0.8198 -0.1939 0.5388
vn -0.6369 -0.1182 0.7618
vn -0.7665 -0.1698 0.6194
vn -0.8998 0.4072 0.1569
vn -0.8688 0.0693 0.4904
vn -0.9691 0.0956 0.2276
vn -0.7629 0.4867 -0.4257
vn -0.4977 0.8664 0.0410
vn -0.6332 0.3199 0.7048
vn -0.8572 -0.1555 0.4909
vn -0.6227 0.1896 0.7591
vn -0.7271 0.0979 0.6795
vn -0.8037 -0.1069 0.5854
vn -0.9336 -0.1870 0.3056
vn -0.7964 0.5898 -0.1336
vn -0.8879 -0.2558 0.3823
vn -0.8577 0.3637 0.3634
vn -0.9820 -0.0830 0.1695
vn -0.8321 -0.4748 0.2866
vn -0.9500 0.0195 0.3116
vn -0.7722 -0.3944 0.4981
vn -0.8722 0.0793 0.4826
vn -0.7543 -0.2543 0.6053
vn -0.9519 0.2030 0.2295
vn -0.7599 -0.4059 0.5078
vn -0.7778 -0.1794 0.6023
vn -0.8002 0.1224 0.5871
vn -0.8428 0.0469 0.5362
vn -0.5878 -0.4441 0.6762
vn -0.4981 0.0858 0.8628
vn -0.6189 0.0711 0.7822
vn -0.3812 0.0152 0.9244
vn -0.2045 0.0482 0.9777
vn -0.1851 -0.0403 0.9819
vn -0.3922 -0.4160 0.8204
vn -0.6372 -0.2771 0.7192
vn -0.8349 -0.1543 0.5283
vn -0.0916 -0.0427 0.9949
vn -0.2940 -0.2677 0.9175
vn -0.4309 0.2422 0.8693
vn -0.4145 0.3714 0.8308
vn -0.6178 -0.2984 0.7276
vn -0.3760 -0.1875 0.9074
vn -0.2462 -0.7449 0.6200
vn -0.5174 -0.7364 0.4359
vn -0.2228 -0.9648 0.1395
vn -0.5566 -0.8307 0.0068
vn -0.7263 -0.6859 0.0440
vn -0.6280 -0.7486 0.2129
vn -0.4696 -0.8633 0.1848
vn -0.4053 -0.8318 0.3792
vn -0.2089 -0.2537 0.9444
vn -0.2843 -0.3939 0.8741
vn -0.2665 -0.2506 0.9307
vn -0.2968 -0.1988 0.9340
vn -0.4999 -0.1326 0.8559
vn -0.5177 -0.1053 0.8491
vn -0.6384 -0.2705 0.7206
vn -0.1799 0.4475 0.8760
vn -0.0210 0.4598 0.8878
vn -0.3878 0.4016 0.8297
vn -0.1513 0.6874 0.7103
vn -0.1733 0.8368 0.5193
vn -0.1635 0.9028 0.3977
vn -0.4651 -0.6935 0.5502
vn -0.6027 -0.2387 0.7614
vn -0.2499 -0.8930 0.3744
vn 0.4241 -0.0641 -0.9033
vn 0.3423 0.0812 -0.9361
vn 0.3855 -0.1573 -0.9092
vn 0.5153 -0.0263 -0.8566
vn 0.4063 -0.2692 -0.8732
vn 0.3101 -0.1970 -0.9301
vn 0.2158 -0.4490 -0.8671
vn 0.1435 0.5492 -0.8233
vn -0.8853 0.1920 -0.4235
vn 0.2439 0.7927 -0.5587
vn 0.1643 0.8931 0.4187
vn 0.1938 0.7288 0.6567
vn 0.2591 0.7029 0.6625
vn 0.0511 0.8697 0.4909
vn -0.0505 0.7533 0.6557
vn -0.3198 0.7658 0.5580
vn -0.0452 0.9481 0.3146
vn -0.1926 0.4513 0.8714
vn -0.6162 0.3053 0.7260
vn -0.7440 -0.1459 0.6521
vn -0.2917 0.1543 0.9440
vn 0.0731 0.5857 0.8072
vn -0.0345 0.3172 0.9477
vn 0.2723 0.5842 0.7646
vn 0.2089 0.3123 0.9267
vn 0.2801 0.6079 0.7430
vn -0.1070 0.9602 0.2581
vn -0.8424 0.1816 0.5073
vn -0.3778 0.7858 0.4897
vn -0.9139 -0.3223 0.2468
vn -0.7628 -0.3655 0.5334
vn -0.4122 -0.0511 0.9096
vn -0.1638 -0.0202 0.9863
vn 0.0825 0.0233 0.9963
vn 0.0838 -0.6105 0.7876
vn -0.2774 -0.5982 0.7518
vn 0.3969 0.0473 0.9167
vn 0.4183 0.4235 0.8035
vn 0.5797 0.0407 0.8138
vn 0.3119 0.1342 0.9406
vn 0.2696 -0.1109 0.9566
vn 0.3645 -0.5043 0.7828
vn 0.6327 -0.6045 0.4841
vn -0.5763 -0.4844 0.6582
vn -0.7081 -0.6607 0.2492
vn 0.1080 -0.8960 0.4306
vn 0.3479 -0.7225 0.5974
vn 0.2789 0.2517 0.9267
vn 0.1659 -0.7368 0.6554
vn 0.4085 -0.8832 0.2303
vn -0.0615 -0.9545 0.2919
vn -0.0502 -0.8579 0.5114
vn -0.5060 -0.8068 0.3048
vn -0.6016 -0.7955 0.0722
vn 0.3189 0.5870 0.7441
vn 0.1303 0.2592 0.9570
vn -0.0292 -0.0778 0.9965
vn -0.1482 -0.1282 0.9806
vn 0.2602 0.9655 0.0071
vn 0.4059 0.8820 0.2393
vn 0.3375 0.6845 0.6462
vn 0.3527 0.9341 -0.0555
vn 0.3933 0.7026 0.5930
vn 0.5066 0.7889 0.3479
vn 0.7653 0.6264 0.1477
vn 0.5959 0.8025 -0.0302
vn 0.3491 0.9367 -0.0265
vn 0.2943 0.8785 0.3764
vn 0.1554 0.9798 -0.1258
vn 0.0033 0.9998 0.0187
vn 0.7058 0.6894 0.1631
vn 0.4980 0.8296 -0.2524
vn 0.0765 0.9044 -0.4197
vn -0.0910 0.9877 -0.1274
vn 0.2062 0.9746 0.0877
vn 0.6067 0.7935 -0.0474
vn 0.3646 0.9283 -0.0738
vn 0.1535 0.8960 0.4167
vn -0.2006 0.9361 0.2889
vn -0.1935 -0.9223 0.3347
vn -0.8837 -0.4247 0.1969
vn -0.9117 -0.3354 0.2373
vn 0.3672 0.0786 0.9268
vn 0.4006 -0.0187 0.9161
vn 0.3672 0.0785 0.9268
vn 0.5080 0.1653 0.8453
vn 0.5034 0.1822 0.8446
vn 0.5884 0.1565 0.7933
vn 0.2768 0.1526 0.9487
vn 0.3753 -0.0724 0.9241
vn -0.0800 0.0128 0.9967
vn 0.0540 0.1160 0.9918
vn -0.2127 -0.0862 0.9733
vn -0.3858 -0.1682 0.9071
vn -0.1882 -0.1464 0.9712
vn -0.5278 -0.2132 0.8222
vn -0.6239 -0.1535 0.7663
vn -0.7654 -0.2257 0.6027
vn -0.6022 -0.3741 0.7053
vn -0.5688 -0.2922 0.7688
vn -0.5122 -0.2010 0.8350
vn -0.4298 -0.1706 0.8867
vn -0.5109 -0.1871 0.8390
vn -0.5220 -0.2214 0.8237
vn -0.4981 -0.1743 0.8494
vn -0.5478 -0.2266 0.8054
vn -0.8547 -0.2453 0.4574
vn -0.8893 -0.4044 0.2137
vn -0.9306 -0.3661 -0.0023
vn -0.8383 -0.4001 -0.3703
vn -0.6648 -0.3160 -0.6769
vn -0.9256 -0.2455 -0.2882
vn -0.5249 -0.4225 -0.7389
vn -0.8473 -0.3299 -0.4162
vn -0.9608 -0.2025 -0.1894
vn -0.9812 -0.1759 -0.0787
vn -0.9898 -0.1272 -0.0645
vn -0.7157 -0.3448 -0.6074
vn -0.8642 -0.1742 -0.4721
vn -0.6944 -0.3351 -0.6368
vn -0.9849 -0.1443 -0.0957
vn -0.8690 -0.0978 -0.4850
vn -0.9568 -0.1915 -0.2186
vn -0.7690 -0.4294 -0.4735
vn -0.0903 -0.2345 -0.9679
vn -0.9519 -0.0929 -0.2921
vn -0.9875 -0.0883 -0.1304
vn -0.0769 0.0110 -0.9970
vn 0.8251 -0.0765 -0.5599
vn 0.8544 -0.0640 -0.5156
vn 0.5603 -0.0522 -0.8266
vn -0.1785 0.1592 -0.9710
vn 0.4566 0.1215 -0.8813
vn -0.3616 0.3989 -0.8427
vn 0.0977 0.4584 -0.8833
vn -0.8364 0.1451 -0.5285
vn -0.9381 0.1701 -0.3019
vn -0.6202 0.5890 -0.5180
vn -0.1975 0.7621 -0.6167
vn -0.6784 0.7283 0.0966
vn -0.2460 0.9682 0.0451
vn -0.9679 0.2193 0.1229
vn -0.9167 0.2237 -0.3311
vn -0.4599 0.5197 0.7200
vn -0.7520 0.2112 0.6244
vn -0.0457 0.7154 0.6972
vn 0.4066 0.4809 0.7768
vn -0.0060 0.3933 0.9194
vn 0.6526 0.1751 0.7372
vn 0.1596 0.1120 0.9808
vn 0.7527 0.0243 0.6579
vn 0.2176 0.0292 0.9756
vn 0.8961 0.1027 0.4318
vn 0.0344 0.0654 0.9973
vn -0.6001 0.0280 0.7995
vn -0.5323 0.1217 0.8378
vn -0.8179 0.1549 0.5541
vn -0.8886 0.0236 0.4581
vn -0.9898 0.0934 0.1071
vn -0.9833 0.1660 0.0743
vn -0.9691 0.0539 -0.2409
vn -0.8410 0.0830 -0.5346
vn -0.7241 0.1068 -0.6813
vn -0.8622 0.1841 -0.4719
vn -0.9636 0.0974 -0.2489
vn -0.9978 0.0496 0.0449
vn -0.8297 0.0499 0.5560
vn -0.9949 0.1009 -0.0087
vn -0.9462 0.2421 -0.2149
vn -0.9527 0.1014 0.2865
vn -0.8099 0.0778 0.5814
vn -0.5869 0.0335 0.8090
vn 0.5934 -0.6825 0.4267
vn 0.9963 0.0682 -0.0531
vn 0.9981 -0.0104 0.0611
vn 0.6859 -0.6893 0.2333
vn 0.3294 -0.5474 0.7693
vn 0.8825 -0.0456 0.4681
vn -0.0920 -0.2219 0.9707
vn 0.7626 0.0543 0.6446
vn 0.5976 0.1334 0.7906
vn -0.4318 -0.0434 0.9009
vn -0.6715 -0.0152 0.7408
vn -0.4177 -0.3198 0.8504
vn -0.8771 0.1495 0.4565
vn -0.6884 -0.2654 0.6750
vn -0.8793 0.4540 0.1441
vn -0.9314 -0.3116 0.1883
vn -0.9104 -0.1722 -0.3761
vn -0.7771 0.6275 -0.0491
vn -0.5816 0.8069 0.1036
vn -0.8859 0.2631 -0.3819
vn 0.9364 0.3087 0.1670
vn 0.9674 0.2505 0.0370
vn 0.8646 0.2284 0.4476
vn 0.7092 0.6764 -0.1990
vn -0.6789 -0.1723 -0.7137
vn -0.7645 0.1135 -0.6346
vn -0.3371 -0.2013 -0.9197
vn 0.0064 0.3685 -0.9296
vn 0.5292 0.1934 -0.8262
vn 0.1826 -0.4743 -0.8613
vn 0.8834 0.1005 -0.4577
vn 0.5595 -0.5692 -0.6025
vn 0.9442 0.1447 -0.2958
vn 0.6281 -0.6246 -0.4640
vn 0.7801 0.6016 -0.1719
vn 0.6997 0.7126 -0.0506
vn 0.5409 0.6957 -0.4727
vn 0.6533 0.5885 -0.4763
vn -0.3629 -0.5574 -0.7467
vn -0.5167 -0.5076 -0.6894
vn -0.6945 -0.5351 -0.4810
vn -0.7605 -0.6219 0.1869
vn -0.1144 -0.6998 -0.7051
vn 0.2892 -0.7443 -0.6020
vn 0.4198 -0.7570 -0.5006
vn -0.4411 -0.6154 0.6533
vn 0.0327 -0.7032 0.7102
vn 0.3963 -0.7902 0.4674
vn -0.4629 -0.5359 0.7061
vn 0.0843 -0.7748 0.6265
vn -0.6638 -0.5258 0.5320
vn 0.4498 -0.8244 0.3435
vn -0.9627 -0.1142 0.2455
vn -0.6335 -0.1312 0.7625
vn -0.7469 -0.0971 0.6578
vn -0.7841 -0.1170 0.6095
vn -0.9517 -0.2430 0.1877
vn -0.1524 -0.2185 0.9639
vn 0.1178 -0.3290 0.9369
vn 0.0726 -0.2170 0.9735
vn 0.0955 -0.3079 0.9466
vn 0.2044 -0.3041 0.9305
vn 0.4926 -0.5362 0.6855
vn 0.7325 -0.5106 0.4503
vn 0.8343 -0.5252 0.1677
vn -0.5899 -0.0132 0.8074
vn 0.0945 -0.2650 0.9596
vn 0.8050 -0.4667 0.3662
vn 0.7991 -0.6011 0.0117
vn -0.4769 0.0268 0.8785
vn 0.1448 -0.2366 0.9608
vn 0.6987 -0.2839 0.6567
vn 0.7580 -0.2917 0.5833
vn -0.0123 -0.1222 0.9924
vn 0.3053 -0.2099 0.9288
vn 0.2097 -0.2491 -0.9455
vn 0.7197 -0.3384 -0.6062
vn 0.7145 -0.3659 -0.5964
vn 0.3016 -0.1089 -0.9472
vn -0.2884 -0.1274 -0.9490
vn -0.3261 0.0656 -0.9431
vn -0.6659 -0.0231 -0.7457
vn -0.7401 0.0922 -0.6662
vn -0.9045 -0.0451 -0.4240
vn -0.9441 -0.0682 -0.3225
vn -0.9834 -0.1502 0.1021
vn 0.8317 -0.4868 -0.2669
vn 0.8287 -0.4808 -0.2865
vn 0.7901 -0.6063 -0.0905
vn 0.2120 0.2300 -0.9498
vn -0.2071 0.3011 -0.9308
vn 0.0239 0.2194 -0.9754
vn -0.1604 0.2345 -0.9588
vn -0.3634 0.2973 -0.8829
vn -0.6009 0.3667 -0.7102
vn -0.8793 0.3184 0.3541
vn -0.5497 -0.1737 0.8171
vn -0.4836 -0.3157 0.8164
vn -0.7620 0.1639 0.6265
vn -0.8933 0.0410 0.4477
vn -0.9564 0.2663 0.1201
vn -0.2360 0.9336 -0.2695
vn -0.9291 0.3322 0.1624
vn -0.8795 0.2982 0.3708
vn -0.8782 0.0179 0.4779
vn -0.9142 0.1630 0.3711
vn -0.9279 -0.0535 0.3691
vn -0.5827 -0.1556 0.7977
vn -0.5032 -0.0359 0.8634
vn -0.0872 -0.2067 0.9745
vn -0.3043 -0.0916 0.9482
vn -0.5129 -0.0169 0.8583
vn 0.2381 -0.1898 0.9525
vn 0.3093 -0.3003 0.9023
vn -0.1430 -0.3227 0.9357
vn 0.1690 -0.4133 0.8948
vn 0.1767 -0.3150 0.9325
vn -0.2940 -0.3362 0.8947
vn -0.2571 -0.3932 0.8828
vn 0.0149 -0.3573 0.9339
vn -0.1760 -0.4632 0.8686
vn -0.4927 -0.4354 0.7534
vn -0.7219 -0.3116 0.6179
vn -0.7038 -0.2343 0.6707
vn -0.7241 -0.4441 0.5277
vn -0.8707 -0.3756 0.3175
vn -0.8008 -0.5284 0.2820
vn -0.3028 -0.6315 0.7138
vn -0.5684 -0.7341 0.3715
vn -0.3136 -0.9224 0.2254
vn -0.5499 -0.8211 0.1527
vn -0.1975 -0.9801 0.0200
vn -0.0885 -0.7506 0.6548
vn -0.1026 -0.9910 -0.0857
vn -0.5483 -0.8330 -0.0744
vn -0.0030 -0.9515 -0.3077
vn -0.5135 -0.7798 -0.3582
vn -0.8393 -0.5334 -0.1045
vn -0.8360 -0.5459 -0.0551
vn -0.7444 -0.4839 -0.4602
vn -0.6178 -0.6334 -0.4661
vn -0.7333 -0.4976 -0.4634
vn -0.6879 -0.3871 -0.6140
vn -0.6869 -0.4381 -0.5798
vn -0.4375 -0.2768 -0.8556
vn -0.2705 -0.0999 -0.9575
vn -0.9001 0.1147 -0.4203
vn -0.6035 0.1887 -0.7747
vn -0.7850 0.5656 -0.2527
vn -0.9173 0.0469 -0.3955
vn -0.8341 0.5397 -0.1141
vn -0.7880 0.6138 0.0486
vn 0.0539 0.0613 -0.9967
vn -0.0673 -0.3492 -0.9346
vn 0.0714 -0.1021 -0.9922
vn 0.3253 -0.0905 -0.9413
vn 0.2239 -0.7315 -0.6441
vn -0.2031 -0.6782 -0.7063
vn -0.1573 -0.8857 -0.4369
vn -0.4489 -0.7058 -0.5480
vn -0.7613 0.6283 0.1603
vn -0.9961 0.0039 0.0876
vn -0.2089 -0.8057 -0.5543
vn -0.0828 -0.7240 -0.6848
vn 0.5049 -0.1175 0.8551
vn 0.9244 0.1350 0.3568
vn 0.7685 0.3638 0.5263
vn 0.7118 -0.2619 0.6517
vn -0.2718 0.3898 0.8799
vn 0.7801 0.5317 0.3298
vn 0.9748 0.0483 0.2180
vn 0.8517 -0.3768 0.3642
vn 0.5430 -0.4963 -0.6773
vn 0.9918 0.1088 0.0666
vn 0.7980 0.6012 0.0414
vn 0.7617 0.6474 -0.0263
vn 0.7843 0.5973 -0.1675
vn 0.8174 0.5396 -0.2020
vn 0.8154 0.5546 -0.1660
vn 0.0747 -0.5287 0.8455
vn 0.3100 -0.6673 0.6772
vn -0.2053 -0.8861 0.4156
vn -0.4739 -0.7325 0.4887
vn -0.4663 -0.0164 0.8845
vn -0.7673 -0.1139 0.6311
vn 0.4896 -0.7921 0.3646
vn -0.1404 -0.9776 0.1566
vn 0.4451 -0.8954 -0.0058
vn -0.2845 -0.9586 -0.0158
vn -0.7072 0.5559 0.4368
vn -0.6967 0.5726 0.4321
vn -0.0846 -0.1914 -0.9779
vn -0.1323 -0.1581 -0.9785
vn -0.0808 -0.1947 -0.9775
vn -0.1276 -0.1637 -0.9782
vn -0.7059 0.5754 0.4130
vn -0.2908 -0.0848 -0.9530
vn -0.1323 -0.1580 -0.9785
vn -0.4601 -0.4954 0.7368
vn -0.5140 -0.8190 0.2551
vn -0.2489 -0.6557 0.7128
vn -0.0468 -0.8549 0.5167
vn 0.0433 -0.9825 0.1813
vn 0.0544 -0.9984 -0.0178
vn -0.6797 -0.4040 0.6123
vn -0.8724 -0.3724 0.3166
vn -0.8869 -0.4609 -0.0297
vn -0.1161 -0.9845 -0.1312
vn -0.5666 -0.7907 -0.2321
vn -0.8190 -0.5413 -0.1906
vn -0.4938 -0.3214 0.8080
vn -0.0994 -0.4689 0.8777
vn -0.0711 -0.1698 0.9829
vn -0.4919 -0.3188 0.8102
vn 0.2634 -0.4712 0.8417
vn 0.2607 -0.4674 0.8447
vn 0.1507 0.6450 0.7492
vn -0.1511 0.1652 0.9746
vn 0.1912 0.3875 0.9018
vn 0.5539 0.5909 0.5865
vn 0.4457 0.7212 0.5303
vn 0.4695 0.8454 -0.2548
vn 0.2572 0.9364 0.2385
vn 0.4795 -0.0244 0.8772
vn 0.5539 0.5910 0.5865
vn 0.7402 0.4440 -0.5049
vn 0.4077 0.6055 -0.6835
vn 0.7308 0.4734 -0.4918
vn 0.0676 0.8549 -0.5144
vn 0.0747 0.8621 -0.5012
vn 0.7246 0.6724 -0.1514
vn 0.4710 -0.7697 0.4310
vn 0.2916 -0.7402 0.6058
vn 0.4591 -0.8714 0.1728
vn 0.5043 -0.7372 0.4497
vn -0.0169 -0.8651 0.5013
vn 0.1422 -0.5922 0.7932
vn 0.7566 -0.1231 0.6421
vn 0.3470 -0.7328 0.5853
vn 0.5226 -0.5282 0.6693
vn 0.4973 0.0357 0.8668
vn 0.7332 0.1107 0.6710
vn 0.5835 0.4132 0.6992
vn 0.6696 0.0197 0.7425
vn 0.7765 0.2778 0.5656
vn 0.6284 -0.6583 0.4145
vn 0.8713 -0.0305 0.4899
vn 0.9599 -0.0919 0.2648
vn 0.7429 -0.6652 0.0751
vn 0.8004 -0.5595 -0.2150
vn 0.2688 -0.9171 0.2943
vn 0.7398 0.2268 0.6334
vn 0.8951 0.2617 0.3609
vn 0.6216 0.5647 0.5429
vn 0.7431 0.5521 0.3781
vn 0.9832 0.0899 0.1586
vn 0.8870 0.4251 0.1805
vn 0.8969 -0.2493 -0.3653
vn 0.9308 0.2829 -0.2315
vn 0.6798 0.7332 -0.0174
vn 0.6654 0.7176 0.2057
vn 0.5033 0.8362 0.2179
vn 0.5703 0.7095 0.4139
vn 0.3779 0.8817 0.2825
vn 0.5434 0.6880 0.4810
vn 0.3587 0.9314 0.0611
vn 0.6003 0.5908 0.5392
vn 0.3453 0.9383 -0.0176
vn 0.8369 0.1849 -0.5152
vn 0.6710 0.7375 -0.0765
vn 0.5695 -0.4570 -0.6833
vn 0.7850 -0.4847 -0.3858
vn 0.2862 0.8784 0.3827
vn -0.1039 0.9937 0.0422
vn -0.0992 0.9596 0.2632
vn 0.1629 0.8059 0.5692
vn -0.2179 0.8435 0.4909
vn 0.0815 0.9963 -0.0271
vn -0.1405 0.6750 0.7243
vn -0.1273 0.9599 0.2499
vn -0.0968 0.7325 0.6739
vn -0.3778 0.8732 0.3078
vn -0.3460 0.9264 -0.1485
vn -0.0208 0.9852 -0.1701
vn 0.0672 0.9821 0.1759
vn -0.2375 0.8388 0.4899
vn 0.4243 0.7010 0.5732
vn 0.1129 0.8977 0.4258
vn -0.0298 0.9811 0.1912
vn 0.5834 0.5730 0.5755
vn 0.8310 0.2260 0.5083
vn 0.9143 -0.1058 0.3910
vn 0.9519 -0.1131 0.2847
vn 0.4944 0.6761 0.5463
vn 0.9558 -0.1032 0.2754
vn 0.4065 0.9118 -0.0571
vn -0.1659 -0.1330 0.9771
vn 0.5019 0.7227 0.4752
vn 0.5685 0.6916 0.4455
vn -0.7064 0.6312 0.3203
vn -0.8654 0.1199 0.4865
vn -0.9124 0.3911 -0.1211
vn -0.8137 0.3540 0.4610
vn -0.9881 0.1123 -0.1054
vn -0.7227 0.5308 0.4427
vn -0.8175 0.5695 -0.0855
vn -0.9475 0.2982 -0.1154
vn -0.8547 0.2867 0.4328
vn -0.3543 0.2430 0.9030
vn -0.3799 0.4136 0.8274
vn -0.6548 0.4657 0.5953
vn -0.5821 0.2126 0.7848
vn -0.5497 0.3629 0.7524
vn 0.2843 -0.0472 0.9576
vn 0.3691 0.1412 0.9186
vn 0.4063 -0.1556 0.9004
vn 0.8660 -0.4343 0.2477
vn 0.9348 -0.1788 0.3068
vn 0.8721 -0.3422 -0.3499
vn 0.8313 -0.5024 -0.2379
vn 0.0862 -0.1552 0.9841
vn 0.7636 -0.6367 0.1073
vn 0.1346 -0.6756 0.7249
vn -0.6937 -0.3250 0.6427
vn -0.9412 0.0589 0.3326
vn -0.9143 -0.0131 0.4049
vn -0.1123 -0.4710 0.8750
vn 0.6712 -0.6574 0.3424
vn 0.7365 -0.6758 0.0298
vn 0.1619 -0.1862 0.9691
vn -0.2776 0.2050 0.9386
vn 0.7554 -0.2465 0.6071
vn 0.5939 0.0484 0.8031
vn 0.7550 -0.1068 0.6470
vn 0.5445 -0.1009 0.8327
vn -0.1592 0.3090 0.9376
vn -0.6446 0.3737 0.6670
vn -0.8825 0.3104 0.3533
vn -0.9954 0.0890 -0.0364
vn -0.7473 -0.1628 -0.6442
vn -0.6928 0.0026 -0.7211
vn -0.5617 0.3416 -0.7535
vn 0.1630 -0.0084 -0.9866
vn -0.2656 -0.2827 -0.9217
vn 0.2291 0.1985 -0.9529
vn -0.3597 -0.5097 -0.7816
vn 0.7105 -0.1054 -0.6957
vn -0.5259 0.3015 -0.7953
vn -0.6462 -0.1898 -0.7392
vn -0.6902 -0.3387 -0.6394
vn -0.8655 0.2843 -0.4124
vn -0.8939 0.4045 0.1931
vn -0.8037 -0.1461 -0.5768
vn -0.7896 0.0972 -0.6058
vn -0.9103 0.4009 -0.1032
vn -0.7718 0.3851 0.5060
vn -0.4949 0.7902 0.3615
vn -0.6147 0.7612 -0.2065
vn -0.4384 0.8857 -0.1529
vn -0.1048 0.9667 0.2334
vn -0.5965 0.5619 -0.5731
vn -0.7221 0.4390 -0.5347
vn -0.6522 0.3182 -0.6881
vn -0.6908 0.0928 -0.7170
vn -0.8927 -0.3683 -0.2597
vn -0.8010 -0.1012 -0.5901
vn -0.6099 -0.0134 -0.7924
vn -0.6140 0.1452 -0.7758
vn -0.6160 -0.0011 -0.7878
vn -0.8186 -0.3045 -0.4869
vn -0.9343 -0.3559 -0.0190
vn -0.8506 -0.3279 -0.4110
vn -0.9673 -0.2513 0.0336
vn -0.8844 -0.2550 0.3908
vn -0.6780 -0.0635 -0.7323
vn -0.7212 -0.0802 -0.6881
vn -0.6912 -0.0165 -0.7225
vn -0.6790 0.2918 -0.6736
vn 0.0825 -0.9853 0.1493
vn -0.6705 -0.4993 -0.5488
vn 0.9331 -0.1444 -0.3294
vn 0.7424 -0.3646 -0.5620
vn 0.9403 -0.2215 -0.2586
vn -0.6787 -0.3778 0.6297
vn -0.8333 0.0099 0.5527
vn -0.8304 -0.1641 0.5325
vn -0.8409 -0.2110 0.4984
vn 0.9075 -0.4162 -0.0568
vn 0.8664 -0.4223 0.2666
vn 0.7780 -0.6217 -0.0907
vn 0.8489 -0.5104 0.1373
vn 0.8985 -0.4225 0.1189
vn 0.6142 -0.6610 -0.4310
vn 0.3835 -0.6799 -0.6250
vn -0.0594 -0.4725 -0.8793
vn -0.3365 -0.2768 -0.9001
vn 0.4400 -0.3223 -0.8382
vn 0.8247 -0.4154 -0.3838
vn 0.8575 -0.3390 0.3871
vn 0.7450 -0.2667 0.6114
vn 0.0369 -0.0489 -0.9981
vn -0.5517 0.1464 -0.8211
vn -0.4558 0.3122 -0.8335
vn 0.5164 -0.2638 -0.8147
vn -0.6312 0.2684 -0.7277
vn -0.0681 -0.1080 -0.9918
vn 0.4396 -0.4141 -0.7970
vn 0.6567 -0.5544 -0.5113
vn -0.6986 0.0762 -0.7115
vn -0.1392 -0.2074 -0.9683
vn 0.3511 -0.4759 -0.8064
vn 0.6336 -0.6043 -0.4830
vn -0.7498 0.4875 -0.4474
vn -0.7339 0.4612 -0.4987
vn -0.7669 0.6415 -0.0175
vn -0.8559 0.4296 -0.2880
vn -0.8615 0.4987 0.0951
vn -0.6351 0.6219 0.4582
vn -0.7490 0.6470 -0.1429
vn -0.6603 0.6627 0.3533
vn -0.5535 0.4794 0.6810
vn -0.8851 0.4499 0.1189
vn -0.5793 0.4950 0.6475
vn -0.2590 0.3612 0.8958
vn -0.2308 0.3289 0.9157
vn -0.9157 0.3175 -0.2465
vn -0.2546 0.4991 0.8283
vn 0.0277 0.4794 0.8772
vn 0.1473 0.2292 0.9622
vn 0.5258 -0.1737 0.8327
vn 0.2922 0.3535 0.8887
vn -0.9715 0.1580 0.1767
vn -0.9677 0.1835 0.1727
vn 0.1984 0.7473 0.6342
vn -0.1820 0.5095 0.8410
vn 0.3103 0.5198 0.7959
vn 0.1701 0.2331 0.9574
vn -0.2541 0.1321 0.9581
vn 0.1194 -0.2817 0.9521
vn 0.4368 0.7402 0.5112
vn 0.3214 0.8716 0.3702
vn 0.0977 0.9790 0.1791
vn -0.3473 0.9328 0.0957
vn -0.4065 0.8832 0.2341
vn -0.1018 -0.0100 -0.9948
vn 0.1071 0.0006 -0.9942
vn 0.8071 0.5665 -0.1664
vn 0.0287 0.8931 -0.4489
vn 0.0849 0.3333 -0.9390
vn -0.1467 0.2328 -0.9614
vn 0.4316 0.1266 -0.8931
vn -0.1131 0.3842 -0.9163
vn 0.0761 0.1995 -0.9769
vn -0.0691 0.2587 -0.9635
vn -0.3372 0.2422 -0.9097
vn -0.3133 0.2570 -0.9142
vn 0.5048 0.7031 -0.5007
vn 0.0503 0.8642 -0.5007
vn 0.3751 0.2920 -0.8798
vn -0.5653 0.4044 -0.7189
vn -0.3884 0.3675 -0.8450
vn -0.0045 0.5244 -0.8515
vn 0.2764 0.4409 -0.8539
vn -0.1445 0.9127 -0.3822
vn -0.2831 0.0721 -0.9564
vn 0.0944 0.0452 -0.9945
vn -0.0093 -0.0134 -0.9999
vn 0.3549 -0.1450 -0.9236
vn 0.7006 -0.2189 -0.6791
vn 0.7233 -0.2186 -0.6550
vn 0.9132 -0.3429 -0.2203
vn 0.9108 -0.2006 -0.3608
vn 0.9596 -0.2685 -0.0844
vn 0.8622 0.1799 -0.4734
vn 0.8816 -0.3878 -0.2692
vn 0.8619 -0.0660 -0.5027
vn 0.9818 0.0225 -0.1886
vn 0.1111 -0.1576 -0.9812
vn 0.3615 -0.1496 -0.9203
vn 0.0583 0.0314 -0.9978
vn 0.6645 -0.1213 -0.7374
vn 0.5712 0.0677 -0.8180
vn 0.7410 0.1609 -0.6519
vn 0.2993 0.0475 -0.9530
vn -0.0269 0.2416 -0.9700
vn 0.1954 0.2768 -0.9408
vn 0.4711 0.3358 -0.8157
vn 0.9064 0.2204 -0.3604
vn 0.9520 0.2651 -0.1530
vn 0.9984 0.0568 -0.0032
vn 0.9197 0.3921 0.0184
vn 0.7857 0.6061 -0.1235
vn 0.6015 0.7938 0.0903
vn 0.7201 0.6334 0.2833
vn 0.3096 0.9222 0.2316
vn 0.4710 0.8741 -0.1187
vn 0.3925 0.8040 0.4466
vn 0.1672 0.9632 0.2106
vn 0.2405 0.9704 0.0222
vn 0.0842 0.9957 0.0378
vn 0.8116 0.4360 0.3889
vn 0.4423 0.6550 0.6126
vn 0.7223 0.2634 0.6394
vn 0.6094 0.7366 -0.2935
vn 0.8277 0.4512 -0.3336
vn 0.5938 0.5917 -0.5453
vn 0.6862 0.4040 -0.6048
vn 0.1235 0.9810 -0.1493
vn 0.3564 0.9058 -0.2290
vn -0.0320 0.9705 -0.2389
vn 0.1476 0.9016 -0.4067
vn 0.4290 0.7930 -0.4325
vn 0.1795 0.7927 -0.5826
vn 0.3584 0.6307 -0.6883
vn 0.1593 0.5440 -0.8238
vn -0.0333 0.4789 -0.8772
vn 0.0652 0.7127 -0.6984
vn 0.0717 0.7698 -0.6342
vn 0.0259 0.8930 -0.4494
vn -0.4869 -0.4898 -0.7232
vn -0.4868 -0.4899 -0.7232
vn -0.4868 -0.4898 -0.7233
vn -0.4869 -0.4897 -0.7233
vn -0.4866 -0.4897 -0.7234
vn -0.1773 -0.2836 -0.9424
vn -0.7889 -0.4054 -0.4619
vn -0.7045 -0.5849 -0.4020
vn -0.0127 -0.4495 -0.8932
vn 0.3146 0.0568 -0.9475
vn 0.4836 -0.3607 -0.7975
vn 0.4722 0.1331 -0.8714
vn 0.4412 0.2179 -0.8705
vn 0.4314 -0.6803 -0.5926
vn -0.0662 -0.6483 -0.7585
vn -0.8088 -0.2057 -0.5509
vn -0.3028 -0.0661 -0.9508
vn -0.5450 -0.7200 -0.4297
vn -0.4996 -0.0291 -0.8658
vn -0.4549 -0.7672 -0.4522
vn -0.3474 0.5489 -0.7603
vn 0.0043 0.3605 -0.9328
vn -0.3216 0.6797 -0.6592
vn 0.1070 0.4711 -0.8756
vn -0.7100 -0.0685 -0.7009
vn -0.3534 -0.5467 -0.7591
vn -0.5074 -0.4271 -0.7484
vn -0.6341 -0.0084 -0.7732
vn -0.7762 0.4382 -0.4532
vn -0.6173 0.5226 -0.5881
vn -0.9724 0.1628 -0.1674
vn -0.9747 -0.2187 0.0461
vn -0.2933 -0.9560 0.0087
vn -0.4796 -0.8744 0.0733
vn -0.7912 -0.5973 0.1311
vn -0.0849 0.9159 -0.3924
vn -0.4404 0.8973 -0.0312
vn -0.3207 0.9406 0.1112
vn -0.3003 0.7995 -0.5202
vn -0.7092 0.6998 -0.0860
vn -0.6002 0.6400 -0.4797
vn -0.8361 0.5486 0.0062
vn -0.6964 0.5620 -0.4463
vn 0.1257 0.9885 -0.0835
vn -0.2030 0.9208 0.3330
vn -0.7625 0.6447 0.0533
vn -0.7545 0.6530 0.0659
vn -0.3987 0.9112 0.1033
vn -0.2920 0.2390 -0.9261
vn -0.0713 0.2582 -0.9635
vn -0.1929 -0.1115 -0.9749
vn 0.0224 -0.0723 -0.9971
vn 0.2852 0.4151 -0.8639
vn 0.3851 0.1159 -0.9156
vn 0.6448 0.2354 -0.7272
vn 0.5364 0.5333 -0.6541
vn -0.2520 0.1212 -0.9601
vn 0.0822 0.3537 -0.9317
vn 0.1377 -0.2298 -0.9635
vn 0.0373 0.0534 -0.9979
vn 0.6387 -0.2970 -0.7099
vn 0.4638 -0.0787 -0.8824
vn 0.4188 -0.1395 -0.8973
vn -0.1743 -0.4829 -0.8581
vn -0.0962 -0.0263 -0.9950
vn -0.5141 -0.4489 -0.7309
vn 0.8238 0.2624 -0.5025
vn 0.6976 0.5784 -0.4229
vn 0.2800 0.9216 0.2689
vn 0.2864 0.8508 0.4407
vn 0.7695 0.6154 -0.1708
vn 0.9058 0.3337 -0.2611
vn -0.1170 0.5921 0.7973
vn -0.0584 0.7969 0.6013
vn 0.1475 0.8660 0.4777
vn 0.8079 0.5669 0.1612
vn 0.0209 0.7979 0.6024
vn 0.8475 0.3608 0.3894
vn 0.7906 0.4039 0.4603
vn -0.1140 0.6617 0.7410
vn -0.6443 0.4663 0.6063
vn -0.5903 0.6282 0.5069
vn 0.0930 0.2075 0.9738
vn -0.2119 -0.0177 0.9771
vn 0.6696 -0.0537 0.7408
vn 0.4453 -0.1410 0.8842
vn 0.9066 0.1205 0.4044
vn 0.9465 0.3181 0.0543
vn 0.9549 0.1194 0.2718
vn -0.4848 0.6137 0.6232
vn 0.2204 -0.1413 0.9651
vn -0.6564 0.7254 0.2071
vn -0.2296 0.8535 -0.4677
vn -0.3988 0.9112 0.1033
vn 0.1925 0.6225 -0.7585
vn 0.0705 0.9967 0.0393
vn -0.5265 0.0813 -0.8463
vn 0.3036 0.3314 -0.8933
vn -0.5085 -0.3799 -0.7727
vn 0.9383 0.3401 -0.0622
vn 0.8184 -0.3398 -0.4635
vn 0.8381 0.4701 -0.2766
vn 0.8443 -0.3571 -0.3996
vn 0.7157 0.5428 -0.4395
vn 0.8206 -0.2213 -0.5269
vn 0.7742 -0.4129 -0.4797
vn 0.9078 0.4194 0.0006
vn 0.8763 -0.2469 -0.4137
vn 0.3846 0.9227 0.0269
vn 0.5379 0.7746 0.3326
vn 0.2542 0.9542 -0.1574
vn -0.0603 0.8854 -0.4610
vn 0.7687 -0.4435 -0.4609
vn -0.0603 0.8854 -0.4609
vn 0.0969 0.8573 -0.5056
vn -0.5167 0.7429 -0.4257
vn 0.0690 0.5885 -0.8055
vn -0.3084 0.3335 -0.8909
vn -0.0689 0.3172 -0.9459
vn -0.3414 0.2304 -0.9112
vn -0.4034 0.2101 -0.8906
vn -0.6322 0.5457 -0.5500
vn -0.6682 0.4300 -0.6071
vn -0.4326 0.1650 -0.8864
vn -0.3757 0.1926 -0.9065
vn -0.7444 0.5166 -0.4230
vn -0.3788 0.1979 -0.9041
vn -0.3867 0.1948 -0.9014
vn -0.4148 0.1957 -0.8886
vn -0.5640 0.2629 -0.7828
vn -0.2905 -0.1062 -0.9510
vn -0.5486 0.4528 -0.7029
vn -0.4336 0.6811 -0.5900
vn -0.3202 0.7888 -0.5246
vn 0.2098 -0.4188 -0.8835
vn 0.2303 -0.2771 -0.9328
vn 0.5968 -0.5733 -0.5614
vn 0.5638 -0.6099 -0.5569
vn 0.2354 -0.5233 -0.8190
vn 0.0594 -0.4386 -0.8967
vn -0.0939 -0.3124 -0.9453
vn 0.6121 -0.6578 -0.4390
vn 0.2772 0.0154 -0.9607
vn 0.5664 -0.4262 -0.7054
vn 0.3401 0.2007 -0.9187
vn 0.6141 -0.2707 -0.7413
vn 0.5159 -0.6598 -0.5464
vn -0.0864 -0.3438 -0.9351
vn -0.0769 -0.3160 -0.9456
vn -0.1507 -0.4285 -0.8909
vn -0.2161 -0.4715 -0.8550
vn -0.2477 -0.6794 -0.6907
vn -0.3032 -0.6079 -0.7338
vn -0.3460 -0.5216 -0.7798
vn -0.5051 0.7251 0.4680
vn 0.1988 0.8597 0.4705
vn 0.1943 0.8488 0.4917
vn -0.0065 0.8991 0.4376
vn 0.4346 0.8221 0.3679
vn 0.4303 0.7898 0.4371
vn 0.4234 0.7955 0.4336
vn 0.2870 0.8290 0.4799
vn 0.1200 0.8592 0.4974
vn 0.4855 0.7396 0.4662
vn 0.3859 0.8303 0.4021
vn 0.4996 0.7320 0.4633
vn 0.8394 -0.1660 -0.5175
vn 0.6930 0.5575 0.4571
vn 0.6952 0.5008 0.5157
vn 0.6848 0.5299 0.5003
vn 0.6969 0.5513 0.4587
vn 0.7071 0.4191 0.5695
vn -0.1577 -0.3339 -0.9293
vn -0.2199 -0.3499 -0.9106
vn -0.2805 -0.3506 -0.8935
vn -0.3972 -0.6184 -0.6781
vn -0.3727 -0.6348 -0.6769
vn 0.2098 -0.5582 -0.8027
vn -0.5504 -0.8347 0.0187
vn -0.4150 -0.9086 0.0476
vn -0.4728 -0.8806 -0.0314
vn 0.0763 -0.8457 -0.5281
vn 0.1835 -0.3217 -0.9289
vn 0.4011 0.0272 -0.9156
vn 0.1365 0.2843 -0.9490
vn -0.3546 -0.3368 -0.8723
vn -0.3523 0.2064 -0.9128
vn 0.2824 0.8323 -0.4771
vn -0.2074 0.7501 -0.6280
vn 0.5597 0.3125 -0.7675
vn 0.3143 0.9447 -0.0934
vn -0.0276 0.9922 -0.1218
vn -0.0432 0.9976 -0.0535
vn -0.1923 -0.8578 -0.4766
vn 0.2724 -0.9622 0.0079
vn -0.3575 -0.8988 0.2537
vn -0.4615 -0.8189 0.3412
vn -0.3104 -0.8452 0.4350
vn -0.2597 -0.8530 0.4526
vn -0.3378 -0.9400 0.0481
vn -0.3453 -0.6996 -0.6255
vn -0.3350 -0.7754 -0.5354
vn -0.2753 -0.5037 -0.8189
vn -0.3046 -0.4486 -0.8402
vn -0.3486 -0.8799 -0.3228
vn 0.8591 -0.0358 0.5106
vn 0.8173 -0.0923 0.5687
vn 0.8993 -0.1387 0.4148
vn 0.8797 -0.0147 0.4754
vn 0.9085 -0.1268 0.3981
vn 0.9713 -0.1919 0.1409
vn 0.9886 -0.0448 0.1439
vn 0.8938 -0.0668 0.4435
vn 0.7963 -0.0574 0.6022
vn 0.8966 -0.1032 0.4307
vn 0.9559 0.1410 0.2577
vn 0.8018 -0.0875 0.5912
vn 0.7537 -0.2007 0.6259
vn 0.9015 0.1658 0.3998
vn 0.9095 0.3050 -0.2823
vn 0.9410 0.0265 -0.3373
vn 0.5600 0.2568 -0.7877
vn 0.5936 -0.0059 -0.8047
vn 0.1256 -0.1482 -0.9809
vn 0.6528 -0.2690 -0.7082
vn 0.1666 -0.4182 -0.8929
vn -0.0099 0.0956 -0.9954
vn -0.4107 -0.2214 -0.8845
vn -0.4547 0.0136 -0.8905
vn -0.0282 -0.2189 -0.9753
vn -0.0209 -0.0155 -0.9997
vn 0.0928 -0.2579 -0.9617
vn -0.3774 -0.3125 -0.8717
vn -0.4918 0.3792 -0.7838
vn -0.6415 0.1014 -0.7604
vn -0.2794 0.3179 -0.9060
vn -0.1306 0.4400 -0.8885
vn -0.5189 0.4473 -0.7285
vn -0.7425 0.3317 -0.5819
vn -0.5626 0.2404 -0.7910
vn -0.7954 0.1269 -0.5927
vn -0.5774 -0.0664 -0.8137
vn -0.0595 0.0533 -0.9968
vn -0.1053 0.2301 -0.9675
vn 0.2693 0.0375 -0.9623
vn 0.2317 0.2378 -0.9433
vn -0.7960 -0.3175 -0.5153
vn -0.1485 -0.3862 -0.9104
vn 0.3192 -0.1007 -0.9423
vn 0.1153 -0.1000 -0.9883
vn 0.4307 -0.0085 -0.9025
vn -0.1150 0.0513 -0.9920
vn -0.3085 -0.4249 -0.8511
vn -0.6080 -0.6571 -0.4456
vn -0.6540 -0.7449 -0.1321
vn -0.7669 -0.6044 0.2158
vn -0.5282 -0.8444 0.0890
vn -0.5530 -0.7660 0.3279
vn -0.7993 -0.4831 0.3575
vn -0.9585 -0.1627 0.2341
vn -0.9369 -0.1419 0.3195
vn -0.7389 -0.5648 -0.3675
vn -0.9639 -0.1843 0.1922
vn -0.8355 -0.2686 0.4794
vn -0.9288 -0.2423 0.2805
vn -0.8414 -0.1954 -0.5039
vn -0.8471 -0.1905 -0.4961
vn -0.8954 -0.1969 -0.3994
vn -0.5397 -0.1284 -0.8320
vn -0.4927 -0.0891 -0.8656
vn -0.4176 -0.0772 -0.9054
vn -0.5277 -0.1984 -0.8259
vn -0.9136 -0.2757 -0.2990
vn -0.7453 -0.2697 0.6098
vn -0.8537 -0.2414 0.4615
vn -0.9243 -0.3119 0.2202
vn 0.7732 -0.1244 0.6219
vn 0.7709 -0.0452 0.6354
vn 0.7126 -0.0366 0.7006
vn 0.7462 -0.0100 0.6656
vn 0.7874 -0.0576 0.6137
vn 0.6965 0.0237 0.7172
vn 0.8673 0.1342 0.4794
vn 0.8306 0.1279 0.5419
vn 0.6021 -0.0577 0.7964
vn 0.5044 0.0944 0.8583
vn -0.0948 -0.1527 0.9837
vn 0.8963 0.0695 0.4380
vn 0.9701 0.0569 -0.2361
vn 0.9569 0.2541 -0.1406
vn 0.9678 -0.0182 -0.2510
vn 0.6710 0.2608 -0.6940
vn 0.6841 0.2710 -0.6771
vn 0.7353 0.1487 -0.6612
vn 0.9793 0.1670 -0.1146
vn 0.7805 0.0543 -0.6228
vn 0.9870 0.0982 -0.1274
vn 0.3487 0.3043 -0.8865
vn 0.4177 0.2628 -0.8697
vn 0.6278 0.2819 -0.7256
vn 0.2650 0.2599 -0.9285
vn 0.4643 0.0811 -0.8820
vn 0.0014 0.2575 -0.9663
vn 0.1793 0.3886 -0.9038
vn 0.6600 -0.2403 0.7118
vn 0.0358 -0.5094 0.8598
vn 0.4111 -0.7253 0.5522
vn -0.3603 -0.7864 0.5017
vn -0.5751 -0.4258 0.6985
vn -0.6011 -0.1341 0.7878
vn -0.4468 -0.1920 0.8738
vn -0.0161 -0.1114 0.9936
vn 0.3847 0.1064 0.9169
vn 0.7227 0.1849 0.6659
vn 0.6391 0.1666 0.7509
vn 0.4214 0.0550 0.9052
vn -0.0668 -0.0433 0.9968
vn 0.8831 0.1835 0.4317
vn 0.3109 0.1167 0.9433
vn 0.0395 -0.0601 0.9974
vn -0.5510 -0.1589 0.8193
vn -0.5371 -0.1513 0.8298
vn -0.4341 -0.1317 0.8912
vn -0.7092 -0.1893 0.6792
vn 0.4489 0.7981 0.4019
vn 0.3713 0.8348 0.4066
vn 0.4139 0.8496 0.3269
vn 0.4148 0.7227 0.5528
vn 0.3258 0.8531 0.4076
vn 0.5603 0.7647 0.3182
vn 0.7070 0.5705 0.4181
vn 0.4565 0.8498 0.2633
vn 0.7086 0.6195 0.3378
vn 0.8059 0.4079 0.4291
vn 0.4378 0.5592 0.7040
vn 0.6955 0.0389 0.7174
vn 0.7223 0.1036 0.6838
vn 0.9488 0.0928 0.3019
vn 0.5925 -0.7889 0.1632
vn 0.8570 -0.4532 0.2452
vn 0.9938 -0.1008 -0.0469
vn 0.5333 -0.8155 -0.2248
vn 0.7513 -0.6422 -0.1520
vn 0.8987 -0.4268 -0.1011
vn 0.8896 -0.4488 -0.0855
vn 0.8557 -0.5153 0.0465
vn 0.9306 -0.3521 0.1000
vn 0.9469 -0.3214 0.0040
vn 0.8863 -0.3989 0.2353
vn 0.9697 -0.2332 0.0723
vn 0.9056 -0.3794 0.1895
vn 0.8813 -0.4612 0.1030
vn 0.7986 -0.6012 0.0279
vn 0.8895 -0.3609 0.2804
vn 0.8562 -0.3796 0.3504
vn 0.6149 -0.7855 0.0693
vn 0.7766 -0.3711 0.5090
vn 0.3863 -0.9064 0.1707
vn 0.4548 -0.4462 0.7707
vn 0.9735 -0.1666 0.1565
vn 0.9829 -0.1214 0.1386
vn 0.9829 -0.1711 0.0686
vn 0.9673 -0.0830 0.2396
vn 0.8675 -0.4043 0.2897
vn 0.8229 -0.3766 0.4254
vn 0.8068 -0.3853 0.4480
vn 0.8450 -0.1975 0.4970
vn 0.9556 -0.2109 0.2057
vn 0.9047 -0.1126 0.4108
vn 0.9753 -0.0894 0.2019
vn 0.9442 -0.1158 0.3084
vn 0.8503 -0.4521 0.2694
vn 0.7714 -0.1128 0.6263
vn 0.7621 -0.2236 0.6076
vn 0.7040 -0.3099 0.6390
vn 0.6856 0.0889 0.7225
vn 0.5584 -0.2139 0.8015
vn 0.4101 -0.0075 0.9120
vn 0.2316 -0.1471 0.9616
vn 0.1259 -0.0028 0.9920
vn 0.3618 0.0377 0.9315
vn 0.3025 -0.4900 0.8176
vn 0.6959 -0.3217 0.6421
vn 0.4362 -0.7716 0.4629
vn 0.2894 -0.7756 0.5609
vn 0.3504 -0.7808 0.5174
vn 0.4139 -0.6953 0.5876
vn 0.5436 -0.6012 0.5857
vn 0.7470 -0.4286 0.5082
vn 0.5625 -0.6688 0.4861
vn 0.8175 -0.3268 0.4743
vn 0.7568 -0.5026 0.4179
vn 0.8977 0.0822 0.4328
vn 0.6010 -0.3841 0.7009
vn 0.6902 0.1225 0.7132
vn 0.4208 -0.1630 0.8924
vn 0.4193 0.1894 0.8879
vn 0.7804 0.1940 0.5944
vn 0.2346 -0.3070 0.9224
vn 0.2914 -0.4688 0.8339
vn 0.7129 0.1710 0.6801
vn 0.4828 0.2496 0.8394
vn 0.7694 0.2748 0.5766
vn 0.8965 0.1427 0.4195
vn 0.9125 0.2165 0.3472
vn 0.9472 0.0769 0.3111
vn 0.7758 -0.0644 0.6277
vn 0.7395 0.1220 0.6620
vn 0.4428 0.0802 0.8930
vn 0.5381 -0.1354 0.8320
vn 0.6036 -0.2185 0.7667
vn 0.7149 -0.2756 0.6426
vn 0.8657 0.0967 0.4912
vn 0.7283 0.2568 0.6353
vn 0.6080 0.2957 0.7368
vn 0.8917 -0.2618 0.3693
vn 0.9089 -0.3054 0.2838
vn 0.8757 -0.4223 0.2344
vn 0.6704 -0.1400 0.7287
vn 0.6559 -0.3793 0.6526
vn 0.5424 -0.0172 0.8400
vn 0.6746 -0.3164 0.6670
vn 0.5078 -0.2964 0.8089
vn 0.2399 -0.2082 0.9482
vn 0.3112 -0.2300 0.9221
vn 0.6035 -0.5156 0.6083
vn 0.6677 -0.3509 0.6566
vn 0.6177 -0.3259 0.7157
vn 0.7402 -0.3395 0.5804
vn 0.6233 -0.6018 0.4994
vn 0.2044 -0.8672 0.4541
vn 0.3213 -0.7101 0.6265
vn 0.4723 -0.6785 0.5627
vn 0.4569 -0.6976 0.5520
vn 0.2655 -0.8342 0.4834
vn 0.5618 -0.6431 0.5203
vn 0.4702 -0.7870 0.3993
vn 0.4753 -0.7052 0.5260
vn 0.4741 -0.4020 0.7834
vn 0.5129 -0.5056 0.6938
vn 0.5759 -0.0798 0.8136
vn 0.6407 -0.1273 0.7572
vn 0.6679 -0.2046 0.7156
vn 0.5778 -0.2463 0.7781
vn 0.6496 -0.1141 0.7516
vn 0.4271 -0.0294 0.9037
vn 0.4650 -0.3720 0.8034
vn 0.7796 -0.2594 0.5700
vn 0.7178 -0.2746 0.6398
vn 0.8352 -0.3181 0.4486
vn 0.6886 -0.3639 0.6271
vn 0.4877 -0.5116 0.7074
vn 0.7529 0.0184 0.6578
vn 0.5424 -0.0497 0.8387
vn 0.5845 0.2339 0.7769
vn 0.3185 0.0822 0.9444
vn 0.2811 -0.0921 0.9552
vn 0.7189 0.2315 0.6554
vn 0.2759 -0.4772 0.8344
vn 0.6566 -0.2575 0.7090
vn 0.4884 -0.7078 0.5104
vn 0.3791 -0.4523 0.8073
vn 0.4232 -0.1452 0.8943
vn 0.2814 -0.5222 0.8050
vn 0.2216 -0.9278 0.3000
vn 0.1508 -0.9572 -0.2472
vn 0.2253 -0.9242 -0.3083
vn 0.2561 -0.9625 0.0892
vn -0.0470 0.8351 0.5482
vn 0.6322 0.7294 0.2615
vn -0.0483 0.6255 0.7787
vn -0.1314 0.7564 0.6408
vn 0.6520 0.6527 0.3858
vn 0.0945 0.6439 0.7593
vn 0.8830 0.2332 -0.4074
vn 0.9565 0.0492 -0.2875
vn 0.7523 0.2176 -0.6219
vn 0.6469 0.2690 -0.7136
vn 0.4677 0.1526 -0.8706
vn 0.9075 -0.2564 -0.3328
vn 0.8868 -0.4242 -0.1832
vn 0.6618 -0.7259 -0.1872
vn 0.5348 -0.7437 -0.4010
vn 0.5320 -0.8257 -0.1875
vn 0.2820 -0.4316 -0.8569
vn -0.1245 -0.5458 -0.8286
vn 0.6857 -0.7113 0.1549
vn 0.8259 -0.3413 0.4488
vn 0.8969 -0.3806 0.2250
vn 0.8647 -0.2901 0.4099
vn 0.8792 -0.2430 0.4099
vn 0.9138 -0.2156 0.3443
vn 0.8955 -0.0826 0.4373
vn 0.9336 -0.2917 0.2082
vn 0.9340 -0.2877 0.2118
vn 0.9826 -0.1119 0.1482
vn 0.9760 -0.1040 0.1913
vn 0.8825 -0.2799 0.3780
vn 0.8643 -0.2377 0.4433
vn 0.7905 -0.1717 0.5879
vn 0.8655 -0.2011 0.4588
vn 0.9215 0.3812 0.0747
vn 0.9112 0.0348 0.4105
vn 0.9823 0.0198 0.1865
vn 0.7753 0.4427 -0.4504
vn 0.5251 0.8510 -0.0015
vn 0.6989 0.3000 0.6493
vn 0.8903 -0.1800 0.4183
vn 0.6891 0.1700 0.7045
vn 0.7823 0.0757 0.6183
vn 0.8632 -0.1777 0.4725
vn 0.9512 -0.2103 0.2257
vn 0.7935 0.5743 -0.2015
vn 0.7753 0.4427 -0.4505
vn 0.9157 -0.2730 0.2948
vn 0.8954 0.3376 0.2904
vn 0.9898 -0.1124 0.0874
vn 0.8384 -0.4999 0.2171
vn 0.9728 -0.0092 0.2315
vn 0.7989 -0.4178 0.4327
vn 0.9113 0.0527 0.4083
vn 0.7941 -0.2774 0.5408
vn 0.9733 0.1743 0.1493
vn 0.7871 -0.4290 0.4433
vn 0.8195 -0.2032 0.5358
vn 0.8496 0.0978 0.5184
vn 0.8854 0.0212 0.4643
vn 0.6285 -0.4623 0.6255
vn 0.5705 0.0698 0.8183
vn 0.6837 0.0517 0.7280
vn 0.4570 0.0027 0.8894
vn 0.2864 0.0409 0.9572
vn 0.2648 -0.0470 0.9631
vn 0.4465 -0.4285 0.7855
vn 0.6862 -0.2970 0.6640
vn 0.8709 -0.1798 0.4573
vn 0.1726 -0.0467 0.9839
vn 0.3612 -0.2775 0.8903
vn 0.4929 0.3579 0.7931
vn 0.5085 0.2282 0.8303
vn 0.6670 -0.3175 0.6741
vn 0.4443 -0.1998 0.8733
vn 0.2744 -0.7528 0.5984
vn 0.5296 -0.7521 0.3923
vn 0.2047 -0.9712 0.1217
vn 0.5302 -0.8470 -0.0385
vn 0.7068 -0.7072 -0.0156
vn 0.6209 -0.7672 0.1609
vn 0.4573 -0.8773 0.1460
vn 0.4105 -0.8439 0.3453
vn 0.2791 -0.2611 0.9241
vn 0.3441 -0.4032 0.8479
vn 0.3353 -0.2596 0.9056
vn 0.3673 -0.2087 0.9064
vn 0.5651 -0.1485 0.8115
vn 0.5831 -0.1217 0.8032
vn 0.6878 -0.2903 0.6653
vn 0.2653 0.4409 0.8575
vn 0.1084 0.4578 0.8824
vn 0.4673 0.3888 0.7940
vn 0.2302 0.6817 0.6945
vn 0.2407 0.8307 0.5021
vn 0.2228 0.8970 0.3817
vn 0.4557 -0.0879 0.8858
vn 0.5943 -0.2588 0.7614
vn 0.6428 -0.2050 0.7381
vn 0.7029 -0.3325 0.6287
vn 0.7056 -0.3330 0.6255
vn -0.5198 -0.0505 -0.8528
vn -0.4148 0.1316 -0.9004
vn -0.6044 -0.0104 -0.7966
vn -0.4852 -0.1448 -0.8623
vn -0.5058 -0.2564 -0.8237
vn -0.4136 -0.1857 -0.8913
vn -0.3220 -0.4411 -0.8377
vn -0.1308 0.6600 -0.7398
vn -0.4148 0.1315 -0.9004
vn 0.8622 0.1799 -0.4735
vn -0.2193 0.8381 -0.4996
vn -0.3220 -0.4412 -0.8377
vn 0.4784 -0.7303 -0.4876
vn 0.9902 -0.1333 0.0422
vn 0.4228 -0.8574 -0.2935
vn 0.5082 -0.5735 -0.6425
vn 0.5481 -0.5311 -0.6461
vn 0.2551 -0.8411 -0.4770
vn 0.2906 -0.9568 0.0057
vn 0.1895 -0.9778 0.0892
vn 0.7168 0.0768 0.6930
vn 0.6960 -0.0115 0.7179
vn 0.5930 0.1670 0.7877
vn 0.5875 0.1480 0.7956
vn 0.4891 0.1333 0.8620
vn 0.7700 0.1434 0.6217
vn 0.7667 -0.0640 0.6388
vn 0.9450 -0.0478 0.3236
vn 0.9647 -0.1690 0.2020
vn 0.8941 0.0537 0.4445
vn 0.9695 -0.2445 0.0145
vn 0.9651 -0.2068 0.1608
vn 0.9421 -0.2773 -0.1884
vn 0.9178 -0.1689 -0.3595
vn 0.8105 -0.2569 -0.5263
vn 0.8414 -0.4578 -0.2871
vn 0.8952 -0.3867 -0.2214
vn 0.9483 -0.2975 -0.1105
vn 0.9634 -0.2678 -0.0055
vn 0.9564 -0.2793 -0.0860
vn 0.9472 -0.3039 -0.1024
vn 0.9564 -0.2847 -0.0656
vn 0.9274 -0.3424 -0.1506
vn 0.7048 -0.2857 -0.6494
vn 0.4794 -0.4449 -0.7564
vn 0.3197 -0.4015 -0.8582
vn -0.0669 -0.3998 -0.9141
vn -0.4076 -0.2937 -0.8647
vn 0.0556 -0.3062 -0.9503
vn -0.5064 -0.4036 -0.7620
vn -0.0684 -0.3737 -0.9250
vn 0.1412 -0.2924 -0.9458
vn 0.2341 -0.2677 -0.9346
vn 0.1839 -0.2006 -0.9623
vn -0.3529 -0.3650 -0.8615
vn -0.2011 -0.2007 -0.9588
vn -0.3622 -0.3661 -0.8572
vn 0.1573 -0.0251 -0.9872
vn -0.2270 -0.0484 -0.9727
vn 0.1116 0.0054 -0.9937
vn -0.1658 -0.2835 -0.9445
vn -0.8435 -0.3254 -0.4274
vn 0.1072 -0.1901 -0.9759
vn 0.2753 -0.2011 -0.9401
vn -0.6578 -0.0934 -0.7474
vn -0.9822 -0.0086 0.1875
vn -0.9792 -0.0632 -0.1930
vn -0.9709 0.0121 0.2393
vn -0.5766 0.0461 -0.8157
vn -0.9426 0.0856 -0.3226
vn -0.3668 0.2765 -0.8883
vn -0.6910 0.3704 -0.6207
vn 0.1888 0.0025 -0.9820
vn 0.4344 0.0127 -0.9006
vn 0.0398 0.4852 -0.8735
vn -0.2753 0.6548 -0.7039
vn 0.5183 0.6967 -0.4960
vn 0.2155 0.9307 -0.2956
vn 0.7707 0.1439 -0.6208
vn 0.3556 0.1045 -0.9288
vn 0.8135 0.5708 0.1114
vn 0.9812 0.1853 -0.0545
vn 0.5216 0.7772 0.3521
vn 0.2769 0.5982 0.7520
vn 0.6583 0.4688 0.5890
vn -0.1053 0.3444 0.9329
vn 0.4676 0.2470 0.8487
vn -0.0846 0.1372 0.9869
vn 0.5155 0.1372 0.8459
vn -0.3508 0.2217 0.9098
vn 0.6490 0.1391 0.7480
vn 0.9867 0.0151 0.1620
vn 0.9518 0.1367 0.2746
vn 0.9887 0.0895 -0.1202
vn 0.9383 -0.0706 -0.3385
vn 0.7857 -0.0595 -0.6157
vn 0.7810 -0.0210 -0.6241
vn 0.5410 -0.1313 -0.8307
vn 0.2099 -0.1045 -0.9721
vn 0.0653 -0.0821 -0.9945
vn 0.3307 -0.0354 -0.9431
vn 0.5208 -0.1175 -0.8456
vn 0.7264 -0.1349 -0.6739
vn 0.9745 -0.0955 -0.2030
vn 0.6942 -0.0851 -0.7148
vn 0.5356 0.0172 -0.8443
vn 0.8762 -0.0814 -0.4750
vn 0.9877 -0.1103 -0.1110
vn 0.9808 -0.0482 0.1888
vn -0.1380 -0.5329 0.8349
vn -0.7358 0.2067 0.6449
vn -0.3231 -0.5307 0.7836
vn -0.6748 0.1167 0.7287
vn 0.3124 -0.4336 0.8452
vn -0.3427 0.1607 0.9256
vn 0.7113 -0.2122 0.6701
vn -0.0410 0.2193 0.9748
vn 0.1636 0.2876 0.9437
vn 0.9432 -0.0447 0.3293
vn 0.9991 -0.0345 0.0228
vn 0.8938 -0.2875 0.3442
vn 0.9375 0.0993 -0.3335
vn 0.9661 -0.2579 0.0124
vn 0.7275 0.3701 -0.5777
vn 0.7964 -0.3666 -0.4809
vn 0.3968 -0.2988 -0.8679
vn 0.5242 0.5372 -0.6608
vn 0.5080 0.7261 -0.4634
vn 0.4243 0.1624 -0.8909
vn -0.4926 0.4853 0.7224
vn -0.7087 0.4342 0.5560
vn -0.2717 0.4085 0.8714
vn -0.6281 0.7359 0.2528
vn 0.0073 -0.3106 -0.9505
vn 0.1807 -0.0106 -0.9835
vn -0.3889 -0.3363 -0.8577
vn -0.3721 -0.0950 -0.9233
vn -0.9445 0.1839 -0.2722
vn -0.7308 -0.5239 -0.4375
vn -0.9470 0.1915 0.2580
vn -0.8537 -0.5203 0.0229
vn -0.8671 0.2649 0.4219
vn -0.7961 -0.5787 0.1770
vn -0.6608 0.6731 0.3322
vn -0.5167 0.7830 0.3463
vn -0.7963 0.6049 -0.0054
vn -0.6791 0.7306 -0.0713
vn -0.6734 0.7377 -0.0493
vn -0.2604 -0.7006 -0.6643
vn -0.1275 -0.6545 -0.7452
vn 0.1541 -0.6673 -0.7287
vn 0.7023 -0.6421 -0.3075
vn -0.6233 -0.7635 -0.1690
vn -0.3874 -0.7902 -0.4749
vn 0.7892 -0.5734 0.2198
vn 0.4535 -0.6298 0.6306
vn 0.5089 -0.7375 0.4439
vn 0.7923 -0.5500 0.2643
vn 0.3450 -0.6906 0.6357
vn -0.0773 -0.7090 0.7010
vn -0.6613 -0.7502 0.0025
vn 0.8489 -0.2051 -0.4871
vn 0.9932 -0.1022 -0.0553
vn 0.9842 -0.1262 0.1239
vn 0.9811 -0.1677 -0.0962
vn 0.7955 -0.3231 -0.5126
vn 0.7873 -0.1410 0.6002
vn 0.5744 -0.2199 0.7885
vn 0.6230 -0.1190 0.7731
vn 0.5977 -0.2730 0.7538
vn 0.4851 -0.1933 0.8528
vn 0.1365 -0.3987 0.9069
vn -0.1501 -0.3952 0.9062
vn -0.4018 -0.4640 0.7895
vn 0.9856 -0.0869 0.1447
vn 0.6036 -0.2620 0.7530
vn -0.2696 -0.4177 0.8677
vn -0.5271 -0.6111 0.5906
vn 0.9705 0.0444 0.2368
vn 0.6248 -0.1791 0.7599
vn 0.0135 -0.1559 0.9877
vn -0.1264 -0.2303 0.9649
vn 0.7229 0.0339 0.6902
vn 0.4475 -0.0363 0.8935
vn -0.7856 -0.3487 -0.5111
vn -0.8997 -0.4365 -0.0030
vn -0.9046 -0.4261 -0.0105
vn -0.8641 -0.1720 -0.4731
vn -0.4525 -0.2743 -0.8485
vn -0.4200 -0.0298 -0.9070
vn -0.0500 -0.1999 -0.9785
vn 0.0803 -0.0565 -0.9952
vn 0.3440 -0.2233 -0.9120
vn 0.4783 -0.2409 -0.8445
vn 0.7464 -0.2507 -0.6164
vn -0.7709 -0.5451 0.3296
vn -0.7856 -0.5254 0.3269
vn -0.6336 -0.6281 0.4517
vn -0.8004 0.2967 -0.5209
vn -0.4784 0.3286 -0.8143
vn -0.6928 0.3038 -0.6540
vn -0.5619 0.2932 -0.7735
vn -0.3590 0.3272 -0.8741
vn -0.0363 0.3411 -0.9393
vn 0.7031 0.0441 -0.7097
vn 0.8809 -0.4449 -0.1613
vn 0.9240 -0.3166 -0.2142
vn 0.8660 -0.0656 -0.4957
vn 0.7056 -0.1629 -0.6897
vn 0.4969 -0.1051 -0.8614
vn 0.2730 0.4435 -0.8537
vn 0.5654 0.0756 -0.8213
vn 0.4304 0.4039 -0.8072
vn 0.6069 0.0353 -0.7940
vn 0.5362 0.5392 -0.6494
vn 0.7032 0.0895 -0.7053
vn 0.9303 -0.2800 -0.2367
vn 0.9824 -0.1716 -0.0734
vn 0.9080 -0.2869 0.3054
vn 0.9710 -0.1753 0.1626
vn 0.9837 -0.1512 -0.0975
vn 0.7981 -0.2500 0.5482
vn 0.7076 -0.3612 0.6073
vn 0.8666 -0.4319 0.2500
vn 0.6852 -0.5185 0.5115
vn 0.7702 -0.4544 0.4476
vn 0.8880 -0.4590 0.0286
vn 0.8524 -0.5147 0.0920
vn 0.7956 -0.4755 0.3754
vn 0.8025 -0.5770 0.1515
vn 0.8279 -0.5257 -0.1956
vn 0.7632 -0.4072 -0.5017
vn 0.8465 -0.3572 -0.3947
vn 0.6959 -0.4894 -0.5256
vn 0.6003 -0.3752 -0.7064
vn 0.5369 -0.4972 -0.6815
vn 0.7032 -0.7109 -0.0111
vn 0.4879 -0.7836 -0.3847
vn 0.2311 -0.9597 -0.1599
vn 0.3155 -0.8279 -0.4637
vn 0.0707 -0.9792 -0.1904
vn 0.5457 -0.8085 0.2205
vn -0.1027 -0.9929 -0.0608
vn 0.0912 -0.8512 -0.5168
vn -0.3619 -0.9307 -0.0541
vn -0.2093 -0.7941 -0.5706
vn 0.2400 -0.4857 -0.8405
vn -0.2464 -0.6142 -0.7497
vn -0.1340 -0.4860 -0.8636
vn 0.3514 -0.5737 -0.7399
vn -0.0867 -0.5089 -0.8565
vn -0.2882 -0.3422 -0.8944
vn -0.2971 -0.4580 -0.8379
vn -0.6159 -0.2613 -0.7433
vn -0.7447 -0.0554 -0.6651
vn 0.0452 0.1333 -0.9900
vn -0.3532 0.2291 -0.9070
vn 0.1209 0.5158 -0.8481
vn 0.0978 0.0386 -0.9945
vn 0.3833 0.4339 -0.8154
vn 0.4279 0.5263 -0.7347
vn -0.9135 0.1345 -0.3840
vn -0.8326 -0.2772 -0.4795
vn -0.9309 -0.0285 -0.3642
vn -0.9853 -0.0290 -0.1684
vn -0.7264 -0.6789 -0.1069
vn -0.5881 -0.6596 -0.4681
vn -0.4036 -0.8721 -0.2766
vn -0.3781 -0.7088 -0.5956
vn 0.5316 0.6421 -0.5524
vn 0.5591 -0.0437 -0.8279
vn -0.5330 -0.7525 -0.3869
vn -0.6649 -0.6681 -0.3340
vn 0.7119 0.3508 0.6083
vn 0.0880 0.6193 0.7802
vn 0.4685 0.2521 0.8467
vn 0.3119 0.7527 0.5798
vn 0.8313 0.4525 -0.3228
vn 0.1353 0.8478 0.5128
vn -0.0418 0.5289 0.8477
vn 0.1767 0.1374 0.9746
vn -0.6796 -0.3785 0.6284
vn -0.1718 0.5532 0.8151
vn -0.2276 0.8926 0.3891
vn -0.2562 0.8917 0.3731
vn -0.4006 0.8547 0.3302
vn -0.3996 0.8187 0.4124
vn -0.3786 0.8117 0.4447
vn 0.8780 -0.1789 0.4440
vn 0.6752 -0.2402 0.6974
vn 0.6113 -0.7323 0.3000
vn 0.7069 -0.7070 0.0203
vn 0.9624 0.0177 -0.2709
vn 0.8104 -0.2505 -0.5297
vn 0.3551 -0.3853 0.8517
vn 0.3565 -0.8626 0.3590
vn 0.0260 -0.5787 0.8151
vn 0.2156 -0.9550 0.2037
vn 0.4966 0.3083 -0.8114
vn 0.4822 0.3358 -0.8092
vn -0.8849 -0.4475 -0.1295
vn -0.8740 -0.4712 -0.1187
vn -0.8848 -0.4466 -0.1330
vn -0.8661 -0.4887 -0.1051
vn 0.4693 0.3327 -0.8180
vn -0.8039 -0.4906 -0.3362
vn 0.9008 -0.4311 -0.0515
vn 0.8505 -0.4846 0.2045
vn 0.5089 -0.8606 -0.0203
vn 0.6593 -0.6137 0.4343
vn 0.3383 -0.7788 0.5282
vn 0.1352 -0.8452 0.5170
vn 0.8179 -0.4811 -0.3156
vn 0.5728 -0.6176 -0.5390
vn 0.2618 -0.7929 -0.5502
vn 0.0673 -0.9359 0.3457
vn 0.0516 -0.9868 -0.1533
vn 0.1082 -0.8709 -0.4794
vn 0.9137 -0.3969 -0.0879
vn 0.7996 -0.5171 0.3055
vn 0.9150 -0.3943 -0.0853
vn 0.9056 -0.2222 0.3612
vn 0.6144 -0.4901 0.6184
vn 0.6185 -0.4866 0.6169
vn 0.6631 0.6175 0.4230
vn 0.7644 0.3568 0.5370
vn 0.9573 0.1057 0.2692
vn 0.3425 0.6022 0.7211
vn 0.3470 0.7265 0.5931
vn -0.3634 0.8901 0.2752
vn 0.1789 0.9406 0.2884
vn 0.5896 -0.0303 0.8071
vn -0.7339 0.5231 0.4333
vn -0.3634 0.8900 0.2752
vn -0.7433 0.6672 0.0490
vn -0.7158 0.5510 0.4289
vn -0.4284 0.8815 -0.1987
vn -0.4189 0.8886 -0.1871
vn -0.3903 0.7321 0.5582
vn 0.3425 0.6022 0.7212
vn 0.3788 0.8838 0.2747
vn -0.1520 0.9544 0.2570
vn 0.2201 0.7083 0.6707
vn 0.2748 0.7329 0.6223
vn 0.6045 0.5110 -0.6111
vn 0.5585 -0.0880 -0.8248
vn -0.0900 0.1926 -0.9771
vn -0.0593 -0.1099 -0.9922
vn 0.5198 0.1157 -0.8464
vn 0.5086 0.3146 -0.8015
vn 0.0077 0.4058 -0.9139
vn 0.0691 0.0756 -0.9947
vn 0.4700 0.0497 -0.8813
vn 0.9129 0.1324 -0.3860
vn 0.8492 0.2557 -0.4620
vn 0.6719 0.2328 -0.7031
vn 0.8078 0.0247 -0.5889
vn 0.7953 0.1754 -0.5803
vn 0.9449 -0.0976 0.3126
vn 0.9138 0.2073 0.3492
vn 0.9025 -0.1484 0.4043
vn 0.1460 -0.2501 0.9572
vn 0.1328 -0.0020 0.9911
vn -0.5373 -0.1320 0.8330
vn -0.3200 -0.2349 0.9178
vn 0.9417 -0.2415 0.2341
vn -0.0574 -0.6938 0.7179
vn 0.6184 -0.7339 0.2811
vn 0.7488 -0.4828 -0.4541
vn 0.5055 -0.1632 -0.8473
vn 0.4904 -0.2498 -0.8350
vn 0.8501 -0.5091 0.1347
vn 0.2610 -0.5676 0.7808
vn -0.0073 -0.5303 0.8478
vn 0.9400 -0.2940 0.1733
vn 0.9636 -0.0219 -0.2663
vn 0.5512 -0.0679 0.8316
vn 0.7766 0.1920 0.6000
vn 0.5627 0.2183 0.7973
vn 0.8095 -0.0568 0.5844
vn 0.8095 -0.0567 0.5844
vn 0.3786 -0.4533 0.8069
vn 0.9719 0.1568 -0.1755
vn 0.7259 0.1906 -0.6609
vn 0.3791 0.0458 -0.9242
vn 0.1921 -0.1159 -0.9745
vn -0.5787 -0.3042 -0.7567
vn -0.7100 -0.0047 -0.7042
vn -0.6893 0.3709 -0.6223
vn -0.9626 0.1836 0.1991
vn -0.9629 -0.2246 -0.1497
vn -0.8883 0.3597 0.2855
vn -0.8106 -0.3247 -0.4873
vn -0.6749 0.2584 0.6912
vn -0.8002 0.2966 -0.5213
vn -0.7754 -0.3222 -0.5430
vn -0.6682 -0.4912 -0.5588
vn -0.3264 0.1043 -0.9395
vn 0.2215 0.1749 -0.9594
vn -0.6382 -0.1941 -0.7450
vn -0.4335 -0.0131 -0.9010
vn 0.0912 0.2355 -0.9676
vn 0.6524 0.2336 -0.7210
vn 0.5351 0.7127 -0.4536
vn 0.0428 0.7012 -0.7117
vn 0.0301 0.8803 -0.4735
vn 0.3191 0.9454 -0.0661
vn -0.3403 0.4858 -0.8051
vn -0.2881 0.3397 -0.8953
vn -0.4512 0.2089 -0.8676
vn -0.4122 -0.0877 -0.9068
vn 0.2079 -0.4927 -0.8450
vn 0.0271 -0.2422 -0.9698
vn -0.4087 -0.0647 -0.9103
vn -0.4774 0.0720 -0.8757
vn -0.5080 0.0271 -0.8610
vn 0.1744 -0.2412 -0.9547
vn 0.5482 -0.2296 -0.8042
vn 0.2306 -0.1068 -0.9672
vn 0.6414 -0.0094 -0.7671
vn 0.7738 0.0013 -0.6334
vn -0.3039 -0.2145 -0.9282
vn -0.3348 -0.2303 -0.9137
vn -0.4183 -0.0070 -0.9083
vn -0.4054 0.1768 -0.8969
vn -0.4599 -0.4967 -0.7360
vn 0.6235 -0.3194 -0.7136
vn 0.6730 -0.2974 -0.6772
vn -0.1341 -0.6383 0.7580
vn -0.4229 0.2474 0.8718
vn -0.6371 -0.0184 0.7705
vn -0.1287 -0.1066 0.9859
vn -0.9772 0.2000 0.0711
vn -0.7148 -0.5018 0.4871
vn -0.9780 0.1660 -0.1263
vn -0.1551 -0.4183 0.8950
vn -0.5207 -0.4748 0.7095
vn -0.9006 -0.4335 -0.0331
vn 0.0484 -0.1963 0.9793
vn -0.9175 -0.2390 -0.3178
vn -0.8906 -0.2371 0.3881
vn -0.4879 -0.2197 0.8448
vn 0.3086 -0.1057 0.9453
vn 0.5456 -0.0310 0.8375
vn -0.9644 -0.2501 -0.0863
vn -0.7816 -0.0314 -0.6230
vn -0.7608 -0.1028 -0.6409
vn -0.8776 -0.1988 0.4363
vn -0.5802 -0.2784 -0.7654
vn -0.8989 -0.4131 -0.1462
vn -0.7940 -0.3966 0.4608
vn -0.5588 -0.3398 0.7565
vn -0.5245 -0.4346 -0.7322
vn -0.8547 -0.4932 -0.1619
vn -0.7752 -0.4765 0.4147
vn -0.5182 -0.3830 0.7647
vn -0.3310 0.0800 -0.9402
vn -0.3893 0.2159 -0.8954
vn 0.0690 0.2922 -0.9539
vn -0.1389 -0.0817 -0.9869
vn 0.2140 0.0871 -0.9730
vn 0.5046 0.3965 -0.7669
vn -0.0505 0.3975 -0.9162
vn 0.4139 0.4092 -0.8132
vn 0.6998 0.3523 -0.6214
vn 0.2761 0.0379 -0.9604
vn 0.6749 0.3560 -0.6464
vn 0.8455 0.4540 -0.2812
vn 0.8839 0.4081 -0.2285
vn -0.0658 -0.2034 -0.9769
vn 0.8126 0.4717 -0.3424
vn 0.9147 0.4011 -0.0496
vn 0.9337 0.3255 0.1493
vn 0.7901 0.0329 0.6121
vn 0.9365 0.2589 0.2364
vn 0.2387 -0.1036 -0.9655
vn 0.2441 -0.1895 -0.9510
vn 0.5857 0.7525 0.3013
vn 0.8947 0.4421 -0.0631
vn 0.7153 0.5562 0.4230
vn 0.9399 0.1708 0.2955
vn 0.9870 0.0054 -0.1609
vn 0.8986 -0.3671 0.2403
vn 0.3773 0.7696 0.5152
vn 0.2915 0.8784 0.3788
vn 0.1975 0.9685 0.1518
vn 0.2324 0.9248 -0.3013
vn 0.4022 0.8575 -0.3209
vn 0.6912 -0.1668 -0.7032
vn 0.6661 -0.1962 -0.7196
vn 0.6325 -0.2211 -0.7423
vn 0.6272 -0.6842 -0.3721
vn -0.3489 0.0460 0.9360
vn 0.2467 -0.2121 0.9456
vn 0.0914 -0.3079 0.9470
vn -0.3066 0.1364 0.9420
vn 0.4497 -0.1859 0.8736
vn 0.8399 -0.2244 0.4942
vn 0.6264 -0.1554 0.7639
vn 0.1351 -0.0535 0.9894
vn -0.1435 -0.0366 0.9890
vn -0.3278 0.0725 0.9420
vn -0.0540 0.1137 0.9920
vn 0.5642 0.0549 0.8238
vn 0.9691 -0.1453 0.1991
vn -0.4691 0.3074 0.8279
vn -0.1717 0.4307 0.8860
vn -0.5681 0.4982 0.6550
vn -0.2372 0.6395 0.7313
vn -0.5129 0.6913 0.5090
vn -0.1113 0.8392 0.5323
vn -0.4692 0.8034 0.3666
vn -0.0771 0.9119 0.4030
vn -0.2989 0.8957 0.3292
vn 0.2542 0.8688 0.4249
vn -0.2693 0.8793 0.3928
vn 0.2948 0.7832 0.5475
vn 0.8153 0.5757 0.0621
vn 0.6550 0.7461 0.1196
vn 0.8669 0.3438 -0.3610
vn 0.6158 0.6608 0.4292
vn 0.9341 0.3225 -0.1532
vn 0.6034 0.3813 0.7004
vn 0.9954 0.0809 0.0507
vn 0.9657 -0.0581 -0.2530
vn 0.9619 -0.2255 -0.1545
vn 0.9092 0.1276 -0.3964
vn -0.2696 0.8787 0.3940
vn 0.9886 0.1157 0.0963
vn 0.9382 0.0243 -0.3453
vn 0.9365 -0.2817 -0.2087
vn 0.9514 -0.3078 0.0024
vn 0.9508 0.0717 0.3013
vn 0.9734 -0.1461 0.1763
vn 0.0608 -0.5685 -0.8204
vn -0.5174 -0.1521 -0.8421
vn 0.0506 -0.5372 -0.8420
vn -0.6300 -0.2882 -0.7212
vn -0.1217 -0.7010 -0.7027
vn -0.6622 -0.5066 -0.5522
vn -0.6053 -0.5852 -0.5396
vn -0.0924 -0.7015 -0.7066
vn -0.9342 -0.2556 -0.2489
vn -0.8877 -0.3551 -0.2931
vn -0.9440 0.0847 -0.3190
vn -0.9528 -0.1640 -0.2555
vn -0.8412 0.3055 -0.4461
vn -0.6402 -0.0198 -0.7679
vn -0.1218 -0.5536 -0.8239
vn -0.5878 -0.5645 -0.5795
vn -0.6308 -0.4682 -0.6188
vn -0.2268 -0.4836 -0.8454
vn -0.8686 -0.3554 -0.3452
vn -0.6091 -0.4326 -0.6647
vn -0.8968 -0.3303 -0.2943
vn -0.8843 -0.3146 -0.3450
vn -0.4874 -0.5244 -0.6982
vn -0.1044 -0.5703 -0.8148
vn -0.2299 -0.5067 -0.8309
vn -0.5718 -0.5653 -0.5946
vn -0.9644 0.2547 -0.0709
vn -0.9509 0.2383 0.1976
vn -0.9884 -0.0023 -0.1515
vn -0.9854 0.0674 0.1564
vn -0.8154 0.2860 0.5034
vn -0.9800 -0.0990 -0.1728
vn -0.9666 -0.1235 -0.2246
vn -0.9756 0.1535 0.1570
vn -0.7394 0.4716 0.4805
vn -0.9537 0.2924 0.0707
vn -0.6896 0.6058 0.3967
vn -0.9417 0.3308 -0.0617
vn -0.7629 0.6035 0.2319
vn -0.9492 -0.1026 -0.2975
vn -0.9342 0.0022 -0.3569
vn -0.9251 0.3383 -0.1723
vn -0.7600 0.3709 0.5336
vn -0.5908 0.6739 0.4436
vn -0.5720 0.6682 0.4757
vn -0.5280 0.7685 0.3615
vn -0.6288 0.1768 0.7572
vn -0.6958 -0.1430 0.7039
vn -0.0821 -0.7602 0.6445
vn -0.6012 -0.7975 -0.0513
vn -0.7897 -0.4800 -0.3820
vn -0.9644 0.2547 -0.0710
vn -0.9314 0.3616 -0.0421
vn 0.4347 -0.8266 -0.3575
vn 0.6815 -0.5757 -0.4519
vn 0.8164 -0.5752 0.0517
vn 0.4836 -0.8454 -0.2268
vn 0.5132 -0.8376 -0.1873
vn 0.9615 -0.2730 -0.0306
vn 0.9096 0.0600 0.4111
vn 0.8642 -0.0904 0.4950
vn 0.9919 0.0715 -0.1050
vn 0.7877 -0.3053 -0.5350
vn 0.8682 -0.0916 0.4878
vn 0.9702 0.0926 -0.2237
vn 0.8872 0.3474 0.3036
vn 0.9209 0.3574 0.1557
vn 0.7674 -0.2486 -0.5910
vn 0.7808 -0.3556 -0.5137
vn 0.9789 -0.0051 -0.2043
vn 0.9187 0.3801 0.1074
vn 0.8218 0.4394 0.3626
vn 0.9996 -0.0214 -0.0191
vn 0.7475 -0.4881 -0.4505
vn 0.9903 -0.1051 -0.0910
vn 0.7897 0.0504 0.6115
vn 0.7941 0.3588 0.4905
vn 0.2874 0.1122 0.9512
vn 0.7923 0.2393 0.5612
vn 0.2443 0.2426 0.9389
vn -0.4331 -0.0159 0.9012
vn 0.7405 0.4526 0.4967
vn 0.1831 0.3967 0.8995
vn -0.4058 0.1529 0.9011
vn 0.3374 -0.0230 0.9411
vn -0.3557 0.0228 0.9343
vn 0.2662 0.6190 0.7389
vn 0.8456 0.4800 0.2336
vn -0.3716 0.4082 0.8338
vn 0.4449 0.7564 0.4795
vn -0.2824 0.6754 0.6812
vn -0.2913 0.7536 0.5892
vn -0.2919 0.7513 0.5918
vn -0.2914 0.7607 0.5800
vn 0.9325 0.3604 -0.0229
vn 0.9418 0.3359 -0.0153
vn 0.9488 0.3052 -0.0818
vn 0.9325 0.3605 -0.0229
vn 0.9496 0.3076 -0.0606
vn 0.9484 0.3044 -0.0882
vn -0.0767 -0.3764 -0.9233
vn -0.7054 -0.5847 -0.4006
vn -0.6279 -0.5549 -0.5457
vn -0.2760 -0.2958 -0.9145
vn -0.8381 -0.2970 -0.4575
vn -0.9295 -0.1629 -0.3309
vn -0.5073 -0.2660 -0.8197
vn 0.3960 -0.2692 -0.8779
vn 0.5140 -0.0687 -0.8550
vn 0.5150 -0.0030 -0.8572
vn 0.5089 0.0088 -0.8608
vn 0.5229 -0.1728 -0.8347
vn -0.3117 -0.5034 -0.8059
vn -0.8969 -0.2005 -0.3941
vn -0.9753 0.2120 0.0614
vn -0.9929 -0.0152 0.1181
vn -0.8622 -0.4144 -0.2915
vn -0.7898 -0.4980 -0.3580
vn -0.4264 -0.6691 -0.6087
vn 0.5230 -0.3347 -0.7839
vn -0.1458 -0.6232 -0.7683
vn -0.7492 -0.5551 -0.3614
vn 0.3312 0.8007 0.4992
vn 0.8266 0.5592 0.0639
vn 0.6501 0.7591 0.0320
vn 0.5079 0.6132 0.6049
vn 0.0737 0.9854 0.1535
vn 0.2718 0.9613 -0.0455
vn 0.6420 0.0601 -0.7643
vn 0.5033 0.0249 -0.8637
vn 0.5016 -0.1204 -0.8567
vn 0.8444 0.5313 -0.0684
vn 0.6055 -0.3788 -0.6999
vn 0.8546 0.5192 -0.0109
vn 0.5597 0.6051 0.5662
vn 0.7745 -0.4533 -0.4413
vn 0.9147 0.3074 0.2623
vn 0.0779 -0.4575 -0.8858
vn 0.1310 -0.7811 -0.6105
vn 0.0796 -0.3340 -0.9392
vn 0.2991 -0.3768 -0.8767
vn 0.4772 -0.4126 -0.7759
vn 0.0378 0.9977 0.0570
vn 0.4722 0.6468 0.5989
vn 0.3769 0.5603 0.7375
vn 0.4298 0.4875 0.7600
vn 0.9561 -0.2927 -0.0121
vn 0.3838 -0.6970 -0.6056
vn 0.5241 -0.7551 -0.3939
vn 0.5985 0.0781 -0.7973
vn 0.6319 0.3293 -0.7016
vn -0.9271 -0.1872 0.3246
vn -0.8886 -0.4587 -0.0051
vn -0.9216 -0.2263 0.3154
vn -0.7873 -0.6133 0.0643
vn -0.8529 -0.5208 0.0366
vn -0.8680 -0.3540 0.3481
vn -0.7975 -0.1438 0.5859
vn -0.7171 -0.2570 0.6479
vn -0.7771 -0.5410 0.3215
vn -0.6794 -0.4735 0.5605
vn -0.7237 -0.6900 0.0058
vn -0.8606 -0.4308 0.2718
vn -0.8548 0.1248 0.5037
vn -0.8300 0.0380 0.5564
vn -0.5071 -0.1848 0.8418
vn -0.0990 0.1224 0.9875
vn -0.1168 0.1940 0.9740
vn 0.2494 -0.0018 0.9684
vn -0.7406 -0.6196 0.2601
vn -0.2278 -0.9732 0.0310
vn -0.2394 -0.9696 -0.0502
vn 0.2433 -0.9574 0.1559
vn -0.0551 -0.9685 -0.2429
vn 0.0434 -0.9415 -0.3343
vn 0.5251 -0.7161 -0.4598
vn -0.6036 -0.7879 -0.1221
vn -0.6780 -0.7335 -0.0472
vn 0.1750 -0.8858 -0.4298
vn 0.7197 -0.4748 -0.5066
vn -0.8236 -0.5648 0.0524
vn -0.8852 -0.3972 0.2421
vn -0.9220 -0.3456 0.1746
vn -0.6872 -0.6863 -0.2384
vn 0.2704 -0.7656 -0.5838
vn 0.7901 -0.3305 -0.5162
vn 0.3426 -0.3988 -0.8507
vn -0.7041 -0.4015 -0.5857
vn -0.9819 -0.1876 -0.0275
vn 0.7905 -0.0788 -0.6074
vn 0.3119 -0.1331 -0.9407
vn 0.7763 -0.0823 -0.6250
vn 0.6769 -0.2735 -0.6834
vn -0.6433 -0.0858 -0.7608
vn -0.9403 0.0492 -0.3369
vn -0.5650 0.0981 -0.8192
vn 0.2451 -0.1552 -0.9570
vn -0.8326 0.2885 -0.4728
vn 0.3662 -0.3606 -0.8578
vn 0.6890 -0.3909 -0.6103
vn 0.6837 -0.4003 -0.6102
vn -0.4451 0.0970 -0.8902
vn -0.0158 -0.2702 -0.9627
vn -0.7315 0.4281 -0.5306
vn -0.7314 0.4285 -0.5305
vn 0.4477 0.6158 0.6484
vn 0.2583 0.7644 0.5908
vn -0.3776 0.8432 0.3827
vn -0.6174 0.7794 0.1065
vn 0.8391 0.2475 0.4844
vn 0.4017 0.6918 0.6001
vn -0.4536 0.7838 0.4242
vn -0.4739 0.6646 0.5777
vn -0.7246 0.6474 0.2363
vn 0.8327 0.3456 0.4325
vn 0.8493 0.4893 0.1983
vn 0.4677 0.7280 0.5012
vn -0.4955 0.5077 0.7048
vn 0.5138 0.7271 0.4554
vn -0.5033 0.4064 0.7626
vn 0.6177 0.5774 0.5339
vn -0.4648 0.2589 0.8467
vn -0.8739 0.1250 0.4697
vn -0.8361 0.0182 0.5483
vn -0.8437 -0.0386 0.5354
vn -0.8555 -0.1165 0.5045
vn -0.4285 0.0145 0.9034
vn 0.7197 0.2056 0.6631
vn -0.2896 -0.0614 0.9552
vn 0.7056 -0.3560 0.6127
vn 0.9918 -0.0779 0.1012
vn 0.9699 0.2433 -0.0129
vn 0.8979 0.4391 0.0320
vn 0.8695 -0.4894 0.0668
vn 0.6486 -0.7573 0.0766
vn -0.8621 0.3460 0.3703
vt 0.935262 0.834972
vt 0.924686 0.841054
vt 0.925760 0.830010
vt 0.917818 0.846455
vt 0.937138 0.842037
vt 0.928453 0.846485
vt 0.938802 0.848649
vt 0.931737 0.851887
vt 0.923067 0.855881
vt 0.926048 0.857545
vt 0.919830 0.862522
vt 0.942887 0.866834
vt 0.935594 0.868408
vt 0.929573 0.871782
vt 0.922462 0.875942
vt 0.941934 0.881056
vt 0.937607 0.880299
vt 0.933809 0.880768
vt 0.930390 0.884642
vt 0.934929 0.885247
vt 0.932387 0.884400
vt 0.932296 0.885928
vt 0.933522 0.886850
vt 0.931888 0.889090
vt 0.929755 0.889468
vt 0.933431 0.892872
vt 0.935519 0.891783
vt 0.935912 0.892645
vt 0.937259 0.889876
vt 0.938953 0.890799
vt 0.937395 0.893840
vt 0.941086 0.892932
vt 0.939135 0.894521
vt 0.936230 0.893916
vt 0.940829 0.886987
vt 0.945005 0.888288
vt 0.938045 0.887365
vt 0.933809 0.887637
vt 0.933416 0.888530
vt 0.935519 0.893538
vt 0.935625 0.893538
vt 0.945746 0.892403
vt 0.948560 0.889165
vt 0.935746 0.893991
vt 0.934082 0.887607
vt 0.937077 0.887017
vt 0.918120 0.856395
vt 0.918196 0.856002
vt 0.918529 0.851342
vt 0.917046 0.855487
vt 0.917560 0.854277
vt 0.931873 0.821583
vt 0.449762 0.495773
vt 0.430427 0.482943
vt 0.450095 0.489797
vt 0.430623 0.503595
vt 0.471760 0.481112
vt 0.471760 0.505259
vt 0.496557 0.495031
vt 0.475845 0.527786
vt 0.518570 0.502581
vt 0.496557 0.488768
vt 0.475663 0.459281
vt 0.518797 0.481203
vt 0.467539 0.527756
vt 0.467342 0.459341
vt 0.754376 0.254974
vt 0.710531 0.260875
vt 0.710470 0.254899
vt 0.754406 0.260981
vt 0.724873 0.291708
vt 0.740562 0.291481
vt 0.725630 0.219420
vt 0.742196 0.219360
vt 0.552429 0.386085
vt 0.541143 0.361001
vt 0.556756 0.379489
vt 0.532474 0.360713
vt 0.574564 0.385873
vt 0.572536 0.378641
vt 0.593294 0.360123
vt 0.588921 0.354873
vt 0.564835 0.321316
vt 0.568966 0.328004
vt 0.579511 0.329744
vt 0.615594 0.337596
vt 0.611963 0.332421
vt 0.638334 0.320348
vt 0.635338 0.315840
vt 0.631041 0.312995
vt 0.603642 0.317277
vt 0.577438 0.321967
vt 0.600662 0.311210
vt 0.631979 0.299318
vt 0.629665 0.293600
vt 0.634249 0.309637
vt 0.638924 0.313510
vt 0.635731 0.296383
vt 0.640921 0.293100
vt 0.646700 0.306626
vt 0.646155 0.289878
vt 0.655626 0.300438
vt 0.657941 0.291905
vt 0.650921 0.282752
vt 0.665612 0.273871
vt 0.659424 0.266911
vt 0.669984 0.264430
vt 0.671391 0.272116
vt 0.670347 0.277396
vt 0.672919 0.276564
vt 0.664129 0.295506
vt 0.659666 0.305325
vt 0.651224 0.313086
vt 0.643432 0.320121
vt 0.642509 0.283660
vt 0.637244 0.286428
vt 0.632115 0.289560
vt 0.646806 0.278183
vt 0.655808 0.262479
vt 0.668895 0.259211
vt 0.391665 0.390624
vt 0.410350 0.390397
vt 0.409397 0.394315
vt 0.390167 0.386176
vt 0.379456 0.395208
vt 0.383889 0.398400
vt 0.380606 0.416465
vt 0.384872 0.412561
vt 0.409351 0.415905
vt 0.412786 0.419702
vt 0.413784 0.409551
vt 0.430396 0.395102
vt 0.430911 0.391501
vt 0.449989 0.394073
vt 0.449126 0.391063
vt 0.431773 0.406827
vt 0.417688 0.413439
vt 0.433694 0.410368
vt 0.454422 0.404134
vt 0.455012 0.407402
vt 0.451592 0.389807
vt 0.451850 0.393665
vt 0.457538 0.407796
vt 0.457099 0.403892
vt 0.457674 0.394058
vt 0.457856 0.389686
vt 0.464119 0.393317
vt 0.464452 0.388914
vt 0.469263 0.393045
vt 0.468991 0.397129
vt 0.480505 0.398007
vt 0.480399 0.401820
vt 0.469596 0.404210
vt 0.477600 0.408265
vt 0.468462 0.408461
vt 0.479385 0.412501
vt 0.464135 0.403454
vt 0.464180 0.407402
vt 0.461003 0.407569
vt 0.460579 0.403665
vt 0.482865 0.401048
vt 0.482214 0.397538
vt 0.484726 0.404392
vt 0.486859 0.408446
vt 0.529629 0.431488
vt 0.529372 0.398960
vt 0.518237 0.413817
vt 0.513517 0.434862
vt 0.507904 0.421911
vt 0.520824 0.443592
vt 0.529826 0.450733
vt 0.540719 0.413620
vt 0.545803 0.434559
vt 0.551189 0.421533
vt 0.538647 0.443410
vt 0.510748 0.407433
vt 0.529297 0.390246
vt 0.529947 0.459977
vt 0.514273 0.450385
vt 0.499764 0.420353
vt 0.505317 0.438856
vt 0.548133 0.407130
vt 0.545364 0.450037
vt 0.559313 0.419854
vt 0.554033 0.438417
vt 0.416114 0.257486
vt 0.415948 0.238907
vt 0.402725 0.252902
vt 0.429428 0.252660
vt 0.398383 0.270543
vt 0.416250 0.271329
vt 0.434088 0.270225
vt 0.441078 0.257819
vt 0.425948 0.279968
vt 0.416417 0.291224
vt 0.406704 0.280134
vt 0.391181 0.258273
vt 0.410895 0.346628
vt 0.429488 0.351484
vt 0.409518 0.352316
vt 0.431228 0.346113
vt 0.413860 0.358565
vt 0.433014 0.358262
vt 0.432877 0.351787
vt 0.435298 0.356386
vt 0.434527 0.347460
vt 0.461638 0.357203
vt 0.464119 0.359548
vt 0.463923 0.353451
vt 0.467160 0.353043
vt 0.468446 0.358988
vt 0.469808 0.352150
vt 0.466434 0.347672
vt 0.469808 0.346219
vt 0.464119 0.349971
vt 0.419034 0.365555
vt 0.437946 0.365373
vt 0.426069 0.373573
vt 0.443407 0.373361
vt 0.427507 0.377189
vt 0.444875 0.376796
vt 0.470549 0.372348
vt 0.470519 0.376433
vt 0.469021 0.365570
vt 0.471593 0.364980
vt 0.471487 0.358913
vt 0.473999 0.373361
vt 0.474059 0.377688
vt 0.501474 0.365328
vt 0.504016 0.352256
vt 0.472849 0.351000
vt 0.473182 0.345750
vt 0.501867 0.342982
vt 0.494257 0.378278
vt 0.491761 0.382424
vt 0.499114 0.339078
vt 0.520491 0.368384
vt 0.522004 0.351318
vt 0.513986 0.383861
vt 0.510824 0.389580
vt 0.517465 0.335493
vt 0.519387 0.340803
vt 0.018531 0.808874
vt 0.012676 0.811158
vt 0.012570 0.809222
vt 0.013145 0.807346
vt 0.016277 0.790749
vt 0.009892 0.788964
vt 0.008697 0.787375
vt 0.013765 0.779856
vt 0.005066 0.776195
vt 0.021874 0.781989
vt 0.023826 0.793760
vt 0.024159 0.810932
vt 0.017774 0.826696
vt 0.027639 0.824185
vt 0.025672 0.812596
vt 0.028244 0.836984
vt 0.017305 0.837741
vt 0.005731 0.826863
vt 0.004521 0.837302
vt 0.011178 0.812323
vt 0.023690 0.356598
vt 0.028501 0.369897
vt 0.021844 0.357491
vt 0.030604 0.369125
vt 0.037972 0.380729
vt 0.036262 0.383468
vt 0.028531 0.387038
vt 0.020573 0.373845
vt 0.013962 0.377219
vt 0.023917 0.392001
vt 0.014461 0.358368
vt 0.008031 0.354283
vt 0.041149 0.401986
vt 0.046384 0.396252
vt 0.056868 0.408371
vt 0.054720 0.415239
vt 0.069592 0.408764
vt 0.052935 0.390457
vt 0.066143 0.407660
vt 0.055310 0.388536
vt 0.078292 0.388551
vt 0.083284 0.408764
vt 0.083602 0.415239
vt 0.068669 0.415239
vt 0.101651 0.408416
vt 0.101046 0.415239
vt 0.099669 0.388581
vt 0.120154 0.409490
vt 0.119322 0.415239
vt 0.136766 0.415239
vt 0.136766 0.409399
vt 0.121274 0.388748
vt 0.136766 0.389217
vt 0.077792 0.384451
vt 0.054523 0.384300
vt 0.099079 0.384829
vt 0.098792 0.379277
vt 0.076839 0.379110
vt 0.120714 0.379216
vt 0.120275 0.385419
vt 0.136766 0.379398
vt 0.136766 0.385556
vt 0.097037 0.368217
vt 0.073692 0.367370
vt 0.094026 0.357067
vt 0.070621 0.357188
vt 0.118626 0.356190
vt 0.120412 0.367990
vt 0.136751 0.356492
vt 0.136751 0.368883
vt 0.136751 0.351424
vt 0.117946 0.351424
vt 0.093330 0.351424
vt 0.069123 0.351424
vt 0.048245 0.367310
vt 0.043388 0.357082
vt 0.043555 0.351424
vt 0.019802 0.351424
vt 0.053480 0.379443
vt 0.328712 0.507695
vt 0.311631 0.507710
vt 0.299815 0.499888
vt 0.328712 0.517060
vt 0.328712 0.486604
vt 0.294111 0.484592
vt 0.279950 0.466225
vt 0.279950 0.477648
vt 0.328712 0.463381
vt 0.279950 0.453108
vt 0.328712 0.443455
vt 0.279950 0.437540
vt 0.328712 0.423712
vt 0.279950 0.422078
vt 0.328712 0.410065
vt 0.279950 0.410065
vt 0.185997 0.675509
vt 0.191504 0.700972
vt 0.186739 0.699807
vt 0.190430 0.673103
vt 0.184378 0.665191
vt 0.187934 0.660939
vt 0.173924 0.661242
vt 0.175845 0.655296
vt 0.182396 0.719717
vt 0.185089 0.724604
vt 0.173319 0.722122
vt 0.172608 0.727191
vt 0.163848 0.658564
vt 0.162743 0.651605
vt 0.147160 0.666900
vt 0.150428 0.671606
vt 0.137886 0.682711
vt 0.141895 0.684118
vt 0.141593 0.691304
vt 0.146177 0.690986
vt 0.155012 0.708990
vt 0.151185 0.712425
vt 0.160731 0.725103
vt 0.159778 0.729823
vt 0.171458 0.703256
vt 0.166405 0.680819
vt 0.124739 0.686478
vt 0.150337 0.733621
vt 0.141472 0.714543
vt 0.152516 0.748795
vt 0.131789 0.697552
vt 0.171397 0.743485
vt 0.187798 0.739567
vt 0.177419 0.752820
vt 0.194288 0.723151
vt 0.200779 0.700261
vt 0.201036 0.679594
vt 0.159188 0.757222
vt 0.153878 0.760036
vt 0.160640 0.768100
vt 0.165709 0.762896
vt 0.172124 0.759915
vt 0.177207 0.765150
vt 0.185710 0.750823
vt 0.184242 0.764121
vt 0.181640 0.778373
vt 0.153424 0.785227
vt 0.154377 0.769795
vt 0.200037 0.662346
vt 0.197496 0.649290
vt 0.180021 0.642028
vt 0.159309 0.638488
vt 0.139127 0.652089
vt 0.122333 0.676977
vt 0.236817 0.818511
vt 0.229343 0.854171
vt 0.214350 0.855321
vt 0.247816 0.824820
vt 0.224622 0.808148
vt 0.194621 0.854080
vt 0.239495 0.855820
vt 0.256863 0.828935
vt 0.257650 0.857363
vt 0.273596 0.834745
vt 0.178584 0.818073
vt 0.217027 0.798783
vt 0.209508 0.789085
vt 0.202503 0.785771
vt 0.177646 0.792958
vt 0.159869 0.804048
vt 0.157599 0.822127
vt 0.157705 0.838966
vt 0.168281 0.845729
vt 0.181020 0.850374
vt 0.150247 0.867470
vt 0.165331 0.876971
vt 0.150458 0.876971
vt 0.165588 0.867470
vt 0.176829 0.867470
vt 0.175694 0.876971
vt 0.188615 0.867470
vt 0.188902 0.876971
vt 0.132379 0.867470
vt 0.133317 0.876971
vt 0.114572 0.876971
vt 0.113361 0.867470
vt 0.089896 0.876971
vt 0.087929 0.867470
vt 0.081575 0.867470
vt 0.082891 0.876971
vt 0.070455 0.867470
vt 0.072815 0.876971
vt 0.059819 0.867470
vt 0.057761 0.876971
vt 0.042571 0.867470
vt 0.045143 0.876971
vt 0.032934 0.876971
vt 0.030770 0.867470
vt 0.024310 0.876971
vt 0.021814 0.867470
vt 0.017850 0.876971
vt 0.006049 0.867470
vt 0.006079 0.876971
vt 0.218586 0.867470
vt 0.205923 0.876971
vt 0.202276 0.867470
vt 0.221657 0.876971
vt 0.235773 0.876971
vt 0.236454 0.867470
vt 0.245002 0.876971
vt 0.246076 0.867470
vt 0.253761 0.876971
vt 0.263626 0.876971
vt 0.262400 0.867470
vt 0.288150 0.867470
vt 0.286864 0.876971
vt 0.664220 0.203731
vt 0.671437 0.214322
vt 0.666489 0.218407
vt 0.669848 0.201175
vt 0.674735 0.232432
vt 0.670241 0.235927
vt 0.678805 0.218286
vt 0.675325 0.213066
vt 0.680771 0.232628
vt 0.677261 0.242977
vt 0.674886 0.251041
vt 0.692255 0.251343
vt 0.692270 0.236032
vt 0.696839 0.238998
vt 0.701786 0.244429
vt 0.704751 0.221100
vt 0.674145 0.204624
vt 0.670968 0.197362
vt 0.665839 0.191643
vt 0.677988 0.203126
vt 0.674962 0.194034
vt 0.668290 0.188466
vt 0.672178 0.184275
vt 0.690363 0.183125
vt 0.690182 0.165484
vt 0.669666 0.163351
vt 0.649892 0.173639
vt 0.652601 0.161430
vt 0.657714 0.142246
vt 0.672148 0.140324
vt 0.648501 0.143350
vt 0.644854 0.158858
vt 0.642872 0.167013
vt 0.689304 0.153774
vt 0.689743 0.192203
vt 0.639937 0.156483
vt 0.645066 0.140097
vt 0.634476 0.154410
vt 0.641632 0.137117
vt 0.650588 0.132276
vt 0.655520 0.138358
vt 0.674084 0.131186
vt 0.672692 0.137117
vt 0.633840 0.166483
vt 0.639196 0.167482
vt 0.640285 0.178829
vt 0.646791 0.175213
vt 0.692557 0.151626
vt 0.660180 0.192309
vt 0.694705 0.164002
vt 0.697837 0.146830
vt 0.702013 0.161596
vt 0.701574 0.176090
vt 0.695053 0.183080
vt 0.697126 0.185198
vt 0.706022 0.198678
vt 0.700288 0.197891
vt 0.699153 0.217847
vt 0.694070 0.216682
vt 0.695689 0.193096
vt 0.692360 0.216606
vt 0.693601 0.192626
vt 0.689108 0.215880
vt 0.689319 0.231221
vt 0.683026 0.228604
vt 0.681891 0.215653
vt 0.678184 0.210267
vt 0.032253 0.851312
vt 0.021768 0.857545
vt 0.021768 0.851312
vt 0.032253 0.857545
vt 0.013130 0.851312
vt 0.045325 0.851312
vt 0.045325 0.857545
vt 0.055522 0.851312
vt 0.055522 0.857545
vt 0.008666 0.857545
vt 0.008666 0.851312
vt 0.071725 0.851312
vt 0.071725 0.857545
vt 0.134966 0.857545
vt 0.119020 0.851312
vt 0.134966 0.851312
vt 0.119020 0.857545
vt 0.103255 0.851312
vt 0.103255 0.857545
vt 0.086704 0.851312
vt 0.086704 0.857545
vt 0.150383 0.851312
vt 0.150383 0.857545
vt 0.438959 0.445604
vt 0.456676 0.425391
vt 0.456676 0.445604
vt 0.438959 0.425391
vt 0.430184 0.445604
vt 0.418444 0.425391
vt 0.472017 0.445604
vt 0.472017 0.425391
vt 0.487207 0.431367
vt 0.487207 0.445604
vt 0.694206 0.106193
vt 0.717112 0.111548
vt 0.709683 0.116995
vt 0.691377 0.119431
vt 0.715145 0.103288
vt 0.705674 0.086479
vt 0.711711 0.088567
vt 0.687595 0.077916
vt 0.669303 0.105724
vt 0.669137 0.118236
vt 0.668834 0.093590
vt 0.691120 0.126194
vt 0.694463 0.264037
vt 0.740638 0.122305
vt 0.722649 0.181991
vt 0.728126 0.119779
vt 0.750321 0.178919
vt 0.750699 0.191174
vt 0.722755 0.196666
vt 0.717036 0.181854
vt 0.722785 0.117419
vt 0.719956 0.201190
vt 0.754315 0.194729
vt 0.754315 0.178511
vt 0.730638 0.118357
vt 0.742378 0.121398
vt 0.751168 0.172868
vt 0.727158 0.116844
vt 0.754315 0.123334
vt 0.750033 0.123470
vt 0.750987 0.026098
vt 0.754315 0.024873
vt 0.740441 0.012830
vt 0.737930 0.006142
vt 0.418550 0.097962
vt 0.399215 0.033784
vt 0.428006 0.036250
vt 0.406083 0.100897
vt 0.427733 0.021105
vt 0.397626 0.015265
vt 0.393329 0.032982
vt 0.401393 0.103863
vt 0.393965 0.010182
vt 0.431924 0.017187
vt 0.431924 0.035403
vt 0.430079 0.041409
vt 0.420214 0.099112
vt 0.408247 0.102955
vt 0.405872 0.104302
vt 0.431924 0.097297
vt 0.427703 0.097342
vt 0.428626 0.205592
vt 0.431924 0.207166
vt 0.418142 0.219980
vt 0.415645 0.227273
vt 0.571795 0.929697
vt 0.563897 0.894400
vt 0.563897 0.929697
vt 0.571795 0.894400
vt 0.550296 0.929697
vt 0.550296 0.894400
vt 0.530704 0.929697
vt 0.530704 0.894400
vt 0.510793 0.929697
vt 0.510793 0.894400
vt 0.475603 0.894400
vt 0.475603 0.929697
vt 0.439807 0.894400
vt 0.439807 0.929697
vt 0.410305 0.894400
vt 0.410305 0.929697
vt 0.381498 0.894400
vt 0.381498 0.929697
vt 0.352601 0.894400
vt 0.352601 0.929697
vt 0.322902 0.894400
vt 0.322902 0.929697
vt 0.292901 0.894400
vt 0.292901 0.929697
vt 0.260600 0.894400
vt 0.260600 0.929697
vt 0.227104 0.894400
vt 0.227104 0.929697
vt 0.191292 0.894400
vt 0.191292 0.929697
vt 0.155693 0.894400
vt 0.155693 0.929697
vt 0.119005 0.929697
vt 0.119005 0.894400
vt 0.087399 0.929697
vt 0.087399 0.894400
vt 0.040302 0.913599
vt 0.040302 0.894400
vt 0.040302 0.929697
vt 0.004703 0.929697
vt 0.567604 0.987294
vt 0.570796 0.942299
vt 0.567604 0.946793
vt 0.570796 0.990395
vt 0.561794 0.987294
vt 0.561794 0.946793
vt 0.561794 0.942299
vt 0.561794 0.990395
vt 0.547603 0.987294
vt 0.547603 0.990395
vt 0.527995 0.987294
vt 0.527995 0.946793
vt 0.527995 0.990395
vt 0.547603 0.946793
vt 0.547603 0.942299
vt 0.527995 0.942299
vt 0.507995 0.946793
vt 0.507995 0.987294
vt 0.473197 0.987294
vt 0.473197 0.946793
vt 0.473197 0.990395
vt 0.507995 0.990395
vt 0.507995 0.942299
vt 0.473197 0.942299
vt 0.439398 0.946793
vt 0.439398 0.987294
vt 0.439398 0.990395
vt 0.439398 0.942299
vt 0.409896 0.946793
vt 0.409896 0.987294
vt 0.409896 0.990395
vt 0.409896 0.942299
vt 0.380999 0.987294
vt 0.380999 0.946793
vt 0.380999 0.990395
vt 0.380999 0.942299
vt 0.352904 0.987294
vt 0.352904 0.946793
vt 0.352904 0.990395
vt 0.352904 0.942299
vt 0.322797 0.987294
vt 0.322797 0.946793
vt 0.322797 0.990395
vt 0.322797 0.942299
vt 0.293007 0.987294
vt 0.293007 0.946793
vt 0.293007 0.990395
vt 0.293007 0.942299
vt 0.261099 0.987294
vt 0.261099 0.946793
vt 0.261099 0.990395
vt 0.261099 0.942299
vt 0.228299 0.987294
vt 0.228299 0.946793
vt 0.228299 0.990395
vt 0.228299 0.942299
vt 0.193002 0.987294
vt 0.193002 0.946793
vt 0.193002 0.990395
vt 0.193002 0.942299
vt 0.157993 0.987294
vt 0.157993 0.946793
vt 0.157993 0.990395
vt 0.157993 0.942299
vt 0.121304 0.946793
vt 0.121304 0.987294
vt 0.121304 0.990395
vt 0.121304 0.942299
vt 0.090002 0.946793
vt 0.090002 0.987294
vt 0.090002 0.990395
vt 0.090002 0.942299
vt 0.044493 0.967293
vt 0.044493 0.987294
vt 0.040105 0.969805
vt 0.040105 0.990395
vt 0.009499 0.946596
vt 0.044493 0.946097
vt 0.044493 0.942299
vt 0.004793 0.945098
vt 0.791004 0.395102
vt 0.782501 0.411200
vt 0.793107 0.406207
vt 0.774694 0.401305
vt 0.805104 0.402001
vt 0.809007 0.391396
vt 0.788795 0.383498
vt 0.807706 0.377007
vt 0.786404 0.366704
vt 0.800505 0.359397
vt 0.771199 0.388007
vt 0.772697 0.368399
vt 0.782198 0.350198
vt 0.773696 0.349805
vt 0.768794 0.327898
vt 0.773196 0.330606
vt 0.791200 0.346008
vt 0.768703 0.332406
vt 0.792093 0.417993
vt 0.797207 0.416495
vt 0.800006 0.414407
vt 0.921207 0.586201
vt 0.910102 0.571797
vt 0.909905 0.585202
vt 0.922598 0.571207
vt 0.898997 0.570996
vt 0.918302 0.553506
vt 0.909194 0.553900
vt 0.914398 0.537605
vt 0.908800 0.537999
vt 0.905200 0.538195
vt 0.900101 0.553506
vt 0.898906 0.538105
vt 0.894004 0.553098
vt 0.917893 0.536304
vt 0.924096 0.553204
vt 0.929603 0.571707
vt 0.928605 0.586095
vt 0.909496 0.520494
vt 0.911599 0.524095
vt 0.914595 0.520797
vt 0.912704 0.517498
vt 0.919497 0.596504
vt 0.911493 0.596398
vt 0.914898 0.607306
vt 0.911705 0.606504
vt 0.911297 0.609500
vt 0.916804 0.607805
vt 0.908906 0.606308
vt 0.907303 0.607805
vt 0.924202 0.598697
vt 0.899193 0.596594
vt 0.904398 0.596806
vt 0.900298 0.584506
vt 0.894503 0.585399
vt 0.891704 0.571102
vt 0.863095 0.350501
vt 0.880206 0.359306
vt 0.874502 0.343905
vt 0.858405 0.333904
vt 0.866907 0.329607
vt 0.852898 0.317701
vt 0.858405 0.314902
vt 0.873398 0.325205
vt 0.862595 0.310605
vt 0.851506 0.303297
vt 0.883202 0.339396
vt 0.890902 0.353602
vt 0.890207 0.336794
vt 0.895093 0.350198
vt 0.897907 0.363300
vt 0.894095 0.365403
vt 0.885305 0.368898
vt 0.878799 0.371395
vt 0.870902 0.362393
vt 0.866302 0.365297
vt 0.857996 0.353905
vt 0.876106 0.374496
vt 0.878996 0.319698
vt 0.864593 0.306096
vt 0.852898 0.337096
vt 0.847799 0.319607
vt 0.845999 0.305900
vt 0.846906 0.296595
vt 0.854698 0.298804
vt 0.886697 0.374693
vt 0.889495 0.373800
vt 0.886197 0.377007
vt 0.891205 0.375600
vt 0.893005 0.371395
vt 0.895895 0.371198
vt 0.831293 0.336007
vt 0.822004 0.350607
vt 0.834198 0.346401
vt 0.817904 0.339805
vt 0.835196 0.354102
vt 0.845106 0.352498
vt 0.846407 0.342301
vt 0.843805 0.331302
vt 0.835998 0.319804
vt 0.825498 0.323495
vt 0.828101 0.306702
vt 0.820899 0.309107
vt 0.822805 0.296202
vt 0.819295 0.295506
vt 0.818297 0.290801
vt 0.815906 0.296096
vt 0.814197 0.306702
vt 0.815105 0.323298
vt 0.840703 0.359700
vt 0.836407 0.359503
vt 0.837995 0.362302
vt 0.833502 0.360895
vt 0.828207 0.357899
vt 0.545803 0.828300
vt 0.528797 0.800507
vt 0.528797 0.828300
vt 0.545803 0.800507
vt 0.528797 0.792307
vt 0.545803 0.792307
vt 0.513698 0.800507
vt 0.513698 0.828300
vt 0.498796 0.828300
vt 0.498796 0.800507
vt 0.498796 0.792307
vt 0.513698 0.792307
vt 0.483999 0.800507
vt 0.483999 0.828300
vt 0.469596 0.828300
vt 0.469596 0.800507
vt 0.469596 0.792307
vt 0.483999 0.792307
vt 0.456101 0.828300
vt 0.456101 0.800507
vt 0.456101 0.792307
vt 0.442500 0.800507
vt 0.442500 0.828300
vt 0.426599 0.828300
vt 0.426599 0.800507
vt 0.442500 0.792307
vt 0.426599 0.792307
vt 0.411000 0.828300
vt 0.411000 0.800507
vt 0.395599 0.828300
vt 0.395599 0.800507
vt 0.411000 0.792307
vt 0.395599 0.792307
vt 0.380999 0.828300
vt 0.380999 0.800507
vt 0.366505 0.828300
vt 0.366505 0.800507
vt 0.380999 0.792307
vt 0.366505 0.792307
vt 0.352904 0.800507
vt 0.352904 0.828300
vt 0.337896 0.800507
vt 0.337896 0.828300
vt 0.352904 0.792307
vt 0.337896 0.792307
vt 0.319695 0.800507
vt 0.319695 0.828300
vt 0.303098 0.800507
vt 0.303098 0.828300
vt 0.319695 0.792307
vt 0.303098 0.792307
vt 0.555501 0.875004
vt 0.573399 0.858407
vt 0.555501 0.858407
vt 0.573399 0.875004
vt 0.555501 0.879195
vt 0.573399 0.879195
vt 0.573399 0.854701
vt 0.555501 0.854701
vt 0.538904 0.854701
vt 0.538904 0.858407
vt 0.522504 0.854701
vt 0.522504 0.858407
vt 0.522504 0.875004
vt 0.538904 0.875004
vt 0.522504 0.879195
vt 0.538904 0.879195
vt 0.505907 0.858407
vt 0.505907 0.854701
vt 0.490202 0.854701
vt 0.490202 0.858407
vt 0.490202 0.875004
vt 0.505907 0.875004
vt 0.490202 0.879195
vt 0.505907 0.879195
vt 0.474498 0.854701
vt 0.474498 0.858407
vt 0.474498 0.875004
vt 0.474498 0.879195
vt 0.458204 0.875004
vt 0.458204 0.879195
vt 0.440397 0.875004
vt 0.440397 0.858407
vt 0.458204 0.858407
vt 0.440397 0.879195
vt 0.458204 0.854701
vt 0.440397 0.854701
vt 0.422695 0.875004
vt 0.422695 0.879195
vt 0.405297 0.875004
vt 0.405297 0.858407
vt 0.422695 0.858407
vt 0.405297 0.879195
vt 0.405297 0.854701
vt 0.422695 0.854701
vt 0.388806 0.875004
vt 0.388806 0.879195
vt 0.372496 0.879195
vt 0.372496 0.875004
vt 0.372496 0.858407
vt 0.388806 0.858407
vt 0.372496 0.854701
vt 0.388806 0.854701
vt 0.357004 0.879195
vt 0.357004 0.875004
vt 0.339696 0.879195
vt 0.339696 0.875004
vt 0.339696 0.858407
vt 0.357004 0.858407
vt 0.357004 0.854701
vt 0.339696 0.854701
vt 0.320694 0.879195
vt 0.320694 0.875004
vt 0.302402 0.879195
vt 0.302402 0.875004
vt 0.320694 0.858407
vt 0.302402 0.858407
vt 0.320694 0.854701
vt 0.302402 0.854701
vt 0.339696 0.846501
vt 0.357004 0.846501
vt 0.357004 0.842098
vt 0.339696 0.842098
vt 0.320694 0.846501
vt 0.320694 0.842098
vt 0.302402 0.846501
vt 0.302402 0.842098
vt 0.372496 0.842098
vt 0.372496 0.846501
vt 0.388806 0.846501
vt 0.388806 0.842098
vt 0.405297 0.846501
vt 0.405297 0.842098
vt 0.422695 0.846501
vt 0.422695 0.842098
vt 0.440397 0.846501
vt 0.440397 0.842098
vt 0.458204 0.846501
vt 0.458204 0.842098
vt 0.474498 0.842098
vt 0.474498 0.846501
vt 0.490202 0.842098
vt 0.490202 0.846501
vt 0.505907 0.842098
vt 0.505907 0.846501
vt 0.522504 0.842098
vt 0.522504 0.846501
vt 0.538904 0.846501
vt 0.538904 0.842098
vt 0.555501 0.846501
vt 0.555501 0.842098
vt 0.573399 0.846501
vt 0.573399 0.842098
vt 0.703798 0.342694
vt 0.694100 0.341605
vt 0.700999 0.368399
vt 0.694796 0.318896
vt 0.705901 0.319607
vt 0.697096 0.302602
vt 0.705296 0.302904
vt 0.701695 0.287805
vt 0.704993 0.288304
vt 0.706794 0.277593
vt 0.696097 0.385994
vt 0.694600 0.366099
vt 0.689093 0.370093
vt 0.683101 0.346008
vt 0.683298 0.322300
vt 0.689607 0.301996
vt 0.699199 0.286398
vt 0.902900 0.449507
vt 0.915094 0.471097
vt 0.917697 0.469599
vt 0.896107 0.453804
vt 0.912704 0.475106
vt 0.928499 0.484607
vt 0.921297 0.468404
vt 0.909496 0.447994
vt 0.887196 0.433500
vt 0.879903 0.437797
vt 0.876605 0.443803
vt 0.893701 0.459296
vt 0.867603 0.426495
vt 0.872203 0.422305
vt 0.875198 0.419097
vt 0.894594 0.429900
vt 0.864593 0.431307
vt 0.856302 0.418704
vt 0.857800 0.415693
vt 0.855606 0.420398
vt 0.847103 0.414105
vt 0.628999 0.703407
vt 0.624400 0.701501
vt 0.620299 0.721699
vt 0.636004 0.709807
vt 0.647593 0.687703
vt 0.636095 0.684693
vt 0.626094 0.688596
vt 0.626200 0.668202
vt 0.641798 0.667203
vt 0.654204 0.671197
vt 0.647305 0.650304
vt 0.625701 0.646007
vt 0.647805 0.630605
vt 0.628696 0.625900
vt 0.647895 0.613706
vt 0.632796 0.610907
vt 0.639801 0.599499
vt 0.647502 0.598894
vt 0.643795 0.590800
vt 0.646201 0.589998
vt 0.659000 0.650606
vt 0.658501 0.629894
vt 0.655203 0.613206
vt 0.652207 0.601103
vt 0.649106 0.590407
vt 0.646095 0.582206
vt 0.754799 0.611603
vt 0.728005 0.590906
vt 0.731606 0.617201
vt 0.748505 0.587305
vt 0.735403 0.569301
vt 0.720198 0.567304
vt 0.719003 0.546305
vt 0.752605 0.637897
vt 0.731606 0.637096
vt 0.732302 0.656507
vt 0.745404 0.660607
vt 0.739307 0.675993
vt 0.724495 0.659805
vt 0.732302 0.673996
vt 0.727203 0.676704
vt 0.732801 0.688006
vt 0.735600 0.690200
vt 0.733300 0.699504
vt 0.729700 0.689504
vt 0.711302 0.548498
vt 0.700500 0.529103
vt 0.702497 0.554898
vt 0.703995 0.570496
vt 0.707096 0.592797
vt 0.712906 0.616898
vt 0.719699 0.640394
vt 0.607697 0.654903
vt 0.600994 0.651801
vt 0.601706 0.657702
vt 0.594807 0.652997
vt 0.602401 0.636097
vt 0.614006 0.641604
vt 0.624097 0.615794
vt 0.607303 0.610105
vt 0.611706 0.582993
vt 0.590101 0.635204
vt 0.588604 0.609500
vt 0.589299 0.585505
vt 0.589103 0.555594
vt 0.612099 0.554898
vt 0.633507 0.557894
vt 0.630406 0.589998
vt 0.599497 0.529405
vt 0.615503 0.532703
vt 0.629407 0.535306
vt 0.611993 0.508300
vt 0.619407 0.512793
vt 0.628000 0.516500
vt 0.628696 0.498995
vt 0.623794 0.496907
vt 0.629196 0.484607
vt 0.621404 0.493201
vt 0.583097 0.496393
vt 0.585699 0.523202
vt 0.601403 0.501507
vt 0.595502 0.474304
vt 0.614808 0.471006
vt 0.568406 0.485197
vt 0.559994 0.506106
vt 0.572007 0.514594
vt 0.569102 0.542795
vt 0.559994 0.531402
vt 0.538102 0.500100
vt 0.545303 0.471505
vt 0.551401 0.526606
vt 0.547104 0.537393
vt 0.537799 0.527605
vt 0.541400 0.541403
vt 0.545803 0.546501
vt 0.550795 0.542507
vt 0.553700 0.549300
vt 0.578996 0.463003
vt 0.561204 0.443698
vt 0.590797 0.435603
vt 0.604807 0.445105
vt 0.577801 0.427297
vt 0.590797 0.413696
vt 0.598907 0.421004
vt 0.607197 0.421397
vt 0.604202 0.405193
vt 0.607893 0.405103
vt 0.611993 0.399596
vt 0.608393 0.388506
vt 0.601100 0.401093
vt 0.618696 0.440006
vt 0.616003 0.415194
vt 0.748097 0.408401
vt 0.753695 0.370003
vt 0.746206 0.369503
vt 0.757205 0.410307
vt 0.753604 0.335402
vt 0.745404 0.334600
vt 0.756100 0.439007
vt 0.746493 0.441504
vt 0.740396 0.412698
vt 0.741894 0.441201
vt 0.737294 0.370502
vt 0.750094 0.317701
vt 0.742393 0.334403
vt 0.746599 0.319304
vt 0.756599 0.296807
vt 0.755707 0.317095
vt 0.830400 0.503897
vt 0.832201 0.512097
vt 0.839296 0.508194
vt 0.839902 0.476498
vt 0.830294 0.473502
vt 0.821701 0.475393
vt 0.819205 0.436299
vt 0.827798 0.435603
vt 0.826194 0.505304
vt 0.834500 0.435603
vt 0.830294 0.400201
vt 0.823804 0.401003
vt 0.818403 0.401593
vt 0.820400 0.384799
vt 0.825105 0.384497
vt 0.815407 0.382802
vt 0.812896 0.362196
vt 0.597106 0.731503
vt 0.583898 0.708294
vt 0.583505 0.731896
vt 0.600495 0.708400
vt 0.610995 0.728900
vt 0.613703 0.706297
vt 0.604504 0.748205
vt 0.595306 0.748901
vt 0.588104 0.751095
vt 0.588997 0.687295
vt 0.599905 0.689095
vt 0.591206 0.672196
vt 0.600299 0.672695
vt 0.612099 0.684904
vt 0.609996 0.670395
vt 0.600299 0.664797
vt 0.595896 0.773396
vt 0.670105 0.537197
vt 0.686899 0.515607
vt 0.671300 0.510494
vt 0.687701 0.544504
vt 0.652994 0.507800
vt 0.649393 0.536607
vt 0.679894 0.492096
vt 0.672798 0.490296
vt 0.662798 0.485303
vt 0.666898 0.564793
vt 0.681498 0.570799
vt 0.665097 0.585701
vt 0.677897 0.587305
vt 0.651299 0.582797
vt 0.650498 0.563794
vt 0.677503 0.460400
vt 0.787796 0.252599
vt 0.802003 0.257002
vt 0.784301 0.247606
vt 0.798402 0.276897
vt 0.787705 0.288804
vt 0.797403 0.296399
vt 0.779505 0.285006
vt 0.785103 0.320605
vt 0.764996 0.318397
vt 0.764996 0.282495
vt 0.781502 0.251797
vt 0.764996 0.248802
vt 0.792395 0.310907
vt 0.801700 0.297004
vt 0.809204 0.279696
vt 0.816905 0.277199
vt 0.829795 0.274295
vt 0.766993 0.245095
vt 0.827496 0.247395
vt 0.853503 0.258197
vt 0.864699 0.225805
vt 0.800006 0.224398
vt 0.847693 0.275399
vt 0.864396 0.279106
vt 0.831807 0.212900
vt 0.796102 0.191204
vt 0.764996 0.201099
vt 0.764996 0.230994
vt 0.822306 0.177104
vt 0.851597 0.195894
vt 0.841793 0.165394
vt 0.858601 0.177800
vt 0.858102 0.158298
vt 0.864305 0.192899
vt 0.832503 0.138206
vt 0.852807 0.127797
vt 0.764996 0.165000
vt 0.791004 0.156104
vt 0.764996 0.125800
vt 0.815695 0.147904
vt 0.810006 0.118493
vt 0.823607 0.111700
vt 0.788507 0.123395
vt 0.764996 0.093499
vt 0.787297 0.094498
vt 0.804907 0.091200
vt 0.840703 0.103500
vt 0.861794 0.090700
vt 0.878602 0.111896
vt 0.884594 0.077296
vt 0.872899 0.064996
vt 0.896606 0.051304
vt 0.914595 0.063104
vt 0.917001 0.031999
vt 0.868299 0.041606
vt 0.942403 0.048399
vt 0.930496 0.011407
vt 0.886001 0.019592
vt 0.889904 0.004100
vt 0.927394 0.080306
vt 0.957199 0.069504
vt 0.947607 0.094906
vt 0.850598 0.055404
vt 0.848208 0.079096
vt 0.832594 0.066206
vt 0.829598 0.085798
vt 0.855107 0.016506
vt 0.849902 0.030894
vt 0.847799 0.007398
vt 0.836195 0.026900
vt 0.835907 0.044904
vt 0.824893 0.037793
vt 0.818403 0.057204
vt 0.799400 0.061395
vt 0.782198 0.057295
vt 0.801004 0.035902
vt 0.818297 0.020894
vt 0.865833 0.829026
vt 0.859903 0.832793
vt 0.879223 0.834110
vt 0.874306 0.815107
vt 0.854002 0.832097
vt 0.848601 0.842960
vt 0.843699 0.838467
vt 0.836513 0.843868
vt 0.835907 0.853400
vt 0.853200 0.854807
vt 0.869903 0.843006
vt 0.897529 0.843838
vt 0.835998 0.878000
vt 0.836513 0.837968
vt 0.898225 0.821931
vt 0.889026 0.808435
vt 0.877498 0.797693
vt 0.900827 0.838527
vt 0.890388 0.797693
vt 0.883489 0.787194
vt 0.821943 0.844080
vt 0.828207 0.837196
vt 0.816542 0.834367
vt 0.818705 0.854807
vt 0.802003 0.843202
vt 0.787705 0.859194
vt 0.810641 0.835078
vt 0.802441 0.828466
vt 0.790293 0.832899
vt 0.770201 0.843293
vt 0.794362 0.816560
vt 0.769399 0.821401
vt 0.778507 0.807906
vt 0.791321 0.797905
vt 0.766993 0.838195
vt 0.778008 0.794304
vt 0.785602 0.784697
vt 0.810006 0.880905
vt 0.810702 0.908198
vt 0.827496 0.903099
vt 0.823395 0.914401
vt 0.835998 0.902297
vt 0.844395 0.903099
vt 0.835998 0.920498
vt 0.840401 0.921103
vt 0.848601 0.914401
vt 0.861294 0.908198
vt 0.846801 0.926005
vt 0.854093 0.916807
vt 0.831596 0.921103
vt 0.825196 0.925899
vt 0.817904 0.916807
vt 0.862005 0.880905
vt 0.884306 0.859103
vt 0.375598 0.215805
vt 0.400198 0.201901
vt 0.372103 0.201901
vt 0.375401 0.187906
vt 0.385296 0.226607
vt 0.400697 0.231993
vt 0.385099 0.176907
vt 0.399805 0.171597
vt 0.374705 0.446406
vt 0.365597 0.436405
vt 0.360907 0.443698
vt 0.378397 0.441095
vt 0.370303 0.459598
vt 0.353706 0.455695
vt 0.339893 0.495198
vt 0.353297 0.522400
vt 0.339893 0.442200
vt 0.350105 0.432804
vt 0.354492 0.429294
vt 0.389502 0.450793
vt 0.392195 0.442593
vt 0.407596 0.446602
vt 0.404903 0.441398
vt 0.412801 0.462095
vt 0.388897 0.464304
vt 0.412801 0.522400
vt 0.385901 0.522400
vt 0.347306 0.419007
vt 0.339893 0.420595
vt 0.339893 0.407493
vt 0.343796 0.407296
vt 0.358199 0.413605
vt 0.355506 0.404997
vt 0.363207 0.421004
vt 0.371104 0.426299
vt 0.400501 0.430096
vt 0.390999 0.431307
vt 0.380802 0.430005
vt 0.320694 0.140793
vt 0.310300 0.153502
vt 0.318696 0.156604
vt 0.311798 0.138403
vt 0.309105 0.164304
vt 0.317698 0.165606
vt 0.311903 0.185501
vt 0.323795 0.186393
vt 0.322206 0.123803
vt 0.313507 0.122305
vt 0.315807 0.199495
vt 0.328198 0.201795
vt 0.317002 0.209299
vt 0.363207 0.176605
vt 0.373495 0.163094
vt 0.366399 0.178602
vt 0.376899 0.164093
vt 0.378805 0.145998
vt 0.382194 0.146603
vt 0.383601 0.127903
vt 0.380106 0.127495
vt 0.358396 0.200993
vt 0.347397 0.211705
vt 0.361906 0.203504
vt 0.361694 0.217302
vt 0.364296 0.218195
vt 0.369304 0.235397
vt 0.377005 0.238604
vt 0.360196 0.251903
vt 0.354795 0.246895
vt 0.334597 0.262993
vt 0.382905 0.108205
vt 0.379305 0.108099
vt 0.325293 0.109294
vt 0.335203 0.091805
vt 0.377807 0.088703
vt 0.381498 0.088597
vt 0.325293 0.089399
vt 0.316094 0.108099
vt 0.343493 0.073407
vt 0.377398 0.068097
vt 0.345899 0.053694
vt 0.378593 0.049896
vt 0.373601 0.036401
vt 0.349001 0.032694
vt 0.339893 0.030001
vt 0.336201 0.051999
vt 0.357700 0.017505
vt 0.351799 0.010197
vt 0.368896 0.011604
vt 0.379002 0.037097
vt 0.365007 0.017202
vt 0.381105 0.068006
vt 0.382693 0.049700
vt 0.333493 0.071895
vt 0.366006 0.006596
vt 0.331299 0.221402
vt 0.313704 0.236698
vt 0.303597 0.223793
vt 0.339106 0.268606
vt 0.937107 0.654404
vt 0.945807 0.670698
vt 0.940905 0.653405
vt 0.941994 0.671696
vt 0.947002 0.689307
vt 0.950603 0.687597
vt 0.954294 0.698596
vt 0.930405 0.632496
vt 0.934399 0.631694
vt 0.909300 0.681198
vt 0.903399 0.663996
vt 0.914504 0.697704
vt 0.951102 0.703407
vt 0.917893 0.713998
vt 0.950996 0.733197
vt 0.916002 0.729506
vt 0.929497 0.756405
vt 0.910102 0.743198
vt 0.901100 0.754998
vt 0.924898 0.785393
vt 0.951495 0.761096
vt 0.950603 0.785892
vt 0.936396 0.803200
vt 0.920495 0.800795
vt 0.950603 0.810402
vt 0.896107 0.775605
vt 0.911705 0.794698
vt 0.897196 0.787799
vt 0.956201 0.786498
vt 0.953492 0.817498
vt 0.957093 0.760294
vt 0.957002 0.732607
vt 0.956004 0.703302
vt 0.976096 0.784697
vt 0.976096 0.756693
vt 0.985400 0.756300
vt 0.985400 0.784697
vt 0.976005 0.813594
vt 0.976701 0.833595
vt 0.952993 0.841493
vt 0.985400 0.812702
vt 0.976595 0.730897
vt 0.985400 0.730096
vt 0.975793 0.702303
vt 0.985400 0.700003
vt 0.985400 0.830297
vt 0.953901 0.872205
vt 0.978093 0.872493
vt 0.973705 0.890497
vt 0.992995 0.886593
vt 0.974795 0.901102
vt 0.975793 0.912101
vt 0.992995 0.909802
vt 0.872293 0.611996
vt 0.872702 0.628896
vt 0.876605 0.627700
vt 0.868299 0.613101
vt 0.895895 0.614492
vt 0.900207 0.626097
vt 0.916093 0.623706
vt 0.869207 0.599393
vt 0.865500 0.602102
vt 0.890403 0.642406
vt 0.929497 0.623706
vt 0.898497 0.649698
vt 0.129701 0.008200
vt 0.092195 0.009002
vt 0.091394 0.017399
vt 0.124300 0.021105
vt 0.095796 0.022800
vt 0.479098 0.156407
vt 0.472093 0.176998
vt 0.493501 0.164804
vt 0.463106 0.159993
vt 0.458900 0.177301
vt 0.472093 0.145196
vt 0.457901 0.160598
vt 0.453998 0.176302
vt 0.465405 0.145393
vt 0.473394 0.133804
vt 0.482305 0.133002
vt 0.506693 0.140007
vt 0.513305 0.132306
vt 0.481397 0.120202
vt 0.515196 0.122003
vt 0.517602 0.132896
vt 0.520204 0.124696
vt 0.509795 0.141293
vt 0.521898 0.134893
vt 0.524501 0.128493
vt 0.471397 0.124106
vt 0.454406 0.133501
vt 0.453393 0.142503
vt 0.440699 0.159402
vt 0.442394 0.174396
vt 0.444194 0.221992
vt 0.450095 0.221297
vt 0.455602 0.219496
vt 0.452894 0.268394
vt 0.461305 0.260406
vt 0.466298 0.212506
vt 0.445601 0.273795
vt 0.265003 0.376206
vt 0.241007 0.398703
vt 0.262703 0.402107
vt 0.250206 0.361197
vt 0.248905 0.444605
vt 0.214894 0.436103
vt 0.215893 0.466603
vt 0.255395 0.466694
vt 0.269405 0.464803
vt 0.264201 0.488904
vt 0.221597 0.494593
vt 0.265199 0.520902
vt 0.290299 0.511205
vt 0.225697 0.517302
vt 0.181897 0.499797
vt 0.177600 0.468404
vt 0.139293 0.496393
vt 0.134406 0.471399
vt 0.089805 0.478208
vt 0.131501 0.442306
vt 0.089003 0.446300
vt 0.087793 0.503307
vt 0.051800 0.487603
vt 0.050605 0.512203
vt 0.022903 0.492096
vt 0.020997 0.514699
vt 0.022207 0.460098
vt 0.053903 0.454107
vt 0.043797 0.539996
vt 0.012600 0.542901
vt 0.069804 0.534806
vt 0.069501 0.564293
vt 0.043494 0.565897
vt 0.006094 0.569104
vt 0.041800 0.587592
vt 0.006094 0.592797
vt 0.042193 0.612405
vt 0.070803 0.610998
vt 0.069002 0.586004
vt 0.099700 0.610105
vt 0.097400 0.580497
vt 0.006094 0.625007
vt 0.071695 0.638503
vt 0.105797 0.637307
vt 0.104707 0.651499
vt 0.137296 0.636203
vt 0.112499 0.667294
vt 0.079502 0.662498
vt 0.040499 0.649002
vt 0.006094 0.645205
vt 0.020498 0.681304
vt 0.006094 0.668005
vt 0.006094 0.707296
vt 0.014204 0.712001
vt 0.039893 0.709005
vt 0.015399 0.731699
vt 0.051195 0.668202
vt 0.056097 0.741397
vt 0.023100 0.761307
vt 0.076007 0.784395
vt 0.104405 0.755906
vt 0.084404 0.719006
vt 0.061695 0.688399
vt 0.128793 0.734407
vt 0.116206 0.699595
vt 0.088504 0.675902
vt 0.139202 0.774999
vt 0.123498 0.804502
vt 0.029303 0.799993
vt 0.079502 0.839299
vt 0.104995 0.822400
vt 0.265003 0.423606
vt 0.274095 0.391501
vt 0.991603 0.506893
vt 0.969106 0.499494
vt 0.991603 0.522794
vt 0.969393 0.487603
vt 0.950194 0.481793
vt 0.947305 0.472005
vt 0.920995 0.513807
vt 0.928907 0.513308
vt 0.961904 0.528195
vt 0.950497 0.466603
vt 0.929195 0.451898
vt 0.933703 0.446496
vt 0.907893 0.427993
vt 0.913702 0.423107
vt 0.962797 0.426102
vt 0.882596 0.401593
vt 0.876106 0.406994
vt 0.974704 0.464606
vt 0.991603 0.487603
vt 0.991603 0.462897
vt 0.991603 0.447404
vt 0.991603 0.432895
vt 0.966700 0.418099
vt 0.991603 0.422607
vt 0.972404 0.412002
vt 0.946896 0.391093
vt 0.933507 0.390397
vt 0.928907 0.394996
vt 0.920707 0.375797
vt 0.914096 0.379005
vt 0.860795 0.391698
vt 0.848298 0.396600
vt 0.991603 0.546093
vt 0.958001 0.562402
vt 0.991603 0.591299
vt 0.971996 0.587396
vt 0.955293 0.571797
vt 0.966095 0.616399
vt 0.991603 0.606504
vt 0.939301 0.604295
vt 0.931600 0.605294
vt 0.963296 0.645704
vt 0.991603 0.644206
vt 0.956700 0.653193
vt 0.991603 0.678701
vt 0.991603 0.689806
vt 0.952101 0.562599
vt 0.317804 0.581405
vt 0.273097 0.553900
vt 0.275502 0.584597
vt 0.317804 0.555503
vt 0.230205 0.574294
vt 0.228495 0.608501
vt 0.278105 0.625098
vt 0.255395 0.656007
vt 0.283506 0.672997
vt 0.228798 0.545200
vt 0.189099 0.529193
vt 0.191898 0.567198
vt 0.189704 0.535396
vt 0.151502 0.547696
vt 0.155799 0.567803
vt 0.160096 0.596504
vt 0.194802 0.598501
vt 0.164196 0.617503
vt 0.194999 0.629894
vt 0.122893 0.554293
vt 0.125904 0.575504
vt 0.147705 0.530101
vt 0.119005 0.530494
vt 0.130805 0.604401
vt 0.089699 0.534504
vt 0.096401 0.560103
vt 0.317804 0.615098
vt 0.299407 0.647202
vt 0.317804 0.637096
vt 0.317804 0.669094
vt 0.314702 0.672105
vt 0.316593 0.698097
vt 0.306805 0.733394
vt 0.269693 0.703407
vt 0.242505 0.691697
vt 0.226998 0.653602
vt 0.217300 0.688097
vt 0.219705 0.721805
vt 0.247195 0.744499
vt 0.207602 0.653405
vt 0.219403 0.747797
vt 0.236393 0.779705
vt 0.262900 0.810402
vt 0.281206 0.766905
vt 0.275306 0.739793
vt 0.292099 0.829102
vt 0.946003 0.357097
vt 0.941994 0.375495
vt 0.954506 0.377900
vt 0.991906 0.345902
vt 0.934399 0.363800
vt 0.929407 0.340001
vt 0.955096 0.336597
vt 0.919406 0.345206
vt 0.925307 0.312496
vt 0.954204 0.313404
vt 0.991906 0.317095
vt 0.991906 0.293902
vt 0.969999 0.291497
vt 0.930496 0.285505
vt 0.974900 0.271193
vt 0.937501 0.260905
vt 0.895895 0.247395
vt 0.965203 0.254793
vt 0.934006 0.246094
vt 0.901296 0.233597
vt 0.912704 0.226002
vt 0.930602 0.231403
vt 0.917893 0.215094
vt 0.897106 0.206500
vt 0.934899 0.217802
vt 0.913294 0.192097
vt 0.925095 0.208497
vt 0.947501 0.234293
vt 0.959907 0.241494
vt 0.950996 0.226198
vt 0.963493 0.231403
vt 0.974598 0.242493
vt 0.975596 0.233506
vt 0.985007 0.241797
vt 0.984901 0.234504
vt 0.898301 0.174305
vt 0.905805 0.170901
vt 0.895003 0.147102
vt 0.884699 0.147708
vt 0.935307 0.198996
vt 0.948802 0.207196
vt 0.942705 0.193897
vt 0.938197 0.177906
vt 0.925700 0.183594
vt 0.933098 0.164501
vt 0.920995 0.166907
vt 0.934793 0.147798
vt 0.907197 0.143002
vt 0.944702 0.165802
vt 0.939604 0.161400
vt 0.945096 0.157799
vt 0.948001 0.161294
vt 0.951798 0.168601
vt 0.955005 0.162897
vt 0.961299 0.167194
vt 0.961693 0.162005
vt 0.969499 0.163593
vt 0.969802 0.158495
vt 0.974205 0.158707
vt 0.975899 0.151898
vt 0.964794 0.153094
vt 0.966700 0.148403
vt 0.957199 0.150506
vt 0.957804 0.145196
vt 0.946699 0.148494
vt 0.947804 0.154107
vt 0.939407 0.154501
vt 0.978895 0.154894
vt 0.980498 0.161097
vt 0.985204 0.151702
vt 0.986505 0.158601
vt 0.991906 0.151097
vt 0.991906 0.157300
vt 0.975097 0.163593
vt 0.991906 0.139099
vt 0.983297 0.141701
vt 0.986505 0.165802
vt 0.991906 0.164698
vt 0.986505 0.172595
vt 0.980998 0.175394
vt 0.981905 0.180402
vt 0.978093 0.183307
vt 0.974205 0.183095
vt 0.974795 0.171007
vt 0.966700 0.173896
vt 0.965702 0.184502
vt 0.968501 0.193504
vt 0.976807 0.191598
vt 0.980498 0.168404
vt 0.986701 0.177301
vt 0.991906 0.171203
vt 0.985400 0.181597
vt 0.982193 0.183307
vt 0.979001 0.187104
vt 0.975506 0.199904
vt 0.981103 0.193307
vt 0.985703 0.198497
vt 0.977896 0.203504
vt 0.986595 0.202793
vt 0.991906 0.199102
vt 0.991906 0.203399
vt 0.967896 0.208406
vt 0.966095 0.205093
vt 0.966004 0.212703
vt 0.958894 0.209995
vt 0.987897 0.192400
vt 0.991906 0.192793
vt 0.991906 0.206001
vt 0.985597 0.206001
vt 0.991906 0.208770
vt 0.985083 0.208331
vt 0.977593 0.206107
vt 0.977109 0.209344
vt 0.969393 0.209496
vt 0.968198 0.211901
vt 0.969847 0.211251
vt 0.970104 0.212900
vt 0.970407 0.214897
vt 0.968395 0.219693
vt 0.977593 0.220903
vt 0.977003 0.227394
vt 0.984901 0.227696
vt 0.985597 0.221206
vt 0.967094 0.225003
vt 0.962706 0.216304
vt 0.958198 0.221100
vt 0.978895 0.215305
vt 0.986505 0.214095
vt 0.979001 0.212794
vt 0.986202 0.211599
vt 0.985007 0.208694
vt 0.991906 0.209193
vt 0.991906 0.211599
vt 0.977003 0.209995
vt 0.991906 0.214307
vt 0.991906 0.221902
vt 0.991906 0.229103
vt 0.991906 0.235700
vt 0.991906 0.241903
vt 0.991906 0.259196
vt 0.981300 0.259196
vt 0.958697 0.200796
vt 0.958500 0.188496
vt 0.951798 0.190206
vt 0.949801 0.177996
vt 0.958697 0.175999
vt 0.906395 0.322406
vt 0.925700 0.323994
vt 0.909496 0.309304
vt 0.885804 0.316596
vt 0.894397 0.302602
vt 0.873897 0.299697
vt 0.891402 0.264793
vt 0.874094 0.210797
vt 0.885607 0.208996
vt 0.877604 0.206893
vt 0.882097 0.202400
vt 0.874502 0.201099
vt 0.877301 0.195093
vt 0.889193 0.205305
vt 0.888603 0.195002
vt 0.892597 0.198693
vt 0.883005 0.191204
vt 0.875395 0.185304
vt 0.872793 0.187301
vt 0.869903 0.176196
vt 0.872399 0.174895
vt 0.866499 0.166801
vt 0.869404 0.166196
vt 0.881598 0.179403
vt 0.880599 0.169902
vt 0.885804 0.183806
vt 0.888996 0.184003
vt 0.866302 0.157995
vt 0.873095 0.154894
vt 0.868904 0.158903
vt 0.871007 0.152398
vt 0.878300 0.150794
vt 0.879207 0.154107
vt 0.886999 0.155605
vt 0.885395 0.158298
vt 0.887302 0.177406
vt 0.892794 0.174199
vt 0.867195 0.148494
vt 0.893005 0.189797
vt 0.876393 0.145605
vt 0.894503 0.129098
vt 0.905593 0.140400
vt 0.912099 0.114605
vt 0.919694 0.129794
vt 0.929603 0.102894
vt 0.936593 0.116995
vt 0.900706 0.096797
vt 0.921600 0.132003
vt 0.938696 0.118599
vt 0.945807 0.124605
vt 0.946003 0.136300
vt 0.951299 0.110595
vt 0.964007 0.122396
vt 0.957305 0.132503
vt 0.968395 0.132306
vt 0.979696 0.118795
vt 0.980196 0.130400
vt 0.970301 0.140294
vt 0.957305 0.140203
vt 0.945898 0.143502
vt 0.991906 0.126496
vt 0.958001 0.157602
vt 0.991906 0.175697
vt 0.987897 0.181204
vt 0.991906 0.180599
vt 0.991906 0.184003
vt 0.988502 0.184396
vt 0.991906 0.188905
vt 0.988593 0.188299
vt 0.985794 0.184593
vt 0.985007 0.189404
vt 0.982798 0.185697
vt 0.981194 0.189707
vt 0.991906 0.112608
vt 0.977200 0.111201
vt 0.991906 0.109899
vt 0.978199 0.109098
vt 0.965596 0.112502
vt 0.965097 0.109597
vt 0.950603 0.107706
vt 0.978804 0.090095
vt 0.991906 0.088597
vt 0.961602 0.091094
vt 0.991906 0.071093
vt 0.969696 0.038504
vt 0.970558 0.211054
vt 0.970634 0.211281
vt 0.991906 0.274098
vt 0.426296 0.570905
vt 0.427703 0.602601
vt 0.449898 0.612299
vt 0.390001 0.577199
vt 0.362693 0.590195
vt 0.346005 0.582706
vt 0.383601 0.552901
vt 0.360998 0.626006
vt 0.341194 0.625401
vt 0.347593 0.671197
vt 0.376294 0.673905
vt 0.420305 0.644600
vt 0.417098 0.682302
vt 0.461699 0.663905
vt 0.463106 0.699201
vt 0.500097 0.667899
vt 0.378896 0.545805
vt 0.329196 0.623706
vt 0.329196 0.573704
vt 0.329196 0.673799
vt 0.350408 0.723605
vt 0.376400 0.713801
vt 0.408005 0.732395
vt 0.450004 0.733696
vt 0.443695 0.762397
vt 0.398307 0.758493
vt 0.491700 0.731200
vt 0.503804 0.686100
vt 0.524304 0.738795
vt 0.543503 0.719293
vt 0.554895 0.748296
vt 0.504606 0.766996
vt 0.534804 0.762003
vt 0.372406 0.751307
vt 0.348698 0.766103
vt 0.457599 0.776104
vt 0.508494 0.776104
vt 0.516195 0.666900
vt 0.544305 0.772004
vt 0.514894 0.776104
vt 0.443998 0.776104
vt 0.542293 0.776301
vt 0.367307 0.776104
vt 0.351996 0.776104
vt 0.524304 0.653405
vt 0.574503 0.692393
vt 0.574503 0.743001
vt 0.574503 0.783805
vt 0.574503 0.635507
vt 0.530900 0.633495
vt 0.493501 0.635401
vt 0.549101 0.630893
vt 0.522504 0.619394
vt 0.525197 0.590997
vt 0.574503 0.601602
vt 0.543004 0.572206
vt 0.502094 0.549799
vt 0.478901 0.577002
vt 0.438097 0.541705
vt 0.404404 0.543203
vt 0.574503 0.567304
vt 0.545697 0.558302
vt 0.437704 0.536698
vt 0.401000 0.537393
vt 0.489007 0.543899
vt 0.575093 0.613403
vt 0.503895 0.545094
vt 0.488705 0.537303
vt 0.372905 0.533097
vt 0.391196 0.776104
vt 0.336095 0.715193
vt 0.329196 0.683104
vt 0.505604 0.327005
vt 0.530598 0.327005
vt 0.507707 0.305204
vt 0.448794 0.298002
vt 0.468401 0.327005
vt 0.435797 0.327005
vt 0.317804 0.532900
vt 0.221793 0.364102
vt 0.237407 0.353300
vt 0.207904 0.351197
vt 0.191398 0.370593
vt 0.217996 0.397704
vt 0.183501 0.401093
vt 0.176193 0.438402
vt 0.147599 0.423303
vt 0.149097 0.400700
vt 0.155497 0.391698
vt 0.171806 0.375994
vt 0.177706 0.363104
vt 0.168599 0.359397
vt 0.168901 0.353799
vt 0.164105 0.368898
vt 0.155194 0.378399
vt 0.129005 0.423303
vt 0.105797 0.423303
vt 0.088595 0.424801
vt 0.079895 0.423394
vt 0.050998 0.423303
vt 0.021405 0.434499
vt 0.026807 0.423303
vt 0.019302 0.423303
vt 0.010800 0.438296
vt 0.012993 0.462700
vt 0.013493 0.493397
vt 0.006094 0.463699
vt 0.006094 0.495697
vt 0.006094 0.437207
vt 0.011798 0.516802
vt 0.006094 0.517392
vt 0.008394 0.538498
vt 0.006094 0.539406
vt 0.006094 0.543006
vt 0.006094 0.423303
vt 0.010694 0.423303
vt 0.485301 0.235503
vt 0.470398 0.269695
vt 0.478901 0.273493
vt 0.476904 0.231706
vt 0.491504 0.204200
vt 0.483606 0.200902
vt 0.508403 0.170598
vt 0.503804 0.165500
vt 0.508494 0.206107
vt 0.527693 0.204397
vt 0.536498 0.145695
vt 0.532897 0.137299
vt 0.563096 0.136799
vt 0.562899 0.128100
vt 0.560493 0.173397
vt 0.532307 0.173700
vt 0.592401 0.148903
vt 0.589799 0.169993
vt 0.595003 0.140400
vt 0.615307 0.160507
vt 0.610496 0.164607
vt 0.639801 0.199299
vt 0.634506 0.202597
vt 0.645096 0.225593
vt 0.639302 0.228105
vt 0.649106 0.247894
vt 0.644204 0.251706
vt 0.606804 0.250799
vt 0.609195 0.201598
vt 0.587892 0.203202
vt 0.579798 0.251601
vt 0.556802 0.231706
vt 0.558300 0.204306
vt 0.534093 0.244399
vt 0.503002 0.244898
vt 0.496602 0.289500
vt 0.518298 0.273493
vt 0.551597 0.277396
vt 0.587802 0.275702
vt 0.546907 0.307503
vt 0.511202 0.297700
vt 0.568497 0.307397
vt 0.590707 0.298698
vt 0.616305 0.281602
vt 0.967805 0.983103
vt 0.994296 0.933297
vt 0.963493 0.935794
vt 0.994296 0.983693
vt 0.934505 0.976295
vt 0.937501 0.936702
vt 0.903006 0.960803
vt 0.918907 0.920997
vt 0.902507 0.891707
vt 0.881099 0.921602
vt 0.859600 0.939107
vt 0.875894 0.980198
vt 0.842201 0.942995
vt 0.850795 0.979896
vt 0.826104 0.944599
vt 0.821202 0.983300
vt 0.801503 0.982407
vt 0.806299 0.939894
vt 0.826603 0.939803
vt 0.790807 0.932193
vt 0.928302 0.915399
vt 0.955595 0.928895
vt 0.910404 0.888605
vt 0.994296 0.920604
vt 0.776404 0.976598
vt 0.778008 0.922298
vt 0.759005 0.971393
vt 0.761501 0.904794
vt 0.731893 0.931906
vt 0.737900 0.978201
vt 0.707596 0.935506
vt 0.703798 0.982997
vt 0.678093 0.933297
vt 0.678093 0.983693
vt 0.709199 0.926005
vt 0.678093 0.920604
vt 0.751894 0.900406
vt 0.731303 0.922707
vt 0.759701 0.990607
vt 0.777796 0.990607
vt 0.801004 0.990607
vt 0.820400 0.990607
vt 0.737703 0.990607
vt 0.704403 0.990607
vt 0.678093 0.990607
vt 0.848994 0.990607
vt 0.873897 0.990607
vt 0.898195 0.990607
vt 0.936699 0.990607
vt 0.968395 0.990607
vt 0.994296 0.990607
vt 0.328606 0.318003
vt 0.354296 0.313495
vt 0.343403 0.298093
vt 0.347306 0.333496
vt 0.335006 0.333496
vt 0.356202 0.274703
vt 0.376702 0.301800
vt 0.372496 0.256805
vt 0.377307 0.333995
vt 0.389608 0.271299
vt 0.401499 0.289303
vt 0.403406 0.311407
vt 0.428793 0.314705
vt 0.354795 0.347505
vt 0.377307 0.345493
vt 0.407294 0.333496
vt 0.420895 0.333496
vt 0.365401 0.362801
vt 0.377504 0.358096
vt 0.389804 0.361500
vt 0.399200 0.346295
vt 0.374705 0.377900
vt 0.379199 0.377794
vt 0.262794 0.297806
vt 0.243307 0.306505
vt 0.249404 0.333496
vt 0.262794 0.333496
vt 0.283506 0.291497
vt 0.284595 0.329305
vt 0.298393 0.299803
vt 0.301207 0.333496
vt 0.314203 0.308502
vt 0.311601 0.333496
vt 0.323598 0.333496
vt 0.239298 0.333496
vt 0.225500 0.314705
vt 0.225500 0.333496
vt 0.269496 0.345493
vt 0.283006 0.344706
vt 0.275094 0.359700
vt 0.281100 0.360698
vt 0.287197 0.360093
vt 0.294096 0.346008
vt 0.704494 0.007595
vt 0.723602 0.012103
vt 0.728595 0.007595
vt 0.704101 0.013405
vt 0.680106 0.014100
vt 0.682299 0.007595
vt 0.653705 0.007595
vt 0.651194 0.017595
vt 0.616895 0.007595
vt 0.621298 0.019199
vt 0.584307 0.007595
vt 0.584594 0.019002
vt 0.686702 0.039593
vt 0.705205 0.037400
vt 0.706597 0.056599
vt 0.713799 0.051697
vt 0.715705 0.030001
vt 0.713905 0.057900
vt 0.708004 0.062696
vt 0.693404 0.062303
vt 0.695205 0.067900
vt 0.678895 0.070503
vt 0.675597 0.064496
vt 0.665203 0.080503
vt 0.669107 0.084104
vt 0.656595 0.090201
vt 0.650407 0.085798
vt 0.642207 0.054995
vt 0.664296 0.045494
vt 0.625307 0.086101
vt 0.587696 0.045403
vt 0.586001 0.079898
vt 0.641405 0.113394
vt 0.618393 0.112002
vt 0.617606 0.117797
vt 0.584594 0.111201
vt 0.584398 0.117797
vt 0.644400 0.117797
vt 0.559797 0.119794
vt 0.556393 0.111397
vt 0.544698 0.118099
vt 0.545001 0.112396
vt 0.554593 0.077901
vt 0.555395 0.045101
vt 0.522201 0.077205
vt 0.532307 0.102395
vt 0.523396 0.044995
vt 0.489204 0.047294
vt 0.488901 0.077296
vt 0.457402 0.066100
vt 0.446403 0.049594
vt 0.490006 0.016899
vt 0.448098 0.020001
vt 0.442500 0.015099
vt 0.524607 0.018095
vt 0.524107 0.007595
vt 0.492094 0.007595
vt 0.440896 0.050592
vt 0.453499 0.091895
vt 0.451199 0.066705
vt 0.446494 0.092395
vt 0.461502 0.108901
vt 0.463998 0.103303
vt 0.490596 0.108901
vt 0.490202 0.103606
vt 0.556197 0.007595
vt 0.555304 0.017701
vt 0.529402 0.108901
vt 0.537300 0.114605
vt 0.606093 0.968004
vt 0.625504 0.947095
vt 0.606093 0.947095
vt 0.625504 0.968004
vt 0.590707 0.968004
vt 0.590707 0.947095
vt 0.640497 0.947095
vt 0.640497 0.968004
vt 0.653796 0.968004
vt 0.653796 0.947095
vt 0.640497 0.943706
vt 0.658395 0.943706
vt 0.625504 0.943706
vt 0.606093 0.943706
vt 0.587605 0.943706
vt 0.606093 0.985206
vt 0.625504 0.985206
vt 0.625504 0.987597
vt 0.606093 0.987597
vt 0.590707 0.985206
vt 0.587605 0.987597
vt 0.640497 0.985206
vt 0.640497 0.987597
vt 0.653796 0.985206
vt 0.658395 0.987597
vt 0.587605 0.968004
vt 0.658395 0.968004
vt 0.299906 0.379504
vt 0.324597 0.371107
vt 0.299694 0.367703
vt 0.307697 0.354707
vt 0.317395 0.347899
vt 0.327895 0.346703
vt 0.308303 0.390594
vt 0.323704 0.394194
vt 0.335097 0.390594
vt 0.345097 0.355796
vt 0.349001 0.368596
vt 0.347593 0.384300
vt 0.288196 0.093893
vt 0.328198 0.030395
vt 0.319604 0.031499
vt 0.288196 0.105194
vt 0.311798 0.020500
vt 0.311207 0.012194
vt 0.290601 0.061001
vt 0.290601 0.050502
vt 0.267106 0.022104
vt 0.260797 0.032906
vt 0.267907 0.014796
vt 0.251507 0.033103
vt 0.574503 0.804607
vt 0.574503 0.810599
vt 0.350392 0.723605
vt 0.976701 0.390700
vt 0.991906 0.399505
vt 0.440805 0.007595
vt 0.174696 0.108598
vt 0.137402 0.130899
vt 0.175407 0.136497
vt 0.139505 0.103802
vt 0.167494 0.167194
vt 0.140397 0.162897
vt 0.140700 0.192400
vt 0.174196 0.198996
vt 0.212806 0.130702
vt 0.208600 0.163200
vt 0.183304 0.166801
vt 0.208298 0.196606
vt 0.195695 0.198693
vt 0.237694 0.194805
vt 0.238103 0.159993
vt 0.242293 0.126194
vt 0.270706 0.197695
vt 0.270207 0.161596
vt 0.293506 0.165696
vt 0.293506 0.204397
vt 0.274398 0.131897
vt 0.293506 0.141701
vt 0.257498 0.120202
vt 0.274307 0.116798
vt 0.286501 0.126905
vt 0.293506 0.132200
vt 0.265305 0.103696
vt 0.274806 0.231902
vt 0.293506 0.236002
vt 0.239706 0.230299
vt 0.215197 0.237803
vt 0.269995 0.265293
vt 0.293506 0.268001
vt 0.293506 0.282601
vt 0.245894 0.268001
vt 0.198993 0.237107
vt 0.184802 0.199798
vt 0.179794 0.233007
vt 0.140897 0.223596
vt 0.114693 0.218906
vt 0.114193 0.187407
vt 0.111803 0.156195
vt 0.080198 0.161203
vt 0.087097 0.192899
vt 0.079502 0.132699
vt 0.050302 0.132306
vt 0.050499 0.166407
vt 0.107400 0.129900
vt 0.095403 0.221992
vt 0.105494 0.238604
vt 0.132500 0.258999
vt 0.148098 0.251495
vt 0.103694 0.103696
vt 0.104102 0.072197
vt 0.145299 0.074799
vt 0.179401 0.080896
vt 0.182896 0.047506
vt 0.151306 0.040501
vt 0.153802 0.028806
vt 0.189295 0.026098
vt 0.123195 0.031000
vt 0.122000 0.051107
vt 0.102302 0.042196
vt 0.084797 0.055600
vt 0.074297 0.097206
vt 0.061407 0.071607
vt 0.050106 0.049004
vt 0.070394 0.032604
vt 0.041694 0.031893
vt 0.040695 0.083499
vt 0.049501 0.108507
vt 0.024401 0.090201
vt 0.029394 0.112804
vt 0.032707 0.130294
vt 0.030407 0.058898
vt 0.017895 0.063301
vt 0.022994 0.031802
vt 0.097899 0.032104
vt 0.024507 0.142896
vt 0.079502 0.111004
vt 0.020104 0.167905
vt 0.041104 0.197105
vt 0.005504 0.165696
vt 0.005504 0.141701
vt 0.005504 0.132200
vt 0.021194 0.133002
vt 0.017502 0.200993
vt 0.005504 0.204397
vt 0.022495 0.231600
vt 0.005504 0.236002
vt 0.005504 0.268001
vt 0.041906 0.257198
vt 0.056702 0.224807
vt 0.080803 0.259604
vt 0.082407 0.222507
vt 0.064902 0.274295
vt 0.038501 0.293705
vt 0.018501 0.287094
vt 0.005504 0.282601
vt 0.087596 0.293206
vt 0.113301 0.267895
vt 0.114193 0.290801
vt 0.060802 0.297004
vt 0.118006 0.317095
vt 0.090501 0.317806
vt 0.065205 0.319804
vt 0.037200 0.321997
vt 0.116493 0.340697
vt 0.089200 0.340697
vt 0.066793 0.340697
vt 0.035203 0.340697
vt 0.135798 0.286504
vt 0.133695 0.266896
vt 0.152304 0.285006
vt 0.139702 0.315704
vt 0.156404 0.317201
vt 0.181095 0.283599
vt 0.149006 0.266594
vt 0.179401 0.265595
vt 0.187192 0.319002
vt 0.162305 0.340697
vt 0.188403 0.340697
vt 0.211793 0.340697
vt 0.211793 0.315204
vt 0.141804 0.340697
vt 0.197707 0.283992
vt 0.211505 0.271798
vt 0.211793 0.282797
vt 0.253898 0.282797
vt 0.215696 0.035993
vt 0.213593 0.064194
vt 0.238299 0.047506
vt 0.247407 0.082894
vt 0.222202 0.095693
vt 0.246605 0.106404
vt 0.235500 0.006400
vt 0.210204 0.006400
vt 0.189704 0.006400
vt 0.170293 0.006400
vt 0.157599 0.006400
vt 0.071196 0.195093
vt 0.064796 0.196197
vt 0.354508 0.429294
vt 0.366596 0.216697
vt 0.950603 0.810099
vt 0.911100 0.794199
vt 0.898104 0.788994
vt 0.953508 0.817498
vt 0.969847 0.211281
vt 0.970619 0.211281
vt 0.970528 0.210963
vt 0.587908 0.203202
vt 0.653705 0.968004
vt 0.653705 0.947095
vt 0.653705 0.985206
vt 0.105600 0.238604
vt 0.621404 0.933297
vt 0.646004 0.916307
vt 0.625595 0.911103
vt 0.615095 0.911194
vt 0.610904 0.917306
vt 0.594005 0.889498
vt 0.606199 0.882705
vt 0.626094 0.880496
vt 0.650498 0.885005
vt 0.584806 0.865094
vt 0.600707 0.859103
vt 0.584504 0.828603
vt 0.599194 0.828996
vt 0.591493 0.802504
vt 0.606199 0.803700
vt 0.605306 0.775801
vt 0.615095 0.777995
vt 0.621207 0.751004
vt 0.629997 0.751594
vt 0.638197 0.729097
vt 0.638803 0.729097
vt 0.629997 0.779296
vt 0.627002 0.805001
vt 0.655006 0.800205
vt 0.627093 0.826303
vt 0.648107 0.826999
vt 0.626397 0.859406
vt 0.651995 0.861993
vt 0.667397 0.863294
vt 0.662707 0.888106
vt 0.662404 0.827105
vt 0.639605 0.727796
vt 0.632993 0.753107
vt 0.649696 0.774803
vt 0.642903 0.751700
vt 0.640300 0.729294
vt 0.639499 0.729203
vt 0.676807 0.621104
vt 0.675900 0.597306
vt 0.675295 0.598001
vt 0.683495 0.624100
vt 0.675400 0.647293
vt 0.686596 0.649804
vt 0.688699 0.675706
vt 0.666096 0.672196
vt 0.716507 0.675494
vt 0.719502 0.700397
vt 0.693798 0.621407
vt 0.707898 0.648306
vt 0.676202 0.596594
vt 0.675400 0.596897
vt 0.654401 0.694799
vt 0.687307 0.699201
vt 0.683797 0.725905
vt 0.648894 0.725996
vt 0.715705 0.735497
vt 0.678396 0.749597
vt 0.707202 0.756905
vt 0.688896 0.782806
vt 0.673706 0.776195
vt 0.658092 0.773607
vt 0.649302 0.747404
vt 0.673207 0.796498
vt 0.752893 0.760203
vt 0.756494 0.730595
vt 0.743997 0.730398
vt 0.758294 0.705601
vt 0.799098 0.708703
vt 0.742696 0.704603
vt 0.754497 0.680895
vt 0.768597 0.682605
vt 0.794498 0.682605
vt 0.773696 0.667294
vt 0.789793 0.666295
vt 0.777206 0.652906
vt 0.785799 0.653496
vt 0.763393 0.665206
vt 0.771502 0.650304
vt 0.779596 0.635295
vt 0.790504 0.738901
vt 0.779596 0.764394
vt 0.762697 0.758902
vt 0.776706 0.776104
vt 0.763801 0.774500
vt 0.774694 0.782700
vt 0.759898 0.776301
vt 0.801897 0.593296
vt 0.810793 0.551101
vt 0.778703 0.588894
vt 0.791503 0.614492
vt 0.776600 0.610801
vt 0.776495 0.553204
vt 0.761607 0.556093
vt 0.767493 0.595793
vt 0.774195 0.515093
vt 0.812306 0.515804
vt 0.775405 0.483594
vt 0.753301 0.513898
vt 0.759595 0.478994
vt 0.800596 0.481097
vt 0.792395 0.461596
vt 0.776101 0.461006
vt 0.764194 0.458797
vt 0.768900 0.442306
vt 0.775905 0.441005
vt 0.784801 0.440899
vt 0.776495 0.420292
vt 0.770095 0.614296
vt 0.734193 0.477300
vt 0.720698 0.512400
vt 0.739806 0.515002
vt 0.713103 0.479493
vt 0.693707 0.480099
vt 0.728701 0.446996
vt 0.707096 0.447298
vt 0.689304 0.445695
vt 0.731893 0.542901
vt 0.705705 0.513398
vt 0.709895 0.405103
vt 0.726795 0.400095
vt 0.697898 0.406207
vt 0.717793 0.372302
vt 0.712407 0.371500
vt 0.726507 0.336597
vt 0.727294 0.337006
vt 0.727702 0.335205
vt 0.727702 0.368505
vt 0.728202 0.337096
vt 0.872899 0.534595
vt 0.886606 0.563098
vt 0.891402 0.535094
vt 0.874003 0.507498
vt 0.892794 0.507105
vt 0.881795 0.475696
vt 0.866605 0.475802
vt 0.857603 0.477300
vt 0.857800 0.514503
vt 0.858495 0.538800
vt 0.870100 0.562796
vt 0.860795 0.568303
vt 0.851702 0.453093
vt 0.857300 0.451595
vt 0.862807 0.452397
vt 0.844607 0.429204
vt 0.844198 0.429597
vt 0.843003 0.427903
vt 0.843699 0.430096
vt 0.869207 0.589105
vt 0.627894 0.367900
vt 0.648107 0.393302
vt 0.646503 0.369307
vt 0.622493 0.393393
vt 0.641193 0.343693
vt 0.649196 0.349397
vt 0.658304 0.367703
vt 0.663403 0.389398
vt 0.666399 0.411699
vt 0.651995 0.416404
vt 0.662193 0.436904
vt 0.652404 0.436693
vt 0.624400 0.416404
vt 0.654295 0.466694
vt 0.652903 0.466497
vt 0.683903 0.410307
vt 0.672995 0.442896
vt 0.684206 0.385994
vt 0.676898 0.363905
vt 0.668895 0.344797
vt 0.663705 0.319002
vt 0.632297 0.440702
vt 0.651103 0.466497
vt 0.653796 0.469206
vt 0.655505 0.466906
vt 0.657306 0.349094
vt 0.840204 0.562493
vt 0.823093 0.580406
vt 0.836497 0.586095
vt 0.827405 0.557500
vt 0.814106 0.603993
vt 0.829795 0.611603
vt 0.851006 0.618305
vt 0.841505 0.642406
vt 0.820702 0.635598
vt 0.815301 0.664495
vt 0.804302 0.628305
vt 0.832806 0.527499
vt 0.849206 0.561994
vt 0.857104 0.590195
vt 0.827904 0.668398
vt 0.809401 0.696206
vt 0.808206 0.695903
vt 0.807903 0.697295
vt 0.802305 0.662906
vt 0.806995 0.695797
vt 0.846695 0.810296
vt 0.844894 0.781505
vt 0.823199 0.785998
vt 0.856604 0.787693
vt 0.866499 0.767495
vt 0.847103 0.762699
vt 0.812593 0.765498
vt 0.860402 0.793200
vt 0.877906 0.775302
vt 0.890993 0.758993
vt 0.874094 0.748205
vt 0.849993 0.744998
vt 0.808796 0.742002
vt 0.851597 0.718204
vt 0.879298 0.721593
vt 0.903596 0.724997
vt 0.819507 0.702893
vt 0.857800 0.685994
vt 0.835393 0.673799
vt 0.849494 0.651695
vt 0.881099 0.692000
vt 0.900101 0.686705
vt 0.875002 0.661802
vt 0.860795 0.659094
vt 0.885002 0.655705
vt 0.857694 0.629894
vt 0.855802 0.630696
vt 0.857300 0.625597
vt 0.859297 0.629697
vt 0.860704 0.629395
vt 0.728293 0.768494
vt 0.729306 0.763804
vt 0.726795 0.767601
vt 0.726295 0.766693
vt 0.730199 0.767904
vt 0.724404 0.788495
vt 0.712301 0.790900
vt 0.708398 0.811597
vt 0.705599 0.787602
vt 0.734102 0.785197
vt 0.743498 0.805001
vt 0.727097 0.811098
vt 0.707096 0.835804
vt 0.732499 0.833807
vt 0.707898 0.857394
vt 0.736704 0.859497
vt 0.710107 0.871297
vt 0.678305 0.836303
vt 0.679606 0.863506
vt 0.685794 0.877606
vt 0.700394 0.893598
vt 0.713995 0.885504
vt 0.737900 0.874293
vt 0.719593 0.904900
vt 0.732907 0.890406
vt 0.754996 0.878605
vt 0.760397 0.860404
vt 0.754996 0.828300
vt 0.745298 0.894506
vt 0.688397 0.808995
s 1
usemtl Part1_Mat
f 1/1/1 3/2/2 2/3/3
f 2/3/3 3/2/2 4/4/4
f 5/5/5 3/2/2 1/1/1
f 5/5/5 6/6/6 3/2/2
f 7/7/7 6/6/6 5/5/5
f 7/7/7 8/8/8 6/6/6
f 9/9/9 6/6/6 8/8/8
f 9/9/9 8/8/8 10/10/10
f 11/11/11 9/9/9 10/10/10
f 12/12/12 8/8/8 7/7/7
f 12/12/12 13/13/13 8/8/8
f 13/13/13 10/10/10 8/8/8
f 11/11/11 10/10/10 14/14/14
f 13/13/13 14/14/14 10/10/10
f 11/11/11 14/14/14 15/15/15
f 16/16/16 13/13/13 12/12/12
f 16/16/16 17/17/17 13/13/13
f 14/14/14 13/13/13 17/17/17
f 15/15/15 14/14/14 18/18/18
f 14/14/14 17/17/17 18/18/18
f 15/15/15 18/18/18 19/19/19
f 20/20/20 18/18/18 17/17/17
f 20/20/20 21/21/21 18/18/18
f 18/18/18 21/21/21 19/19/19
f 22/22/22 21/21/21 20/20/20
f 21/21/21 22/22/22 19/19/19
f 22/22/22 20/20/20 23/23/23
f 24/24/24 22/22/22 23/23/23
f 22/22/22 24/24/24 25/25/25
f 24/24/24 26/26/26 25/25/25
f 24/24/24 27/27/27 26/26/26
f 28/28/28 26/26/26 27/27/27
f 28/28/28 27/27/27 29/29/29
f 28/28/28 29/29/29 30/30/30
f 31/31/31 28/28/28 30/30/30
f 30/30/30 32/32/32 31/31/31
f 31/31/31 32/32/32 33/33/33
f 31/31/31 33/33/33 34/34/34
f 35/35/35 32/32/32 30/30/30
f 35/35/35 36/36/36 32/32/32
f 37/37/37 30/30/30 29/29/29
f 37/37/37 35/35/35 30/30/30
f 38/38/38 37/37/37 29/29/29
f 38/38/38 29/29/29 39/39/39
f 39/39/39 27/27/27 24/24/24
f 39/39/39 29/29/29 27/27/27
f 24/24/24 40/23/40 39/39/39
f 28/28/28 41/40/41 26/26/26
f 41/40/41 28/28/28 42/41/42
f 34/34/34 42/41/42 31/31/31
f 42/41/42 28/28/28 31/31/31
f 33/33/33 32/32/32 43/42/43
f 32/32/32 36/36/36 43/42/43
f 43/42/43 36/36/36 44/43/44
f 42/41/42 34/34/34 45/44/45
f 42/41/42 45/44/45 41/40/41
f 46/45/46 48/39/46 47/23/47
f 49/46/48 47/23/49 20/20/20
f 49/46/48 50/45/50 47/23/49
f 51/46/51 20/20/20 17/17/17
f 51/46/51 17/17/17 16/16/16
f 52/45/52 54/38/52 53/39/52
f 22/22/22 25/25/25 55/19/53
f 56/47/54 9/9/9 11/11/11
f 57/48/55 9/9/9 56/47/54
f 58/49/56 9/9/9 57/48/55
f 6/6/6 9/9/9 58/49/56
f 3/2/2 6/6/6 58/49/56
f 59/50/57 57/48/55 56/47/54
f 60/49/58 4/4/4 3/2/2
f 59/50/57 62/51/59 61/48/60
f 63/49/61 62/51/59 4/4/4
f 61/48/60 62/51/59 63/49/61
f 1/1/1 2/3/3 64/52/62
f 65/1/63 67/3/64 66/2/65
f 67/3/64 68/4/66 66/2/65
f 69/5/67 65/1/63 66/2/65
f 69/5/67 66/2/65 70/6/68
f 71/7/69 69/5/67 70/6/68
f 71/7/69 70/6/68 72/8/70
f 73/9/71 72/8/70 70/6/68
f 73/9/71 74/10/72 72/8/70
f 75/11/73 74/10/72 73/9/71
f 76/12/74 71/7/69 72/8/70
f 76/12/74 72/8/70 77/13/75
f 77/13/75 72/8/70 74/10/72
f 75/11/73 78/14/76 74/10/72
f 77/13/75 74/10/72 78/14/76
f 75/11/73 79/15/77 78/14/76
f 80/16/78 76/12/74 77/13/75
f 80/16/78 77/13/75 81/17/79
f 78/14/76 81/17/79 77/13/75
f 79/15/77 82/18/80 78/14/76
f 78/14/76 82/18/80 81/17/79
f 79/15/77 83/19/81 82/18/80
f 84/20/82 81/17/79 82/18/80
f 84/20/82 82/18/80 85/21/83
f 82/18/80 83/19/81 85/21/83
f 86/22/84 84/20/82 85/21/83
f 85/21/83 83/19/81 86/22/84
f 86/22/84 87/23/85 84/20/82
f 88/24/86 87/23/85 86/22/84
f 86/22/84 89/25/87 88/24/86
f 88/24/86 89/25/87 90/26/88
f 88/24/86 90/26/88 91/27/89
f 92/28/90 91/27/89 90/26/88
f 92/28/90 93/29/91 91/27/89
f 92/28/90 94/30/92 93/29/91
f 95/31/93 94/30/92 92/28/90
f 94/30/92 95/31/93 96/32/94
f 95/31/93 97/33/95 96/32/94
f 95/31/93 98/34/96 97/33/95
f 99/35/97 94/30/92 96/32/94
f 99/35/97 96/32/94 100/36/98
f 101/37/99 94/30/92 99/35/97
f 101/37/99 93/29/91 94/30/92
f 102/38/100 93/29/91 101/37/99
f 102/38/100 103/39/101 93/29/91
f 103/39/101 91/27/89 93/29/91
f 103/39/101 88/24/86 91/27/89
f 88/24/86 103/39/101 104/23/102
f 92/28/90 90/26/88 105/40/103
f 105/40/103 106/41/104 92/28/90
f 98/34/96 95/31/93 106/41/104
f 106/41/104 95/31/93 92/28/90
f 97/33/95 107/42/105 96/32/94
f 96/32/94 107/42/105 100/36/98
f 107/42/105 108/43/106 100/36/98
f 106/41/104 109/44/107 98/34/96
f 106/41/104 105/40/103 109/44/107
f 110/45/108 112/39/108 111/38/108
f 113/45/109 115/23/110 114/39/109
f 116/46/111 115/23/112 117/45/113
f 116/46/111 84/20/82 115/23/112
f 118/46/114 81/17/79 84/20/82
f 118/46/114 80/16/78 81/17/79
f 86/22/84 119/19/115 89/25/87
f 120/47/116 75/11/73 73/9/71
f 121/48/117 120/47/116 73/9/71
f 122/49/118 121/48/117 73/9/71
f 70/6/68 122/49/118 73/9/71
f 66/2/65 122/49/118 70/6/68
f 123/50/119 120/47/116 121/48/117
f 124/49/120 66/2/65 68/4/66
f 123/50/119 126/48/121 125/51/122
f 127/49/123 68/4/66 125/51/122
f 126/48/121 127/49/123 125/51/122
f 65/1/63 128/52/124 67/3/64
f 129/53/125 131/54/126 130/55/127
f 129/53/125 132/56/128 131/54/126
f 133/57/129 129/53/125 130/55/127
f 133/57/129 134/58/130 129/53/125
f 135/59/131 134/58/130 133/57/129
f 135/59/131 136/60/132 134/58/130
f 135/59/131 137/61/133 136/60/132
f 135/59/131 133/57/129 138/62/134
f 138/62/134 137/61/133 135/59/131
f 138/62/134 133/57/129 139/63/135
f 138/62/134 139/63/135 140/64/136
f 138/62/134 140/64/136 137/61/133
f 141/65/137 134/58/130 136/60/132
f 141/65/137 129/53/125 134/58/130
f 141/65/137 132/56/128 129/53/125
f 142/66/138 139/63/135 133/57/129
f 130/55/127 142/66/138 133/57/129
f 130/55/127 131/54/126 142/66/138
f 143/67/139 145/68/140 144/69/141
f 143/67/139 146/70/142 145/68/140
f 147/71/143 145/68/140 146/70/142
f 147/71/143 146/70/142 148/72/144
f 143/67/139 144/69/141 149/73/145
f 143/67/139 149/73/145 150/74/146
f 151/53/147 153/54/148 152/56/149
f 151/53/147 154/55/150 153/54/148
f 155/57/151 154/55/150 151/53/147
f 155/57/151 151/53/147 156/58/152
f 157/59/153 155/57/151 156/58/152
f 157/59/153 156/58/152 158/60/154
f 157/59/153 158/60/154 159/61/155
f 157/59/153 160/62/156 155/57/151
f 160/62/156 157/59/153 159/61/155
f 160/62/156 161/63/157 155/57/151
f 160/62/156 162/64/158 161/63/157
f 160/62/156 159/61/155 162/64/158
f 163/65/159 158/60/154 156/58/152
f 163/65/159 151/53/147 152/56/149
f 163/65/159 156/58/152 151/53/147
f 164/66/160 155/57/151 161/63/157
f 154/55/150 164/66/160 153/54/148
f 154/55/150 155/57/151 164/66/160
f 165/67/161 167/68/162 166/70/163
f 165/67/161 168/69/164 167/68/162
f 169/71/165 166/70/163 167/68/162
f 169/71/165 170/72/166 166/70/163
f 165/67/161 171/73/167 168/69/164
f 165/67/161 172/74/168 171/73/167
f 173/75/169 175/76/170 174/77/171
f 173/75/169 176/78/172 175/76/170
f 177/79/173 173/75/169 174/77/171
f 177/79/173 174/77/171 178/80/174
f 178/80/174 179/81/175 177/79/173
f 178/80/174 180/82/176 179/81/175
f 174/77/171 180/82/176 178/80/174
f 181/83/177 175/76/170 176/78/172
f 181/83/177 182/84/178 175/76/170
f 174/77/171 183/85/179 180/82/176
f 175/76/170 183/85/179 174/77/171
f 175/76/170 182/84/178 183/85/179
f 184/86/180 179/81/175 180/82/176
f 184/86/180 180/82/176 185/87/181
f 185/87/181 180/82/176 183/85/179
f 185/87/181 186/88/182 184/86/180
f 185/87/181 187/89/183 186/88/182
f 187/89/183 185/87/181 188/90/184
f 185/87/181 183/85/179 189/91/185
f 185/87/181 189/91/185 188/90/184
f 190/92/186 189/91/185 183/85/179
f 190/92/186 182/84/178 181/83/177
f 190/92/186 183/85/179 182/84/178
f 190/92/186 191/93/187 189/91/185
f 191/93/187 192/94/188 189/91/185
f 189/91/185 192/94/188 188/90/184
f 191/93/187 193/95/189 192/94/188
f 187/89/183 188/90/184 194/96/190
f 192/94/188 194/96/190 188/90/184
f 187/89/183 194/96/190 195/97/191
f 195/97/191 186/88/182 187/89/183
f 192/94/188 196/98/192 194/96/190
f 193/95/189 196/98/192 192/94/188
f 194/96/190 196/98/192 197/99/193
f 194/96/190 198/100/194 195/97/191
f 194/96/190 197/99/193 198/100/194
f 199/101/195 198/100/194 197/99/193
f 199/101/195 200/102/196 198/100/194
f 199/101/195 201/103/197 200/102/196
f 199/101/195 202/104/198 201/103/197
f 203/105/199 201/103/197 202/104/198
f 203/105/199 202/104/198 204/106/200
f 203/105/199 204/106/200 205/107/201
f 203/105/199 205/107/201 206/108/202
f 207/109/203 203/105/199 206/108/202
f 201/103/197 203/105/199 207/109/203
f 207/109/203 206/108/202 208/110/204
f 201/103/197 207/109/203 209/111/205
f 209/111/205 200/102/196 201/103/197
f 209/111/205 210/112/206 200/102/196
f 210/112/206 198/100/194 200/102/196
f 210/112/206 211/113/207 198/100/194
f 211/113/207 195/97/191 198/100/194
f 211/113/207 212/114/208 195/97/191
f 195/97/191 212/114/208 186/88/182
f 213/115/209 202/104/198 199/101/195
f 214/116/210 213/115/209 199/101/195
f 214/116/210 199/101/195 197/99/193
f 215/117/211 214/116/210 197/99/193
f 215/117/211 197/99/193 196/98/192
f 193/95/189 215/117/211 196/98/192
f 213/115/209 216/118/212 202/104/198
f 216/118/212 204/106/200 202/104/198
f 216/118/212 217/119/213 204/106/200
f 204/106/200 217/119/213 218/120/214
f 204/106/200 218/120/214 205/107/201
f 219/121/215 221/122/216 220/123/217
f 219/121/215 222/124/218 221/122/216
f 219/121/215 223/125/219 222/124/218
f 219/121/215 224/126/220 223/125/219
f 224/126/220 219/121/215 220/123/217
f 224/126/220 225/127/221 223/125/219
f 224/126/220 226/128/222 225/127/221
f 227/129/223 225/127/221 226/128/222
f 227/129/223 228/130/224 225/127/221
f 224/126/220 220/123/217 229/131/225
f 229/131/225 226/128/222 224/126/220
f 229/131/225 227/129/223 226/128/222
f 230/132/226 220/123/217 221/122/216
f 229/131/225 220/123/217 230/132/226
f 230/132/226 221/122/216 231/133/227
f 231/133/227 232/134/228 230/132/226
f 231/133/227 233/135/229 232/134/228
f 229/131/225 230/132/226 234/136/230
f 234/136/230 230/132/226 232/134/228
f 235/137/231 229/131/225 234/136/230
f 227/129/223 235/137/231 228/130/224
f 227/129/223 229/131/225 235/137/231
f 235/137/231 234/136/230 236/138/232
f 236/138/232 234/136/230 237/139/233
f 234/136/230 232/134/228 237/139/233
f 236/138/232 237/139/233 238/140/234
f 232/134/228 233/135/229 239/141/235
f 232/134/228 239/141/235 240/142/236
f 237/139/233 232/134/228 240/142/236
f 241/143/237 238/140/234 237/139/233
f 241/143/237 237/139/233 242/144/238
f 237/139/233 240/142/236 242/144/238
f 239/141/235 243/145/239 240/142/236
f 243/145/239 242/144/238 240/142/236
f 239/141/235 244/146/240 243/145/239
f 244/146/240 245/147/241 243/145/239
f 244/146/240 246/148/242 245/147/241
f 245/147/241 246/148/242 247/149/243
f 245/147/241 247/149/243 248/150/244
f 248/150/244 247/149/243 249/151/245
f 248/150/244 249/151/245 250/152/246
f 250/152/246 251/153/247 248/150/244
f 250/152/246 252/154/248 251/153/247
f 252/154/248 253/155/249 251/153/247
f 252/154/248 254/156/250 253/155/249
f 255/157/251 248/150/244 251/153/247
f 255/157/251 245/147/241 248/150/244
f 253/155/249 255/157/251 251/153/247
f 253/155/249 256/158/252 255/157/251
f 255/157/251 256/158/252 257/159/253
f 255/157/251 257/159/253 258/160/254
f 258/160/254 245/147/241 255/157/251
f 258/160/254 243/145/239 245/147/241
f 249/151/245 259/161/255 250/152/246
f 249/151/245 260/162/256 259/161/255
f 261/163/257 250/152/246 259/161/255
f 261/163/257 252/154/248 250/152/246
f 254/156/250 252/154/248 261/163/257
f 254/156/250 261/163/257 262/164/258
f 258/160/254 257/159/253 241/143/237
f 258/160/254 241/143/237 242/144/238
f 243/145/239 258/160/254 242/144/238
f 263/75/259 265/76/260 264/78/261
f 263/75/259 266/77/262 265/76/260
f 267/79/263 266/77/262 263/75/259
f 267/79/263 268/80/264 266/77/262
f 269/81/265 268/80/264 267/79/263
f 269/81/265 270/82/266 268/80/264
f 270/82/266 266/77/262 268/80/264
f 271/83/267 264/78/261 265/76/260
f 271/83/267 265/76/260 272/84/268
f 270/82/266 273/85/269 266/77/262
f 265/76/260 273/85/269 272/84/268
f 265/76/260 266/77/262 273/85/269
f 270/82/266 269/81/265 274/86/270
f 270/82/266 274/86/270 275/87/271
f 273/85/269 270/82/266 275/87/271
f 276/88/272 275/87/271 274/86/270
f 276/88/272 277/89/273 275/87/271
f 277/89/273 278/90/274 275/87/271
f 273/85/269 275/87/271 279/91/275
f 275/87/271 278/90/274 279/91/275
f 279/91/275 280/92/276 273/85/269
f 272/84/268 280/92/276 271/83/267
f 272/84/268 273/85/269 280/92/276
f 279/91/275 281/93/277 280/92/276
f 282/94/278 281/93/277 279/91/275
f 279/91/275 278/90/274 282/94/278
f 282/94/278 283/95/279 281/93/277
f 277/89/273 284/96/280 278/90/274
f 284/96/280 282/94/278 278/90/274
f 277/89/273 285/97/281 284/96/280
f 285/97/281 277/89/273 276/88/272
f 284/96/280 286/98/282 282/94/278
f 286/98/282 283/95/279 282/94/278
f 284/96/280 287/99/283 286/98/282
f 284/96/280 285/97/281 288/100/284
f 284/96/280 288/100/284 287/99/283
f 288/100/284 289/101/285 287/99/283
f 288/100/284 290/102/286 289/101/285
f 291/103/287 289/101/285 290/102/286
f 291/103/287 292/104/288 289/101/285
f 293/105/289 292/104/288 291/103/287
f 293/105/289 294/106/290 292/104/288
f 295/107/291 294/106/290 293/105/289
f 295/107/291 293/105/289 296/108/292
f 296/108/292 293/105/289 297/109/293
f 297/109/293 293/105/289 291/103/287
f 296/108/292 297/109/293 298/110/294
f 297/109/293 291/103/287 299/111/295
f 290/102/286 299/111/295 291/103/287
f 290/102/286 300/112/296 299/111/295
f 288/100/284 300/112/296 290/102/286
f 288/100/284 301/113/297 300/112/296
f 285/97/281 301/113/297 288/100/284
f 285/97/281 302/114/298 301/113/297
f 285/97/281 276/88/272 302/114/298
f 292/104/288 303/115/299 289/101/285
f 292/104/288 304/118/300 303/115/299
f 294/106/290 304/118/300 292/104/288
f 294/106/290 305/119/301 304/118/300
f 294/106/290 306/120/302 305/119/301
f 294/106/290 295/107/291 306/120/302
f 289/101/285 303/115/299 307/116/303
f 289/101/285 307/116/303 287/99/283
f 287/99/283 307/116/303 308/117/304
f 287/99/283 308/117/304 286/98/282
f 286/98/282 308/117/304 283/95/279
f 309/122/305 311/121/306 310/123/307
f 309/122/305 312/124/308 311/121/306
f 311/121/306 312/124/308 313/125/309
f 311/121/306 313/125/309 314/126/310
f 310/123/307 311/121/306 314/126/310
f 314/126/310 313/125/309 315/127/311
f 314/126/310 315/127/311 316/128/312
f 317/129/313 316/128/312 315/127/311
f 317/129/313 315/127/311 318/130/314
f 310/123/307 314/126/310 319/131/315
f 319/131/315 316/128/312 317/129/313
f 319/131/315 314/126/310 316/128/312
f 320/132/316 309/122/305 310/123/307
f 320/132/316 310/123/307 319/131/315
f 320/132/316 321/133/317 309/122/305
f 322/134/318 321/133/317 320/132/316
f 322/134/318 323/135/319 321/133/317
f 320/132/316 319/131/315 324/136/320
f 324/136/320 322/134/318 320/132/316
f 325/137/321 324/136/320 319/131/315
f 317/129/313 325/137/321 319/131/315
f 317/129/313 318/130/314 325/137/321
f 325/137/321 326/138/322 324/136/320
f 326/138/322 327/139/323 324/136/320
f 324/136/320 327/139/323 322/134/318
f 326/138/322 328/140/324 327/139/323
f 322/134/318 329/141/325 323/135/319
f 322/134/318 330/142/326 329/141/325
f 327/139/323 330/142/326 322/134/318
f 327/139/323 328/140/324 331/143/327
f 327/139/323 331/143/327 332/144/328
f 327/139/323 332/144/328 330/142/326
f 333/145/329 329/141/325 330/142/326
f 332/144/328 333/145/329 330/142/326
f 333/145/329 334/146/330 329/141/325
f 335/147/331 334/146/330 333/145/329
f 335/147/331 336/148/332 334/146/330
f 335/147/331 337/149/333 336/148/332
f 335/147/331 338/150/334 337/149/333
f 338/150/334 339/151/335 337/149/333
f 338/150/334 340/152/336 339/151/335
f 341/153/337 340/152/336 338/150/334
f 341/153/337 342/154/338 340/152/336
f 343/155/339 342/154/338 341/153/337
f 343/155/339 344/156/340 342/154/338
f 338/150/334 345/157/341 341/153/337
f 338/150/334 335/147/331 345/157/341
f 345/157/341 343/155/339 341/153/337
f 345/157/341 346/158/342 343/155/339
f 345/157/341 347/159/343 346/158/342
f 345/157/341 348/160/344 347/159/343
f 335/147/331 348/160/344 345/157/341
f 335/147/331 333/145/329 348/160/344
f 349/161/345 339/151/335 340/152/336
f 349/161/345 350/162/346 339/151/335
f 351/163/347 340/152/336 342/154/338
f 351/163/347 349/161/345 340/152/336
f 351/163/347 342/154/338 344/156/340
f 351/163/347 344/156/340 352/164/348
f 348/160/344 331/143/327 347/159/343
f 348/160/344 332/144/328 331/143/327
f 332/144/328 348/160/344 333/145/329
f 353/165/349 355/166/350 354/167/351
f 356/168/352 353/165/349 354/167/351
f 356/168/352 354/167/351 357/169/353
f 353/165/349 356/168/352 358/170/354
f 358/170/354 359/171/355 353/165/349
f 353/165/349 360/172/356 355/166/350
f 361/173/357 360/172/356 353/165/349
f 361/173/357 362/174/358 360/172/356
f 353/165/349 363/175/359 361/173/357
f 359/171/355 363/175/359 353/165/349
f 364/176/360 354/167/351 355/166/350
f 364/176/360 355/166/350 365/177/361
f 366/178/362 359/171/355 358/170/354
f 366/178/362 358/170/354 367/179/363
f 354/167/351 368/180/364 357/169/353
f 354/167/351 364/176/360 368/180/364
f 356/168/352 368/180/365 369/181/366
f 369/181/366 358/170/354 356/168/352
f 369/181/366 367/179/363 358/170/354
f 370/168/367 357/169/353 368/180/364
f 371/182/368 355/166/350 360/172/356
f 371/182/368 372/177/369 355/166/350
f 373/178/370 363/175/359 359/171/355
f 373/178/370 374/183/371 363/175/359
f 360/172/356 375/184/372 371/182/368
f 376/173/373 375/184/372 362/174/358
f 360/172/356 362/174/358 375/184/372
f 361/173/357 377/185/374 375/184/372
f 377/185/374 363/175/359 374/183/371
f 377/185/374 361/173/357 363/175/359
f 378/186/375 380/187/376 379/188/377
f 381/189/378 380/187/376 378/186/375
f 378/186/375 379/188/377 382/190/379
f 382/190/379 383/191/380 378/186/375
f 384/192/381 378/186/375 383/191/380
f 378/186/375 384/192/381 381/189/378
f 381/189/378 384/192/381 385/193/382
f 384/192/381 383/191/380 386/194/383
f 387/195/384 386/194/383 383/191/380
f 383/191/380 388/196/385 387/195/384
f 382/190/379 388/196/385 383/191/380
f 382/190/379 379/188/377 389/197/386
f 390/198/387 392/199/388 391/200/389
f 390/198/387 393/201/390 392/199/388
f 392/199/388 394/202/391 391/200/389
f 392/199/388 395/203/392 394/202/391
f 396/204/393 395/203/392 392/199/388
f 393/201/390 396/204/393 392/199/388
f 396/204/393 397/205/394 395/203/392
f 393/201/390 398/206/395 396/204/393
f 399/207/396 395/203/392 397/205/394
f 399/207/396 400/208/397 395/203/392
f 400/208/397 399/207/396 401/209/398
f 401/209/398 397/205/394 396/204/393
f 401/209/398 399/207/396 397/205/394
f 398/206/395 401/209/398 396/204/393
f 400/208/397 401/209/398 402/210/399
f 403/211/400 400/208/397 402/210/399
f 403/211/400 402/210/399 404/212/401
f 405/213/402 404/212/401 402/210/399
f 405/213/402 406/214/403 404/212/401
f 407/215/404 402/210/399 401/209/398
f 407/215/404 405/213/402 402/210/399
f 398/206/395 407/215/404 401/209/398
f 395/203/392 408/216/405 394/202/391
f 395/203/392 409/217/406 408/216/405
f 400/208/397 409/217/406 395/203/392
f 409/217/406 410/218/407 408/216/405
f 409/217/406 411/219/408 410/218/407
f 411/219/408 412/220/409 410/218/407
f 411/219/408 413/221/410 412/220/409
f 414/222/411 413/221/410 411/219/408
f 414/222/411 415/223/412 413/221/410
f 416/224/413 411/219/408 409/217/406
f 416/224/413 414/222/411 411/219/408
f 400/208/397 416/224/413 409/217/406
f 403/211/400 416/224/413 400/208/397
f 403/211/400 417/225/414 416/224/413
f 417/225/414 414/222/411 416/224/413
f 403/211/400 418/226/415 417/225/414
f 404/212/401 418/226/415 403/211/400
f 419/227/416 415/223/412 414/222/411
f 417/225/414 419/227/416 414/222/411
f 419/227/416 420/228/417 415/223/412
f 418/226/415 421/229/418 417/225/414
f 418/226/415 422/230/419 421/229/418
f 422/230/419 418/226/415 423/231/420
f 404/212/401 423/231/420 418/226/415
f 404/212/401 424/232/421 423/231/420
f 404/212/401 406/214/403 424/232/421
f 422/230/419 423/231/420 425/233/422
f 426/234/423 417/225/414 421/229/418
f 426/234/423 419/227/416 417/225/414
f 427/235/424 419/227/416 426/234/423
f 427/235/424 420/228/417 419/227/416
f 428/236/425 423/231/420 424/232/421
f 428/236/425 425/233/422 423/231/420
f 422/230/419 429/237/426 421/229/418
f 422/230/419 430/238/427 429/237/426
f 425/233/422 430/238/427 422/230/419
f 431/239/428 421/229/418 429/237/426
f 431/239/428 426/234/423 421/229/418
f 432/240/429 426/234/423 431/239/428
f 432/240/429 427/235/424 426/234/423
f 433/241/430 425/233/422 428/236/425
f 433/241/430 434/242/431 425/233/422
f 425/233/422 434/242/431 430/238/427
f 435/243/432 437/244/433 436/245/434
f 438/246/435 435/243/432 436/245/434
f 438/246/435 439/247/436 435/243/432
f 438/246/435 440/248/437 439/247/436
f 441/249/438 439/247/436 440/248/437
f 442/250/439 439/247/436 441/249/438
f 442/250/439 441/249/438 443/251/440
f 444/252/441 439/247/436 442/250/439
f 444/252/441 445/253/442 439/247/436
f 445/253/442 435/243/432 439/247/436
f 445/253/442 446/254/443 435/243/432
f 437/244/433 435/243/432 447/255/444
f 446/254/443 447/255/444 435/243/432
f 446/254/443 448/256/445 447/255/444
f 446/254/443 449/257/446 448/256/445
f 450/258/447 447/255/444 448/256/445
f 450/258/447 451/259/448 447/255/444
f 452/260/449 447/255/444 451/259/448
f 452/260/449 451/259/448 453/261/450
f 454/262/451 447/255/444 452/260/449
f 454/262/451 437/244/433 447/255/444
f 455/198/452 457/199/453 456/201/454
f 455/198/452 458/200/455 457/199/453
f 457/199/453 458/200/455 459/202/456
f 457/199/453 459/202/456 460/203/457
f 461/204/458 457/199/453 460/203/457
f 461/204/458 456/201/454 457/199/453
f 461/204/458 460/203/457 462/205/459
f 461/204/458 463/206/460 456/201/454
f 460/203/457 464/207/461 462/205/459
f 460/203/457 465/208/462 464/207/461
f 466/209/463 464/207/461 465/208/462
f 462/205/459 466/209/463 461/204/458
f 462/205/459 464/207/461 466/209/463
f 463/206/460 461/204/458 466/209/463
f 466/209/463 465/208/462 467/210/464
f 467/210/464 465/208/462 468/211/465
f 467/210/464 468/211/465 469/212/466
f 470/213/467 467/210/464 469/212/466
f 470/213/467 469/212/466 471/214/468
f 472/215/469 467/210/464 470/213/467
f 472/215/469 466/209/463 467/210/464
f 463/206/460 466/209/463 472/215/469
f 473/216/470 460/203/457 459/202/456
f 473/216/470 474/217/471 460/203/457
f 465/208/462 460/203/457 474/217/471
f 475/218/472 474/217/471 473/216/470
f 475/218/472 476/219/473 474/217/471
f 477/220/474 476/219/473 475/218/472
f 477/220/474 478/221/475 476/219/473
f 478/221/475 479/222/476 476/219/473
f 478/221/475 480/223/477 479/222/476
f 476/219/473 481/224/478 474/217/471
f 476/219/473 479/222/476 481/224/478
f 465/208/462 474/217/471 481/224/478
f 468/211/465 465/208/462 481/224/478
f 482/225/479 468/211/465 481/224/478
f 482/225/479 481/224/478 479/222/476
f 482/225/479 483/226/480 468/211/465
f 483/226/480 469/212/466 468/211/465
f 483/226/480 484/231/481 469/212/466
f 469/212/466 484/231/481 485/232/482
f 469/212/466 485/232/482 471/214/468
f 486/227/483 479/222/476 480/223/477
f 482/225/479 479/222/476 486/227/483
f 486/227/483 480/223/477 487/228/484
f 488/230/485 484/231/481 483/226/480
f 488/230/485 489/233/486 484/231/481
f 490/229/487 483/226/480 482/225/479
f 490/229/487 488/230/485 483/226/480
f 482/225/479 491/234/488 490/229/487
f 482/225/479 486/227/483 491/234/488
f 486/227/483 492/235/489 491/234/488
f 486/227/483 487/228/484 492/235/489
f 484/231/481 493/236/490 485/232/482
f 484/231/481 489/233/486 493/236/490
f 488/230/485 490/229/487 494/237/491
f 488/230/485 494/237/491 495/238/492
f 495/238/492 489/233/486 488/230/485
f 490/229/487 496/239/493 494/237/491
f 490/229/487 491/234/488 496/239/493
f 497/240/494 491/234/488 492/235/489
f 497/240/494 496/239/493 491/234/488
f 489/233/486 498/241/495 493/236/490
f 489/233/486 499/242/496 498/241/495
f 495/238/492 499/242/496 489/233/486
f 500/243/497 502/245/498 501/244/499
f 503/246/500 502/245/498 500/243/497
f 504/247/501 503/246/500 500/243/497
f 504/247/501 505/248/502 503/246/500
f 506/249/503 505/248/502 504/247/501
f 507/250/504 506/249/503 504/247/501
f 507/250/504 508/251/505 506/249/503
f 509/252/506 507/250/504 504/247/501
f 509/252/506 504/247/501 510/253/507
f 510/253/507 504/247/501 500/243/497
f 510/253/507 500/243/497 511/254/508
f 501/244/499 512/255/509 500/243/497
f 511/254/508 500/243/497 512/255/509
f 511/254/508 512/255/509 513/256/510
f 511/254/508 513/256/510 514/257/511
f 512/255/509 515/258/512 513/256/510
f 512/255/509 516/259/513 515/258/512
f 516/259/513 512/255/509 517/260/514
f 516/259/513 517/260/514 518/261/515
f 512/255/509 519/262/516 517/260/514
f 512/255/509 501/244/499 519/262/516
f 520/263/517 522/264/518 521/265/519
f 520/263/517 523/266/520 522/264/518
f 522/264/518 523/266/520 524/267/521
f 522/264/518 524/267/521 525/268/522
f 526/269/523 522/264/518 525/268/522
f 526/269/523 527/270/524 522/264/518
f 527/270/524 521/265/519 522/264/518
f 528/271/525 527/270/524 526/269/523
f 528/271/525 526/269/523 529/272/526
f 528/271/525 530/273/527 527/270/524
f 527/270/524 530/273/527 521/265/519
f 528/271/525 531/274/528 530/273/527
f 521/265/519 530/273/527 531/274/528
f 520/263/517 521/265/519 531/274/528
f 532/275/529 529/272/526 526/269/523
f 532/275/529 526/269/523 533/276/530
f 525/268/522 533/276/530 526/269/523
f 534/277/531 532/275/529 533/276/530
f 534/277/531 535/278/532 532/275/529
f 536/279/533 535/278/532 534/277/531
f 534/277/531 533/276/530 537/280/534
f 537/280/534 525/268/522 524/267/521
f 525/268/522 537/280/534 533/276/530
f 534/277/531 537/280/534 538/281/535
f 536/279/533 534/277/531 538/281/535
f 538/281/535 539/282/536 536/279/533
f 538/281/535 537/280/534 539/282/536
f 537/280/534 524/267/521 539/282/536
f 540/283/537 536/279/533 539/282/536
f 540/283/537 541/284/538 536/279/533
f 536/279/533 541/284/538 542/285/539
f 536/279/533 542/285/539 543/286/540
f 536/279/533 543/286/540 535/278/532
f 544/287/541 542/285/539 541/284/538
f 544/287/541 545/288/542 542/285/539
f 546/289/543 541/284/538 540/283/537
f 546/289/543 544/287/541 541/284/538
f 547/290/544 545/288/542 544/287/541
f 547/290/544 548/291/545 545/288/542
f 549/292/546 548/291/545 547/290/544
f 549/292/546 547/290/544 550/293/547
f 551/294/548 544/287/541 546/289/543
f 551/294/548 547/290/544 544/287/541
f 552/295/549 547/290/544 551/294/548
f 552/295/549 550/293/547 547/290/544
f 553/296/550 540/283/537 539/282/536
f 553/296/550 539/282/536 554/297/551
f 540/283/537 555/298/552 546/289/543
f 540/283/537 553/296/550 555/298/552
f 556/299/553 555/298/552 553/296/550
f 556/299/553 553/296/550 557/300/554
f 557/300/554 553/296/550 554/297/551
f 558/301/555 555/298/552 556/299/553
f 558/301/555 559/302/556 555/298/552
f 546/289/543 559/302/556 551/294/548
f 546/289/543 555/298/552 559/302/556
f 560/303/557 559/302/556 558/301/555
f 560/303/557 561/304/558 559/302/556
f 551/294/548 561/304/558 552/295/549
f 551/294/548 559/302/556 561/304/558
f 557/300/554 562/305/559 556/299/553
f 557/300/554 563/306/560 562/305/559
f 563/306/560 564/307/561 562/305/559
f 563/306/560 565/308/562 564/307/561
f 562/305/559 564/307/561 566/309/563
f 562/305/559 566/309/563 567/310/564
f 556/299/553 567/310/564 558/301/555
f 556/299/553 562/305/559 567/310/564
f 567/310/564 566/309/563 568/311/565
f 567/310/564 568/311/565 569/312/566
f 569/312/566 558/301/555 567/310/564
f 569/312/566 560/303/557 558/301/555
f 566/309/563 570/313/567 568/311/565
f 566/309/563 571/314/568 570/313/567
f 571/314/568 566/309/563 564/307/561
f 571/314/568 564/307/561 572/315/569
f 572/315/569 564/307/561 565/308/562
f 572/315/569 565/308/562 573/316/570
f 574/317/571 565/308/562 563/306/560
f 574/317/571 575/318/572 565/308/562
f 573/316/570 565/308/562 575/318/572
f 523/266/520 575/318/572 574/317/571
f 523/266/520 520/263/517 575/318/572
f 520/263/517 576/319/573 575/318/572
f 573/316/570 575/318/572 576/319/573
f 520/263/517 577/320/574 576/319/573
f 524/267/521 523/266/520 574/317/571
f 524/267/521 574/317/571 578/321/575
f 554/297/551 524/267/521 578/321/575
f 557/300/554 554/297/551 578/321/575
f 524/267/521 554/297/551 539/282/536
f 578/321/575 563/306/560 557/300/554
f 578/321/575 574/317/571 563/306/560
f 520/263/517 531/274/528 577/320/574
f 579/322/576 581/323/577 580/324/578
f 579/322/576 582/325/579 581/323/577
f 583/326/580 579/322/576 580/324/578
f 583/326/580 580/324/578 584/327/581
f 584/327/581 585/328/582 583/326/580
f 584/327/581 586/329/583 585/328/582
f 585/328/582 587/330/584 583/326/580
f 585/328/582 588/331/585 587/330/584
f 588/331/585 589/332/586 587/330/584
f 588/331/585 590/333/587 589/332/586
f 590/333/587 591/334/588 589/332/586
f 590/333/587 592/335/589 591/334/588
f 592/335/589 593/336/590 591/334/588
f 592/335/589 594/337/591 593/336/590
f 595/263/592 597/264/593 596/266/594
f 595/263/592 598/265/595 597/264/593
f 597/264/593 599/267/596 596/266/594
f 597/264/593 600/268/597 599/267/596
f 597/264/593 601/269/598 600/268/597
f 597/264/593 602/270/599 601/269/598
f 598/265/595 602/270/599 597/264/593
f 601/269/598 602/270/599 603/271/600
f 601/269/598 603/271/600 604/272/601
f 605/273/602 603/271/600 602/270/599
f 598/265/595 605/273/602 602/270/599
f 605/273/602 606/274/603 603/271/600
f 598/265/595 606/274/603 605/273/602
f 595/263/592 606/274/603 598/265/595
f 601/269/598 604/272/601 607/275/604
f 601/269/598 607/275/604 608/276/605
f 608/276/605 600/268/597 601/269/598
f 609/277/606 608/276/605 607/275/604
f 609/277/606 607/275/604 610/278/607
f 611/279/608 609/277/606 610/278/607
f 612/280/609 608/276/605 609/277/606
f 612/280/609 599/267/596 600/268/597
f 608/276/605 612/280/609 600/268/597
f 612/280/609 609/277/606 613/281/610
f 611/279/608 613/281/610 609/277/606
f 614/282/611 613/281/610 611/279/608
f 614/282/611 612/280/609 613/281/610
f 612/280/609 614/282/611 599/267/596
f 611/279/608 615/283/612 614/282/611
f 611/279/608 616/284/613 615/283/612
f 611/279/608 617/285/614 616/284/613
f 611/279/608 618/286/615 617/285/614
f 611/279/608 610/278/607 618/286/615
f 619/287/616 616/284/613 617/285/614
f 619/287/616 617/285/614 620/288/617
f 621/289/618 616/284/613 619/287/616
f 621/289/618 615/283/612 616/284/613
f 622/290/619 619/287/616 620/288/617
f 622/290/619 620/288/617 623/291/620
f 624/292/621 622/290/619 623/291/620
f 624/292/621 625/293/622 622/290/619
f 626/294/623 619/287/616 622/290/619
f 626/294/623 621/289/618 619/287/616
f 622/290/619 627/295/624 626/294/623
f 622/290/619 625/293/622 627/295/624
f 628/296/625 614/282/611 615/283/612
f 628/296/625 629/297/626 614/282/611
f 615/283/612 630/298/627 628/296/625
f 615/283/612 621/289/618 630/298/627
f 631/299/628 628/296/625 630/298/627
f 631/299/628 632/300/629 628/296/625
f 632/300/629 629/297/626 628/296/625
f 633/301/630 631/299/628 630/298/627
f 633/301/630 630/298/627 634/302/631
f 621/289/618 634/302/631 630/298/627
f 621/289/618 626/294/623 634/302/631
f 635/303/632 633/301/630 634/302/631
f 635/303/632 634/302/631 636/304/633
f 636/304/633 626/294/623 627/295/624
f 636/304/633 634/302/631 626/294/623
f 632/300/629 631/299/628 637/305/634
f 632/300/629 637/305/634 638/306/635
f 638/306/635 637/305/634 639/307/636
f 638/306/635 639/307/636 640/308/637
f 637/305/634 641/309/638 639/307/636
f 637/305/634 642/310/639 641/309/638
f 631/299/628 642/310/639 637/305/634
f 631/299/628 633/301/630 642/310/639
f 643/311/640 641/309/638 642/310/639
f 643/311/640 642/310/639 644/312/641
f 633/301/630 644/312/641 642/310/639
f 633/301/630 635/303/632 644/312/641
f 641/309/638 643/311/640 645/313/642
f 641/309/638 645/313/642 646/314/643
f 646/314/643 639/307/636 641/309/638
f 646/314/643 647/315/644 639/307/636
f 647/315/644 640/308/637 639/307/636
f 647/315/644 648/316/645 640/308/637
f 649/317/646 638/306/635 640/308/637
f 649/317/646 640/308/637 650/318/647
f 648/316/645 650/318/647 640/308/637
f 596/266/594 649/317/646 650/318/647
f 596/266/594 650/318/647 595/263/592
f 595/263/592 650/318/647 651/319/648
f 648/316/645 651/319/648 650/318/647
f 595/263/592 651/319/648 652/320/649
f 599/267/596 649/317/646 596/266/594
f 599/267/596 653/321/650 649/317/646
f 629/297/626 653/321/650 599/267/596
f 632/300/629 653/321/650 629/297/626
f 599/267/596 614/282/611 629/297/626
f 653/321/650 638/306/635 649/317/646
f 653/321/650 632/300/629 638/306/635
f 595/263/592 652/320/649 606/274/603
f 654/323/651 656/322/652 655/324/653
f 654/323/651 657/325/654 656/322/652
f 655/324/653 656/322/652 658/326/655
f 655/324/653 658/326/655 659/327/656
f 659/327/656 658/326/655 660/328/657
f 659/327/656 660/328/657 661/329/658
f 660/328/657 658/326/655 662/330/659
f 660/328/657 662/330/659 663/331/660
f 664/332/661 663/331/660 662/330/659
f 664/332/661 665/333/662 663/331/660
f 666/334/663 665/333/662 664/332/661
f 666/334/663 667/335/664 665/333/662
f 668/336/665 667/335/664 666/334/663
f 668/336/665 669/337/666 667/335/664
f 670/338/667 672/339/668 671/340/669
f 670/338/667 673/341/670 672/339/668
f 674/342/671 673/341/670 670/338/667
f 674/342/671 675/343/672 673/341/670
f 676/344/673 674/342/671 670/338/667
f 677/345/674 674/342/671 676/344/673
f 677/345/674 675/343/672 674/342/671
f 672/339/668 678/346/675 671/340/669
f 672/339/668 679/347/676 678/346/675
f 679/347/676 680/348/677 678/346/675
f 679/347/676 681/349/678 680/348/677
f 682/350/679 677/345/674 676/344/673
f 682/350/679 683/351/680 677/345/674
f 684/352/681 683/351/680 682/350/679
f 684/352/681 682/350/679 685/353/682
f 686/354/683 684/352/681 685/353/682
f 686/354/683 685/353/682 687/355/684
f 687/355/684 688/356/685 686/354/683
f 687/355/684 689/357/686 688/356/685
f 689/357/686 687/355/684 685/353/682
f 690/358/687 688/356/685 689/357/686
f 690/358/687 691/359/688 688/356/685
f 691/359/688 690/358/687 692/360/689
f 681/349/678 692/360/689 680/348/677
f 691/359/688 692/360/689 693/361/690
f 681/349/678 693/361/690 692/360/689
f 694/362/691 690/358/687 689/357/686
f 690/358/687 694/362/691 692/360/689
f 694/362/691 680/348/677 692/360/689
f 694/362/691 689/357/686 695/363/692
f 695/363/692 685/353/682 682/350/679
f 689/357/686 685/353/682 695/363/692
f 695/363/692 682/350/679 676/344/673
f 695/363/692 671/340/669 694/362/691
f 695/363/692 670/338/667 671/340/669
f 676/344/673 670/338/667 695/363/692
f 678/346/675 694/362/691 671/340/669
f 696/364/693 686/354/683 688/356/685
f 691/359/688 693/361/690 697/365/694
f 691/359/688 697/365/694 698/366/695
f 691/359/688 698/366/695 688/356/685
f 697/365/694 693/361/690 699/367/696
f 698/366/695 700/368/697 688/356/685
f 700/368/697 696/364/693 688/356/685
f 678/346/675 680/348/677 694/362/691
f 701/369/698 699/367/696 693/361/690
f 701/369/698 693/361/690 681/349/678
f 702/370/699 701/369/698 681/349/678
f 702/370/699 681/349/678 679/347/676
f 701/369/698 702/370/699 703/371/700
f 679/347/676 704/372/701 702/370/699
f 672/339/668 704/372/701 679/347/676
f 672/339/668 705/373/702 704/372/701
f 705/373/702 672/339/668 706/374/703
f 707/375/704 701/369/698 703/371/700
f 707/375/704 699/367/696 701/369/698
f 707/375/704 708/376/705 699/367/696
f 708/376/705 707/375/704 709/377/706
f 709/377/706 707/375/704 710/378/707
f 707/375/704 711/379/708 710/378/707
f 707/375/704 703/371/700 711/379/708
f 712/380/709 711/379/708 703/371/700
f 712/380/709 713/378/710 711/379/708
f 712/380/709 709/377/706 713/378/710
f 703/371/700 702/370/699 714/381/711
f 714/381/711 712/380/709 703/371/700
f 715/382/712 712/380/709 714/381/711
f 712/380/709 715/382/712 716/383/713
f 716/383/713 709/377/706 712/380/709
f 716/383/713 717/384/714 709/377/706
f 709/377/706 717/384/714 718/385/715
f 708/376/705 709/377/706 718/385/715
f 672/339/668 673/341/670 706/374/703
f 673/341/670 719/386/716 706/374/703
f 673/341/670 675/343/672 719/386/716
f 719/386/716 675/343/672 720/387/717
f 675/343/672 721/388/718 720/387/717
f 675/343/672 677/345/674 721/388/718
f 721/388/718 677/345/674 683/351/680
f 721/388/718 683/351/680 722/389/719
f 683/351/680 723/390/720 722/389/719
f 683/351/680 684/352/681 723/390/720
f 686/354/683 723/390/720 684/352/681
f 724/391/721 723/390/720 686/354/683
f 686/354/683 696/364/693 724/391/721
f 725/392/722 727/393/723 726/394/724
f 725/392/722 728/395/725 727/393/723
f 726/394/724 729/396/726 725/392/722
f 726/394/724 730/397/727 729/396/726
f 728/395/725 731/398/728 727/393/723
f 728/395/725 732/399/729 731/398/728
f 732/399/729 733/400/730 731/398/728
f 732/399/729 734/401/731 733/400/730
f 730/397/727 735/402/732 729/396/726
f 735/402/732 736/403/733 729/396/726
f 735/402/732 737/404/734 736/403/733
f 735/402/732 738/405/735 737/404/734
f 735/402/732 739/406/736 738/405/735
f 740/407/737 739/406/736 735/402/732
f 741/408/738 740/407/737 735/402/732
f 742/409/739 741/408/738 735/402/732
f 742/409/739 735/402/732 743/410/740
f 744/411/741 743/410/740 735/402/732
f 730/397/727 744/411/741 735/402/732
f 745/412/742 747/413/743 746/414/744
f 745/412/742 748/415/745 747/413/743
f 747/413/743 748/415/745 749/416/746
f 747/413/743 749/416/746 750/417/747
f 750/417/747 749/416/746 751/418/748
f 750/417/747 751/418/748 752/419/749
f 746/414/744 753/420/750 745/412/742
f 746/414/744 754/421/751 753/420/750
f 753/420/750 754/421/751 755/422/752
f 753/420/750 755/422/752 756/423/753
f 757/424/754 756/423/753 755/422/752
f 757/424/754 758/425/755 756/423/753
f 759/426/756 758/425/755 757/424/754
f 759/426/756 757/424/754 760/427/757
f 760/427/757 761/428/758 759/426/756
f 760/427/757 762/429/759 761/428/758
f 762/429/759 763/430/760 761/428/758
f 762/429/759 764/431/761 763/430/760
f 764/431/761 765/432/762 763/430/760
f 764/431/761 766/433/763 765/432/762
f 765/432/762 766/433/763 767/434/764
f 765/432/762 767/434/764 768/435/765
f 767/434/764 769/436/766 768/435/765
f 770/437/767 768/435/765 769/436/766
f 770/437/767 769/436/766 771/438/768
f 772/439/769 770/437/767 771/438/768
f 772/439/769 771/438/768 773/440/770
f 774/441/771 776/442/772 775/443/773
f 774/441/771 777/444/774 776/442/772
f 778/445/775 777/444/774 774/441/771
f 778/445/775 774/441/771 779/446/776
f 775/443/773 776/442/772 751/418/748
f 779/446/776 780/447/777 778/445/775
f 779/446/776 781/448/778 780/447/777
f 780/447/777 781/448/778 782/449/779
f 782/449/779 781/448/778 783/450/780
f 784/451/781 783/450/780 781/448/778
f 785/452/782 783/450/780 784/451/781
f 785/452/782 786/453/783 783/450/780
f 776/442/772 752/419/749 751/418/748
f 787/454/784 789/455/785 788/456/786
f 787/454/784 790/457/787 789/455/785
f 788/456/786 789/455/785 791/458/788
f 788/456/786 791/458/788 792/459/789
f 791/458/788 789/455/785 793/460/790
f 789/455/785 794/461/791 793/460/790
f 795/462/792 791/458/788 793/460/790
f 796/463/793 791/458/788 795/462/792
f 796/463/793 792/459/789 791/458/788
f 796/463/793 797/464/794 792/459/789
f 797/464/794 796/463/793 798/465/795
f 796/463/793 795/462/792 799/466/796
f 796/463/793 799/466/796 798/465/795
f 798/465/795 799/466/796 800/467/797
f 798/465/795 800/467/797 801/468/798
f 802/469/799 801/468/798 800/467/797
f 803/470/800 789/455/785 790/457/787
f 803/470/800 794/461/791 789/455/785
f 790/457/787 804/471/801 803/470/800
f 804/471/801 790/457/787 805/472/802
f 806/473/803 803/470/800 804/471/801
f 806/473/803 804/471/801 807/474/804
f 807/474/804 804/471/801 808/475/805
f 805/472/802 808/475/805 804/471/801
f 807/474/804 808/475/805 809/476/806
f 810/477/807 807/474/804 809/476/806
f 811/478/808 810/477/807 809/476/806
f 811/478/808 809/476/806 812/479/809
f 812/479/809 809/476/806 813/480/810
f 813/480/810 809/476/806 808/475/805
f 812/479/809 813/480/810 814/481/811
f 815/482/812 812/479/809 814/481/811
f 815/482/812 816/483/813 812/479/809
f 814/481/811 817/484/814 815/482/812
f 814/481/811 818/485/815 817/484/814
f 814/481/811 819/486/816 818/485/815
f 814/481/811 813/480/810 819/486/816
f 812/479/809 820/487/817 811/478/808
f 812/479/809 816/483/813 820/487/817
f 810/477/807 821/488/818 807/474/804
f 806/473/803 807/474/804 821/488/818
f 822/489/819 817/484/814 818/485/815
f 822/489/819 818/485/815 819/486/816
f 822/489/819 823/490/820 817/484/814
f 824/491/821 823/490/820 822/489/819
f 824/491/821 825/492/822 823/490/820
f 826/493/823 823/490/820 825/492/822
f 826/493/823 827/494/824 823/490/820
f 817/484/814 827/494/824 815/482/812
f 817/484/814 823/490/820 827/494/824
f 828/495/825 827/494/824 826/493/823
f 828/495/825 829/496/826 827/494/824
f 820/487/817 816/483/813 829/496/826
f 829/496/826 815/482/812 827/494/824
f 829/496/826 816/483/813 815/482/812
f 822/489/819 830/497/827 824/491/821
f 822/489/819 831/498/828 830/497/827
f 822/489/819 819/486/816 831/498/828
f 832/499/829 830/497/827 831/498/828
f 832/499/829 831/498/828 833/500/830
f 833/500/830 831/498/828 819/486/816
f 833/500/830 819/486/816 813/480/810
f 813/480/810 808/475/805 833/500/830
f 820/487/817 829/496/826 834/501/831
f 835/495/832 834/501/831 829/496/826
f 832/499/829 833/500/830 836/502/833
f 808/475/805 805/472/802 833/500/830
f 836/502/833 833/500/830 805/472/802
f 790/457/787 836/502/833 805/472/802
f 790/457/787 787/454/784 836/502/833
f 837/503/834 834/501/831 838/504/835
f 837/503/834 838/504/835 839/505/836
f 840/506/837 837/503/834 839/505/836
f 840/506/837 841/507/838 837/503/834
f 841/507/838 840/506/837 842/508/839
f 842/508/839 840/506/837 843/509/840
f 842/508/839 843/509/840 844/510/841
f 843/509/840 845/511/842 844/510/841
f 843/509/840 802/469/799 845/511/842
f 844/510/841 845/511/842 846/512/843
f 799/466/796 846/512/843 845/511/842
f 844/510/841 846/512/843 847/513/844
f 842/508/839 844/510/841 847/513/844
f 799/466/796 848/514/845 846/512/843
f 849/513/846 846/512/843 848/514/845
f 849/513/846 848/514/845 850/515/847
f 842/508/839 850/515/847 841/507/838
f 842/508/839 849/513/846 850/515/847
f 850/515/847 848/514/845 851/516/848
f 799/466/796 851/516/848 848/514/845
f 852/517/849 851/516/848 799/466/796
f 853/518/850 852/517/849 799/466/796
f 853/518/850 851/516/848 852/517/849
f 853/518/850 854/519/851 851/516/848
f 853/518/850 799/466/796 795/462/792
f 853/518/850 795/462/792 793/460/790
f 853/518/850 793/460/790 854/519/851
f 854/519/851 793/460/790 794/461/791
f 854/519/851 794/461/791 855/520/852
f 851/516/848 854/519/851 855/520/852
f 851/516/848 855/520/852 806/473/803
f 855/520/852 803/470/800 806/473/803
f 855/520/852 794/461/791 803/470/800
f 850/515/847 851/516/848 821/488/818
f 806/473/803 821/488/818 851/516/848
f 821/488/818 841/507/838 850/515/847
f 821/488/818 810/477/807 841/507/838
f 811/478/808 841/507/838 810/477/807
f 811/478/808 837/503/834 841/507/838
f 837/503/834 811/478/808 820/487/817
f 837/503/834 820/487/817 834/501/831
f 856/495/853 838/504/835 834/501/831
f 857/521/854 859/522/855 858/523/856
f 857/521/854 860/524/857 859/522/855
f 861/525/858 858/523/856 859/522/855
f 862/526/859 860/524/857 857/521/854
f 862/526/859 863/527/860 860/524/857
f 864/528/861 863/527/860 862/526/859
f 864/528/861 865/529/862 863/527/860
f 861/525/858 859/522/855 866/530/863
f 867/531/864 861/525/858 866/530/863
f 868/532/865 865/529/862 864/528/861
f 868/532/865 869/533/866 865/529/862
f 870/534/867 872/535/868 871/536/869
f 870/534/867 873/537/870 872/535/868
f 874/538/871 872/535/868 873/537/870
f 874/538/871 873/537/870 875/539/872
f 876/540/873 874/538/871 875/539/872
f 876/540/873 875/539/872 877/541/874
f 877/541/874 878/532/875 876/540/873
f 877/541/874 879/533/876 878/532/875
f 880/542/877 870/534/867 871/536/869
f 880/542/877 881/543/878 870/534/867
f 882/544/879 884/545/880 883/546/881
f 882/544/879 885/547/882 884/545/880
f 885/547/882 882/544/879 886/548/883
f 885/547/882 886/548/883 887/549/884
f 888/550/885 883/546/881 884/545/880
f 888/550/885 884/545/880 889/551/886
f 888/550/885 889/551/886 890/552/887
f 888/550/885 890/552/887 891/553/888
f 892/554/889 894/555/890 893/556/891
f 892/554/889 893/556/891 895/557/892
f 892/554/889 896/558/893 894/555/890
f 897/559/894 896/558/893 892/554/889
f 897/559/894 898/560/895 896/558/893
f 892/554/889 899/561/896 897/559/894
f 895/557/892 900/562/897 892/554/889
f 895/557/892 901/563/898 900/562/897
f 892/554/889 902/564/899 899/561/896
f 892/554/889 900/562/897 902/564/899
f 893/556/891 903/565/900 895/557/892
f 797/464/794 798/465/795 904/566/901
f 798/465/795 801/468/798 904/566/901
f 799/466/796 845/511/842 800/467/797
f 802/469/799 800/467/797 845/511/842
f 905/567/902 907/568/903 906/569/904
f 905/567/902 908/570/905 907/568/903
f 909/571/906 907/568/903 908/570/905
f 909/571/906 910/572/907 907/568/903
f 911/573/908 906/569/904 907/568/903
f 911/573/908 907/568/903 910/572/907
f 911/573/908 912/574/909 906/569/904
f 911/573/908 910/572/907 913/575/910
f 914/576/911 910/572/907 909/571/906
f 914/576/911 913/575/910 910/572/907
f 915/577/912 909/571/906 908/570/905
f 915/577/912 914/576/911 909/571/906
f 906/569/904 912/574/909 916/578/913
f 905/567/902 906/569/904 916/578/913
f 905/567/902 916/578/913 917/579/914
f 905/567/902 918/580/915 908/570/905
f 905/567/902 917/579/914 918/580/915
f 908/570/905 918/580/915 915/577/912
f 916/578/913 912/574/909 919/581/916
f 920/582/917 915/577/912 918/580/915
f 920/582/917 918/580/915 921/583/918
f 918/580/915 917/579/914 921/583/918
f 920/582/917 921/583/918 922/584/919
f 922/584/919 921/583/918 917/579/914
f 920/582/917 922/584/919 923/585/920
f 924/586/921 916/578/913 919/581/916
f 923/585/920 922/584/919 924/586/921
f 917/579/914 916/578/913 924/586/921
f 922/584/919 917/579/914 924/586/921
f 924/586/921 919/581/916 925/587/922
f 923/585/920 924/586/921 925/587/922
f 926/588/923 928/589/924 927/590/925
f 926/588/923 929/591/926 928/589/924
f 930/592/927 927/590/925 928/589/924
f 930/592/927 928/589/924 931/593/928
f 929/591/926 932/594/929 928/589/924
f 932/594/929 931/593/928 928/589/924
f 929/591/926 933/595/930 932/594/929
f 932/594/929 934/596/931 931/593/928
f 935/597/932 931/593/928 934/596/931
f 935/597/932 930/592/927 931/593/928
f 936/598/933 930/592/927 935/597/932
f 936/598/933 927/590/925 930/592/927
f 937/599/934 926/588/923 927/590/925
f 927/590/925 936/598/933 937/599/934
f 937/599/934 938/600/935 926/588/923
f 929/591/926 939/601/936 933/595/930
f 939/601/936 926/588/923 938/600/935
f 939/601/936 929/591/926 926/588/923
f 940/602/937 933/595/930 939/601/936
f 937/599/934 936/598/933 941/603/938
f 937/599/934 941/603/938 942/604/939
f 942/604/939 938/600/935 937/599/934
f 943/605/940 942/604/939 941/603/938
f 943/605/940 938/600/935 942/604/939
f 943/605/940 941/603/938 944/606/941
f 944/606/941 945/607/942 943/605/940
f 945/607/942 940/602/937 939/601/936
f 943/605/940 945/607/942 938/600/935
f 945/607/942 939/601/936 938/600/935
f 944/606/941 946/608/943 945/607/942
f 945/607/942 946/608/943 940/602/937
f 947/567/944 949/568/945 948/570/946
f 947/567/944 950/569/947 949/568/945
f 951/571/948 948/570/946 949/568/945
f 951/571/948 949/568/945 952/572/949
f 953/573/950 949/568/945 950/569/947
f 953/573/950 952/572/949 949/568/945
f 953/573/950 950/569/947 954/574/951
f 953/573/950 955/575/952 952/572/949
f 956/576/953 952/572/949 955/575/952
f 956/576/953 951/571/948 952/572/949
f 957/577/954 951/571/948 956/576/953
f 957/577/954 948/570/946 951/571/948
f 950/569/947 958/578/955 954/574/951
f 947/567/944 958/578/955 950/569/947
f 947/567/944 959/579/956 958/578/955
f 947/567/944 960/580/957 959/579/956
f 947/567/944 948/570/946 960/580/957
f 948/570/946 957/577/954 960/580/957
f 958/578/955 961/581/958 954/574/951
f 962/582/959 960/580/957 957/577/954
f 962/582/959 963/583/960 960/580/957
f 960/580/957 963/583/960 959/579/956
f 962/582/959 964/584/961 963/583/960
f 964/584/961 959/579/956 963/583/960
f 962/582/959 965/585/962 964/584/961
f 966/586/963 961/581/958 958/578/955
f 965/585/962 966/586/963 964/584/961
f 959/579/956 966/586/963 958/578/955
f 964/584/961 966/586/963 959/579/956
f 966/586/963 967/587/964 961/581/958
f 965/585/962 967/587/964 966/586/963
f 968/588/965 970/589/966 969/591/967
f 968/588/965 971/590/968 970/589/966
f 972/592/969 970/589/966 971/590/968
f 972/592/969 973/593/970 970/589/966
f 969/591/967 970/589/966 974/594/971
f 974/594/971 970/589/966 973/593/970
f 969/591/967 974/594/971 975/595/972
f 974/594/971 973/593/970 976/596/973
f 977/597/974 973/593/970 972/592/969
f 977/597/974 976/596/973 973/593/970
f 978/598/975 972/592/969 971/590/968
f 978/598/975 977/597/974 972/592/969
f 979/599/976 971/590/968 968/588/965
f 971/590/968 979/599/976 978/598/975
f 979/599/976 968/588/965 980/600/977
f 969/591/967 975/595/972 981/601/978
f 981/601/978 968/588/965 969/591/967
f 981/601/978 980/600/977 968/588/965
f 982/602/979 981/601/978 975/595/972
f 979/599/976 983/603/980 978/598/975
f 979/599/976 984/604/981 983/603/980
f 984/604/981 979/599/976 980/600/977
f 985/605/982 983/603/980 984/604/981
f 985/605/982 984/604/981 980/600/977
f 985/605/982 986/606/983 983/603/980
f 986/606/983 985/605/982 987/607/984
f 987/607/984 981/601/978 982/602/979
f 985/605/982 980/600/977 987/607/984
f 987/607/984 980/600/977 981/601/978
f 986/606/983 987/607/984 988/608/985
f 987/607/984 982/602/979 988/608/985
f 989/338/986 991/339/987 990/341/988
f 989/338/986 992/340/989 991/339/987
f 993/342/990 989/338/986 990/341/988
f 993/342/990 990/341/988 994/343/991
f 995/344/992 989/338/986 993/342/990
f 996/345/993 993/342/990 994/343/991
f 996/345/993 995/344/992 993/342/990
f 991/339/987 992/340/989 997/346/994
f 991/339/987 997/346/994 998/347/995
f 998/347/995 997/346/994 999/348/996
f 998/347/995 999/348/996 1000/349/997
f 1001/350/998 995/344/992 996/345/993
f 1001/350/998 996/345/993 1002/351/999
f 1003/352/1000 1001/350/998 1002/351/999
f 1003/352/1000 1004/353/1001 1001/350/998
f 1005/354/1002 1004/353/1001 1003/352/1000
f 1005/354/1002 1006/355/1003 1004/353/1001
f 1006/355/1003 1005/354/1002 1007/356/1004
f 1006/355/1003 1007/356/1004 1008/357/1005
f 1008/357/1005 1004/353/1001 1006/355/1003
f 1009/358/1006 1008/357/1005 1007/356/1004
f 1009/358/1006 1007/356/1004 1010/359/1007
f 1010/359/1007 1011/360/1008 1009/358/1006
f 1000/349/997 999/348/996 1011/360/1008
f 1010/359/1007 1012/361/1009 1011/360/1008
f 1000/349/997 1011/360/1008 1012/361/1009
f 1013/362/1010 1008/357/1005 1009/358/1006
f 1009/358/1006 1011/360/1008 1013/362/1010
f 1011/360/1008 999/348/996 1013/362/1010
f 1013/362/1010 1014/363/1011 1008/357/1005
f 1014/363/1011 1001/350/998 1004/353/1001
f 1008/357/1005 1014/363/1011 1004/353/1001
f 1014/363/1011 995/344/992 1001/350/998
f 1014/363/1011 1013/362/1010 992/340/989
f 1014/363/1011 992/340/989 989/338/986
f 995/344/992 1014/363/1011 989/338/986
f 1015/364/1012 1007/356/1004 1005/354/1002
f 1010/359/1007 1016/365/1013 1012/361/1009
f 1010/359/1007 1017/366/1014 1016/365/1013
f 1010/359/1007 1007/356/1004 1017/366/1014
f 1016/365/1013 1018/367/1015 1012/361/1009
f 1019/369/1016 1012/361/1009 1018/367/1015
f 1017/366/1014 1007/356/1004 1020/368/1017
f 1020/368/1017 1007/356/1004 1015/364/1012
f 1021/375/1018 1019/369/1016 1018/367/1015
f 1021/375/1018 1022/371/1019 1019/369/1016
f 1019/369/1016 1022/371/1019 1023/370/1020
f 1023/370/1020 1000/349/997 1019/369/1016
f 1023/370/1020 998/347/995 1000/349/997
f 998/347/995 1023/370/1020 1024/372/1021
f 991/339/987 998/347/995 1024/372/1021
f 991/339/987 1024/372/1021 1025/373/1022
f 1025/373/1022 1026/374/1023 991/339/987
f 1021/375/1018 1018/367/1015 1027/376/1024
f 1027/376/1024 1028/377/1025 1021/375/1018
f 1028/377/1025 1029/378/1026 1021/375/1018
f 1021/375/1018 1030/379/1027 1022/371/1019
f 1021/375/1018 1029/378/1026 1030/379/1027
f 1031/380/1028 1022/371/1019 1030/379/1027
f 1031/380/1028 1032/378/1029 1028/377/1025
f 1031/380/1028 1030/379/1027 1032/378/1029
f 1022/371/1019 1033/381/1030 1023/370/1020
f 1033/381/1030 1022/371/1019 1031/380/1028
f 1034/382/1031 1033/381/1030 1031/380/1028
f 1031/380/1028 1035/383/1032 1034/382/1031
f 1035/383/1032 1031/380/1028 1028/377/1025
f 1035/383/1032 1028/377/1025 1036/384/1033
f 1028/377/1025 1037/385/1034 1036/384/1033
f 1027/376/1024 1037/385/1034 1028/377/1025
f 1026/374/1023 990/341/988 991/339/987
f 990/341/988 1026/374/1023 1038/386/1035
f 990/341/988 1038/386/1035 994/343/991
f 1038/386/1035 1039/387/1036 994/343/991
f 994/343/991 1039/387/1036 1040/388/1037
f 994/343/991 1040/388/1037 996/345/993
f 1040/388/1037 1002/351/999 996/345/993
f 1040/388/1037 1041/389/1038 1002/351/999
f 1002/351/999 1041/389/1038 1042/390/1039
f 1002/351/999 1042/390/1039 1003/352/1000
f 1005/354/1002 1003/352/1000 1042/390/1039
f 1043/391/1040 1005/354/1002 1042/390/1039
f 1005/354/1002 1043/391/1040 1015/364/1012
f 997/346/994 1013/362/1010 999/348/996
f 997/346/994 992/340/989 1013/362/1010
f 1044/392/1041 1046/393/1042 1045/395/1043
f 1044/392/1041 1047/394/1044 1046/393/1042
f 1047/394/1044 1044/392/1041 1048/396/1045
f 1047/394/1044 1048/396/1045 1049/397/1046
f 1045/395/1043 1046/393/1042 1050/398/1047
f 1045/395/1043 1050/398/1047 1051/399/1048
f 1051/399/1048 1050/398/1047 1052/400/1049
f 1051/399/1048 1052/400/1049 1053/401/1050
f 1049/397/1046 1048/396/1045 1054/402/1051
f 1054/402/1051 1048/396/1045 1055/403/1052
f 1054/402/1051 1055/403/1052 1056/404/1053
f 1054/402/1051 1056/404/1053 1057/405/1054
f 1054/402/1051 1057/405/1054 1058/406/1055
f 1059/407/1056 1054/402/1051 1058/406/1055
f 1060/408/1057 1054/402/1051 1059/407/1056
f 1061/409/1058 1054/402/1051 1060/408/1057
f 1061/409/1058 1062/410/1059 1054/402/1051
f 1063/411/1060 1054/402/1051 1062/410/1059
f 1049/397/1046 1054/402/1051 1063/411/1060
f 1064/412/1061 1066/413/1062 1065/415/1063
f 1064/412/1061 1067/414/1064 1066/413/1062
f 1066/413/1062 1068/416/1065 1065/415/1063
f 1066/413/1062 1069/417/1066 1068/416/1065
f 1069/417/1066 1070/418/1067 1068/416/1065
f 1069/417/1066 1071/419/1068 1070/418/1067
f 1067/414/1064 1064/412/1061 1072/420/1069
f 1067/414/1064 1072/420/1069 1073/421/1070
f 1072/420/1069 1074/422/1071 1073/421/1070
f 1072/420/1069 1075/423/1072 1074/422/1071
f 1076/424/1073 1074/422/1071 1075/423/1072
f 1076/424/1073 1075/423/1072 1077/425/1074
f 1078/426/1075 1076/424/1073 1077/425/1074
f 1078/426/1075 1079/427/1076 1076/424/1073
f 1079/427/1076 1078/426/1075 1080/428/1077
f 1079/427/1076 1080/428/1077 1081/429/1078
f 1081/429/1078 1080/428/1077 1082/430/1079
f 1081/429/1078 1082/430/1079 1083/431/1080
f 1083/431/1080 1082/430/1079 1084/432/1081
f 1083/431/1080 1084/432/1081 1085/433/1082
f 1084/432/1081 1086/434/1083 1085/433/1082
f 1084/432/1081 1087/435/1084 1086/434/1083
f 1086/434/1083 1087/435/1084 1088/436/1085
f 1089/437/1086 1088/436/1085 1087/435/1084
f 1089/437/1086 1090/438/1087 1088/436/1085
f 1091/439/1088 1090/438/1087 1089/437/1086
f 1091/439/1088 1092/440/1089 1090/438/1087
f 1093/441/1090 1095/442/1091 1094/444/1092
f 1093/441/1090 1096/443/1093 1095/442/1091
f 1097/445/1094 1093/441/1090 1094/444/1092
f 1097/445/1094 1098/446/1095 1093/441/1090
f 1071/419/1068 1095/442/1091 1096/443/1093
f 1071/419/1068 1096/443/1093 1070/418/1067
f 1098/446/1095 1097/445/1094 1099/447/1096
f 1098/446/1095 1099/447/1096 1100/448/1097
f 1099/447/1096 1101/449/1098 1100/448/1097
f 1100/448/1097 1101/449/1098 1102/450/1099
f 1100/448/1097 1102/450/1099 1103/451/1100
f 1102/450/1099 1104/452/1101 1103/451/1100
f 1102/450/1099 1105/453/1102 1104/452/1101
f 1106/454/1103 1108/455/1104 1107/457/1105
f 1106/454/1103 1109/456/1106 1108/455/1104
f 1109/456/1106 1110/458/1107 1108/455/1104
f 1109/456/1106 1111/459/1108 1110/458/1107
f 1110/458/1107 1112/460/1109 1108/455/1104
f 1108/455/1104 1112/460/1109 1113/461/1110
f 1114/462/1111 1112/460/1109 1110/458/1107
f 1115/463/1112 1114/462/1111 1110/458/1107
f 1115/463/1112 1110/458/1107 1111/459/1108
f 1115/463/1112 1111/459/1108 1116/464/1113
f 1116/464/1113 1117/465/1114 1115/463/1112
f 1115/463/1112 1118/466/1115 1114/462/1111
f 1115/463/1112 1117/465/1114 1118/466/1115
f 1117/465/1114 1119/467/1116 1118/466/1115
f 1117/465/1114 1120/468/1117 1119/467/1116
f 1121/469/1118 1119/467/1116 1120/468/1117
f 1122/470/1119 1108/455/1104 1113/461/1110
f 1122/470/1119 1107/457/1105 1108/455/1104
f 1107/457/1105 1122/470/1119 1123/471/1120
f 1124/473/1121 1123/471/1120 1122/470/1119
f 1124/473/1121 1125/474/1122 1123/471/1120
f 1125/474/1122 1126/475/1123 1123/471/1120
f 1125/474/1122 1127/476/1124 1126/475/1123
f 1128/477/1125 1127/476/1124 1125/474/1122
f 1129/478/1126 1127/476/1124 1128/477/1125
f 1129/478/1126 1130/479/1127 1127/476/1124
f 1130/479/1127 1131/480/1128 1127/476/1124
f 1131/480/1128 1126/475/1123 1127/476/1124
f 1130/479/1127 1132/481/1129 1131/480/1128
f 1133/482/1130 1132/481/1129 1130/479/1127
f 1133/482/1130 1130/479/1127 1134/483/1131
f 1132/481/1129 1133/482/1130 1135/484/1132
f 1132/481/1129 1135/484/1132 1136/485/1133
f 1132/481/1129 1137/486/1134 1131/480/1128
f 1132/481/1129 1136/485/1133 1137/486/1134
f 1130/479/1127 1138/487/1135 1134/483/1131
f 1130/479/1127 1129/478/1126 1138/487/1135
f 1128/477/1125 1125/474/1122 1139/488/1136
f 1124/473/1121 1139/488/1136 1125/474/1122
f 1140/489/1137 1136/485/1133 1135/484/1132
f 1140/489/1137 1137/486/1134 1136/485/1133
f 1140/489/1137 1135/484/1132 1141/490/1138
f 1142/491/1139 1140/489/1137 1141/490/1138
f 1142/491/1139 1141/490/1138 1143/492/1140
f 1144/493/1141 1143/492/1140 1141/490/1138
f 1144/493/1141 1141/490/1138 1145/494/1142
f 1135/484/1132 1145/494/1142 1141/490/1138
f 1135/484/1132 1133/482/1130 1145/494/1142
f 1146/495/1143 1144/493/1141 1145/494/1142
f 1146/495/1143 1145/494/1142 1147/496/1144
f 1138/487/1135 1147/496/1144 1134/483/1131
f 1147/496/1144 1133/482/1130 1134/483/1131
f 1147/496/1144 1145/494/1142 1133/482/1130
f 1140/489/1137 1142/491/1139 1148/497/1145
f 1140/489/1137 1148/497/1145 1149/498/1146
f 1140/489/1137 1149/498/1146 1137/486/1134
f 1150/499/1147 1149/498/1146 1148/497/1145
f 1150/499/1147 1151/500/1148 1149/498/1146
f 1151/500/1148 1137/486/1134 1149/498/1146
f 1151/500/1148 1131/480/1128 1137/486/1134
f 1131/480/1128 1151/500/1148 1126/475/1123
f 1138/487/1135 1152/501/1149 1147/496/1144
f 1153/495/1150 1147/496/1144 1152/501/1149
f 1150/499/1147 1154/502/1151 1151/500/1148
f 1126/475/1123 1151/500/1148 1155/472/1152
f 1154/502/1151 1155/472/1152 1151/500/1148
f 1155/472/1152 1123/471/1120 1126/475/1123
f 1123/471/1120 1155/472/1152 1107/457/1105
f 1107/457/1105 1155/472/1152 1154/502/1151
f 1107/457/1105 1154/502/1151 1106/454/1103
f 1156/503/1153 1157/504/1154 1152/501/1149
f 1156/503/1153 1158/505/1155 1157/504/1154
f 1159/506/1156 1158/505/1155 1156/503/1153
f 1159/506/1156 1156/503/1153 1160/507/1157
f 1160/507/1157 1161/508/1158 1159/506/1156
f 1161/508/1158 1162/509/1159 1159/506/1156
f 1161/508/1158 1163/510/1160 1162/509/1159
f 1162/509/1159 1163/510/1160 1164/511/1161
f 1162/509/1159 1164/511/1161 1121/469/1118
f 1163/510/1160 1165/512/1162 1164/511/1161
f 1118/466/1115 1164/511/1161 1165/512/1162
f 1163/510/1160 1166/513/1163 1165/512/1162
f 1161/508/1158 1166/513/1163 1163/510/1160
f 1118/466/1115 1165/512/1162 1167/514/1164
f 1168/513/1165 1167/514/1164 1165/512/1162
f 1168/513/1165 1169/515/1166 1167/514/1164
f 1161/508/1158 1169/515/1166 1168/513/1165
f 1161/508/1158 1160/507/1157 1169/515/1166
f 1169/515/1166 1170/516/1167 1167/514/1164
f 1118/466/1115 1167/514/1164 1170/516/1167
f 1171/517/1168 1118/466/1115 1170/516/1167
f 1172/518/1169 1118/466/1115 1171/517/1168
f 1172/518/1169 1171/517/1168 1170/516/1167
f 1172/518/1169 1170/516/1167 1173/519/1170
f 1172/518/1169 1114/462/1111 1118/466/1115
f 1172/518/1169 1112/460/1109 1114/462/1111
f 1172/518/1169 1173/519/1170 1112/460/1109
f 1173/519/1170 1113/461/1110 1112/460/1109
f 1173/519/1170 1174/520/1171 1113/461/1110
f 1170/516/1167 1174/520/1171 1173/519/1170
f 1170/516/1167 1124/473/1121 1174/520/1171
f 1174/520/1171 1122/470/1119 1113/461/1110
f 1174/520/1171 1124/473/1121 1122/470/1119
f 1169/515/1166 1139/488/1136 1170/516/1167
f 1124/473/1121 1170/516/1167 1139/488/1136
f 1139/488/1136 1169/515/1166 1160/507/1157
f 1139/488/1136 1160/507/1157 1128/477/1125
f 1129/478/1126 1128/477/1125 1160/507/1157
f 1129/478/1126 1160/507/1157 1156/503/1153
f 1156/503/1153 1138/487/1135 1129/478/1126
f 1156/503/1153 1152/501/1149 1138/487/1135
f 1175/495/1172 1152/501/1149 1157/504/1154
f 1176/521/1173 1178/522/1174 1177/524/1175
f 1176/521/1173 1179/523/1176 1178/522/1174
f 1180/525/1177 1178/522/1174 1179/523/1176
f 1181/526/1178 1176/521/1173 1177/524/1175
f 1181/526/1178 1177/524/1175 1182/527/1179
f 1183/528/1180 1181/526/1178 1182/527/1179
f 1183/528/1180 1182/527/1179 1184/529/1181
f 1180/525/1177 1185/530/1182 1178/522/1174
f 1186/531/1183 1185/530/1182 1180/525/1177
f 1187/532/1184 1183/528/1180 1184/529/1181
f 1187/532/1184 1184/529/1181 1188/533/1185
f 1189/534/1186 1191/535/1187 1190/537/1188
f 1189/534/1186 1192/536/1189 1191/535/1187
f 1193/538/1190 1190/537/1188 1191/535/1187
f 1193/538/1190 1194/539/1191 1190/537/1188
f 1195/540/1192 1194/539/1191 1193/538/1190
f 1195/540/1192 1196/541/1193 1194/539/1191
f 1196/541/1193 1195/540/1192 1197/532/1194
f 1196/541/1193 1197/532/1194 1198/533/1195
f 1199/542/1196 1192/536/1189 1189/534/1186
f 1199/542/1196 1189/534/1186 1200/543/1197
f 1201/544/1198 1203/545/1199 1202/547/1200
f 1201/544/1198 1204/546/1201 1203/545/1199
f 1202/547/1200 1205/548/1202 1201/544/1198
f 1202/547/1200 1206/549/1203 1205/548/1202
f 1207/550/1204 1203/545/1199 1204/546/1201
f 1207/550/1204 1208/551/1205 1203/545/1199
f 1207/550/1204 1209/552/1206 1208/551/1205
f 1207/550/1204 1210/553/1207 1209/552/1206
f 1211/554/1208 1213/556/1209 1212/555/1210
f 1211/554/1208 1214/557/1211 1213/556/1209
f 1211/554/1208 1212/555/1210 1215/558/1212
f 1216/559/1213 1211/554/1208 1215/558/1212
f 1216/559/1213 1215/558/1212 1217/560/1214
f 1211/554/1208 1216/559/1213 1218/561/1215
f 1214/557/1211 1211/554/1208 1219/562/1216
f 1214/557/1211 1219/562/1216 1220/563/1217
f 1211/554/1208 1221/564/1218 1219/562/1216
f 1211/554/1208 1218/561/1215 1221/564/1218
f 1213/556/1209 1214/557/1211 1222/565/1219
f 1116/464/1113 1223/566/1220 1117/465/1114
f 1117/465/1114 1223/566/1220 1120/468/1117
f 1118/466/1115 1119/467/1116 1164/511/1161
f 1121/469/1118 1164/511/1161 1119/467/1116
f 1019/369/1016 1000/349/997 1012/361/1009
f 1224/609/1221 1226/610/1222 1225/611/1223
f 1224/609/1221 1227/612/1224 1226/610/1222
f 1225/611/1223 1226/610/1222 1228/613/1225
f 1226/610/1222 1229/614/1226 1228/613/1225
f 1230/615/1227 1228/613/1225 1229/614/1226
f 1231/616/1228 1230/615/1227 1229/614/1226
f 1231/616/1228 1232/617/1229 1230/615/1227
f 1231/616/1228 1233/618/1230 1232/617/1229
f 1234/619/1231 1232/617/1229 1233/618/1230
f 1234/619/1231 1235/620/1232 1232/617/1229
f 1236/621/1233 1235/620/1232 1234/619/1231
f 1236/621/1233 1237/622/1234 1235/620/1232
f 1238/623/1235 1237/622/1234 1236/621/1233
f 1238/623/1235 1239/624/1236 1237/622/1234
f 1240/625/1237 1239/624/1236 1238/623/1235
f 1240/625/1237 1241/626/1238 1239/624/1236
f 1242/627/1239 1241/626/1238 1240/625/1237
f 1242/627/1239 1243/628/1240 1241/626/1238
f 1244/629/1241 1243/628/1240 1242/627/1239
f 1244/629/1241 1245/630/1242 1243/628/1240
f 1246/631/1243 1245/630/1242 1244/629/1241
f 1246/631/1243 1247/632/1244 1245/630/1242
f 1248/633/1245 1247/632/1244 1246/631/1243
f 1248/633/1245 1249/634/1246 1247/632/1244
f 1250/635/1247 1249/634/1246 1248/633/1245
f 1250/635/1247 1251/636/1248 1249/634/1246
f 1252/637/1249 1251/636/1248 1250/635/1247
f 1252/637/1249 1253/638/1250 1251/636/1248
f 1254/639/1251 1253/638/1250 1252/637/1249
f 1254/639/1251 1255/640/1252 1253/638/1250
f 1254/639/1251 1256/641/1253 1255/640/1252
f 1254/639/1251 1257/642/1254 1256/641/1253
f 1257/642/1254 1258/643/1255 1256/641/1253
f 1257/642/1254 1259/644/1256 1258/643/1255
f 1258/643/1255 1259/644/1256 1260/645/1257
f 1260/645/1257 1259/644/1256 1261/646/1258
f 1258/643/1255 1260/645/1257 1262/647/1259
f 1263/648/1260 1262/647/1259 1260/645/1257
f 1264/649/1261 1266/650/1262 1265/651/1263
f 1264/649/1261 1267/652/1264 1266/650/1262
f 1268/653/1265 1264/649/1261 1265/651/1263
f 1268/653/1265 1265/651/1263 1269/654/1266
f 1270/655/1267 1265/651/1263 1266/650/1262
f 1270/655/1267 1269/654/1266 1265/651/1263
f 1271/656/1268 1264/649/1261 1268/653/1265
f 1271/656/1268 1267/652/1264 1264/649/1261
f 1272/657/1269 1271/656/1268 1268/653/1265
f 1272/657/1269 1273/658/1270 1271/656/1268
f 1273/658/1270 1272/657/1269 1274/659/1271
f 1274/659/1271 1272/657/1269 1275/660/1272
f 1273/658/1270 1274/659/1271 1276/661/1273
f 1270/655/1267 1277/662/1274 1269/654/1266
f 1272/657/1269 1268/653/1265 1277/662/1274
f 1272/657/1269 1277/662/1274 1275/660/1272
f 1268/653/1265 1269/654/1266 1277/662/1274
f 1278/663/1275 1275/660/1272 1277/662/1274
f 1270/655/1267 1278/663/1275 1277/662/1274
f 1278/663/1275 1279/664/1276 1275/660/1272
f 1274/659/1271 1275/660/1272 1280/665/1277
f 1279/664/1276 1280/665/1277 1275/660/1272
f 1274/659/1271 1280/665/1277 1281/666/1278
f 1276/661/1273 1274/659/1271 1281/666/1278
f 1282/667/1279 1281/666/1278 1280/665/1277
f 1282/667/1279 1280/665/1277 1283/668/1280
f 1281/666/1278 1282/667/1279 1284/669/1281
f 1281/666/1278 1284/669/1281 1285/670/1282
f 1276/661/1273 1281/666/1278 1285/670/1282
f 1286/671/1283 1283/668/1280 1280/665/1277
f 1279/664/1276 1286/671/1283 1280/665/1277
f 1286/671/1283 1287/672/1284 1283/668/1280
f 1282/667/1279 1283/668/1280 1288/673/1285
f 1287/672/1284 1288/673/1285 1283/668/1280
f 1282/667/1279 1288/673/1285 1289/674/1286
f 1282/667/1279 1290/675/1287 1284/669/1281
f 1282/667/1279 1289/674/1286 1290/675/1287
f 1287/672/1284 1291/676/1288 1288/673/1285
f 1289/674/1286 1288/673/1285 1292/677/1289
f 1291/676/1288 1292/677/1289 1288/673/1285
f 1289/674/1286 1292/677/1289 1293/678/1290
f 1289/674/1286 1294/679/1291 1290/675/1287
f 1289/674/1286 1293/678/1290 1294/679/1291
f 1291/676/1288 1295/680/1292 1292/677/1289
f 1296/681/1293 1293/678/1290 1292/677/1289
f 1296/681/1293 1292/677/1289 1297/682/1294
f 1295/680/1292 1297/682/1294 1292/677/1289
f 1293/678/1290 1298/683/1295 1294/679/1291
f 1293/678/1290 1296/681/1293 1298/683/1295
f 1295/680/1292 1299/684/1296 1297/682/1294
f 1300/685/1297 1296/681/1293 1297/682/1294
f 1298/683/1295 1296/681/1293 1300/685/1297
f 1300/685/1297 1297/682/1294 1301/686/1298
f 1299/684/1296 1301/686/1298 1297/682/1294
f 1298/683/1295 1300/685/1297 1302/687/1299
f 1299/684/1296 1303/688/1300 1301/686/1298
f 1304/689/1301 1300/685/1297 1301/686/1298
f 1304/689/1301 1301/686/1298 1305/690/1302
f 1303/688/1300 1305/690/1302 1301/686/1298
f 1300/685/1297 1306/691/1303 1302/687/1299
f 1300/685/1297 1304/689/1301 1306/691/1303
f 1303/688/1300 1307/692/1304 1305/690/1302
f 1308/693/1305 1304/689/1301 1305/690/1302
f 1308/693/1305 1305/690/1302 1309/694/1306
f 1307/692/1304 1309/694/1306 1305/690/1302
f 1304/689/1301 1310/695/1307 1306/691/1303
f 1304/689/1301 1308/693/1305 1310/695/1307
f 1307/692/1304 1311/696/1308 1309/694/1306
f 1312/697/1309 1308/693/1305 1309/694/1306
f 1312/697/1309 1309/694/1306 1313/698/1310
f 1311/696/1308 1313/698/1310 1309/694/1306
f 1308/693/1305 1314/699/1311 1310/695/1307
f 1308/693/1305 1312/697/1309 1314/699/1311
f 1311/696/1308 1315/700/1312 1313/698/1310
f 1316/701/1313 1312/697/1309 1313/698/1310
f 1316/701/1313 1313/698/1310 1317/702/1314
f 1315/700/1312 1317/702/1314 1313/698/1310
f 1312/697/1309 1318/703/1315 1314/699/1311
f 1312/697/1309 1316/701/1313 1318/703/1315
f 1315/700/1312 1319/704/1316 1317/702/1314
f 1320/705/1317 1316/701/1313 1317/702/1314
f 1318/703/1315 1316/701/1313 1320/705/1317
f 1320/705/1317 1317/702/1314 1321/706/1318
f 1318/703/1315 1320/705/1317 1322/707/1319
f 1323/708/1320 1317/702/1314 1319/704/1316
f 1323/708/1320 1321/706/1318 1317/702/1314
f 1324/709/1321 1320/705/1317 1321/706/1318
f 1322/707/1319 1320/705/1317 1324/709/1321
f 1324/709/1321 1321/706/1318 1325/710/1322
f 1323/708/1320 1325/710/1322 1321/706/1318
f 1322/707/1319 1324/709/1321 1326/711/1323
f 1323/708/1320 1327/712/1324 1325/710/1322
f 1324/709/1321 1325/710/1322 1328/713/1325
f 1327/712/1324 1328/713/1325 1325/710/1322
f 1324/709/1321 1328/713/1325 1329/714/1326
f 1329/714/1326 1326/711/1323 1324/709/1321
f 1329/714/1326 1330/715/1327 1326/711/1323
f 1327/712/1324 1331/716/1328 1328/713/1325
f 1329/714/1326 1328/713/1325 1332/717/1329
f 1329/714/1326 1332/717/1329 1333/718/1330
f 1330/715/1327 1329/714/1326 1333/718/1330
f 1330/715/1327 1333/718/1330 1334/719/1331
f 1328/713/1325 1335/720/1332 1332/717/1329
f 1328/713/1325 1331/716/1328 1335/720/1332
f 1336/721/1333 1333/718/1330 1332/717/1329
f 1336/721/1333 1337/722/1334 1333/718/1330
f 1334/719/1331 1333/718/1330 1337/722/1334
f 1337/722/1334 1336/721/1333 1338/723/1335
f 1337/722/1334 1338/723/1335 1339/724/1336
f 1334/719/1331 1337/722/1334 1339/724/1336
f 1338/723/1335 1336/721/1333 1340/725/1337
f 1336/721/1333 1341/726/1338 1340/725/1337
f 1336/721/1333 1332/717/1329 1341/726/1338
f 1342/727/1339 1340/725/1337 1341/726/1338
f 1332/717/1329 1342/727/1339 1341/726/1338
f 1332/717/1329 1335/720/1332 1342/727/1339
f 1342/727/1339 1343/728/1340 1340/725/1337
f 1338/723/1335 1340/725/1337 1343/728/1340
f 1344/729/1341 1346/730/1342 1345/731/1343
f 1344/729/1341 1347/732/1344 1346/730/1342
f 1344/729/1341 1345/731/1343 1348/733/1345
f 1344/729/1341 1348/733/1345 1349/734/1346
f 1349/734/1346 1350/735/1347 1344/729/1341
f 1349/734/1346 1351/736/1348 1350/735/1347
f 1351/736/1348 1352/737/1349 1350/735/1347
f 1351/736/1348 1353/738/1350 1352/737/1349
f 1344/729/1341 1354/739/1351 1347/732/1344
f 1344/729/1341 1350/735/1347 1354/739/1351
f 1350/735/1347 1355/740/1352 1354/739/1351
f 1350/735/1347 1352/737/1349 1355/740/1352
f 1355/740/1352 1352/737/1349 1356/741/1353
f 1356/741/1353 1352/737/1349 1353/738/1350
f 1355/740/1352 1356/741/1353 1357/742/1354
f 1358/743/1355 1357/742/1354 1356/741/1353
f 1356/741/1353 1359/744/1356 1358/743/1355
f 1356/741/1353 1360/745/1357 1359/744/1356
f 1356/741/1353 1353/738/1350 1360/745/1357
f 1358/743/1355 1361/746/1358 1357/742/1354
f 1345/731/1343 1346/730/1342 1362/747/1359
f 1345/731/1343 1362/747/1359 1363/748/1360
f 1345/731/1343 1363/748/1360 1364/749/1361
f 1345/731/1343 1364/749/1361 1348/733/1345
f 1365/750/1362 1367/751/1363 1366/752/1364
f 1365/750/1362 1368/753/1365 1367/751/1363
f 1367/751/1363 1369/754/1366 1366/752/1364
f 1370/755/1367 1367/751/1363 1368/753/1365
f 1370/755/1367 1371/756/1368 1367/751/1363
f 1371/756/1368 1369/754/1366 1367/751/1363
f 1372/757/1369 1371/756/1368 1370/755/1367
f 1372/757/1369 1373/758/1370 1371/756/1368
f 1371/756/1368 1373/758/1370 1374/759/1371
f 1371/756/1368 1374/759/1371 1375/760/1372
f 1371/756/1368 1375/760/1372 1369/754/1366
f 1375/760/1372 1374/759/1371 1376/761/1373
f 1375/760/1372 1376/761/1373 1377/762/1374
f 1369/754/1366 1375/760/1372 1377/762/1374
f 1370/755/1367 1378/763/1375 1372/757/1369
f 1370/755/1367 1379/764/1376 1378/763/1375
f 1379/764/1376 1370/755/1367 1380/765/1377
f 1370/755/1367 1368/753/1365 1380/765/1377
f 1368/753/1365 1381/766/1378 1380/765/1377
f 1374/759/1371 1382/767/1379 1376/761/1373
f 1374/759/1371 1383/768/1380 1382/767/1379
f 1383/768/1380 1374/759/1371 1373/758/1370
f 1383/768/1380 1373/758/1370 1372/757/1369
f 1383/768/1380 1372/757/1369 1384/769/1381
f 1372/757/1369 1378/763/1375 1384/769/1381
f 1385/770/1382 1383/768/1380 1384/769/1381
f 1382/767/1379 1383/768/1380 1385/770/1382
f 1365/750/1362 1386/771/1383 1381/766/1378
f 1365/750/1362 1387/772/1384 1386/771/1383
f 1388/773/1385 1386/771/1383 1387/772/1384
f 1388/773/1385 1387/772/1384 1389/774/1386
f 1388/773/1385 1389/774/1386 1390/775/1387
f 1388/773/1385 1390/775/1387 1391/776/1388
f 1390/775/1387 1389/774/1386 1392/777/1389
f 1387/772/1384 1392/777/1389 1389/774/1386
f 1390/775/1387 1392/777/1389 1393/778/1390
f 1394/779/1391 1388/773/1385 1391/776/1388
f 1394/779/1391 1386/771/1383 1388/773/1385
f 1386/771/1383 1394/779/1391 1381/766/1378
f 1393/778/1390 1392/777/1389 1395/780/1392
f 1387/772/1384 1396/781/1393 1392/777/1389
f 1392/777/1389 1396/781/1393 1395/780/1392
f 1395/780/1392 1396/781/1393 1397/782/1394
f 1397/782/1394 1396/781/1393 1387/772/1384
f 1366/752/1364 1397/782/1394 1387/772/1384
f 1365/750/1362 1366/752/1364 1387/772/1384
f 1395/780/1392 1397/782/1394 1398/783/1395
f 1398/783/1395 1397/782/1394 1399/784/1396
f 1397/782/1394 1369/754/1366 1399/784/1396
f 1369/754/1366 1397/782/1394 1366/752/1364
f 1369/754/1366 1377/762/1374 1399/784/1396
f 1368/753/1365 1365/750/1362 1381/766/1378
f 1400/785/1397 1402/786/1398 1401/787/1399
f 1403/788/1400 1400/785/1397 1401/787/1399
f 1403/788/1400 1401/787/1399 1404/789/1401
f 1404/789/1401 1405/790/1402 1403/788/1400
f 1404/789/1401 1406/791/1403 1405/790/1402
f 1407/792/1404 1406/791/1403 1404/789/1401
f 1407/792/1404 1408/793/1405 1406/791/1403
f 1406/791/1403 1409/794/1406 1405/790/1402
f 1408/793/1405 1409/794/1406 1406/791/1403
f 1404/789/1401 1410/795/1407 1407/792/1404
f 1404/789/1401 1401/787/1399 1410/795/1407
f 1401/787/1399 1411/796/1408 1410/795/1407
f 1401/787/1399 1402/786/1398 1411/796/1408
f 1412/797/1409 1410/795/1407 1411/796/1408
f 1412/797/1409 1411/796/1408 1413/798/1410
f 1414/799/1411 1413/798/1410 1411/796/1408
f 1414/799/1411 1411/796/1408 1415/800/1412
f 1415/800/1412 1411/796/1408 1402/786/1398
f 1416/801/1413 1415/800/1412 1402/786/1398
f 1402/786/1398 1417/802/1414 1416/801/1413
f 1402/786/1398 1418/803/1415 1417/802/1414
f 1419/804/1416 1417/802/1414 1418/803/1415
f 1420/805/1417 1419/804/1416 1418/803/1415
f 1420/805/1417 1418/803/1415 1400/785/1397
f 1419/804/1416 1421/806/1418 1417/802/1414
f 1422/807/1419 1408/793/1405 1407/792/1404
f 1422/807/1419 1410/795/1407 1412/797/1409
f 1422/807/1419 1407/792/1404 1410/795/1407
f 1422/807/1419 1423/808/1420 1408/793/1405
f 1424/809/1421 1420/805/1417 1400/785/1397
f 1424/809/1421 1400/785/1397 1403/788/1400
f 1425/810/1422 1424/809/1421 1403/788/1400
f 1425/810/1422 1403/788/1400 1405/790/1402
f 1426/811/1423 1425/810/1422 1405/790/1402
f 1426/811/1423 1405/790/1402 1409/794/1406
f 1409/794/1406 1427/812/1424 1426/811/1423
f 1409/794/1406 1428/813/1425 1427/812/1424
f 1428/813/1425 1408/793/1405 1423/808/1420
f 1428/813/1425 1429/794/1426 1408/793/1405
f 1421/806/1418 1430/814/1427 1417/802/1414
f 1416/801/1413 1417/802/1414 1430/814/1427
f 1416/801/1413 1430/814/1427 1431/815/1428
f 1432/816/1429 1431/815/1428 1430/814/1427
f 1432/816/1429 1433/817/1430 1431/815/1428
f 1433/817/1430 1434/818/1431 1431/815/1428
f 1416/801/1413 1431/815/1428 1434/818/1431
f 1433/817/1430 1435/819/1432 1434/818/1431
f 1421/806/1418 1432/816/1429 1430/814/1427
f 1435/819/1432 1415/800/1412 1434/818/1431
f 1416/801/1413 1434/818/1431 1415/800/1412
f 1435/819/1432 1414/799/1411 1415/800/1412
f 1436/820/1433 1438/821/1434 1437/822/1435
f 1436/820/1433 1439/823/1436 1438/821/1434
f 1438/821/1434 1440/824/1437 1437/822/1435
f 1441/825/1438 1437/822/1435 1440/824/1437
f 1441/825/1438 1442/826/1439 1437/822/1435
f 1442/826/1439 1436/820/1433 1437/822/1435
f 1442/826/1439 1443/827/1440 1436/820/1433
f 1436/820/1433 1443/827/1440 1444/828/1441
f 1436/820/1433 1444/828/1441 1445/829/1442
f 1445/829/1442 1439/823/1436 1436/820/1433
f 1445/829/1442 1444/828/1441 1446/830/1443
f 1445/829/1442 1446/830/1443 1447/831/1444
f 1447/831/1444 1446/830/1443 1448/832/1445
f 1447/831/1444 1448/832/1445 1449/833/1446
f 1450/834/1447 1449/833/1446 1448/832/1445
f 1451/835/1448 1449/833/1446 1450/834/1447
f 1451/835/1448 1447/831/1444 1449/833/1446
f 1451/835/1448 1452/836/1449 1447/831/1444
f 1447/831/1444 1453/837/1450 1445/829/1442
f 1447/831/1444 1452/836/1449 1453/837/1450
f 1445/829/1442 1453/837/1450 1439/823/1436
f 1454/838/1451 1441/825/1438 1440/824/1437
f 1454/838/1451 1440/824/1437 1455/839/1452
f 1454/838/1451 1455/839/1452 1456/840/1453
f 1456/840/1453 1455/839/1452 1457/841/1454
f 1440/824/1437 1457/841/1454 1455/839/1452
f 1440/824/1437 1458/842/1455 1457/841/1454
f 1438/821/1434 1458/842/1455 1440/824/1437
f 1400/785/1397 1418/803/1415 1402/786/1398
f 1459/843/1456 1461/844/1457 1460/845/1458
f 1459/843/1456 1462/846/1459 1461/844/1457
f 1462/846/1459 1463/847/1460 1461/844/1457
f 1462/846/1459 1464/848/1461 1463/847/1460
f 1460/845/1458 1461/844/1457 1465/849/1462
f 1460/845/1458 1465/849/1462 1466/850/1463
f 1467/851/1464 1466/850/1463 1465/849/1462
f 1467/851/1464 1465/849/1462 1468/852/1465
f 1465/849/1462 1469/853/1466 1468/852/1465
f 1465/849/1462 1470/854/1467 1469/853/1466
f 1470/854/1467 1461/844/1457 1463/847/1460
f 1470/854/1467 1465/849/1462 1461/844/1457
f 1467/851/1464 1468/852/1465 1471/855/1468
f 1467/851/1464 1471/855/1468 1472/856/1469
f 1471/855/1468 1473/857/1470 1472/856/1469
f 1471/855/1468 1474/858/1471 1473/857/1470
f 1471/855/1468 1475/859/1472 1474/858/1471
f 1471/855/1468 1476/860/1473 1475/859/1472
f 1476/860/1473 1468/852/1465 1469/853/1466
f 1476/860/1473 1471/855/1468 1468/852/1465
f 1474/858/1471 1477/861/1474 1473/857/1470
f 1474/858/1471 1478/862/1475 1477/861/1474
f 1479/863/1476 1474/858/1471 1475/859/1472
f 1479/863/1476 1478/862/1475 1474/858/1471
f 1477/861/1474 1478/862/1475 1480/864/1477
f 1477/861/1474 1480/864/1477 1481/865/1478
f 1482/866/1479 1481/865/1478 1480/864/1477
f 1482/866/1479 1480/864/1477 1483/867/1480
f 1484/868/1481 1483/867/1480 1480/864/1477
f 1478/862/1475 1484/868/1481 1480/864/1477
f 1478/862/1475 1479/863/1476 1484/868/1481
f 1484/868/1481 1485/869/1482 1483/867/1480
f 1486/870/1483 1482/866/1479 1483/867/1480
f 1486/870/1483 1483/867/1480 1487/871/1484
f 1487/871/1484 1483/867/1480 1485/869/1482
f 1488/872/1485 1486/870/1483 1487/871/1484
f 1488/872/1485 1487/871/1484 1489/873/1486
f 1489/873/1486 1487/871/1484 1490/874/1487
f 1487/871/1484 1485/869/1482 1490/874/1487
f 1489/873/1486 1490/874/1487 1491/875/1488
f 1492/876/1489 1488/872/1485 1489/873/1486
f 1492/876/1489 1489/873/1486 1493/877/1490
f 1493/877/1490 1489/873/1486 1491/875/1488
f 1494/878/1491 1492/876/1489 1493/877/1490
f 1494/878/1491 1493/877/1490 1495/879/1492
f 1495/879/1492 1493/877/1490 1496/880/1493
f 1493/877/1490 1491/875/1488 1496/880/1493
f 1495/879/1492 1496/880/1493 1497/881/1494
f 1494/878/1491 1495/879/1492 1498/882/1495
f 1498/882/1495 1495/879/1492 1497/881/1494
f 1494/878/1491 1498/882/1495 1499/883/1496
f 1499/883/1496 1498/882/1495 1500/884/1497
f 1499/883/1496 1500/884/1497 1501/885/1498
f 1500/884/1497 1498/882/1495 1502/886/1499
f 1498/882/1495 1497/881/1494 1502/886/1499
f 1500/884/1497 1502/886/1499 1503/887/1500
f 1501/885/1498 1500/884/1497 1504/888/1501
f 1503/887/1500 1504/888/1501 1500/884/1497
f 1501/885/1498 1504/888/1501 1505/889/1502
f 1505/889/1502 1504/888/1501 1506/890/1503
f 1505/889/1502 1506/890/1503 1507/891/1504
f 1508/892/1505 1506/890/1503 1504/888/1501
f 1503/887/1500 1508/892/1505 1504/888/1501
f 1508/892/1505 1509/893/1506 1506/890/1503
f 1510/894/1507 1512/895/1508 1511/896/1509
f 1510/894/1507 1513/897/1510 1512/895/1508
f 1514/898/1511 1513/897/1510 1510/894/1507
f 1514/898/1511 1515/899/1512 1513/897/1510
f 1511/896/1509 1512/895/1508 1516/900/1513
f 1511/896/1509 1516/900/1513 1517/901/1514
f 1518/902/1515 1511/896/1509 1517/901/1514
f 1518/902/1515 1519/903/1516 1511/896/1509
f 1520/904/1517 1519/903/1516 1518/902/1515
f 1520/904/1517 1521/905/1518 1519/903/1516
f 1522/906/1519 1519/903/1516 1521/905/1518
f 1522/906/1519 1523/907/1520 1519/903/1516
f 1523/907/1520 1511/896/1509 1519/903/1516
f 1523/907/1520 1510/894/1507 1511/896/1509
f 1524/908/1521 1523/907/1520 1522/906/1519
f 1524/908/1521 1525/909/1522 1523/907/1520
f 1525/909/1522 1510/894/1507 1523/907/1520
f 1525/909/1522 1514/898/1511 1510/894/1507
f 1526/910/1523 1521/905/1518 1520/904/1517
f 1526/910/1523 1520/904/1517 1527/911/1524
f 1526/910/1523 1527/911/1524 1528/912/1525
f 1526/910/1523 1528/912/1525 1529/913/1526
f 1530/914/1527 1526/910/1523 1529/913/1526
f 1530/914/1527 1531/915/1528 1526/910/1523
f 1531/915/1528 1521/905/1518 1526/910/1523
f 1531/915/1528 1522/906/1519 1521/905/1518
f 1531/915/1528 1524/908/1521 1522/906/1519
f 1531/915/1528 1530/914/1527 1532/916/1529
f 1531/915/1528 1532/916/1529 1533/917/1530
f 1531/915/1528 1533/917/1530 1524/908/1521
f 1534/918/1531 1529/913/1526 1528/912/1525
f 1534/918/1531 1535/919/1532 1529/913/1526
f 1536/920/1533 1529/913/1526 1535/919/1532
f 1536/920/1533 1530/914/1527 1529/913/1526
f 1536/920/1533 1532/916/1529 1530/914/1527
f 1536/920/1533 1537/921/1534 1532/916/1529
f 1537/921/1534 1536/920/1533 1538/922/1535
f 1538/922/1535 1536/920/1533 1535/919/1532
f 1537/921/1534 1538/922/1535 1539/923/1536
f 1540/924/1537 1539/923/1536 1538/922/1535
f 1541/925/1538 1540/924/1537 1538/922/1535
f 1541/925/1538 1538/922/1535 1542/926/1539
f 1538/922/1535 1535/919/1532 1542/926/1539
f 1534/918/1531 1542/926/1539 1535/919/1532
f 1540/924/1537 1543/927/1540 1539/923/1536
f 1544/928/1541 1541/925/1538 1542/926/1539
f 1534/918/1531 1544/928/1541 1542/926/1539
f 1544/928/1541 1545/929/1542 1541/925/1538
f 1546/930/1543 1543/927/1540 1540/924/1537
f 1546/930/1543 1547/931/1544 1543/927/1540
f 1548/932/1545 1547/931/1544 1546/930/1543
f 1549/933/1546 1548/932/1545 1546/930/1543
f 1549/933/1546 1546/930/1543 1550/934/1547
f 1550/934/1547 1540/924/1537 1541/925/1538
f 1550/934/1547 1546/930/1543 1540/924/1537
f 1548/932/1545 1551/935/1548 1547/931/1544
f 1552/936/1549 1549/933/1546 1550/934/1547
f 1552/936/1549 1550/934/1547 1553/937/1550
f 1553/937/1550 1541/925/1538 1545/929/1542
f 1553/937/1550 1550/934/1547 1541/925/1538
f 1554/938/1551 1551/935/1548 1548/932/1545
f 1554/938/1551 1555/939/1552 1551/935/1548
f 1556/940/1553 1555/939/1552 1554/938/1551
f 1556/940/1553 1554/938/1551 1557/941/1554
f 1558/942/1555 1557/941/1554 1554/938/1551
f 1558/942/1555 1554/938/1551 1559/943/1556
f 1559/943/1556 1548/932/1545 1549/933/1546
f 1559/943/1556 1554/938/1551 1548/932/1545
f 1560/944/1557 1558/942/1555 1559/943/1556
f 1560/944/1557 1559/943/1556 1561/945/1558
f 1549/933/1546 1561/945/1558 1559/943/1556
f 1549/933/1546 1552/936/1549 1561/945/1558
f 1562/946/1559 1556/940/1553 1557/941/1554
f 1562/946/1559 1557/941/1554 1563/947/1560
f 1563/947/1560 1557/941/1554 1558/942/1555
f 1564/948/1561 1562/946/1559 1563/947/1560
f 1564/948/1561 1563/947/1560 1565/949/1562
f 1566/950/1563 1565/949/1562 1563/947/1560
f 1566/950/1563 1563/947/1560 1567/951/1564
f 1563/947/1560 1558/942/1555 1567/951/1564
f 1566/950/1563 1567/951/1564 1568/952/1565
f 1558/942/1555 1568/952/1565 1567/951/1564
f 1558/942/1555 1560/944/1557 1568/952/1565
f 1566/950/1563 1568/952/1565 1569/953/1566
f 1565/949/1562 1570/954/1567 1564/948/1561
f 1565/949/1562 1571/955/1568 1570/954/1567
f 1571/955/1568 1565/949/1562 1566/950/1563
f 1572/956/1569 1570/954/1567 1571/955/1568
f 1572/956/1569 1571/955/1568 1573/957/1570
f 1573/957/1570 1571/955/1568 1574/958/1571
f 1571/955/1568 1566/950/1563 1574/958/1571
f 1574/958/1571 1566/950/1563 1569/953/1566
f 1573/957/1570 1574/958/1571 1575/959/1572
f 1575/959/1572 1574/958/1571 1576/960/1573
f 1574/958/1571 1569/953/1566 1576/960/1573
f 1575/959/1572 1576/960/1573 1577/961/1574
f 1578/962/1575 1569/953/1566 1568/952/1565
f 1578/962/1575 1568/952/1565 1579/963/1576
f 1580/964/1577 1578/962/1575 1579/963/1576
f 1580/964/1577 1581/965/1578 1578/962/1575
f 1581/965/1578 1582/966/1579 1578/962/1575
f 1582/966/1579 1569/953/1566 1578/962/1575
f 1582/966/1579 1576/960/1573 1569/953/1566
f 1581/965/1578 1583/967/1580 1582/966/1579
f 1583/967/1580 1584/968/1581 1582/966/1579
f 1576/960/1573 1584/968/1581 1577/961/1574
f 1576/960/1573 1582/966/1579 1584/968/1581
f 1583/967/1580 1585/969/1582 1584/968/1581
f 1586/970/1583 1580/964/1577 1579/963/1576
f 1586/970/1583 1579/963/1576 1587/971/1584
f 1588/972/1585 1586/970/1583 1587/971/1584
f 1588/972/1585 1589/973/1586 1586/970/1583
f 1590/974/1587 1589/973/1586 1588/972/1585
f 1590/974/1587 1591/975/1588 1589/973/1586
f 1592/976/1589 1591/975/1588 1590/974/1587
f 1592/976/1589 1593/977/1590 1591/975/1588
f 1594/978/1591 1593/977/1590 1592/976/1589
f 1594/978/1591 1595/979/1592 1593/977/1590
f 1596/980/1593 1595/979/1592 1594/978/1591
f 1596/980/1593 1597/981/1594 1595/979/1592
f 1598/982/1595 1597/981/1594 1596/980/1593
f 1598/982/1595 1596/980/1593 1599/983/1596
f 1600/984/1597 1598/982/1595 1599/983/1596
f 1600/984/1597 1599/983/1596 1601/985/1598
f 1602/986/1599 1600/984/1597 1601/985/1598
f 1602/986/1599 1601/985/1598 1603/987/1600
f 1604/988/1601 1602/986/1599 1603/987/1600
f 1604/988/1601 1603/987/1600 1605/989/1602
f 1604/988/1601 1605/989/1602 1606/990/1603
f 1604/988/1601 1606/990/1603 1607/991/1604
f 1608/992/1605 1607/991/1604 1606/990/1603
f 1608/992/1605 1609/993/1606 1607/991/1604
f 1609/993/1606 1608/992/1605 1610/994/1607
f 1609/993/1606 1610/994/1607 1611/995/1608
f 1517/901/1514 1610/994/1607 1608/992/1605
f 1517/901/1514 1516/900/1513 1610/994/1607
f 1608/992/1605 1518/902/1515 1517/901/1514
f 1608/992/1605 1606/990/1603 1518/902/1515
f 1606/990/1603 1520/904/1517 1518/902/1515
f 1606/990/1603 1605/989/1602 1520/904/1517
f 1605/989/1602 1527/911/1524 1520/904/1517
f 1605/989/1602 1603/987/1600 1527/911/1524
f 1603/987/1600 1528/912/1525 1527/911/1524
f 1603/987/1600 1601/985/1598 1528/912/1525
f 1601/985/1598 1534/918/1531 1528/912/1525
f 1601/985/1598 1599/983/1596 1534/918/1531
f 1596/980/1593 1534/918/1531 1599/983/1596
f 1596/980/1593 1544/928/1541 1534/918/1531
f 1544/928/1541 1596/980/1593 1594/978/1591
f 1544/928/1541 1594/978/1591 1545/929/1542
f 1592/976/1589 1545/929/1542 1594/978/1591
f 1592/976/1589 1553/937/1550 1545/929/1542
f 1553/937/1550 1592/976/1589 1590/974/1587
f 1553/937/1550 1590/974/1587 1552/936/1549
f 1588/972/1585 1552/936/1549 1590/974/1587
f 1588/972/1585 1561/945/1558 1552/936/1549
f 1561/945/1558 1588/972/1585 1587/971/1584
f 1561/945/1558 1587/971/1584 1560/944/1557
f 1579/963/1576 1560/944/1557 1587/971/1584
f 1579/963/1576 1568/952/1565 1560/944/1557
f 1612/996/1609 1614/997/1610 1613/998/1611
f 1612/996/1609 1615/999/1612 1614/997/1610
f 1612/996/1609 1616/1000/1613 1615/999/1612
f 1616/1000/1613 1617/1001/1614 1615/999/1612
f 1616/1000/1613 1618/1002/1615 1617/1001/1614
f 1618/1002/1615 1619/1003/1616 1617/1001/1614
f 1618/1002/1615 1620/1004/1617 1619/1003/1616
f 1619/1003/1616 1620/1004/1617 1621/1005/1618
f 1622/1006/1619 1613/998/1611 1623/1007/1620
f 1623/1007/1620 1624/1008/1621 1622/1006/1619
f 1625/1009/1622 1624/1008/1621 1623/1007/1620
f 1625/1009/1622 1623/1007/1620 1626/997/1623
f 1627/1010/1624 1625/1009/1622 1626/997/1623
f 1627/1010/1624 1626/997/1623 1628/999/1625
f 1629/1011/1626 1627/1010/1624 1628/999/1625
f 1629/1011/1626 1628/999/1625 1630/1001/1627
f 1631/1012/1628 1629/1011/1626 1630/1001/1627
f 1631/1012/1628 1630/1001/1627 1632/1003/1629
f 1631/1012/1628 1633/1003/1630 1621/1005/1631
f 1634/997/1632 1623/1007/1620 1613/998/1611
f 1635/1013/1633 1637/1014/1634 1636/1015/1635
f 1635/1013/1633 1638/1016/1636 1637/1014/1634
f 1638/1016/1636 1639/1017/1637 1637/1014/1634
f 1640/1018/1638 1637/1014/1634 1639/1017/1637
f 1640/1018/1638 1636/1015/1635 1637/1014/1634
f 1640/1018/1638 1641/1019/1639 1636/1015/1635
f 1635/1013/1633 1636/1015/1635 1641/1019/1639
f 1642/1020/1640 1635/1013/1633 1641/1019/1639
f 1635/1013/1633 1642/1020/1640 1643/1021/1641
f 1643/1021/1641 1644/1022/1642 1635/1013/1633
f 1644/1022/1642 1638/1016/1636 1635/1013/1633
f 1638/1016/1636 1644/1022/1642 1645/1023/1643
f 1638/1016/1636 1645/1023/1643 1646/1024/1644
f 1638/1016/1636 1646/1024/1644 1639/1017/1637
f 1645/1023/1643 1644/1022/1642 1647/1025/1645
f 1647/1025/1645 1644/1022/1642 1643/1021/1641
f 1648/1026/1646 1647/1025/1645 1643/1021/1641
f 1649/1027/1647 1648/1026/1646 1643/1021/1641
f 1649/1027/1647 1643/1021/1641 1650/1028/1648
f 1642/1020/1640 1650/1028/1648 1643/1021/1641
f 1645/1023/1643 1647/1025/1645 1651/1029/1649
f 1652/1030/1650 1651/1029/1649 1647/1025/1645
f 1652/1030/1650 1647/1025/1645 1648/1026/1646
f 1653/1031/1651 1652/1030/1650 1648/1026/1646
f 1653/1031/1651 1648/1026/1646 1649/1027/1647
f 1652/1030/1650 1654/1032/1652 1651/1029/1649
f 1655/1033/1653 1654/1032/1652 1652/1030/1650
f 1652/1030/1650 1653/1031/1651 1655/1033/1653
f 1656/1034/1654 1658/1035/1655 1657/1036/1656
f 1659/1037/1657 1656/1034/1654 1657/1036/1656
f 1660/1038/1658 1656/1034/1654 1659/1037/1657
f 1660/1038/1658 1661/1039/1659 1656/1034/1654
f 1658/1035/1655 1656/1034/1654 1661/1039/1659
f 1662/1040/1660 1658/1035/1655 1661/1039/1659
f 1663/1041/1661 1662/1040/1660 1661/1039/1659
f 1663/1041/1661 1661/1039/1659 1664/1042/1662
f 1664/1042/1662 1661/1039/1659 1660/1038/1658
f 1664/1042/1662 1660/1038/1658 1665/1043/1663
f 1664/1042/1662 1666/1044/1664 1663/1041/1661
f 1666/1044/1664 1667/1045/1665 1663/1041/1661
f 1667/1045/1665 1666/1044/1664 1668/1046/1666
f 1667/1045/1665 1668/1046/1666 1669/1047/1667
f 1669/1047/1667 1668/1046/1666 1670/1048/1668
f 1669/1047/1667 1670/1048/1668 1671/1049/1669
f 1670/1048/1668 1672/1050/1670 1671/1049/1669
f 1673/1044/1671 1664/1042/1662 1665/1043/1663
f 1670/1048/1668 1674/1051/1672 1672/1050/1670
f 1674/1051/1672 1675/1052/1673 1672/1050/1670
f 1674/1051/1672 1676/1053/1674 1675/1052/1673
f 1677/1044/1675 1665/1043/1676 1678/1054/1677
f 1679/1046/1678 1677/1044/1675 1678/1054/1677
f 1679/1046/1678 1678/1054/1677 1680/1055/1679
f 1681/1056/1680 1679/1046/1678 1680/1055/1679
f 1681/1056/1680 1682/1048/1681 1679/1046/1678
f 1682/1048/1681 1681/1056/1680 1683/1057/1682
f 1682/1048/1681 1683/1057/1682 1684/1051/1683
f 1684/1051/1683 1683/1057/1682 1685/1058/1684
f 1686/1059/1685 1687/1053/1685 1685/1058/1684
f 1688/1051/1686 1685/1058/1684 1689/1053/1686
f 1690/1059/1687 1675/1052/1688 1691/1053/1687
f 1692/1060/1689 1694/1061/1690 1693/1062/1691
f 1692/1060/1689 1695/1063/1692 1694/1061/1690
f 1696/1064/1693 1694/1061/1690 1695/1063/1692
f 1696/1064/1693 1697/1065/1694 1694/1061/1690
f 1698/1066/1695 1697/1065/1694 1696/1064/1693
f 1699/1067/1696 1692/1060/1689 1693/1062/1691
f 1699/1067/1696 1693/1062/1691 1700/1068/1697
f 1699/1067/1696 1700/1068/1697 1701/1069/1698
f 1699/1067/1696 1701/1069/1698 1702/1070/1699
f 1702/1070/1699 1701/1069/1698 1703/1071/1700
f 1701/1069/1698 1700/1068/1697 1704/1072/1701
f 1705/1073/1702 1701/1069/1698 1704/1072/1701
f 1701/1069/1698 1705/1073/1702 1703/1071/1700
f 1705/1073/1702 1704/1072/1701 1706/1074/1703
f 1707/1075/1704 1705/1073/1702 1706/1074/1703
f 1703/1071/1700 1705/1073/1702 1707/1075/1704
f 1703/1071/1700 1707/1075/1704 1708/1076/1705
f 1709/1077/1706 1708/1076/1705 1707/1075/1704
f 1707/1075/1704 1706/1074/1703 1710/1078/1707
f 1710/1078/1707 1709/1077/1706 1707/1075/1704
f 1711/1079/1708 1698/1066/1709 1712/1080/1710
f 1712/1080/1710 1713/1081/1711 1711/1079/1708
f 1714/1065/1712 1711/1079/1708 1713/1081/1711
f 1714/1065/1712 1713/1081/1711 1715/1082/1713
f 1698/1066/1709 1711/1079/1708 1714/1065/1712
f 1716/1065/1714 1715/1082/1713 1717/1083/1715
f 1716/1065/1714 1717/1083/1715 1718/1061/1716
f 1718/1061/1716 1717/1083/1715 1719/1084/1717
f 1718/1061/1716 1719/1084/1717 1720/1062/1718
f 1720/1062/1718 1719/1084/1717 1721/1085/1719
f 1720/1062/1718 1721/1085/1719 1722/1068/1720
f 1722/1068/1720 1721/1085/1719 1704/1072/1701
f 1723/1086/1721 1725/1087/1722 1724/1088/1723
f 1725/1087/1722 1726/1089/1724 1724/1088/1723
f 1726/1089/1724 1725/1087/1722 1727/1090/1725
f 1725/1087/1722 1728/1091/1726 1727/1090/1725
f 1725/1087/1722 1723/1086/1721 1728/1091/1726
f 1729/1092/1727 1727/1090/1725 1728/1091/1726
f 1729/1092/1727 1730/1093/1728 1727/1090/1725
f 1730/1093/1728 1729/1092/1727 1731/1094/1729
f 1726/1089/1724 1727/1090/1725 1732/1095/1730
f 1732/1095/1730 1727/1090/1725 1730/1093/1728
f 1733/1096/1731 1732/1095/1730 1730/1093/1728
f 1734/1097/1732 1730/1093/1728 1731/1094/1729
f 1734/1097/1732 1733/1096/1731 1730/1093/1728
f 1735/1098/1733 1734/1097/1732 1731/1094/1729
f 1735/1098/1733 1731/1094/1729 1736/1099/1734
f 1731/1094/1729 1737/1100/1735 1736/1099/1734
f 1731/1094/1729 1738/1101/1736 1737/1100/1735
f 1729/1092/1727 1738/1101/1736 1731/1094/1729
f 1739/1102/1737 1735/1098/1733 1736/1099/1734
f 1739/1102/1737 1736/1099/1734 1740/1103/1738
f 1740/1103/1738 1736/1099/1734 1737/1100/1735
f 1741/1104/1739 1740/1103/1738 1737/1100/1735
f 1740/1103/1738 1742/1105/1740 1739/1102/1737
f 1740/1103/1738 1743/1106/1741 1742/1105/1740
f 1743/1106/1741 1740/1103/1738 1741/1104/1739
f 1744/1107/1742 1743/1106/1741 1741/1104/1739
f 1743/1106/1741 1744/1107/1742 1745/1108/1743
f 1743/1106/1741 1745/1108/1743 1746/1109/1744
f 1742/1105/1740 1743/1106/1741 1746/1109/1744
f 1747/1110/1745 1746/1109/1744 1745/1108/1743
f 1747/1110/1745 1748/1111/1746 1746/1109/1744
f 1742/1105/1740 1746/1109/1744 1748/1111/1746
f 1749/1112/1747 1751/1113/1748 1750/1114/1749
f 1752/1115/1750 1749/1112/1747 1750/1114/1749
f 1752/1115/1750 1750/1114/1749 1753/1116/1751
f 1752/1115/1750 1754/1117/1752 1749/1112/1747
f 1749/1112/1747 1754/1117/1752 1755/1118/1753
f 1749/1112/1747 1755/1118/1753 1756/1119/1754
f 1749/1112/1747 1756/1119/1754 1751/1113/1748
f 1756/1119/1754 1757/1120/1755 1751/1113/1748
f 1755/1118/1753 1758/1121/1756 1756/1119/1754
f 1756/1119/1754 1758/1121/1756 1757/1120/1755
f 1754/1117/1752 1759/1122/1757 1755/1118/1753
f 1754/1117/1752 1760/1123/1758 1759/1122/1757
f 1759/1122/1757 1761/1124/1759 1755/1118/1753
f 1755/1118/1753 1761/1124/1759 1758/1121/1756
f 1761/1124/1759 1762/1125/1760 1758/1121/1756
f 1759/1122/1757 1763/1126/1761 1761/1124/1759
f 1763/1126/1761 1762/1125/1760 1761/1124/1759
f 1763/1126/1761 1764/1127/1762 1762/1125/1760
f 1765/1128/1763 1762/1125/1760 1764/1127/1762
f 1766/1129/1764 1762/1125/1760 1765/1128/1763
f 1762/1125/1760 1766/1129/1764 1758/1121/1756
f 1767/1130/1765 1766/1129/1764 1765/1128/1763
f 1766/1129/1764 1767/1130/1765 1758/1121/1756
f 1767/1130/1765 1757/1120/1755 1758/1121/1756
f 1768/1131/1766 1760/1123/1758 1754/1117/1752
f 1768/1131/1766 1769/1132/1767 1760/1123/1758
f 1770/1133/1768 1769/1132/1767 1768/1131/1766
f 1771/1134/1769 1770/1133/1768 1768/1131/1766
f 1771/1134/1769 1768/1131/1766 1752/1115/1750
f 1770/1133/1768 1772/1135/1770 1769/1132/1767
f 1773/1136/1771 1772/1135/1770 1770/1133/1768
f 1773/1136/1771 1770/1133/1768 1774/1137/1772
f 1774/1137/1772 1770/1133/1768 1771/1134/1769
f 1775/1138/1773 1774/1137/1772 1771/1134/1769
f 1776/1139/1774 1773/1136/1771 1774/1137/1772
f 1776/1139/1774 1774/1137/1772 1777/1140/1775
f 1774/1137/1772 1775/1138/1773 1777/1140/1775
f 1777/1140/1775 1775/1138/1773 1778/1141/1776
f 1778/1141/1776 1779/1142/1777 1777/1140/1775
f 1779/1142/1777 1776/1139/1774 1777/1140/1775
f 1776/1139/1774 1780/1143/1778 1773/1136/1771
f 1780/1143/1778 1776/1139/1774 1781/1142/1779
f 1771/1134/1769 1752/1115/1750 1753/1116/1751
f 1771/1134/1769 1753/1116/1751 1782/1144/1780
f 1775/1138/1773 1771/1134/1769 1782/1144/1780
f 1775/1138/1773 1782/1144/1780 1783/1145/1781
f 1775/1138/1773 1783/1145/1781 1778/1141/1776
f 1752/1115/1750 1768/1131/1766 1754/1117/1752
f 1784/1146/1782 1786/1147/1783 1785/1148/1784
f 1784/1146/1782 1787/1149/1785 1786/1147/1783
f 1785/1148/1784 1786/1147/1783 1788/1150/1786
f 1785/1148/1784 1788/1150/1786 1789/1151/1787
f 1790/1152/1788 1787/1149/1785 1784/1146/1782
f 1790/1152/1788 1784/1146/1782 1791/1153/1789
f 1792/1154/1790 1791/1153/1789 1784/1146/1782
f 1792/1154/1790 1793/1155/1791 1791/1153/1789
f 1789/1151/1787 1794/1156/1792 1785/1148/1784
f 1784/1146/1782 1794/1156/1792 1792/1154/1790
f 1784/1146/1782 1785/1148/1784 1794/1156/1792
f 1795/1157/1793 1789/1151/1787 1788/1150/1786
f 1789/1151/1787 1796/1158/1794 1794/1156/1792
f 1797/1159/1795 1796/1158/1794 1789/1151/1787
f 1797/1159/1795 1789/1151/1787 1798/1157/1796
f 1799/1160/1797 1797/1159/1795 1798/1157/1796
f 1800/1157/1798 1788/1150/1786 1801/1161/1799
f 1801/1161/1799 1802/1160/1800 1800/1157/1798
f 1803/1162/1801 1805/1163/1802 1804/1164/1803
f 1803/1162/1801 1804/1164/1803 1806/1165/1804
f 1803/1162/1801 1806/1165/1804 1807/1166/1805
f 1803/1162/1801 1807/1166/1805 1808/1167/1806
f 1807/1166/1805 1809/1168/1807 1808/1167/1806
f 1807/1166/1805 1810/1169/1808 1809/1168/1807
f 1803/1162/1801 1808/1167/1806 1811/1170/1809
f 1803/1162/1801 1811/1170/1809 1805/1163/1802
f 1812/1171/1810 1807/1166/1805 1806/1165/1804
f 1812/1171/1810 1810/1169/1808 1807/1166/1805
f 1813/1172/1811 1810/1169/1808 1812/1171/1810
f 1813/1172/1811 1814/1173/1812 1810/1169/1808
f 1809/1168/1807 1810/1169/1808 1814/1173/1812
f 1815/1174/1813 1809/1168/1807 1814/1173/1812
f 1816/1175/1814 1815/1174/1813 1814/1173/1812
f 1817/1176/1815 1814/1173/1812 1813/1172/1811
f 1818/1175/1816 1819/1177/1817 1815/1174/1813
f 1819/1177/1817 1818/1175/1816 1820/1178/1818
f 1817/1176/1815 1822/1175/1819 1821/1173/1819
f 1823/1178/1820 1824/1175/1820 1817/1176/1815
f 1825/1179/1821 1827/1180/1822 1826/1181/1823
f 1825/1179/1821 1828/1182/1824 1827/1180/1822
f 1828/1182/1824 1825/1179/1821 1829/1183/1825
f 1828/1182/1824 1829/1183/1825 1830/1184/1826
f 1831/1185/1827 1829/1183/1825 1825/1179/1821
f 1831/1185/1827 1825/1179/1821 1832/1186/1828
f 1832/1186/1828 1825/1179/1821 1826/1181/1823
f 1832/1186/1828 1826/1181/1823 1833/1187/1829
f 1834/1188/1830 1827/1180/1822 1828/1182/1824
f 1834/1188/1830 1828/1182/1824 1835/1189/1831
f 1835/1189/1831 1828/1182/1824 1830/1184/1826
f 1835/1189/1831 1836/1190/1832 1834/1188/1830
f 1835/1189/1831 1837/1191/1833 1836/1190/1832
f 1838/1192/1834 1837/1191/1833 1835/1189/1831
f 1835/1189/1831 1830/1184/1826 1838/1192/1834
f 1838/1192/1834 1839/1193/1835 1837/1191/1833
f 1837/1191/1833 1840/1194/1836 1836/1190/1832
f 1839/1193/1835 1840/1194/1836 1837/1191/1833
f 1841/1195/1837 1831/1185/1827 1832/1186/1828
f 1841/1195/1837 1832/1186/1828 1833/1187/1829
f 1842/1196/1838 1844/1197/1839 1843/1198/1840
f 1842/1196/1838 1845/1199/1841 1844/1197/1839
f 1846/1200/1842 1842/1196/1838 1843/1198/1840
f 1846/1200/1842 1847/1201/1843 1842/1196/1838
f 1843/1198/1840 1844/1197/1839 1848/1202/1844
f 1843/1198/1840 1848/1202/1844 1849/1203/1845
f 1843/1198/1840 1850/1204/1846 1846/1200/1842
f 1843/1198/1840 1849/1203/1845 1850/1204/1846
f 1851/1205/1847 1845/1199/1841 1842/1196/1838
f 1847/1201/1843 1851/1205/1847 1842/1196/1838
f 1851/1205/1847 1852/1206/1848 1845/1199/1841
f 1852/1206/1848 1851/1205/1847 1853/1207/1849
f 1852/1206/1848 1853/1207/1849 1854/1208/1850
f 1851/1205/1847 1855/1209/1851 1853/1207/1849
f 1851/1205/1847 1856/1210/1852 1855/1209/1851
f 1847/1201/1843 1856/1210/1852 1851/1205/1847
f 1857/1211/1853 1850/1204/1846 1849/1203/1845
f 1857/1211/1853 1849/1203/1845 1848/1202/1844
f 1858/1212/1854 1860/1213/1855 1859/1214/1856
f 1861/1215/1857 1860/1213/1855 1858/1212/1854
f 1861/1215/1857 1858/1212/1854 1862/1216/1858
f 1862/1216/1858 1863/1217/1859 1861/1215/1857
f 1858/1212/1854 1864/1218/1860 1862/1216/1858
f 1862/1216/1858 1864/1218/1860 1865/1219/1861
f 1864/1218/1860 1866/1220/1862 1865/1219/1861
f 1864/1218/1860 1867/1221/1863 1866/1220/1862
f 1868/1222/1864 1867/1221/1863 1864/1218/1860
f 1858/1212/1854 1868/1222/1864 1864/1218/1860
f 1859/1214/1856 1868/1222/1864 1858/1212/1854
f 1868/1222/1864 1869/1223/1865 1867/1221/1863
f 1859/1214/1856 1869/1223/1865 1868/1222/1864
f 1862/1216/1858 1865/1219/1861 1870/1224/1866
f 1862/1216/1858 1870/1224/1866 1863/1217/1859
f 1871/1225/1867 1861/1215/1857 1863/1217/1859
f 1863/1217/1859 1870/1224/1866 1871/1225/1867
f 1871/1225/1867 1872/1226/1868 1861/1215/1857
f 1872/1226/1868 1860/1213/1855 1861/1215/1857
f 1860/1213/1855 1872/1226/1868 1873/1227/1869
f 1860/1213/1855 1873/1227/1869 1874/1228/1870
f 1859/1214/1856 1875/1229/1871 1869/1223/1865
f 1876/1230/1872 1860/1213/1855 1874/1228/1870
f 1877/1231/1873 1876/1230/1872 1874/1228/1870
f 1877/1231/1873 1878/1232/1874 1876/1230/1872
f 1879/1233/1875 1860/1213/1855 1876/1230/1872
f 1880/1234/1876 1877/1231/1873 1874/1228/1870
f 1881/1235/1877 1877/1231/1873 1880/1234/1876
f 1879/1233/1875 1876/1230/1872 1882/1236/1878
f 1882/1236/1878 1876/1230/1872 1878/1232/1874
f 1882/1236/1878 1883/1237/1879 1879/1233/1875
f 1884/1238/1880 1879/1233/1875 1883/1237/1879
f 1884/1238/1880 1885/1239/1881 1879/1233/1875
f 1882/1236/1878 1886/1240/1882 1883/1237/1879
f 1887/1241/1883 1886/1240/1882 1882/1236/1878
f 1882/1236/1878 1878/1232/1874 1887/1241/1883
f 1887/1241/1883 1888/1242/1884 1886/1240/1882
f 1888/1242/1884 1887/1241/1883 1889/1243/1885
f 1888/1242/1884 1889/1243/1885 1890/1244/1886
f 1889/1243/1885 1887/1241/1883 1891/1245/1887
f 1890/1244/1886 1892/1246/1888 1888/1242/1884
f 1890/1244/1886 1893/1247/1889 1892/1246/1888
f 1894/1248/1890 1884/1238/1880 1883/1237/1879
f 1894/1248/1890 1883/1237/1879 1895/1249/1891
f 1895/1249/1891 1883/1237/1879 1886/1240/1882
f 1894/1248/1890 1895/1249/1891 1896/1250/1892
f 1888/1242/1884 1897/1251/1893 1886/1240/1882
f 1888/1242/1884 1892/1246/1888 1897/1251/1893
f 1895/1249/1891 1886/1240/1882 1897/1251/1893
f 1892/1246/1888 1898/1252/1894 1897/1251/1893
f 1898/1252/1894 1895/1249/1891 1897/1251/1893
f 1892/1246/1888 1899/1253/1895 1898/1252/1894
f 1898/1252/1894 1900/1254/1896 1895/1249/1891
f 1896/1250/1892 1895/1249/1891 1900/1254/1896
f 1900/1254/1896 1901/1255/1897 1896/1250/1892
f 1900/1254/1896 1902/1256/1898 1901/1255/1897
f 1898/1252/1894 1902/1256/1898 1900/1254/1896
f 1898/1252/1894 1903/1257/1899 1902/1256/1898
f 1899/1253/1895 1903/1257/1899 1898/1252/1894
f 1904/1258/1900 1892/1246/1888 1893/1247/1889
f 1904/1258/1900 1899/1253/1895 1892/1246/1888
f 1893/1247/1889 1905/1259/1901 1904/1258/1900
f 1893/1247/1889 1906/1260/1902 1905/1259/1901
f 1906/1260/1902 1907/1261/1903 1905/1259/1901
f 1908/1262/1904 1905/1259/1901 1907/1261/1903
f 1907/1261/1903 1909/1263/1905 1908/1262/1904
f 1907/1261/1903 1910/1264/1906 1909/1263/1905
f 1911/1265/1907 1909/1263/1905 1910/1264/1906
f 1911/1265/1907 1912/1266/1908 1909/1263/1905
f 1909/1263/1905 1912/1266/1908 1908/1262/1904
f 1911/1265/1907 1910/1264/1906 1913/1267/1909
f 1914/1268/1910 1911/1265/1907 1913/1267/1909
f 1914/1268/1910 1915/1269/1911 1911/1265/1907
f 1912/1266/1908 1911/1265/1907 1915/1269/1911
f 1914/1268/1910 1916/1270/1912 1915/1269/1911
f 1913/1267/1909 1910/1264/1906 1917/1271/1913
f 1913/1267/1909 1917/1271/1913 1918/1272/1914
f 1919/1273/1915 1918/1272/1914 1917/1271/1913
f 1908/1262/1904 1912/1266/1908 1920/1274/1916
f 1908/1262/1904 1921/1275/1917 1905/1259/1901
f 1920/1274/1916 1921/1275/1917 1908/1262/1904
f 1920/1274/1916 1922/1276/1918 1921/1275/1917
f 1922/1276/1918 1923/1277/1919 1921/1275/1917
f 1921/1275/1917 1923/1277/1919 1904/1258/1900
f 1921/1275/1917 1904/1258/1900 1905/1259/1901
f 1924/1278/1920 1912/1266/1908 1915/1269/1911
f 1916/1270/1912 1924/1278/1920 1915/1269/1911
f 1924/1278/1920 1925/1279/1921 1912/1266/1908
f 1925/1279/1921 1920/1274/1916 1912/1266/1908
f 1916/1270/1912 1926/1280/1922 1924/1278/1920
f 1924/1278/1920 1926/1280/1922 1927/1281/1923
f 1924/1278/1920 1927/1281/1923 1925/1279/1921
f 1928/1282/1924 1925/1279/1921 1927/1281/1923
f 1925/1279/1921 1928/1282/1924 1920/1274/1916
f 1928/1282/1924 1922/1276/1918 1920/1274/1916
f 1928/1282/1924 1927/1281/1923 1929/1283/1925
f 1930/1284/1926 1928/1282/1924 1929/1283/1925
f 1930/1284/1926 1922/1276/1918 1928/1282/1924
f 1930/1284/1926 1923/1277/1919 1922/1276/1918
f 1929/1283/1925 1931/1285/1927 1930/1284/1926
f 1923/1277/1919 1899/1253/1895 1904/1258/1900
f 1903/1257/1899 1930/1284/1926 1931/1285/1927
f 1923/1277/1919 1930/1284/1926 1903/1257/1899
f 1923/1277/1919 1903/1257/1899 1899/1253/1895
f 1931/1285/1927 1902/1256/1898 1903/1257/1899
f 1902/1256/1898 1931/1285/1927 1932/1286/1928
f 1902/1256/1898 1932/1286/1928 1901/1255/1897
f 1933/1287/1929 1932/1286/1928 1931/1285/1927
f 1933/1287/1929 1931/1285/1927 1929/1283/1925
f 1929/1283/1925 1934/1288/1930 1933/1287/1929
f 1927/1281/1923 1935/1288/1931 1929/1283/1925
f 1926/1280/1922 1935/1288/1931 1927/1281/1923
f 1936/1289/1932 1938/1290/1933 1937/1291/1934
f 1937/1291/1934 1939/1292/1935 1936/1289/1932
f 1936/1289/1932 1940/1293/1936 1938/1290/1933
f 1936/1289/1932 1939/1292/1935 1940/1293/1936
f 1940/1293/1936 1941/1294/1937 1938/1290/1933
f 1942/1295/1938 1941/1294/1937 1940/1293/1936
f 1943/1296/1939 1941/1294/1937 1942/1295/1938
f 1944/1297/1940 1941/1294/1937 1943/1296/1939
f 1944/1297/1940 1945/1298/1941 1941/1294/1937
f 1941/1294/1937 1946/1299/1942 1938/1290/1933
f 1941/1294/1937 1945/1298/1941 1946/1299/1942
f 1938/1290/1933 1946/1299/1942 1937/1291/1934
f 1937/1291/1934 1946/1299/1942 1947/1300/1943
f 1944/1297/1940 1948/1301/1944 1945/1298/1941
f 1943/1296/1939 1942/1295/1938 1949/1302/1945
f 1937/1291/1934 1947/1300/1943 1950/1303/1946
f 1937/1291/1934 1950/1303/1946 1939/1292/1935
f 1950/1303/1946 1951/1304/1947 1939/1292/1935
f 1951/1304/1947 1952/1305/1948 1939/1292/1935
f 1947/1300/1943 1953/1306/1949 1950/1303/1946
f 1951/1304/1947 1954/1307/1950 1952/1305/1948
f 1955/1308/1951 1952/1305/1948 1954/1307/1950
f 1944/1297/1940 1943/1296/1939 1956/1309/1952
f 1943/1296/1939 1957/1310/1953 1956/1309/1952
f 1943/1296/1939 1949/1302/1945 1957/1310/1953
f 1957/1310/1953 1958/1311/1954 1956/1309/1952
f 1944/1297/1940 1956/1309/1952 1959/1312/1955
f 1944/1297/1940 1959/1312/1955 1948/1301/1944
f 1960/1313/1956 1959/1312/1955 1956/1309/1952
f 1961/1314/1957 1959/1312/1955 1960/1313/1956
f 1960/1313/1956 1956/1309/1952 1962/1315/1958
f 1958/1311/1954 1962/1315/1958 1956/1309/1952
f 1958/1311/1954 1963/1316/1959 1962/1315/1958
f 1963/1316/1959 1964/1317/1960 1962/1315/1958
f 1964/1317/1960 1960/1313/1956 1962/1315/1958
f 1964/1317/1960 1965/1318/1961 1960/1313/1956
f 1965/1318/1961 1961/1314/1957 1960/1313/1956
f 1964/1317/1960 1963/1316/1959 1966/1319/1962
f 1958/1311/1954 1966/1319/1962 1963/1316/1959
f 1964/1317/1960 1967/1320/1963 1965/1318/1961
f 1964/1317/1960 1966/1319/1962 1967/1320/1963
f 1967/1320/1963 1966/1319/1962 1968/1321/1964
f 1968/1321/1964 1966/1319/1962 1969/1322/1965
f 1965/1318/1961 1967/1320/1963 1970/1323/1966
f 1968/1321/1964 1969/1322/1965 1971/1324/1967
f 1972/1325/1968 1971/1324/1967 1969/1322/1965
f 1961/1314/1957 1973/1326/1969 1959/1312/1955
f 1959/1312/1955 1973/1326/1969 1948/1301/1944
f 1948/1301/1944 1973/1326/1969 1974/1327/1970
f 1948/1301/1944 1974/1327/1970 1975/1328/1971
f 1976/1329/1972 1975/1328/1971 1974/1327/1970
f 1977/1330/1973 1948/1301/1944 1975/1328/1971
f 1977/1330/1973 1978/1331/1974 1948/1301/1944
f 1979/1332/1975 1978/1331/1974 1977/1330/1973
f 1979/1332/1975 1977/1330/1973 1975/1328/1971
f 1979/1332/1975 1980/1333/1976 1978/1331/1974
f 1980/1333/1976 1981/1334/1977 1978/1331/1974
f 1981/1334/1977 1982/1335/1978 1978/1331/1974
f 1978/1331/1974 1982/1335/1978 1948/1301/1944
f 1980/1333/1976 1983/1336/1979 1981/1334/1977
f 1984/1337/1980 1981/1334/1977 1983/1336/1979
f 1981/1334/1977 1984/1337/1980 1982/1335/1978
f 1985/1338/1981 1975/1328/1971 1976/1329/1972
f 1979/1332/1975 1975/1328/1971 1985/1338/1981
f 1985/1338/1981 1976/1329/1972 1986/1339/1982
f 1987/1340/1983 1986/1339/1982 1976/1329/1972
f 1976/1329/1972 1974/1327/1970 1987/1340/1983
f 1982/1335/1978 1988/1341/1984 1948/1301/1944
f 1948/1301/1944 1988/1341/1984 1945/1298/1941
f 1989/1342/1985 1945/1298/1941 1988/1341/1984
f 1989/1342/1985 1946/1299/1942 1945/1298/1941
f 1946/1299/1942 1989/1342/1985 1947/1300/1943
f 1990/1343/1986 1992/1344/1987 1991/1345/1988
f 1991/1345/1988 1992/1344/1987 1993/1346/1987
f 1992/1344/1987 1990/1343/1986 1994/1347/1989
f 1992/1344/1987 1994/1347/1989 1995/1348/1987
f 1993/1346/1987 1992/1344/1987 1996/1349/1990
f 1996/1349/1990 1992/1344/1987 1997/1350/1991
f 1998/1351/1992 2000/1352/1993 1999/1353/1994
f 1998/1351/1992 2001/1354/1995 2000/1352/1993
f 1999/1353/1994 2002/1355/1996 1998/1351/1992
f 1999/1353/1994 2003/1356/1997 2002/1355/1996
f 2004/1357/1998 2002/1355/1996 2003/1356/1997
f 2004/1357/1998 2005/1358/1999 2002/1355/1996
f 2006/1359/2000 2003/1356/1997 1999/1353/1994
f 2004/1357/1998 2003/1356/1997 2006/1359/2000
f 2006/1359/2000 1999/1353/1994 2007/1360/2001
f 2007/1360/2001 1999/1353/1994 2000/1352/1993
f 2007/1360/2001 2000/1352/1993 2008/1361/2002
f 2009/1362/2003 2001/1354/1995 1998/1351/1992
f 2002/1355/1996 2009/1362/2003 1998/1351/1992
f 2009/1362/2003 2010/1363/2004 2001/1354/1995
f 2011/1364/2005 2010/1363/2004 2009/1362/2003
f 2011/1364/2005 2012/1365/2006 2010/1363/2004
f 2009/1362/2003 2013/1366/2007 2011/1364/2005
f 2009/1362/2003 2014/1367/2008 2013/1366/2007
f 2002/1355/1996 2014/1367/2008 2009/1362/2003
f 2014/1367/2008 2015/1368/2009 2013/1366/2007
f 2014/1367/2008 2016/1369/2010 2015/1368/2009
f 2002/1355/1996 2016/1369/2010 2014/1367/2008
f 2002/1355/1996 2005/1358/1999 2016/1369/2010
f 2007/1360/2001 2008/1361/2002 2017/1370/2011
f 2007/1360/2001 2017/1370/2011 2018/1371/2012
f 2018/1371/2012 2006/1359/2000 2007/1360/2001
f 2019/1372/2013 2018/1371/2012 2017/1370/2011
f 2019/1372/2013 2017/1370/2011 2020/1373/2014
f 2020/1373/2014 2017/1370/2011 2021/1374/2015
f 2020/1373/2014 2021/1374/2015 2022/1375/2016
f 2017/1370/2011 2023/1376/2017 2021/1374/2015
f 2017/1370/2011 2008/1361/2002 2023/1376/2017
f 2008/1361/2002 2024/1377/2018 2023/1376/2017
f 2010/1363/2004 2012/1365/2006 2025/1378/2019
f 2010/1363/2004 2025/1378/2019 2026/1379/2020
f 2008/1361/2002 2000/1352/1993 2024/1377/2018
f 2000/1352/1993 2027/1380/2021 2024/1377/2018
f 2000/1352/1993 2001/1354/1995 2027/1380/2021
f 2001/1354/1995 2026/1379/2020 2027/1380/2021
f 2001/1354/1995 2010/1363/2004 2026/1379/2020
f 2028/1381/2022 2030/1382/2023 2029/1383/2024
f 2028/1381/2022 2031/1384/2025 2030/1382/2023
f 2029/1383/2024 2030/1382/2023 2032/1385/2026
f 2029/1383/2024 2032/1385/2026 2033/1386/2027
f 2033/1386/2027 2032/1385/2026 2034/1387/2028
f 2033/1386/2027 2034/1387/2028 2035/1388/2029
f 2036/1389/2030 2031/1384/2025 2028/1381/2022
f 2036/1389/2030 2037/1390/2031 2031/1384/2025
f 2038/1391/2032 2035/1388/2029 2034/1387/2028
f 2038/1391/2032 2039/1392/2033 2035/1388/2029
f 2039/1392/2033 2038/1391/2032 2040/1393/2034
f 2028/1381/2022 2029/1383/2024 2041/1394/2035
f 2041/1394/2035 2029/1383/2024 2033/1386/2027
f 2028/1381/2022 2041/1394/2035 2042/1395/2036
f 2042/1395/2036 2041/1394/2035 2043/1396/2037
f 2042/1395/2036 2043/1396/2037 2044/1397/2038
f 2045/1398/2039 2042/1395/2036 2044/1397/2038
f 2045/1398/2039 2044/1397/2038 2046/1399/2040
f 2045/1398/2039 2046/1399/2040 2047/1400/2041
f 2045/1398/2039 2047/1400/2041 2048/1401/2042
f 2042/1395/2036 2045/1398/2039 2028/1381/2022
f 2048/1401/2042 2028/1381/2022 2045/1398/2039
f 2048/1401/2042 2036/1389/2030 2028/1381/2022
f 2043/1396/2037 2041/1394/2035 2049/1402/2043
f 2050/1403/2044 2049/1402/2043 2035/1388/2029
f 2043/1396/2037 2049/1402/2043 2051/1404/2045
f 2051/1404/2045 2049/1402/2043 2052/1405/2046
f 2050/1403/2044 2052/1405/2046 2049/1402/2043
f 2051/1404/2045 2052/1405/2046 2053/1406/2047
f 2052/1405/2046 2050/1403/2044 2054/1407/2048
f 2053/1406/2047 2052/1405/2046 2054/1407/2048
f 2054/1407/2048 2055/1408/2049 2053/1406/2047
f 2056/1409/2050 2055/1408/2049 2054/1407/2048
f 2056/1409/2050 2054/1407/2048 2057/1410/2051
f 2057/1410/2051 2054/1407/2048 2050/1403/2044
f 2058/1411/2052 2056/1409/2050 2057/1410/2051
f 2048/1401/2042 2047/1400/2041 2059/1412/2053
f 2048/1401/2042 2059/1412/2053 2060/1413/2054
f 2048/1401/2042 2060/1413/2054 2061/1414/2055
f 2048/1401/2042 2061/1414/2055 2036/1389/2030
f 2060/1413/2054 2062/1415/2056 2061/1414/2055
f 2060/1413/2054 2063/1416/2057 2062/1415/2056
f 2064/1417/2058 2060/1413/2054 2059/1412/2053
f 2064/1417/2058 2063/1416/2057 2060/1413/2054
f 2061/1414/2055 2062/1415/2056 2065/1418/2059
f 2061/1414/2055 2065/1418/2059 2066/1419/2060
f 2036/1389/2030 2061/1414/2055 2066/1419/2060
f 2036/1389/2030 2066/1419/2060 2037/1390/2031
f 2063/1416/2057 2067/1420/2061 2062/1415/2056
f 2063/1416/2057 2068/1421/2062 2067/1420/2061
f 2064/1417/2058 2068/1421/2062 2063/1416/2057
f 2068/1421/2062 2069/1422/2063 2067/1420/2061
f 2068/1421/2062 2070/1423/2064 2069/1422/2063
f 2069/1422/2063 2070/1423/2064 2071/1424/2065
f 2069/1422/2063 2071/1424/2065 2072/1425/2066
f 2073/1426/2067 2069/1422/2063 2072/1425/2066
f 2073/1426/2067 2074/1427/2068 2069/1422/2063
f 2075/1428/2069 2073/1426/2067 2072/1425/2066
f 2075/1428/2069 2076/1429/2070 2073/1426/2067
f 2077/1430/2071 2076/1429/2070 2075/1428/2069
f 2077/1430/2071 2071/1424/2065 2078/1431/2072
f 2078/1431/2072 2071/1424/2065 2070/1423/2064
f 2077/1430/2071 2079/1432/2073 2071/1424/2065
f 2077/1430/2071 2075/1428/2069 2079/1432/2073
f 2072/1425/2066 2079/1432/2073 2075/1428/2069
f 2072/1425/2066 2071/1424/2065 2079/1432/2073
f 2080/1433/2074 2070/1423/2064 2068/1421/2062
f 2064/1417/2058 2080/1433/2074 2068/1421/2062
f 2080/1433/2074 2081/1434/2075 2070/1423/2064
f 2078/1431/2072 2070/1423/2064 2081/1434/2075
f 2069/1422/2063 2082/1435/2076 2067/1420/2061
f 2069/1422/2063 2074/1427/2068 2082/1435/2076
f 2077/1430/2071 2083/1436/2077 2076/1429/2070
f 2062/1415/2056 2082/1435/2076 2065/1418/2059
f 2062/1415/2056 2067/1420/2061 2082/1435/2076
f 2084/1392/2078 2040/1393/2079 2085/1437/2078
f 2086/1438/2080 2040/1393/2081 2087/1439/2082
f 2086/1438/2080 2088/1437/2083 2040/1393/2081
f 2089/1411/2084 2088/1437/2083 2086/1438/2080
f 2089/1411/2084 2057/1410/2051 2088/1437/2083
f 2057/1410/2051 2050/1403/2044 2088/1437/2083
f 2088/1437/2083 2050/1403/2044 2090/1392/2085
f 2090/1392/2085 2050/1403/2044 2035/1388/2029
f 2089/1411/2086 2091/1440/2087 2056/1409/2050
f 2035/1388/2029 2049/1402/2043 2033/1386/2027
f 2041/1394/2035 2033/1386/2027 2049/1402/2043
f 2092/1441/2088 2094/1442/2089 2093/1443/2090
f 2092/1441/2088 2095/1444/2091 2094/1442/2089
f 2094/1442/2089 2095/1444/2091 2096/1445/2092
f 2094/1442/2089 2096/1445/2092 2097/1446/2093
f 2096/1445/2092 2098/1447/2094 2097/1446/2093
f 2099/1448/2095 2092/1441/2088 2093/1443/2090
f 2099/1448/2095 2093/1443/2090 2100/1449/2096
f 2092/1441/2088 2101/1450/2097 2095/1444/2091
f 2101/1450/2097 2096/1445/2092 2095/1444/2091
f 2092/1441/2088 2102/1451/2098 2101/1450/2097
f 2101/1450/2097 2103/1452/2099 2096/1445/2092
f 2104/1453/2100 2096/1445/2092 2103/1452/2099
f 2105/1445/2101 2104/1453/2102 2098/1447/2103
f 2104/1453/2100 2103/1452/2099 2106/1454/2104
f 2107/1455/2105 2104/1453/2100 2106/1454/2104
f 2107/1455/2105 2106/1454/2104 2108/1456/2106
f 2109/1457/2107 2107/1455/2105 2108/1456/2106
f 2109/1457/2107 2108/1456/2106 2110/1458/2108
f 2111/1459/2109 2109/1457/2107 2110/1458/2108
f 2112/1460/2110 2109/1457/2107 2111/1459/2109
f 2112/1460/2110 2113/1461/2111 2109/1457/2107
f 2109/1457/2107 2113/1461/2111 2107/1455/2105
f 2112/1460/2110 2114/1462/2112 2113/1461/2111
f 2114/1462/2112 2112/1460/2110 2115/1463/2113
f 2112/1460/2110 2116/1464/2114 2115/1463/2113
f 2114/1462/2112 2115/1463/2113 2117/1465/2115
f 2112/1460/2110 2111/1459/2109 2118/1466/2116
f 2119/1467/2117 2112/1460/2110 2118/1466/2116
f 2119/1467/2117 2116/1464/2114 2112/1460/2110
f 2119/1467/2117 2118/1466/2116 2120/1468/2118
f 2117/1465/2115 2121/1469/2119 2114/1462/2112
f 2121/1469/2119 2113/1461/2111 2114/1462/2112
f 2117/1465/2115 2122/1470/2120 2121/1469/2119
f 2121/1469/2119 2123/1471/2121 2113/1461/2111
f 2123/1471/2121 2107/1455/2105 2113/1461/2111
f 2123/1471/2121 2124/1472/2122 2107/1455/2105
f 2124/1472/2122 2104/1453/2100 2107/1455/2105
f 2124/1472/2122 2125/1473/2123 2104/1453/2100
f 2123/1471/2121 2121/1469/2119 2126/1474/2124
f 2123/1471/2121 2126/1474/2124 2127/1475/2125
f 2124/1472/2122 2123/1471/2121 2127/1475/2125
f 2126/1474/2124 2128/1476/2126 2127/1475/2125
f 2126/1474/2124 2129/1477/2127 2128/1476/2126
f 2130/1478/2128 2129/1477/2127 2126/1474/2124
f 2130/1478/2128 2121/1469/2119 2122/1470/2120
f 2130/1478/2128 2126/1474/2124 2121/1469/2119
f 2131/1479/2129 2130/1478/2128 2122/1470/2120
f 2131/1479/2129 2122/1470/2120 2132/1480/2130
f 2130/1478/2128 2133/1481/2131 2129/1477/2127
f 2128/1476/2126 2134/1482/2132 2127/1475/2125
f 2125/1473/2123 2124/1472/2122 2134/1482/2132
f 2124/1472/2122 2127/1475/2125 2134/1482/2132
f 2128/1476/2126 2135/1483/2133 2134/1482/2132
f 2136/1484/2134 2134/1482/2132 2135/1483/2133
f 2125/1473/2123 2134/1482/2132 2136/1484/2134
f 2136/1484/2134 2135/1483/2133 2137/1485/2135
f 2130/1478/2128 2138/1486/2136 2133/1481/2131
f 2130/1478/2128 2131/1479/2129 2138/1486/2136
f 2131/1479/2129 2132/1480/2130 2139/1487/2137
f 2140/1488/2138 2131/1479/2129 2139/1487/2137
f 2140/1488/2138 2139/1487/2137 2141/1489/2139
f 2140/1488/2138 2141/1489/2139 2142/1490/2140
f 2143/1491/2141 2142/1490/2140 2141/1489/2139
f 2142/1490/2140 2143/1491/2141 2144/1492/2142
f 2142/1490/2140 2144/1492/2142 2145/1493/2143
f 2146/1494/2144 2148/1495/2145 2147/1496/2146
f 2146/1494/2144 2149/1497/2147 2148/1495/2145
f 2147/1496/2146 2150/1498/2148 2146/1494/2144
f 2147/1496/2146 2151/1499/2149 2150/1498/2148
f 2150/1498/2148 2151/1499/2149 2152/1500/2150
f 2153/1501/2151 2146/1494/2144 2150/1498/2148
f 2146/1494/2144 2154/1502/2152 2149/1497/2147
f 2146/1494/2144 2153/1501/2151 2154/1502/2152
f 2155/1503/2153 2151/1499/2149 2147/1496/2146
f 2155/1503/2153 2152/1500/2150 2151/1499/2149
f 2099/1448/2095 2152/1500/2150 2155/1503/2153
f 2099/1448/2095 2156/1504/2154 2152/1500/2150
f 2099/1448/2095 2155/1503/2153 2157/1505/2155
f 2157/1505/2155 2092/1441/2088 2099/1448/2095
f 2157/1505/2155 2102/1451/2098 2092/1441/2088
f 2099/1448/2095 2100/1449/2096 2158/1504/2156
f 2159/1506/2157 2161/1507/2158 2160/1508/2159
f 2159/1506/2157 2160/1508/2159 2162/1509/2160
f 2162/1509/2160 2160/1508/2159 2163/1510/2161
f 2164/1511/2162 2166/1512/2163 2165/1513/2164
f 2167/1514/2165 2166/1512/2163 2164/1511/2162
f 2167/1514/2165 2168/1515/2166 2166/1512/2163
f 2169/1516/2167 2167/1514/2165 2164/1511/2162
f 2170/1517/2168 2168/1515/2166 2167/1514/2165
f 2170/1517/2168 2171/1518/2169 2168/1515/2166
f 2172/1519/2170 2167/1514/2165 2169/1516/2167
f 2172/1519/2170 2170/1517/2168 2167/1514/2165
f 2169/1516/2167 2173/1520/2171 2172/1519/2170
f 2169/1516/2167 2174/1521/2172 2173/1520/2171
f 2174/1521/2172 2169/1516/2167 2175/1522/2173
f 2175/1522/2173 2164/1511/2162 2165/1513/2164
f 2169/1516/2167 2164/1511/2162 2175/1522/2173
f 2174/1521/2172 2175/1522/2173 2176/1523/2174
f 2176/1523/2174 2177/1524/2175 2174/1521/2172
f 2173/1520/2171 2174/1521/2172 2177/1524/2175
f 2176/1523/2174 2178/1525/2176 2177/1524/2175
f 2178/1525/2176 2176/1523/2174 2179/1526/2177
f 2178/1525/2176 2179/1526/2177 2180/1527/2178
f 2181/1528/2179 2176/1523/2174 2175/1522/2173
f 2181/1528/2179 2179/1526/2177 2176/1523/2174
f 2181/1528/2179 2182/1529/2180 2179/1526/2177
f 2182/1529/2180 2183/1527/2181 2179/1526/2177
f 2182/1529/2182 2184/1530/2183 2180/1527/2184
f 2173/1520/2171 2177/1524/2175 2185/1531/2185
f 2173/1520/2171 2185/1531/2185 2186/1532/2186
f 2173/1520/2171 2186/1532/2186 2187/1533/2187
f 2187/1533/2187 2172/1519/2170 2173/1520/2171
f 2170/1517/2168 2172/1519/2170 2187/1533/2187
f 2170/1517/2168 2187/1533/2187 2188/1534/2188
f 2189/1535/2189 2170/1517/2168 2188/1534/2188
f 2189/1535/2189 2171/1518/2169 2170/1517/2168
f 2171/1518/2169 2189/1535/2189 2190/1536/2190
f 2171/1518/2169 2190/1536/2190 2191/1537/2191
f 2171/1518/2169 2191/1537/2191 2192/1538/2192
f 2193/1539/2193 2192/1538/2192 2191/1537/2191
f 2192/1538/2192 2193/1539/2193 2194/1540/2194
f 2192/1538/2192 2194/1540/2194 2195/1541/2195
f 2168/1515/2166 2192/1538/2192 2195/1541/2195
f 2171/1518/2169 2192/1538/2192 2168/1515/2166
f 2168/1515/2166 2195/1541/2195 2166/1512/2163
f 2193/1539/2193 2191/1537/2191 2196/1542/2196
f 2196/1542/2196 2191/1537/2191 2190/1536/2190
f 2181/1528/2179 2175/1522/2173 2165/1513/2164
f 2197/1543/2197 2199/1544/2198 2198/1545/2199
f 2199/1544/2198 2197/1543/2197 2200/1546/2200
f 2201/1547/2201 2198/1545/2199 2199/1544/2198
f 2199/1544/2198 2202/1548/2202 2201/1547/2201
f 2203/1549/2203 2201/1547/2201 2202/1548/2202
f 2203/1549/2203 2204/1550/2204 2201/1547/2201
f 2201/1547/2201 2204/1550/2204 2205/1551/2205
f 2204/1550/2204 2206/1552/2206 2205/1551/2205
f 2203/1549/2203 2206/1552/2206 2204/1550/2204
f 2203/1549/2203 2207/1553/2207 2206/1552/2206
f 2207/1553/2207 2208/1554/2208 2206/1552/2206
f 2206/1552/2206 2208/1554/2208 2209/1555/2209
f 2207/1553/2207 2210/1556/2210 2208/1554/2208
f 2210/1556/2210 2207/1553/2207 2211/1557/2211
f 2207/1553/2207 2212/1558/2212 2211/1557/2211
f 2207/1553/2207 2203/1549/2203 2212/1558/2212
f 2212/1558/2212 2203/1549/2203 2202/1548/2202
f 2212/1558/2212 2213/1559/2213 2211/1557/2211
f 2212/1558/2212 2214/1560/2214 2213/1559/2213
f 2213/1559/2213 2214/1560/2214 2215/1561/2215
f 2216/1562/2216 2215/1561/2215 2214/1560/2214
f 2216/1562/2216 2217/1563/2217 2215/1561/2215
f 2213/1559/2213 2215/1561/2215 2218/1564/2218
f 2219/1565/2219 2218/1564/2218 2215/1561/2215
f 2219/1565/2219 2220/1566/2220 2218/1564/2218
f 2221/1567/2221 2220/1566/2220 2219/1565/2219
f 2221/1567/2221 2222/1568/2222 2220/1566/2220
f 2223/1569/2223 2221/1567/2221 2219/1565/2219
f 2223/1569/2223 2219/1565/2219 2224/1570/2224
f 2224/1570/2224 2215/1561/2215 2217/1563/2217
f 2224/1570/2224 2219/1565/2219 2215/1561/2215
f 2225/1571/2225 2220/1566/2220 2222/1568/2222
f 2225/1571/2225 2222/1568/2222 2226/1572/2226
f 2227/1573/2227 2220/1566/2220 2225/1571/2225
f 2218/1564/2218 2220/1566/2220 2227/1573/2227
f 2225/1571/2225 2228/1574/2228 2227/1573/2227
f 2225/1571/2225 2229/1575/2229 2228/1574/2228
f 2229/1575/2229 2225/1571/2225 2226/1572/2226
f 2229/1575/2229 2226/1572/2226 2230/1576/2230
f 2231/1577/2231 2229/1575/2229 2230/1576/2230
f 2231/1577/2231 2230/1576/2230 2232/1578/2232
f 2232/1578/2232 2233/1579/2233 2231/1577/2231
f 2231/1577/2231 2233/1579/2233 2234/1580/2234
f 2231/1577/2231 2234/1580/2234 2235/1581/2235
f 2229/1575/2229 2235/1581/2235 2228/1574/2228
f 2229/1575/2229 2231/1577/2231 2235/1581/2235
f 2236/1582/2236 2235/1581/2235 2234/1580/2234
f 2236/1582/2236 2237/1583/2237 2235/1581/2235
f 2228/1574/2228 2235/1581/2235 2237/1583/2237
f 2232/1578/2232 2238/1584/2238 2233/1579/2233
f 2239/1585/2239 2234/1580/2234 2233/1579/2233
f 2239/1585/2239 2236/1582/2236 2234/1580/2234
f 2239/1585/2239 2240/1586/2240 2236/1582/2236
f 2239/1585/2239 2241/1587/2241 2240/1586/2240
f 2241/1587/2241 2242/1588/2242 2240/1586/2240
f 2243/1589/2243 2242/1588/2242 2241/1587/2241
f 2244/1590/2244 2243/1589/2243 2241/1587/2241
f 2239/1585/2239 2244/1590/2244 2241/1587/2241
f 2245/1591/2245 2244/1590/2244 2239/1585/2239
f 2245/1591/2245 2233/1579/2233 2238/1584/2238
f 2245/1591/2245 2239/1585/2239 2233/1579/2233
f 2245/1591/2245 2238/1584/2238 2246/1592/2246
f 2246/1592/2246 2247/1593/2247 2245/1591/2245
f 2246/1592/2246 2248/1594/2248 2247/1593/2247
f 2249/1595/2249 2247/1593/2247 2248/1594/2248
f 2249/1595/2249 2250/1596/2250 2247/1593/2247
f 2251/1597/2251 2247/1593/2247 2250/1596/2250
f 2251/1597/2251 2250/1596/2250 2252/1598/2252
f 2247/1593/2247 2253/1599/2253 2245/1591/2245
f 2245/1591/2245 2253/1599/2253 2244/1590/2244
f 2254/1600/2254 2251/1597/2251 2252/1598/2252
f 2254/1600/2254 2252/1598/2252 2255/1601/2255
f 2256/1602/2256 2254/1600/2254 2255/1601/2255
f 2254/1600/2254 2256/1602/2256 2257/1603/2257
f 2254/1600/2254 2257/1603/2257 2258/1604/2258
f 2259/1605/2259 2254/1600/2254 2258/1604/2258
f 2259/1605/2259 2247/1593/2247 2251/1597/2251
f 2259/1605/2259 2253/1599/2253 2247/1593/2247
f 2244/1590/2244 2253/1599/2253 2259/1605/2259
f 2251/1597/2251 2254/1600/2254 2259/1605/2259
f 2258/1604/2258 2257/1603/2257 2260/1606/2260
f 2258/1604/2258 2260/1606/2260 2261/1607/2261
f 2262/1608/2262 2258/1604/2258 2261/1607/2261
f 2259/1605/2259 2258/1604/2258 2262/1608/2262
f 2262/1608/2262 2261/1607/2261 2243/1589/2243
f 2257/1603/2257 2263/1609/2263 2260/1606/2260
f 2257/1603/2257 2264/1610/2264 2263/1609/2263
f 2257/1603/2257 2256/1602/2256 2264/1610/2264
f 2265/1611/2265 2256/1602/2256 2255/1601/2255
f 2256/1602/2256 2265/1611/2265 2266/1612/2266
f 2266/1612/2266 2267/1613/2267 2256/1602/2256
f 2256/1602/2256 2267/1613/2267 2264/1610/2264
f 2244/1590/2244 2259/1605/2259 2262/1608/2262
f 2244/1590/2244 2262/1608/2262 2243/1589/2243
f 2268/1614/2268 2269/1615/2269 2198/1545/2199
f 2198/1545/2199 2201/1547/2201 2268/1614/2268
f 2197/1543/2197 2198/1545/2199 2269/1615/2269
f 2270/1616/2270 2272/1617/2271 2271/1618/2272
f 2270/1616/2270 2273/1619/2273 2272/1617/2271
f 2273/1619/2273 2274/1620/2274 2272/1617/2271
f 2273/1619/2273 2275/1621/2275 2274/1620/2274
f 2276/1622/2276 2274/1620/2274 2275/1621/2275
f 2276/1622/2276 2277/1623/2277 2274/1620/2274
f 2272/1617/2271 2274/1620/2274 2277/1623/2277
f 2278/1624/2278 2271/1618/2272 2272/1617/2271
f 2272/1617/2271 2277/1623/2277 2278/1624/2278
f 2273/1619/2273 2279/1625/2279 2275/1621/2275
f 2279/1625/2279 2280/1626/2280 2275/1621/2275
f 2279/1625/2279 2281/1627/2281 2280/1626/2280
f 2281/1627/2281 2282/1628/2282 2280/1626/2280
f 2281/1627/2281 2283/1629/2283 2282/1628/2282
f 2281/1627/2281 2284/1630/2284 2283/1629/2283
f 2281/1627/2281 2279/1625/2279 2284/1630/2284
f 2282/1628/2282 2283/1629/2283 2285/1631/2285
f 2282/1628/2282 2285/1631/2285 2286/1632/2286
f 2279/1625/2279 2273/1619/2273 2287/1633/2287
f 2284/1630/2284 2279/1625/2279 2287/1633/2287
f 2287/1633/2287 2273/1619/2273 2288/1634/2288
f 2287/1633/2287 2288/1634/2288 2289/1635/2289
f 2287/1633/2287 2290/1636/2290 2284/1630/2284
f 2287/1633/2287 2289/1635/2289 2290/1636/2290
f 2291/1637/2291 2284/1630/2284 2290/1636/2290
f 2291/1637/2291 2292/1638/2292 2284/1630/2284
f 2292/1638/2292 2291/1637/2291 2293/1639/2293
f 2292/1638/2292 2293/1639/2293 2294/1640/2294
f 2295/1641/2295 2292/1638/2292 2294/1640/2294
f 2295/1641/2295 2296/1642/2296 2292/1638/2292
f 2297/1643/2297 2292/1638/2292 2296/1642/2296
f 2297/1643/2297 2284/1630/2284 2292/1638/2292
f 2283/1629/2283 2284/1630/2284 2297/1643/2297
f 2283/1629/2283 2297/1643/2297 2285/1631/2285
f 2297/1643/2297 2296/1642/2296 2298/1644/2298
f 2298/1644/2298 2296/1642/2296 2295/1641/2295
f 2297/1643/2297 2298/1644/2298 2299/1645/2299
f 2285/1631/2285 2297/1643/2297 2299/1645/2299
f 2286/1632/2286 2285/1631/2285 2300/1646/2300
f 2285/1631/2285 2299/1645/2299 2300/1646/2300
f 2286/1632/2286 2300/1646/2300 2301/1647/2301
f 2270/1616/2270 2288/1634/2288 2273/1619/2273
f 2302/1648/2302 2304/1649/2303 2303/1650/2304
f 2303/1650/2304 2304/1649/2303 2305/1651/2305
f 2305/1651/2305 2304/1649/2303 2306/1652/2306
f 2306/1652/2306 2307/1653/2307 2305/1651/2305
f 2307/1653/2307 2308/1654/2308 2305/1651/2305
f 2308/1654/2308 2303/1650/2304 2305/1651/2305
f 2306/1652/2306 2309/1655/2309 2307/1653/2307
f 2310/1656/2310 2309/1655/2309 2306/1652/2306
f 2310/1656/2310 2311/1657/2311 2309/1655/2309
f 2309/1655/2309 2311/1657/2311 2307/1653/2307
f 2312/1658/2312 2307/1653/2307 2311/1657/2311
f 2307/1653/2307 2312/1658/2312 2308/1654/2308
f 2310/1656/2310 2313/1659/2313 2311/1657/2311
f 2313/1659/2313 2314/1660/2314 2311/1657/2311
f 2313/1659/2313 2315/1661/2315 2314/1660/2314
f 2312/1658/2312 2311/1657/2311 2316/1660/2316
f 2317/1662/2317 2306/1652/2306 2304/1649/2303
f 2310/1656/2310 2306/1652/2306 2317/1662/2317
f 2277/1623/2277 2317/1662/2317 2304/1649/2303
f 2277/1623/2277 2304/1649/2303 2278/1624/2278
f 2277/1623/2277 2276/1622/2276 2317/1662/2317
f 2302/1648/2302 2278/1624/2278 2304/1649/2303
f 2278/1624/2278 2302/1648/2302 2271/1618/2272
f 2318/1659/2318 2319/1660/2319 2315/1661/2315
f 2318/1659/2318 2320/1657/2320 2319/1660/2319
f 2321/1656/2321 2320/1657/2320 2318/1659/2318
f 2321/1656/2321 2322/1655/2322 2320/1657/2320
f 2321/1656/2321 2323/1652/2323 2322/1655/2322
f 2323/1652/2323 2324/1653/2324 2322/1655/2322
f 2322/1655/2322 2324/1653/2324 2320/1657/2320
f 2323/1652/2323 2325/1651/2325 2324/1653/2324
f 2324/1653/2324 2325/1651/2325 2326/1654/2326
f 2327/1658/2327 2320/1657/2320 2324/1653/2324
f 2324/1653/2324 2326/1654/2326 2327/1658/2327
f 2325/1651/2325 2323/1652/2323 2328/1649/2328
f 2327/1658/2327 2329/1660/2329 2320/1657/2320
f 2330/1650/2330 2325/1651/2325 2328/1649/2328
f 2326/1654/2326 2325/1651/2325 2330/1650/2330
f 2331/1648/2331 2330/1650/2330 2328/1649/2328
f 2332/1662/2332 2328/1649/2328 2323/1652/2323
f 2321/1656/2321 2332/1662/2332 2323/1652/2323
f 2333/1623/2333 2328/1649/2328 2332/1662/2332
f 2333/1623/2333 2334/1624/2334 2328/1649/2328
f 2331/1648/2331 2328/1649/2328 2334/1624/2334
f 2333/1623/2333 2332/1662/2332 2335/1622/2335
f 2335/1622/2335 2336/1620/2336 2333/1623/2333
f 2335/1622/2335 2337/1621/2337 2336/1620/2336
f 2338/1619/2338 2336/1620/2336 2337/1621/2337
f 2338/1619/2338 2339/1617/2339 2336/1620/2336
f 2339/1617/2339 2333/1623/2333 2336/1620/2336
f 2339/1617/2339 2334/1624/2334 2333/1623/2333
f 2340/1616/2340 2339/1617/2339 2338/1619/2338
f 2340/1616/2340 2341/1618/2341 2339/1617/2339
f 2334/1624/2334 2339/1617/2339 2341/1618/2341
f 2334/1624/2334 2341/1618/2341 2331/1648/2331
f 2338/1619/2338 2337/1621/2337 2342/1625/2342
f 2342/1625/2342 2337/1621/2337 2343/1626/2343
f 2342/1625/2342 2343/1626/2343 2344/1627/2344
f 2344/1627/2344 2343/1626/2343 2345/1628/2345
f 2344/1627/2344 2345/1628/2345 2346/1629/2346
f 2344/1627/2344 2346/1629/2346 2347/1630/2347
f 2344/1627/2344 2347/1630/2347 2342/1625/2342
f 2345/1628/2345 2348/1631/2348 2346/1629/2346
f 2345/1628/2345 2349/1632/2349 2348/1631/2348
f 2342/1625/2342 2350/1633/2350 2338/1619/2338
f 2347/1630/2347 2350/1633/2350 2342/1625/2342
f 2350/1633/2350 2351/1634/2351 2338/1619/2338
f 2340/1616/2340 2338/1619/2338 2351/1634/2351
f 2350/1633/2350 2352/1635/2352 2351/1634/2351
f 2350/1633/2350 2347/1630/2347 2353/1636/2353
f 2350/1633/2350 2353/1636/2353 2352/1635/2352
f 2354/1637/2354 2353/1636/2353 2347/1630/2347
f 2354/1637/2354 2347/1630/2347 2355/1638/2355
f 2355/1638/2355 2356/1639/2356 2354/1637/2354
f 2355/1638/2355 2357/1640/2357 2356/1639/2356
f 2358/1641/2358 2357/1640/2357 2355/1638/2355
f 2358/1641/2358 2355/1638/2355 2359/1642/2359
f 2360/1643/2360 2355/1638/2355 2347/1630/2347
f 2360/1643/2360 2359/1642/2359 2355/1638/2355
f 2346/1629/2346 2360/1643/2360 2347/1630/2347
f 2346/1629/2346 2348/1631/2348 2360/1643/2360
f 2360/1643/2360 2361/1644/2361 2359/1642/2359
f 2361/1644/2361 2358/1641/2358 2359/1642/2359
f 2360/1643/2360 2362/1645/2362 2361/1644/2361
f 2348/1631/2348 2362/1645/2362 2360/1643/2360
f 2349/1632/2349 2363/1646/2363 2348/1631/2348
f 2348/1631/2348 2363/1646/2363 2362/1645/2362
f 2349/1632/2349 2364/1647/2364 2363/1646/2363
f 2365/1663/2365 2367/1664/2366 2366/1665/2367
f 2365/1663/2365 2368/1666/2368 2367/1664/2366
f 2367/1664/2366 2369/1667/2369 2366/1665/2367
f 2366/1665/2367 2369/1667/2369 2370/1668/2370
f 2366/1665/2367 2370/1668/2370 2371/1669/2371
f 2371/1669/2371 2370/1668/2370 2372/1670/2372
f 2373/1671/2373 2371/1669/2371 2372/1670/2372
f 2367/1664/2366 2374/1672/2374 2369/1667/2369
f 2208/1554/2208 2374/1672/2374 2367/1664/2366
f 2208/1554/2208 2210/1556/2210 2374/1672/2374
f 2210/1556/2210 2375/1673/2375 2374/1672/2374
f 2374/1672/2374 2376/1674/2376 2369/1667/2369
f 2374/1672/2374 2377/1675/2377 2376/1674/2376
f 2374/1672/2374 2375/1673/2375 2377/1675/2377
f 2376/1674/2376 2377/1675/2377 2378/1676/2378
f 2376/1674/2376 2378/1676/2378 2379/1677/2379
f 2376/1674/2376 2379/1677/2379 2380/1678/2380
f 2376/1674/2376 2380/1678/2380 2381/1679/2381
f 2381/1679/2381 2369/1667/2369 2376/1674/2376
f 2381/1679/2381 2370/1668/2370 2369/1667/2369
f 2382/1680/2382 2381/1679/2381 2380/1678/2380
f 2382/1680/2382 2383/1681/2383 2381/1679/2381
f 2384/1682/2384 2379/1677/2379 2378/1676/2378
f 2384/1682/2384 2385/1683/2385 2379/1677/2379
f 2385/1683/2385 2380/1678/2380 2379/1677/2379
f 2210/1556/2210 2211/1557/2211 2375/1673/2375
f 2211/1557/2211 2386/1684/2386 2375/1673/2375
f 2384/1682/2384 2378/1676/2378 2386/1684/2386
f 2377/1675/2377 2386/1684/2386 2378/1676/2378
f 2377/1675/2377 2375/1673/2375 2386/1684/2386
f 2211/1557/2211 2213/1559/2213 2386/1684/2386
f 2213/1559/2213 2387/1685/2387 2386/1684/2386
f 2384/1682/2384 2386/1684/2386 2387/1685/2387
f 2382/1680/2382 2380/1678/2380 2388/1686/2388
f 2385/1683/2385 2388/1686/2388 2380/1678/2380
f 2382/1680/2382 2388/1686/2388 2242/1588/2242
f 2384/1682/2384 2387/1685/2387 2389/1687/2389
f 2384/1682/2384 2389/1687/2389 2390/1688/2390
f 2390/1688/2390 2385/1683/2385 2384/1682/2384
f 2213/1559/2213 2218/1564/2218 2387/1685/2387
f 2218/1564/2218 2389/1687/2389 2387/1685/2387
f 2390/1688/2390 2237/1583/2237 2385/1683/2385
f 2388/1686/2388 2385/1683/2385 2237/1583/2237
f 2228/1574/2228 2237/1583/2237 2390/1688/2390
f 2388/1686/2388 2237/1583/2237 2236/1582/2236
f 2240/1586/2240 2388/1686/2388 2236/1582/2236
f 2240/1586/2240 2242/1588/2242 2388/1686/2388
f 2227/1573/2227 2390/1688/2390 2389/1687/2389
f 2227/1573/2227 2228/1574/2228 2390/1688/2390
f 2218/1564/2218 2227/1573/2227 2389/1687/2389
f 2391/1689/2391 2393/1690/2392 2392/1691/2393
f 2391/1689/2391 2371/1669/2371 2393/1690/2392
f 2394/1692/2394 2392/1691/2393 2393/1690/2392
f 2394/1692/2394 2393/1690/2392 2395/1693/2395
f 2373/1671/2373 2395/1693/2395 2393/1690/2392
f 2373/1671/2373 2393/1690/2392 2371/1669/2371
f 2373/1671/2373 2396/1694/2396 2395/1693/2395
f 2373/1671/2373 2397/1695/2397 2396/1694/2396
f 2366/1665/2367 2371/1669/2371 2391/1689/2391
f 2366/1665/2367 2391/1689/2391 2365/1663/2365
f 2373/1671/2373 2398/1696/2398 2397/1695/2397
f 2398/1696/2398 2373/1671/2373 2372/1670/2372
f 2398/1696/2398 2372/1670/2372 2399/1697/2399
f 2399/1697/2399 2372/1670/2372 2400/1698/2400
f 2399/1697/2399 2400/1698/2400 2401/1699/2401
f 2402/1700/2402 2399/1697/2399 2401/1699/2401
f 2399/1697/2399 2403/1701/2403 2398/1696/2398
f 2402/1700/2402 2403/1701/2403 2399/1697/2399
f 2370/1668/2370 2400/1698/2400 2372/1670/2372
f 2404/1702/2404 2401/1699/2401 2400/1698/2400
f 2370/1668/2370 2404/1702/2404 2400/1698/2400
f 2370/1668/2370 2381/1679/2381 2404/1702/2404
f 2404/1702/2404 2381/1679/2381 2383/1681/2383
f 2403/1701/2403 2402/1700/2402 2405/1703/2405
f 2403/1701/2403 2405/1703/2405 2406/1704/2406
f 2403/1701/2403 2406/1704/2406 2407/1705/2407
f 2403/1701/2403 2407/1705/2407 2408/1706/2408
f 2403/1701/2403 2408/1706/2408 2409/1707/2409
f 2409/1707/2409 2398/1696/2398 2403/1701/2403
f 2409/1707/2409 2408/1706/2408 2397/1695/2397
f 2408/1706/2408 2407/1705/2407 2410/1708/2410
f 2397/1695/2397 2398/1696/2398 2409/1707/2409
f 2411/1709/2411 2413/1710/2412 2412/1711/2413
f 2414/1712/2414 2411/1709/2411 2412/1711/2413
f 2411/1709/2411 2415/1713/2415 2413/1710/2412
f 2416/1714/2416 2415/1713/2415 2411/1709/2411
f 2416/1714/2416 2411/1709/2411 2417/1715/2417
f 2417/1715/2417 2411/1709/2411 2414/1712/2414
f 2416/1714/2416 2418/1716/2418 2415/1713/2415
f 2419/1717/2419 2416/1714/2416 2417/1715/2417
f 2420/1718/2420 2419/1717/2419 2417/1715/2417
f 2420/1718/2420 2417/1715/2417 2414/1712/2414
f 2421/1719/2421 2420/1718/2420 2414/1712/2414
f 2422/1720/2422 2420/1718/2420 2421/1719/2421
f 2422/1720/2422 2423/1721/2423 2420/1718/2420
f 2423/1721/2423 2424/1722/2424 2420/1718/2420
f 2420/1718/2420 2424/1722/2424 2419/1717/2419
f 2422/1720/2422 2425/1723/2425 2423/1721/2423
f 2425/1723/2425 2426/1724/2426 2423/1721/2423
f 2423/1721/2423 2426/1724/2426 2424/1722/2424
f 2424/1722/2424 2426/1724/2426 2427/1725/2427
f 2425/1723/2425 2428/1726/2428 2426/1724/2426
f 2429/1727/2429 2426/1724/2426 2428/1726/2428
f 2430/1728/2430 2426/1724/2426 2429/1727/2429
f 2430/1728/2430 2427/1725/2427 2426/1724/2426
f 2431/1729/2431 2430/1728/2430 2429/1727/2429
f 2431/1729/2431 2429/1727/2429 2432/1730/2432
f 2433/1731/2433 2431/1729/2431 2432/1730/2432
f 2431/1729/2431 2433/1731/2433 2434/1732/2434
f 2433/1731/2433 2432/1730/2432 2435/1733/2435
f 2433/1731/2433 2436/1734/2436 2434/1732/2434
f 2433/1731/2433 2437/1735/2437 2436/1734/2436
f 2437/1735/2437 2433/1731/2433 2435/1733/2435
f 2438/1736/2438 2432/1730/2432 2429/1727/2429
f 2435/1733/2435 2432/1730/2432 2438/1736/2438
f 2438/1736/2438 2429/1727/2429 2439/1737/2439
f 2428/1726/2428 2439/1737/2439 2429/1727/2429
f 2439/1737/2439 2440/1738/2440 2438/1736/2438
f 2435/1733/2435 2438/1736/2438 2440/1738/2440
f 2439/1737/2439 2441/1739/2441 2440/1738/2440
f 2441/1739/2441 2439/1737/2439 2442/1740/2442
f 2442/1740/2442 2439/1737/2439 2428/1726/2428
f 2441/1739/2441 2442/1740/2442 2443/1741/2443
f 2443/1741/2443 2442/1740/2442 2444/1742/2444
f 2443/1741/2443 2444/1742/2444 2445/1743/2445
f 2446/1744/2446 2434/1732/2434 2436/1734/2436
f 2446/1744/2446 2436/1734/2436 2447/1745/2447
f 2448/1746/2448 2446/1744/2446 2447/1745/2447
f 2448/1746/2448 2449/1747/2449 2446/1744/2446
f 2450/1748/2450 2437/1735/2437 2435/1733/2435
f 2450/1748/2450 2435/1733/2435 2451/1749/2451
f 2440/1738/2440 2451/1749/2451 2435/1733/2435
f 2451/1749/2451 2452/1750/2452 2450/1748/2450
f 2453/1751/2453 2450/1748/2450 2452/1750/2452
f 2453/1751/2453 2454/1752/2454 2450/1748/2450
f 2454/1752/2454 2453/1751/2453 2455/1753/2455
f 2454/1752/2454 2455/1753/2455 2456/1754/2456
f 2437/1735/2437 2450/1748/2450 2454/1752/2454
f 2437/1735/2437 2454/1752/2454 2436/1734/2436
f 2436/1734/2436 2456/1754/2456 2447/1745/2447
f 2436/1734/2436 2454/1752/2454 2456/1754/2456
f 2457/1755/2457 2456/1754/2456 2455/1753/2455
f 2458/1756/2458 2447/1745/2447 2456/1754/2456
f 2458/1756/2458 2448/1746/2448 2447/1745/2447
f 2457/1755/2457 2458/1756/2458 2456/1754/2456
f 2459/1757/2459 2455/1753/2455 2453/1751/2453
f 2459/1757/2459 2460/1758/2460 2455/1753/2455
f 2459/1757/2459 2461/1759/2461 2460/1758/2460
f 2459/1757/2459 2462/1760/2462 2461/1759/2461
f 2462/1760/2462 2459/1757/2459 2463/1761/2463
f 2462/1760/2462 2463/1761/2463 2464/1762/2464
f 2465/1763/2465 2464/1762/2464 2463/1761/2463
f 2465/1763/2465 2466/1764/2466 2464/1762/2464
f 2466/1764/2466 2465/1763/2465 2467/1765/2467
f 2466/1764/2466 2467/1765/2467 2468/1766/2468
f 2467/1765/2467 2469/1767/2469 2468/1766/2468
f 2469/1767/2469 2470/1768/2470 2468/1766/2468
f 2471/1769/2471 2468/1766/2468 2470/1768/2470
f 2471/1769/2471 2470/1768/2470 2472/1770/2472
f 2472/1770/2472 2473/1771/2473 2471/1769/2471
f 2472/1770/2472 2474/1772/2474 2473/1771/2473
f 2473/1771/2473 2474/1772/2474 2475/1773/2475
f 2473/1771/2473 2475/1773/2475 2476/1774/2476
f 2476/1774/2476 2477/1775/2477 2461/1759/2461
f 2476/1774/2476 2475/1773/2475 2477/1775/2477
f 2469/1767/2469 2478/1776/2478 2470/1768/2470
f 2479/1777/2479 2478/1776/2478 2469/1767/2469
f 2480/1778/2480 2478/1776/2478 2479/1777/2479
f 2470/1768/2470 2478/1776/2478 2480/1778/2480
f 2480/1778/2480 2479/1777/2479 2481/1779/2481
f 2482/1780/2482 2480/1778/2480 2481/1779/2481
f 2482/1780/2482 2481/1779/2481 2483/1781/2483
f 2479/1777/2479 2469/1767/2469 2484/1782/2484
f 2480/1778/2480 2482/1780/2482 2485/1783/2485
f 2480/1778/2480 2485/1783/2485 2486/1784/2486
f 2487/1785/2487 2483/1781/2483 2481/1779/2481
f 2487/1785/2487 2488/1786/2488 2483/1781/2483
f 2488/1786/2488 2487/1785/2487 2489/1787/2489
f 2490/1788/2490 2489/1787/2489 2487/1785/2487
f 2489/1787/2489 2490/1788/2490 2491/1789/2491
f 2490/1788/2490 2492/1790/2492 2491/1789/2491
f 2490/1788/2490 2493/1791/2493 2492/1790/2492
f 2490/1788/2490 2494/1792/2494 2493/1791/2493
f 2494/1792/2494 2479/1777/2479 2484/1782/2484
f 2495/1793/2495 2493/1791/2493 2494/1792/2494
f 2495/1793/2495 2496/1794/2496 2493/1791/2493
f 2497/1795/2497 2493/1791/2493 2496/1794/2496
f 2497/1795/2497 2498/1796/2498 2493/1791/2493
f 2490/1788/2490 2499/1797/2499 2494/1792/2494
f 2490/1788/2490 2487/1785/2487 2499/1797/2499
f 2489/1787/2489 2491/1789/2491 2500/1798/2500
f 2500/1798/2500 2501/1799/2501 2489/1787/2489
f 2502/1786/2502 2489/1787/2489 2501/1799/2501
f 2491/1789/2491 2503/1800/2503 2500/1798/2500
f 2504/1801/2504 2491/1789/2491 2492/1790/2492
f 2491/1789/2491 2504/1801/2504 2503/1800/2503
f 2504/1801/2504 2492/1790/2492 2505/1802/2505
f 2493/1791/2493 2505/1802/2505 2492/1790/2492
f 2493/1791/2493 2498/1796/2498 2505/1802/2505
f 2494/1792/2494 2499/1797/2499 2479/1777/2479
f 2499/1797/2499 2481/1779/2481 2479/1777/2479
f 2499/1797/2499 2487/1785/2487 2481/1779/2481
f 2506/1803/2506 2498/1796/2498 2497/1795/2497
f 2507/1804/2507 2498/1796/2498 2506/1803/2506
f 2507/1804/2507 2505/1802/2505 2498/1796/2498
f 2507/1804/2507 2506/1803/2506 2508/1805/2508
f 2508/1805/2508 2506/1803/2506 2509/1806/2509
f 2508/1805/2508 2509/1806/2509 2510/1807/2510
f 2510/1807/2510 2511/1808/2511 2508/1805/2508
f 2510/1807/2510 2512/1809/2512 2511/1808/2511
f 2506/1803/2506 2513/1810/2513 2509/1806/2509
f 2506/1803/2506 2514/1811/2514 2513/1810/2513
f 2515/1812/2515 2513/1810/2513 2514/1811/2514
f 2515/1812/2515 2514/1811/2514 2516/1813/2516
f 2517/1814/2517 2508/1805/2508 2511/1808/2511
f 2508/1805/2508 2517/1814/2517 2507/1804/2507
f 2517/1814/2517 2511/1808/2511 2518/1815/2518
f 2510/1807/2510 2519/1816/2519 2512/1809/2512
f 2510/1807/2510 2520/1817/2520 2519/1816/2519
f 2520/1817/2520 2510/1807/2510 2509/1806/2509
f 2521/1818/2521 2519/1816/2519 2520/1817/2520
f 2521/1818/2521 2520/1817/2520 2522/1819/2522
f 2523/1820/2523 2522/1819/2522 2520/1817/2520
f 2520/1817/2520 2509/1806/2509 2523/1820/2523
f 2523/1820/2523 2509/1806/2509 2513/1810/2513
f 2523/1820/2523 2524/1821/2524 2522/1819/2522
f 2523/1820/2523 2513/1810/2513 2525/1822/2525
f 2525/1822/2525 2524/1821/2524 2523/1820/2523
f 2526/1823/2526 2513/1810/2513 2515/1812/2515
f 2526/1823/2526 2525/1822/2525 2513/1810/2513
f 2525/1822/2525 2526/1823/2526 2527/1824/2527
f 2526/1823/2526 2528/1825/2528 2527/1824/2527
f 2526/1823/2526 2529/1826/2529 2528/1825/2528
f 2526/1823/2526 2515/1812/2515 2529/1826/2529
f 2530/1827/2530 2529/1826/2529 2515/1812/2515
f 2529/1826/2529 2530/1827/2530 2531/1828/2531
f 2530/1827/2530 2532/1829/2532 2531/1828/2531
f 2531/1828/2531 2532/1829/2532 2533/1830/2533
f 2531/1828/2531 2533/1830/2533 2534/1831/2534
f 2530/1827/2530 2535/1832/2535 2532/1829/2532
f 2536/1833/2536 2535/1832/2535 2530/1827/2530
f 2536/1833/2536 2537/1834/2537 2535/1832/2535
f 2538/1835/2538 2531/1828/2531 2534/1831/2534
f 2529/1826/2529 2531/1828/2531 2538/1835/2538
f 2528/1825/2528 2529/1826/2529 2538/1835/2538
f 2538/1835/2538 2534/1831/2534 2539/1836/2539
f 2530/1827/2530 2515/1812/2515 2536/1833/2536
f 2528/1825/2528 2538/1835/2538 2540/1837/2540
f 2540/1837/2540 2538/1835/2538 2539/1836/2539
f 2540/1837/2540 2539/1836/2539 2541/1838/2541
f 2542/1839/2542 2540/1837/2540 2541/1838/2541
f 2543/1840/2543 2542/1839/2542 2541/1838/2541
f 2543/1840/2543 2541/1838/2541 2544/1841/2544
f 2542/1839/2542 2545/1842/2545 2540/1837/2540
f 2541/1838/2541 2546/1843/2546 2544/1841/2544
f 2541/1838/2541 2539/1836/2539 2546/1843/2546
f 2532/1829/2532 2445/1743/2445 2533/1830/2533
f 2441/1739/2441 2535/1832/2535 2537/1834/2537
f 2535/1832/2535 2441/1739/2441 2443/1741/2443
f 2532/1829/2532 2443/1741/2443 2445/1743/2445
f 2535/1832/2535 2443/1741/2443 2532/1829/2532
f 2441/1739/2441 2537/1834/2537 2440/1738/2440
f 2547/1844/2547 2546/1843/2546 2539/1836/2539
f 2547/1844/2547 2539/1836/2539 2534/1831/2534
f 2548/1845/2548 2547/1844/2547 2534/1831/2534
f 2548/1845/2548 2534/1831/2534 2533/1830/2533
f 2549/1846/2549 2533/1830/2533 2445/1743/2445
f 2549/1846/2549 2548/1845/2548 2533/1830/2533
f 2444/1742/2444 2549/1846/2549 2445/1743/2445
f 2444/1742/2444 2550/1847/2550 2549/1846/2549
f 2551/1848/2551 2550/1847/2550 2444/1742/2444
f 2551/1848/2551 2444/1742/2444 2552/1849/2552
f 2442/1740/2442 2552/1849/2552 2444/1742/2444
f 2442/1740/2442 2428/1726/2428 2552/1849/2552
f 2552/1849/2552 2428/1726/2428 2425/1723/2425
f 2440/1738/2440 2537/1834/2537 2451/1749/2451
f 2516/1813/2516 2451/1749/2451 2537/1834/2537
f 2516/1813/2516 2553/1850/2553 2451/1749/2451
f 2516/1813/2516 2514/1811/2514 2553/1850/2553
f 2497/1795/2497 2553/1850/2553 2514/1811/2514
f 2497/1795/2497 2514/1811/2514 2506/1803/2506
f 2554/1851/2554 2553/1850/2553 2497/1795/2497
f 2555/1852/2555 2553/1850/2553 2554/1851/2554
f 2451/1749/2451 2553/1850/2553 2555/1852/2555
f 2556/1853/2556 2555/1852/2555 2554/1851/2554
f 2556/1853/2556 2452/1750/2452 2555/1852/2555
f 2451/1749/2451 2555/1852/2555 2452/1750/2452
f 2556/1853/2556 2453/1751/2453 2452/1750/2452
f 2556/1853/2556 2459/1757/2459 2453/1751/2453
f 2556/1853/2556 2463/1761/2463 2459/1757/2459
f 2556/1853/2556 2554/1851/2554 2557/1854/2557
f 2557/1854/2557 2463/1761/2463 2556/1853/2556
f 2557/1854/2557 2554/1851/2554 2496/1794/2496
f 2554/1851/2554 2497/1795/2497 2496/1794/2496
f 2557/1854/2557 2496/1794/2496 2495/1793/2495
f 2557/1854/2557 2465/1763/2465 2463/1761/2463
f 2465/1763/2465 2557/1854/2557 2495/1793/2495
f 2465/1763/2465 2495/1793/2495 2467/1765/2467
f 2467/1765/2467 2495/1793/2495 2494/1792/2494
f 2467/1765/2467 2494/1792/2494 2484/1782/2484
f 2467/1765/2467 2484/1782/2484 2469/1767/2469
f 2419/1717/2419 2559/1855/2558 2558/1856/2559
f 2419/1717/2419 2560/1857/2560 2559/1855/2558
f 2419/1717/2419 2424/1722/2424 2560/1857/2560
f 2419/1717/2419 2558/1856/2559 2416/1714/2416
f 2560/1857/2560 2561/1858/2561 2559/1855/2558
f 2560/1857/2560 2562/1859/2562 2561/1858/2561
f 2562/1859/2562 2560/1857/2560 2424/1722/2424
f 2561/1858/2561 2562/1859/2562 2563/1860/2563
f 2563/1860/2563 2562/1859/2562 1881/1235/1877
f 2562/1859/2562 2424/1722/2424 2564/1861/2564
f 2562/1859/2562 2564/1861/2564 1881/1235/1877
f 2424/1722/2424 2427/1725/2427 2564/1861/2564
f 2564/1861/2564 2427/1725/2427 1877/1231/1873
f 1881/1235/1877 2564/1861/2564 1877/1231/1873
f 1877/1231/1873 2427/1725/2427 1878/1232/1874
f 1878/1232/1874 2427/1725/2427 2430/1728/2430
f 1878/1232/1874 2430/1728/2430 2565/1862/2565
f 2566/1863/2566 2565/1862/2565 2430/1728/2430
f 2566/1863/2566 2567/1864/2567 2565/1862/2565
f 2566/1863/2566 2568/1865/2568 2567/1864/2567
f 2568/1865/2568 2569/1866/2569 2567/1864/2567
f 2569/1866/2569 2565/1862/2565 2567/1864/2567
f 2568/1865/2568 2570/1867/2570 2569/1866/2569
f 2566/1863/2566 2571/1868/2571 2568/1865/2568
f 2572/1869/2572 2568/1865/2568 2571/1868/2571
f 2572/1869/2572 2571/1868/2571 2573/1870/2573
f 2574/1871/2574 2568/1865/2568 2572/1869/2572
f 2574/1871/2574 2575/1867/2575 2568/1865/2568
f 2575/1867/2575 2574/1871/2574 2576/1872/2576
f 2575/1867/2575 2576/1872/2576 2577/1873/2577
f 2576/1872/2576 2578/1874/2578 2577/1873/2577
f 2576/1872/2576 2579/1875/2579 2578/1874/2578
f 2580/1876/2580 2578/1874/2578 2579/1875/2579
f 2580/1876/2580 2579/1875/2579 2581/1877/2581
f 2582/1878/2582 2579/1875/2579 2576/1872/2576
f 2574/1871/2574 2582/1878/2582 2576/1872/2576
f 2582/1878/2582 2583/1879/2583 2579/1875/2579
f 2583/1879/2583 2581/1877/2581 2579/1875/2579
f 2574/1871/2574 2584/1880/2584 2582/1878/2582
f 2574/1871/2574 2585/1881/2585 2584/1880/2584
f 2574/1871/2574 2572/1869/2572 2585/1881/2585
f 2586/1882/2586 2580/1876/2580 2581/1877/2581
f 2587/1883/2587 2581/1877/2581 2583/1879/2583
f 2587/1883/2587 2588/1884/2588 2581/1877/2581
f 2589/1882/2589 2581/1877/2581 2588/1884/2588
f 2590/1885/2590 2588/1884/2588 2587/1883/2587
f 2590/1885/2590 2586/1882/2586 2588/1884/2588
f 2591/1886/2591 2590/1885/2590 2587/1883/2587
f 2591/1886/2591 2587/1883/2587 2592/1887/2592
f 2592/1887/2592 2587/1883/2587 2583/1879/2583
f 2593/1888/2593 2591/1886/2591 2592/1887/2592
f 2593/1888/2593 2592/1887/2592 2594/1889/2594
f 2594/1889/2594 2592/1887/2592 2583/1879/2583
f 2594/1889/2594 2583/1879/2583 2595/1890/2595
f 2582/1878/2582 2595/1890/2595 2583/1879/2583
f 2585/1881/2585 2595/1890/2595 2584/1880/2584
f 2582/1878/2582 2584/1880/2584 2595/1890/2595
f 2596/1891/2596 2594/1889/2594 2595/1890/2595
f 2596/1891/2596 2593/1888/2593 2594/1889/2594
f 2585/1881/2585 2596/1891/2596 2595/1890/2595
f 2597/1892/2597 2589/1882/2589 2590/1885/2590
f 2598/1893/2598 2596/1891/2596 2585/1881/2585
f 2598/1893/2598 2585/1881/2585 2572/1869/2572
f 2598/1893/2598 2572/1869/2572 2573/1870/2573
f 2434/1732/2434 2598/1893/2598 2573/1870/2573
f 2434/1732/2434 2446/1744/2446 2598/1893/2598
f 2598/1893/2598 2446/1744/2446 2596/1891/2596
f 2446/1744/2446 2593/1888/2593 2596/1891/2596
f 2597/1892/2597 2590/1885/2590 2599/1894/2599
f 2599/1894/2599 2591/1886/2591 2593/1888/2593
f 2590/1885/2590 2591/1886/2591 2599/1894/2599
f 2446/1744/2446 2449/1747/2449 2593/1888/2593
f 2593/1888/2593 2449/1747/2449 2599/1894/2599
f 2571/1868/2571 2434/1732/2434 2573/1870/2573
f 2571/1868/2571 2566/1863/2566 2434/1732/2434
f 2434/1732/2434 2566/1863/2566 2431/1729/2431
f 2566/1863/2566 2430/1728/2430 2431/1729/2431
f 2600/1895/2600 2599/1894/2599 2449/1747/2449
f 2600/1895/2600 2449/1747/2449 2448/1746/2448
f 2600/1895/2600 2448/1746/2448 2601/1896/2601
f 2601/1896/2601 2602/1897/2602 2600/1895/2600
f 2601/1896/2601 2603/1898/2603 2602/1897/2602
f 2604/1899/2604 2602/1897/2602 2603/1898/2603
f 2604/1899/2604 2603/1898/2603 2605/1900/2605
f 2606/1901/2606 2602/1897/2602 2604/1899/2604
f 2600/1895/2600 2602/1897/2602 2606/1901/2606
f 2606/1901/2606 2604/1899/2604 1917/1271/1913
f 1917/1271/1913 2604/1899/2604 1919/1273/1915
f 2600/1895/2600 2606/1901/2606 1906/1260/1902
f 1906/1260/1902 2606/1901/2606 1907/1261/1903
f 2599/1894/2599 2600/1895/2600 1906/1260/1902
f 2599/1894/2599 1906/1260/1902 1893/1247/1889
f 1910/1264/1906 2606/1901/2606 1917/1271/1913
f 1910/1264/1906 1907/1261/1903 2606/1901/2606
f 2599/1894/2599 1893/1247/1889 2597/1892/2597
f 2605/1900/2605 2603/1898/2603 2607/1902/2607
f 2605/1900/2605 2607/1902/2607 2608/1903/2608
f 2607/1902/2607 2609/1904/2609 2608/1903/2608
f 2609/1904/2609 2607/1902/2607 2610/1905/2610
f 2608/1903/2608 2609/1904/2609 2611/1906/2611
f 2611/1906/2611 2609/1904/2609 2612/1907/2612
f 2609/1904/2609 2613/1908/2613 2612/1907/2612
f 2609/1904/2609 2610/1905/2610 2613/1908/2613
f 2612/1907/2612 2613/1908/2613 2614/1909/2614
f 2615/1910/2615 2612/1907/2612 2614/1909/2614
f 2615/1910/2615 2614/1909/2614 2616/1911/2616
f 2617/1912/2617 2616/1911/2616 2614/1909/2614
f 2617/1912/2617 2486/1784/2486 2616/1911/2616
f 2470/1768/2470 2486/1784/2486 2617/1912/2617
f 2470/1768/2470 2480/1778/2480 2486/1784/2486
f 2470/1768/2470 2617/1912/2617 2472/1770/2472
f 2617/1912/2617 2474/1772/2474 2472/1770/2472
f 2617/1912/2617 2618/1913/2618 2474/1772/2474
f 2618/1913/2618 2614/1909/2614 2613/1908/2613
f 2618/1913/2618 2617/1912/2617 2614/1909/2614
f 2610/1905/2610 2618/1913/2618 2613/1908/2613
f 2474/1772/2474 2618/1913/2618 2619/1914/2619
f 2610/1905/2610 2619/1914/2619 2618/1913/2618
f 2474/1772/2474 2619/1914/2619 2475/1773/2475
f 2619/1914/2619 2477/1775/2477 2475/1773/2475
f 2619/1914/2619 2457/1755/2457 2477/1775/2477
f 2477/1775/2477 2457/1755/2457 2455/1753/2455
f 2477/1775/2477 2455/1753/2455 2460/1758/2460
f 2477/1775/2477 2460/1758/2460 2461/1759/2461
f 2486/1784/2486 2620/1915/2620 2616/1911/2616
f 2486/1784/2486 2485/1783/2485 2620/1915/2620
f 2457/1755/2457 2619/1914/2619 2610/1905/2610
f 2610/1905/2610 2607/1902/2607 2457/1755/2457
f 2458/1756/2458 2457/1755/2457 2607/1902/2607
f 2603/1898/2603 2458/1756/2458 2607/1902/2607
f 2603/1898/2603 2601/1896/2601 2458/1756/2458
f 2601/1896/2601 2448/1746/2448 2458/1756/2458
f 2461/1759/2461 2621/1916/2621 2476/1774/2476
f 2476/1774/2476 2621/1916/2621 2473/1771/2473
f 2473/1771/2473 2621/1916/2621 2471/1769/2471
f 2471/1769/2471 2621/1916/2621 2468/1766/2468
f 2468/1766/2468 2621/1916/2621 2466/1764/2466
f 2466/1764/2466 2621/1916/2621 2464/1762/2464
f 2464/1762/2464 2621/1916/2621 2462/1760/2462
f 2462/1760/2462 2621/1916/2621 2461/1759/2461
f 2500/1798/2500 2623/1917/2622 2622/1799/2623
f 2624/1918/2624 2623/1917/2622 2500/1798/2500
f 2624/1918/2624 2625/1919/2625 2623/1917/2622
f 2626/1920/2626 2625/1919/2625 2624/1918/2624
f 2626/1920/2626 2624/1918/2624 2627/1921/2627
f 2628/1922/2628 2626/1920/2626 2627/1921/2627
f 2628/1922/2628 2627/1921/2627 2629/1923/2629
f 2518/1815/2518 2628/1922/2628 2629/1923/2629
f 2518/1815/2518 2629/1923/2629 2517/1814/2517
f 2624/1918/2624 2630/1924/2630 2627/1921/2627
f 2629/1923/2629 2627/1921/2627 2630/1924/2630
f 2624/1918/2624 2503/1800/2503 2630/1924/2630
f 2503/1800/2503 2624/1918/2624 2500/1798/2500
f 2629/1923/2629 2631/1925/2631 2517/1814/2517
f 2629/1923/2629 2630/1924/2630 2631/1925/2631
f 2630/1924/2630 2632/1926/2632 2631/1925/2631
f 2632/1926/2632 2633/1927/2633 2631/1925/2631
f 2632/1926/2632 2505/1802/2505 2633/1927/2633
f 2507/1804/2507 2633/1927/2633 2505/1802/2505
f 2633/1927/2633 2507/1804/2507 2631/1925/2631
f 2507/1804/2507 2517/1814/2517 2631/1925/2631
f 2632/1926/2632 2504/1801/2504 2505/1802/2505
f 2504/1801/2504 2630/1924/2630 2503/1800/2503
f 2504/1801/2504 2632/1926/2632 2630/1924/2630
f 2634/1928/2634 2635/1929/2635 2615/1910/2615
f 2635/1929/2635 2612/1907/2612 2615/1910/2615
f 2636/1930/2636 2635/1929/2635 2634/1928/2634
f 2636/1930/2636 2637/1931/2637 2635/1929/2635
f 2615/1910/2615 2620/1915/2620 2634/1928/2634
f 2615/1910/2615 2616/1911/2616 2620/1915/2620
f 2635/1929/2635 2638/1932/2638 2612/1907/2612
f 2637/1931/2637 2638/1932/2638 2635/1929/2635
f 2612/1907/2612 2638/1932/2638 2611/1906/2611
f 2639/1933/2639 2611/1906/2611 2638/1932/2638
f 2637/1931/2637 2639/1933/2639 2638/1932/2638
f 2639/1933/2639 2640/1934/2640 2611/1906/2611
f 2640/1934/2640 2608/1903/2608 2611/1906/2611
f 2640/1934/2640 2605/1900/2605 2608/1903/2608
f 2639/1933/2639 1919/1273/1915 2640/1934/2640
f 2604/1899/2604 2640/1934/2640 1919/1273/1915
f 2604/1899/2604 2605/1900/2605 2640/1934/2640
f 2641/1935/2641 2639/1933/2639 2637/1931/2637
f 2636/1930/2636 2641/1935/2641 2637/1931/2637
f 2642/1936/2642 2641/1935/2641 2636/1930/2636
f 2641/1935/2641 2643/1937/2643 2639/1933/2639
f 2639/1933/2639 2643/1937/2643 1919/1273/1915
f 2643/1937/2643 1918/1272/1914 1919/1273/1915
f 2641/1935/2641 1918/1272/1914 2643/1937/2643
f 1918/1272/1914 2641/1935/2641 2644/1938/2644
f 2644/1938/2644 2641/1935/2641 2642/1936/2642
f 1918/1272/1914 2644/1938/2644 2645/1939/2645
f 1918/1272/1914 2645/1939/2645 1913/1267/1909
f 2646/1268/2646 1913/1267/1909 2645/1939/2645
f 2525/1822/2525 2647/1940/2647 2524/1821/2524
f 2525/1822/2525 2527/1824/2527 2647/1940/2647
f 2528/1825/2528 2648/1941/2648 2527/1824/2527
f 2528/1825/2528 2545/1842/2545 2648/1941/2648
f 2528/1825/2528 2540/1837/2540 2545/1842/2545
f 2516/1813/2516 2537/1834/2537 2536/1833/2536
f 2515/1812/2515 2516/1813/2516 2536/1833/2536
f 2649/1942/2649 2552/1849/2552 2425/1723/2425
f 2649/1942/2649 2551/1848/2551 2552/1849/2552
f 2422/1720/2422 2649/1942/2649 2425/1723/2425
f 2650/1243/2650 2652/1876/2651 2651/1244/2652
f 2650/1243/2650 2653/1874/2653 2652/1876/2651
f 2654/1873/2654 2653/1874/2653 2650/1243/2650
f 2654/1873/2654 2650/1243/2650 2655/1245/2655
f 2655/1245/2655 2656/1867/2656 2654/1873/2654
f 2657/1882/2657 1890/1244/2658 2652/1876/2651
f 2658/1892/2659 1890/1244/2658 2657/1882/2657
f 1891/1245/1887 2569/1866/2569 2656/1867/2656
f 2569/1866/2569 1891/1245/1887 2565/1862/2565
f 1887/1241/1883 2565/1862/2565 1891/1245/1887
f 1887/1241/1883 1878/1232/1874 2565/1862/2565
f 2597/1892/2597 1893/1247/1889 1890/1244/1886
f 2659/1943/2660 2661/1944/2661 2660/1945/2662
f 2661/1944/2661 2659/1943/2660 2662/1946/2663
f 2661/1944/2661 2662/1946/2663 2663/1947/2664
f 2662/1946/2663 2664/1948/2665 2663/1947/2664
f 2662/1946/2663 2665/1949/2666 2664/1948/2665
f 2666/1950/2667 2663/1947/2664 2664/1948/2665
f 2666/1950/2667 2661/1944/2661 2663/1947/2664
f 2666/1950/2667 2664/1948/2665 2667/1951/2668
f 2666/1950/2667 2667/1951/2668 2668/1952/2669
f 2666/1950/2667 2668/1952/2669 2669/1953/2670
f 2669/1953/2670 2670/1954/2671 2666/1950/2667
f 2666/1950/2667 2670/1954/2671 2661/1944/2661
f 2661/1944/2661 2670/1954/2671 2660/1945/2662
f 2669/1953/2670 2671/1955/2672 2670/1954/2671
f 2671/1955/2672 2672/1956/2673 2670/1954/2671
f 2670/1954/2671 2672/1956/2673 2660/1945/2662
f 2671/1955/2672 2673/1957/2674 2672/1956/2673
f 2672/1956/2673 2674/1958/2675 2660/1945/2662
f 2665/1949/2666 2675/1959/2676 2664/1948/2665
f 2676/1960/2677 2667/1951/2668 2664/1948/2665
f 2668/1952/2669 2667/1951/2668 2676/1960/2677
f 2676/1960/2677 2664/1948/2665 2677/1961/2678
f 2675/1959/2676 2677/1961/2678 2664/1948/2665
f 2668/1952/2669 2676/1960/2677 2678/1962/2679
f 2669/1953/2670 2668/1952/2669 2679/1963/2680
f 2669/1953/2670 2679/1963/2680 2680/1964/2681
f 2671/1955/2672 2669/1953/2670 2680/1964/2681
f 2681/1965/2682 2673/1957/2674 2671/1955/2672
f 2671/1955/2672 2680/1964/2681 2681/1965/2682
f 2681/1965/2682 2682/1966/2683 2673/1957/2674
f 2681/1965/2682 2683/1967/2684 2682/1966/2683
f 2681/1965/2682 2684/1968/2685 2683/1967/2684
f 2685/1969/2686 2682/1966/2683 2683/1967/2684
f 2673/1957/2674 2682/1966/2683 2685/1969/2686
f 2673/1957/2674 2685/1969/2686 2686/1970/2687
f 2673/1957/2674 2686/1970/2687 2672/1956/2673
f 2672/1956/2673 2686/1970/2687 2674/1958/2675
f 2686/1970/2687 2685/1969/2686 2687/1971/2688
f 2686/1970/2687 2687/1971/2688 2688/1972/2689
f 2688/1972/2689 2687/1971/2688 2689/1973/2690
f 2685/1969/2686 2683/1967/2684 2690/1974/2691
f 2690/1974/2691 2687/1971/2688 2685/1969/2686
f 2690/1974/2691 2691/1975/2692 2687/1971/2688
f 2689/1973/2690 2687/1971/2688 2691/1975/2692
f 2692/1976/2693 2684/1968/2685 2681/1965/2682
f 2680/1964/2681 2679/1963/2680 2692/1976/2693
f 2681/1965/2682 2680/1964/2681 2692/1976/2693
f 2692/1976/2693 2679/1963/2680 2693/1977/2694
f 2690/1974/2691 2683/1967/2684 2694/1978/2695
f 2690/1974/2691 2694/1978/2695 2695/1979/2696
f 2691/1975/2692 2690/1974/2691 2695/1979/2696
f 2686/1970/2687 2688/1972/2689 2696/1980/2697
f 2691/1975/2692 2697/1981/2698 2689/1973/2690
f 2697/1981/2698 2691/1975/2692 2698/1982/2699
f 2691/1975/2692 2695/1979/2696 2698/1982/2699
f 2683/1967/2684 2699/1983/2700 2694/1978/2695
f 2698/1982/2699 2700/1984/2701 2697/1981/2698
f 2686/1970/2687 2696/1980/2697 2674/1958/2675
f 2692/1976/2693 2693/1977/2694 2701/1985/2702
f 2693/1977/2694 2702/1986/2703 2701/1985/2702
f 2703/1987/2704 2696/1980/2697 2688/1972/2689
f 2703/1987/2704 2688/1972/2689 2704/1988/2705
f 2688/1972/2689 2705/1989/2706 2704/1988/2705
f 2688/1972/2689 2689/1973/2690 2705/1989/2706
f 2706/1990/2707 2705/1989/2706 2689/1973/2690
f 2706/1990/2707 2689/1973/2690 2697/1981/2698
f 2703/1987/2704 2704/1988/2705 2707/1991/2708
f 2703/1987/2704 2707/1991/2708 2708/1992/2709
f 2708/1992/2709 2709/1993/2710 2703/1987/2704
f 2703/1987/2704 2709/1993/2710 2696/1980/2697
f 2707/1991/2708 2710/1994/2711 2708/1992/2709
f 2710/1994/2711 2711/1995/2712 2708/1992/2709
f 2710/1994/2711 2712/1996/2713 2711/1995/2712
f 2712/1996/2713 2710/1994/2711 2713/1997/2714
f 2712/1996/2713 2713/1997/2714 2714/1998/2715
f 2715/1999/2716 2712/1996/2713 2714/1998/2715
f 2715/1999/2716 2716/2000/2717 2712/1996/2713
f 2717/2001/2718 2716/2000/2717 2715/1999/2716
f 2717/2001/2718 2659/1943/2660 2716/2000/2717
f 2659/1943/2660 2717/2001/2718 2718/2002/2719
f 2719/2003/2720 2714/1998/2715 2713/1997/2714
f 2714/1998/2715 2719/2003/2720 2720/2004/2721
f 2715/1999/2716 2714/1998/2715 2720/2004/2721
f 2718/2002/2719 2717/2001/2718 2721/2005/2722
f 2718/2002/2719 2721/2005/2722 2722/2006/2723
f 2717/2001/2718 2723/2007/2724 2721/2005/2722
f 2717/2001/2718 2715/1999/2716 2723/2007/2724
f 2724/2008/2725 2713/1997/2714 2710/1994/2711
f 2659/1943/2660 2660/1945/2662 2716/2000/2717
f 2712/1996/2713 2660/1945/2662 2711/1995/2712
f 2712/1996/2713 2716/2000/2717 2660/1945/2662
f 2718/2002/2719 2662/1946/2663 2659/1943/2660
f 2718/2002/2719 2665/1949/2666 2662/1946/2663
f 2665/1949/2666 2718/2002/2719 2722/2006/2723
f 2665/1949/2666 2722/2006/2723 2675/1959/2676
f 2725/2009/2726 2723/2007/2724 2715/1999/2716
f 2715/1999/2716 2720/2004/2721 2725/2009/2726
f 2723/2007/2724 2725/2009/2726 2726/2010/2727
f 2707/1991/2708 2724/2008/2725 2710/1994/2711
f 2675/1959/2676 2727/2011/2728 2677/1961/2678
f 2728/2012/2729 2699/1983/2700 2683/1967/2684
f 2728/2012/2729 2683/1967/2684 2684/1968/2685
f 2728/2012/2729 2684/1968/2685 2701/1985/2702
f 2701/1985/2702 2684/1968/2685 2692/1976/2693
f 2729/2013/2730 2679/1963/2680 2730/2014/2731
f 2679/1963/2680 2729/2013/2730 2693/1977/2694
f 2730/2014/2731 2679/1963/2680 2668/1952/2669
f 2730/2014/2731 2668/1952/2669 2678/1962/2679
f 2731/2015/2732 2733/2016/2733 2732/2017/2733
f 2731/2015/2734 2735/2018/2735 2734/2019/2736
f 2735/2018/2735 2736/2020/2737 2734/2019/2736
f 2735/2018/2735 2731/2015/2734 2737/2017/2738
f 2208/1554/2208 2738/2021/2739 2209/1555/2209
f 2367/1664/2366 2738/2021/2739 2208/1554/2208
f 2367/1664/2366 2368/1666/2368 2738/2021/2739
f 2739/2022/2740 2741/2023/2741 2740/2024/2742
f 2739/2022/2740 2740/2024/2742 2742/2025/2743
f 2743/2026/2744 2739/2022/2740 2742/2025/2743
f 2199/1544/2198 2739/2022/2740 2743/2026/2744
f 2744/2027/2745 2743/2026/2744 2742/2025/2743
f 2745/2028/2746 2743/2026/2744 2744/2027/2745
f 2745/2028/2746 2202/1548/2202 2743/2026/2744
f 2202/1548/2202 2199/1544/2198 2743/2026/2744
f 2212/1558/2212 2202/1548/2202 2745/2028/2746
f 2214/1560/2214 2212/1558/2212 2745/2028/2746
f 2214/1560/2214 2745/2028/2746 2216/1562/2216
f 2216/1562/2216 2745/2028/2746 2746/2029/2747
f 2744/2027/2745 2746/2029/2747 2745/2028/2746
f 2744/2027/2745 2747/2030/2748 2746/2029/2747
f 2744/2027/2745 2748/2031/2749 2747/2030/2748
f 2749/2032/2750 2744/2027/2745 2742/2025/2743
f 2749/2032/2750 2748/2031/2749 2744/2027/2745
f 2750/2033/2751 2742/2025/2743 2740/2024/2742
f 2749/2032/2750 2742/2025/2743 2750/2033/2751
f 2751/2034/2752 2749/2032/2750 2750/2033/2751
f 2752/2035/2753 2751/2034/2752 2750/2033/2751
f 2751/2034/2752 2753/2036/2754 2749/2032/2750
f 2753/2036/2754 2754/2037/2755 2749/2032/2750
f 2754/2037/2755 2748/2031/2749 2749/2032/2750
f 2755/2038/2756 2216/1562/2216 2746/2029/2747
f 2216/1562/2216 2755/2038/2756 2756/2039/2757
f 2216/1562/2216 2756/2039/2757 2217/1563/2217
f 2756/2039/2757 2757/2040/2758 2217/1563/2217
f 2217/1563/2217 2757/2040/2758 2758/2041/2759
f 2224/1570/2224 2217/1563/2217 2758/2041/2759
f 2759/2042/2760 2224/1570/2224 2758/2041/2759
f 2760/2043/2761 2224/1570/2224 2759/2042/2760
f 2760/2043/2761 2223/1569/2223 2224/1570/2224
f 2759/2042/2760 2761/2044/2762 2760/2043/2761
f 2761/2044/2762 2762/2045/2763 2760/2043/2761
f 2223/1569/2223 2760/2043/2761 2763/2046/2764
f 2223/1569/2223 2763/2046/2764 2764/2047/2765
f 2221/1567/2221 2223/1569/2223 2764/2047/2765
f 2221/1567/2221 2764/2047/2765 2765/2048/2766
f 2766/2049/2767 2765/2048/2766 2764/2047/2765
f 2763/2046/2764 2766/2049/2767 2764/2047/2765
f 2766/2049/2767 2767/2050/2768 2765/2048/2766
f 2763/2046/2764 2768/2051/2769 2766/2049/2767
f 2767/2050/2768 2769/2052/2770 2765/2048/2766
f 2767/2050/2768 2770/2053/2771 2769/2052/2770
f 2222/1568/2222 2765/2048/2766 2769/2052/2770
f 2222/1568/2222 2221/1567/2221 2765/2048/2766
f 2770/2053/2771 2771/2054/2772 2769/2052/2770
f 2771/2054/2772 2222/1568/2222 2769/2052/2770
f 2770/2053/2771 2772/2055/2773 2771/2054/2772
f 2771/2054/2772 2226/1572/2226 2222/1568/2222
f 2226/1572/2226 2771/2054/2772 2772/2055/2773
f 2226/1572/2226 2772/2055/2773 2773/2056/2774
f 2774/2057/2775 2768/2051/2769 2763/2046/2764
f 2774/2057/2775 2763/2046/2764 2775/2058/2776
f 2763/2046/2764 2760/2043/2761 2775/2058/2776
f 2762/2045/2763 2775/2058/2776 2760/2043/2761
f 2230/1576/2230 2226/1572/2226 2773/2056/2774
f 2776/2059/2777 2778/2060/2778 2777/2061/2779
f 2776/2059/2777 2779/2062/2780 2778/2060/2778
f 2779/2062/2780 2776/2059/2777 2780/2063/2781
f 2779/2062/2780 2780/2063/2781 2781/2064/2782
f 2781/2064/2782 2780/2063/2781 2782/2065/2783
f 2781/2064/2782 2782/2065/2783 2783/2066/2784
f 2782/2065/2783 2780/2063/2781 2784/2067/2785
f 2776/2059/2777 2784/2067/2785 2780/2063/2781
f 2785/2068/2786 2782/2065/2783 2784/2067/2785
f 2786/2069/2787 2783/2066/2784 2782/2065/2783
f 2786/2069/2787 2787/2070/2788 2783/2066/2784
f 2788/2071/2789 2787/2070/2788 2786/2069/2787
f 2788/2071/2789 2789/2072/2790 2787/2070/2788
f 2790/2073/2791 2788/2071/2789 2786/2069/2787
f 2790/2073/2791 2786/2069/2787 2791/2074/2792
f 2791/2074/2792 2786/2069/2787 2782/2065/2783
f 2782/2065/2783 2785/2068/2786 2791/2074/2792
f 2790/2073/2791 2792/2075/2793 2788/2071/2789
f 2790/2073/2791 2793/2076/2794 2792/2075/2793
f 2788/2071/2789 2794/2077/2795 2789/2072/2790
f 2788/2071/2789 2792/2075/2793 2794/2077/2795
f 2792/2075/2793 2795/2078/2796 2794/2077/2795
f 2792/2075/2793 2796/2079/2797 2795/2078/2796
f 2796/2079/2797 2792/2075/2793 2793/2076/2794
f 2796/2079/2797 2797/2080/2798 2795/2078/2796
f 2796/2079/2797 2798/2081/2799 2797/2080/2798
f 2798/2081/2799 2799/2082/2800 2797/2080/2798
f 2798/2081/2799 2800/2083/2801 2799/2082/2800
f 2801/2084/2802 2799/2082/2800 2800/2083/2801
f 2801/2084/2802 2800/2083/2801 2802/2085/2803
f 2803/2086/2804 2802/2085/2803 2800/2083/2801
f 2803/2086/2804 2800/2083/2801 2804/2087/2805
f 2798/2081/2799 2796/2079/2797 2804/2087/2805
f 2793/2076/2794 2804/2087/2805 2796/2079/2797
f 2800/2083/2801 2798/2081/2799 2804/2087/2805
f 2804/2087/2805 2793/2076/2794 2805/2088/2806
f 2805/2088/2806 2803/2086/2804 2804/2087/2805
f 2805/2088/2806 2793/2076/2794 2790/2073/2791
f 2806/2089/2807 2803/2086/2804 2805/2088/2806
f 2805/2088/2806 2807/2090/2808 2806/2089/2807
f 2805/2088/2806 2808/2091/2809 2807/2090/2808
f 2805/2088/2806 2790/2073/2791 2808/2091/2809
f 2808/2091/2809 2790/2073/2791 2791/2074/2792
f 2808/2091/2809 2791/2074/2792 2785/2068/2786
f 2785/2068/2786 2807/2090/2808 2808/2091/2809
f 2785/2068/2786 2809/2092/2810 2807/2090/2808
f 2809/2092/2810 2785/2068/2786 2810/2093/2811
f 2810/2093/2811 2785/2068/2786 2784/2067/2785
f 2776/2059/2777 2810/2093/2811 2784/2067/2785
f 2811/2061/2812 2810/2093/2811 2776/2059/2777
f 2811/2061/2812 2812/2094/2813 2810/2093/2811
f 2812/2094/2813 2813/2095/2814 2810/2093/2811
f 2809/2092/2810 2810/2093/2811 2813/2095/2814
f 2813/2095/2814 2814/2096/2815 2809/2092/2810
f 2807/2090/2808 2814/2096/2815 2806/2089/2807
f 2809/2092/2810 2814/2096/2815 2807/2090/2808
f 2806/2089/2807 2814/2096/2815 2815/2097/2816
f 2813/2095/2814 2816/2098/2817 2814/2096/2815
f 2813/2095/2814 2817/2099/2818 2816/2098/2817
f 2812/2094/2813 2817/2099/2818 2813/2095/2814
f 2818/2100/2819 2814/2096/2815 2816/2098/2817
f 2818/2100/2819 2815/2097/2816 2814/2096/2815
f 2819/2101/2820 2815/2097/2816 2818/2100/2819
f 2820/2102/2821 2815/2097/2816 2819/2101/2820
f 2820/2102/2821 2803/2086/2804 2815/2097/2816
f 2806/2089/2807 2815/2097/2816 2803/2086/2804
f 2803/2086/2804 2820/2102/2821 2802/2085/2803
f 2821/2103/2822 2823/2104/2823 2822/2105/2824
f 2821/2103/2822 2824/2106/2825 2823/2104/2823
f 2825/2107/2826 2821/2103/2822 2822/2105/2824
f 2825/2107/2826 2822/2105/2824 2826/2108/2827
f 2826/2108/2827 2827/2109/2828 2825/2107/2826
f 2826/2108/2827 2828/2110/2829 2827/2109/2828
f 2828/2110/2829 2829/2111/2830 2827/2109/2828
f 2829/2111/2830 2830/2112/2831 2827/2109/2828
f 2827/2109/2828 2830/2112/2831 2831/2113/2832
f 2827/2109/2828 2831/2113/2832 2832/2114/2833
f 2832/2114/2833 2831/2113/2832 2833/2115/2834
f 2832/2114/2833 2833/2115/2834 2834/2116/2835
f 2835/2117/2836 2834/2116/2835 2833/2115/2834
f 2835/2117/2836 2836/2118/2837 2834/2116/2835
f 2837/2119/2838 2836/2118/2837 2835/2117/2836
f 2837/2119/2838 2835/2117/2836 2838/2120/2839
f 2835/2117/2836 2833/2115/2834 2839/2121/2840
f 2838/2120/2839 2835/2117/2836 2839/2121/2840
f 2838/2120/2839 2839/2121/2840 2840/2122/2841
f 2838/2120/2839 2840/2122/2841 2837/2119/2838
f 2829/2111/2830 2828/2110/2829 2841/2123/2842
f 2841/2123/2842 2828/2110/2829 2826/2108/2827
f 2842/2124/2843 2841/2123/2842 2826/2108/2827
f 2829/2111/2830 2841/2123/2842 2843/2125/2844
f 2842/2124/2843 2826/2108/2827 2822/2105/2824
f 2844/2126/2845 2842/2124/2843 2822/2105/2824
f 2844/2126/2845 2822/2105/2824 2823/2104/2823
f 2840/2122/2841 2845/2127/2846 2837/2119/2838
f 2840/2122/2841 2846/2128/2847 2845/2127/2846
f 2846/2128/2847 2847/2129/2848 2845/2127/2846
f 2846/2128/2847 2848/2130/2849 2847/2129/2848
f 2849/2131/2850 2847/2129/2848 2848/2130/2849
f 2849/2131/2850 2850/2132/2851 2847/2129/2848
f 2851/2133/2852 2850/2132/2851 2849/2131/2850
f 2851/2133/2852 2852/2134/2853 2850/2132/2851
f 2853/2135/2854 2852/2134/2853 2851/2133/2852
f 2853/2135/2854 2854/2136/2855 2852/2134/2853
f 2855/2137/2856 2853/2135/2854 2851/2133/2852
f 2855/2137/2856 2856/2138/2857 2853/2135/2854
f 2857/2139/2858 2849/2131/2850 2848/2130/2849
f 2857/2139/2858 2858/2140/2859 2849/2131/2850
f 2858/2140/2859 2851/2133/2852 2849/2131/2850
f 2858/2140/2859 2855/2137/2856 2851/2133/2852
f 2859/2141/2860 2845/2127/2846 2847/2129/2848
f 2859/2141/2860 2847/2129/2848 2850/2132/2851
f 2859/2141/2860 2860/2142/2861 2845/2127/2846
f 2837/2119/2838 2845/2127/2846 2860/2142/2861
f 2837/2119/2838 2860/2142/2861 2861/2143/2862
f 2861/2143/2862 2836/2118/2837 2837/2119/2838
f 2861/2143/2862 2862/2144/2863 2836/2118/2837
f 2859/2141/2860 2850/2132/2851 2863/2145/2864
f 2863/2145/2864 2850/2132/2851 2852/2134/2853
f 2863/2145/2864 2852/2134/2853 2864/2146/2865
f 2864/2146/2865 2852/2134/2853 2854/2136/2855
f 2864/2146/2865 2854/2136/2855 2865/2147/2866
f 2862/2144/2863 2834/2116/2835 2836/2118/2837
f 2866/2148/2867 2834/2116/2835 2862/2144/2863
f 2834/2116/2835 2866/2148/2867 2832/2114/2833
f 2832/2114/2833 2866/2148/2867 2867/2149/2868
f 2867/2149/2868 2827/2109/2828 2832/2114/2833
f 2868/2150/2869 2869/2109/2869 2867/2149/2868
f 2827/2109/2828 2870/2151/2870 2825/2107/2826
f 2825/2107/2826 2870/2151/2870 2871/2152/2871
f 2825/2107/2826 2871/2152/2871 2821/2103/2822
f 2827/2109/2828 2872/2150/2872 2870/2151/2870
f 2821/2103/2822 2871/2152/2871 2873/2153/2873
f 2821/2103/2822 2873/2153/2873 2824/2106/2825
f 2874/2154/2874 2876/2155/2875 2875/2156/2876
f 2877/2157/2877 2876/2155/2875 2874/2154/2874
f 2874/2154/2874 2878/2158/2878 2877/2157/2877
f 2876/2155/2875 2879/2159/2879 2875/2156/2876
f 2876/2155/2875 2880/2160/2880 2879/2159/2879
f 2880/2160/2880 2881/2161/2881 2879/2159/2879
f 2876/2155/2875 2882/2162/2882 2880/2160/2880
f 2876/2155/2875 2877/2157/2877 2882/2162/2882
f 2880/2160/2880 2883/2163/2883 2881/2161/2881
f 2883/2163/2883 2880/2160/2880 2884/2164/2884
f 2885/2165/2885 2884/2164/2884 2880/2160/2880
f 2885/2165/2885 2880/2160/2880 2882/2162/2882
f 2885/2165/2885 2886/2166/2886 2884/2164/2884
f 2882/2162/2882 2877/2157/2877 2887/2167/2887
f 2882/2162/2882 2887/2167/2887 2888/2168/2888
f 2885/2165/2885 2882/2162/2882 2889/2169/2889
f 2889/2169/2889 2886/2166/2886 2885/2165/2885
f 2890/2170/2890 2886/2166/2886 2889/2169/2889
f 2891/2171/2891 2888/2168/2888 2887/2167/2887
f 2891/2171/2891 2892/2172/2892 2888/2168/2888
f 2888/2168/2888 2892/2172/2892 2893/2173/2893
f 2888/2168/2888 2893/2173/2893 2894/2174/2894
f 2882/2162/2882 2894/2174/2894 2889/2169/2889
f 2882/2162/2882 2888/2168/2888 2894/2174/2894
f 2892/2172/2892 2891/2171/2891 2895/2175/2895
f 2895/2175/2895 2896/2176/2896 2892/2172/2892
f 2893/2173/2893 2892/2172/2892 2896/2176/2896
f 2897/2177/2897 2899/2178/2898 2898/2179/2899
f 2897/2177/2897 2898/2179/2899 2900/2180/2900
f 2901/2181/2901 2897/2177/2897 2900/2180/2900
f 2902/2182/2902 2901/2181/2901 2900/2180/2900
f 2903/2183/2903 2901/2181/2901 2902/2182/2902
f 2903/2183/2903 2902/2182/2902 2904/2184/2904
f 2905/2185/2905 2903/2183/2903 2904/2184/2904
f 2905/2185/2905 2904/2184/2904 2906/2186/2906
f 2906/2186/2906 2874/2154/2874 2905/2185/2905
f 2906/2186/2906 2907/2187/2907 2874/2154/2874
f 2908/2188/2908 2898/2179/2899 2899/2178/2898
f 2909/2189/2909 2908/2188/2908 2899/2178/2898
f 2909/2189/2909 2910/2190/2910 2908/2188/2908
f 2911/2191/2911 2902/2182/2902 2900/2180/2900
f 2911/2191/2911 2912/2192/2912 2902/2182/2902
f 2913/2193/2913 2912/2192/2912 2911/2191/2911
f 2913/2193/2913 2914/2194/2914 2912/2192/2912
f 2912/2192/2912 2914/2194/2914 2915/2195/2915
f 2912/2192/2912 2915/2195/2915 2916/2196/2916
f 2902/2182/2902 2916/2196/2916 2904/2184/2904
f 2902/2182/2902 2912/2192/2912 2916/2196/2916
f 2874/2154/2874 2907/2187/2907 2878/2158/2878
f 2917/2197/2917 2919/2198/2918 2918/2199/2919
f 2919/2198/2918 2917/2197/2917 2920/2200/2920
f 2921/2201/2921 2920/2200/2920 2917/2197/2917
f 2921/2201/2921 2917/2197/2917 2922/2202/2922
f 2921/2201/2921 2922/2202/2922 2923/2203/2923
f 2921/2201/2921 2923/2203/2923 2924/2204/2924
f 2924/2204/2924 2923/2203/2923 2925/2205/2925
f 2924/2204/2924 2925/2205/2925 2926/2206/2926
f 2926/2206/2926 2925/2205/2925 2927/2207/2927
f 2926/2206/2926 2927/2207/2927 2928/2208/2928
f 2929/2209/2929 2920/2200/2920 2921/2201/2921
f 2929/2209/2929 2930/2210/2930 2920/2200/2920
f 2929/2209/2929 2931/2211/2931 2930/2210/2930
f 2930/2210/2930 2931/2211/2931 2932/2212/2932
f 2930/2210/2930 2932/2212/2932 2933/2213/2933
f 2933/2213/2933 2920/2200/2920 2930/2210/2930
f 2933/2213/2933 2919/2198/2918 2920/2200/2920
f 2931/2211/2931 2934/2214/2934 2932/2212/2932
f 2931/2211/2931 2935/2215/2935 2934/2214/2934
f 2935/2215/2935 2931/2211/2931 2936/2216/2936
f 2929/2209/2929 2936/2216/2936 2931/2211/2931
f 2935/2215/2935 2936/2216/2936 2937/2217/2937
f 2936/2216/2936 2938/2218/2938 2937/2217/2937
f 2936/2216/2936 2939/2219/2939 2938/2218/2938
f 2929/2209/2929 2939/2219/2939 2936/2216/2936
f 2938/2218/2938 2939/2219/2939 2940/2220/2940
f 2938/2218/2938 2940/2220/2940 2941/2221/2941
f 2942/2222/2942 2941/2221/2941 2940/2220/2940
f 2942/2222/2942 2940/2220/2940 2943/2223/2943
f 2939/2219/2939 2944/2224/2944 2940/2220/2940
f 2943/2223/2943 2940/2220/2940 2944/2224/2944
f 2939/2219/2939 2945/2225/2945 2944/2224/2944
f 2943/2223/2943 2944/2224/2944 2946/2226/2946
f 2947/2227/2947 2946/2226/2946 2944/2224/2944
f 2947/2227/2947 2948/2228/2948 2946/2226/2946
f 2924/2204/2924 2944/2224/2944 2945/2225/2945
f 2929/2209/2929 2945/2225/2945 2939/2219/2939
f 2945/2225/2945 2921/2201/2921 2924/2204/2924
f 2945/2225/2945 2929/2209/2929 2921/2201/2921
f 2947/2227/2947 2944/2224/2944 2926/2206/2926
f 2924/2204/2924 2926/2206/2926 2944/2224/2944
f 2947/2227/2947 2926/2206/2926 2928/2208/2928
f 2943/2223/2943 2949/2229/2949 2942/2222/2942
f 2949/2229/2949 2943/2223/2943 2946/2226/2946
f 2949/2229/2949 2946/2226/2946 2950/2230/2950
f 2948/2228/2948 2950/2230/2950 2946/2226/2946
f 2949/2229/2949 2950/2230/2950 2951/2231/2951
f 2951/2231/2951 2950/2230/2950 2952/2232/2952
f 2948/2228/2948 2952/2232/2952 2950/2230/2950
f 2951/2231/2951 2952/2232/2952 2953/2233/2953
f 2949/2229/2949 2951/2231/2951 2954/2234/2954
f 2955/2235/2955 2953/2233/2953 2952/2232/2952
f 2955/2235/2955 2952/2232/2952 2956/2236/2956
f 2956/2236/2956 2952/2232/2952 2948/2228/2948
f 2956/2236/2956 2957/2237/2957 2955/2235/2955
f 2956/2236/2956 2958/2238/2958 2957/2237/2957
f 2956/2236/2956 2948/2228/2948 2959/2239/2959
f 2947/2227/2947 2959/2239/2959 2948/2228/2948
f 2960/2240/2960 2947/2227/2947 2928/2208/2928
f 2947/2227/2947 2960/2240/2960 2959/2239/2959
f 2960/2240/2960 2961/2241/2961 2959/2239/2959
f 2962/2242/2962 2959/2239/2959 2961/2241/2961
f 2962/2242/2962 2956/2236/2956 2959/2239/2959
f 2962/2242/2962 2958/2238/2958 2956/2236/2956
f 2960/2240/2960 2963/2243/2963 2961/2241/2961
f 2964/2244/2964 2961/2241/2961 2963/2243/2963
f 2964/2244/2964 2965/2245/2965 2961/2241/2961
f 2966/2246/2966 2965/2245/2965 2964/2244/2964
f 2966/2246/2966 2964/2244/2964 2967/2247/2967
f 2967/2247/2967 2964/2244/2964 2968/2248/2968
f 2967/2247/2967 2968/2248/2968 2969/2249/2969
f 2970/2250/2970 2969/2249/2969 2968/2248/2968
f 2964/2244/2964 2971/2251/2971 2968/2248/2968
f 2964/2244/2964 2963/2243/2963 2971/2251/2971
f 2968/2248/2968 2971/2251/2971 2972/2252/2972
f 2968/2248/2968 2972/2252/2972 2973/2253/2973
f 2970/2250/2970 2968/2248/2968 2973/2253/2973
f 2969/2249/2969 2974/2254/2974 2967/2247/2967
f 2969/2249/2969 2970/2250/2970 2974/2254/2974
f 2966/2246/2966 2975/2255/2975 2965/2245/2965
f 2976/2256/2976 2975/2255/2975 2966/2246/2966
f 2967/2247/2967 2976/2256/2976 2966/2246/2966
f 2967/2247/2967 2974/2254/2974 2976/2256/2976
f 2976/2256/2976 2977/2257/2977 2975/2255/2975
f 2975/2255/2975 2977/2257/2977 2978/2258/2978
f 2975/2255/2975 2978/2258/2978 2979/2259/2979
f 2965/2245/2965 2975/2255/2975 2979/2259/2979
f 2979/2259/2979 2978/2258/2978 2980/2260/2980
f 2979/2259/2979 2980/2260/2980 2981/2261/2981
f 2965/2245/2965 2979/2259/2979 2981/2261/2981
f 2982/2262/2982 2972/2252/2972 2971/2251/2971
f 2982/2262/2982 2971/2251/2971 2983/2263/2983
f 2983/2263/2983 2971/2251/2971 2963/2243/2963
f 2983/2263/2983 2963/2243/2963 2960/2240/2960
f 2928/2208/2928 2982/2262/2982 2983/2263/2983
f 2960/2240/2960 2928/2208/2928 2983/2263/2983
f 2928/2208/2928 2927/2207/2927 2982/2262/2982
f 2981/2261/2981 2980/2260/2980 2984/2264/2984
f 2981/2261/2981 2984/2264/2984 2962/2242/2962
f 2961/2241/2961 2965/2245/2965 2981/2261/2981
f 2962/2242/2962 2961/2241/2961 2981/2261/2981
f 2962/2242/2962 2984/2264/2984 2985/2265/2985
f 2958/2238/2958 2962/2242/2962 2985/2265/2985
f 2958/2238/2958 2985/2265/2985 2957/2237/2957
f 2986/2266/2986 2988/2267/2987 2987/2268/2988
f 2986/2266/2986 2989/2269/2989 2988/2267/2987
f 2990/2270/2990 2986/2266/2986 2987/2268/2988
f 2990/2270/2990 2987/2268/2988 2991/2271/2991
f 2989/2269/2989 2992/2272/2992 2988/2267/2987
f 2989/2269/2989 2993/2273/2993 2992/2272/2992
f 2994/2274/2994 2992/2272/2992 2993/2273/2993
f 2994/2274/2994 2995/2275/2995 2992/2272/2992
f 2995/2275/2995 2996/2276/2996 2992/2272/2992
f 2995/2275/2995 2997/2277/2997 2996/2276/2996
f 2998/2278/2998 2992/2272/2992 2996/2276/2996
f 2998/2278/2998 2988/2267/2987 2992/2272/2992
f 2999/2279/2999 2988/2267/2987 2998/2278/2998
f 2999/2279/2999 2987/2268/2988 2988/2267/2987
f 2999/2279/2999 2991/2271/2991 2987/2268/2988
f 2999/2279/2999 3000/2280/3000 2991/2271/2991
f 3001/2281/3001 2989/2269/2989 2986/2266/2986
f 3001/2281/3001 3002/2282/3002 2989/2269/2989
f 3001/2281/3001 3003/2283/3003 3002/2282/3002
f 3001/2281/3001 3004/2284/3004 3003/2283/3003
f 3005/2285/3005 3004/2284/3004 3001/2281/3001
f 3005/2285/3005 3006/2286/3006 3004/2284/3004
f 3003/2283/3003 3007/2287/3007 3002/2282/3002
f 3003/2283/3003 3008/2288/3008 3007/2287/3007
f 3009/2289/3009 3007/2287/3007 3008/2288/3008
f 3009/2289/3009 3008/2288/3008 3010/2290/3010
f 3005/2285/3005 3011/2291/3011 3006/2286/3006
f 3005/2285/3005 2990/2270/2990 3011/2291/3011
f 3011/2291/3011 2990/2270/2990 3012/2271/3012
f 3005/2285/3005 2986/2266/2986 2990/2270/2990
f 3005/2285/3005 3001/2281/3001 2986/2266/2986
f 3007/2287/3007 2989/2269/2989 3002/2282/3002
f 3007/2287/3007 2993/2273/2993 2989/2269/2989
f 2993/2273/2993 3007/2287/3007 3009/2289/3009
f 2993/2273/2993 3009/2289/3009 2994/2274/2994
f 3013/2275/3013 2994/2274/2994 3014/2292/3014
f 3013/2275/3013 3014/2292/3014 3015/2277/3015
f 3016/2289/3016 3014/2292/3014 2994/2274/2994
f 3011/2291/3011 3018/2271/3017 3017/2280/3017
f 3019/2289/3018 3020/2290/3018 3014/2292/3019
f 3021/2293/3020 3023/2294/3021 3022/2295/3022
f 3022/2295/3022 3023/2294/3021 3024/2296/3023
f 3024/2296/3023 3023/2294/3021 3025/2297/3024
f 3025/2297/3024 3023/2294/3021 3026/2298/3025
f 3027/2299/3026 3023/2294/3021 3021/2293/3020
f 3028/2300/3027 3023/2294/3021 3027/2299/3026
f 3029/2301/3028 3023/2294/3021 3028/2300/3027
f 3026/2298/3025 3023/2294/3021 3030/2302/3029
f 3030/2302/3029 3023/2294/3021 3031/2303/3030
f 3031/2303/3030 3023/2294/3021 3032/2304/3031
f 3032/2304/3031 3023/2294/3021 3029/2301/3028
f 3033/2305/3032 3035/2306/3033 3034/2307/3034
f 3033/2305/3032 3036/2308/3035 3035/2306/3033
f 3037/2309/3036 3034/2307/3034 3035/2306/3033
f 3037/2309/3036 3035/2306/3033 3038/2310/3037
f 3034/2307/3034 3040/2311/3038 3039/2305/3039
f 3034/2307/3034 3041/2309/3040 3040/2311/3038
f 3041/2309/3040 3042/2312/3041 3040/2311/3038
f 3043/2313/3042 3040/2311/3038 3042/2312/3041
f 3040/2311/3038 3043/2313/3042 3044/2314/3043
f 3040/2311/3038 3044/2314/3043 3045/2305/3044
f 3046/2313/3045 3042/2312/3046 3047/2315/3045
f 3048/2313/3047 3049/2316/3048 3044/2314/3043
f 3048/2313/3047 3050/2315/3049 3049/2316/3048
f 3049/2316/3048 3051/2305/3050 3044/2314/3043
f 3049/2316/3048 3052/2308/3051 3051/2305/3050
f 3053/2309/3052 3054/2310/3052 3042/2312/3041
f 3055/2317/3053 2700/1984/2701 3056/2318/3054
f 3055/2317/3053 2697/1981/2698 2700/1984/2701
f 3055/2317/3053 3056/2318/3054 3057/1984/3055
f 3055/2317/3053 3057/1984/3055 3058/1981/3056
f 3059/1982/3057 3058/1981/3056 3057/1984/3055
f 3058/1981/3056 3059/1982/3057 3060/1975/3058
f 3060/1975/3058 3061/1973/3059 3058/1981/3056
f 3060/1975/3058 3059/1982/3057 3062/1979/3060
f 3060/1975/3058 3062/1979/3060 3063/1974/3061
f 3063/1974/3061 3064/1971/3062 3060/1975/3058
f 3061/1973/3059 3060/1975/3058 3064/1971/3062
f 3065/1972/3063 3061/1973/3059 3064/1971/3062
f 3066/1970/3064 3065/1972/3063 3064/1971/3062
f 3066/1970/3064 3064/1971/3062 3067/1969/3065
f 3063/1974/3061 3067/1969/3065 3064/1971/3062
f 3068/1957/3066 3066/1970/3064 3067/1969/3065
f 3067/1969/3065 3063/1974/3061 3069/1967/3067
f 3067/1969/3065 3069/1967/3067 3070/1966/3068
f 3068/1957/3066 3067/1969/3065 3070/1966/3068
f 3071/1965/3069 3070/1966/3068 3069/1967/3067
f 3071/1965/3069 3068/1957/3066 3070/1966/3068
f 3071/1965/3069 3069/1967/3067 3072/1968/3070
f 3073/1976/3071 3071/1965/3069 3072/1968/3070
f 3063/1974/3061 3074/1978/3072 3069/1967/3067
f 3063/1974/3061 3062/1979/3060 3074/1978/3072
f 3066/1970/3064 3075/1980/3073 3065/1972/3063
f 3071/1965/3069 3076/1955/3074 3068/1957/3066
f 3076/1955/3074 3077/1956/3075 3068/1957/3066
f 3068/1957/3066 3077/1956/3075 3066/1970/3064
f 3076/1955/3074 3078/1954/3076 3077/1956/3075
f 3079/1953/3077 3078/1954/3076 3076/1955/3074
f 3079/1953/3077 3080/1950/3078 3078/1954/3076
f 3080/1950/3078 3079/1953/3077 3081/1952/3079
f 3080/1950/3078 3081/1952/3079 3082/1951/3080
f 3080/1950/3078 3082/1951/3080 3083/1948/3081
f 3080/1950/3078 3083/1948/3081 3084/1947/3082
f 3085/1946/3083 3084/1947/3082 3083/1948/3081
f 3086/1944/3084 3084/1947/3082 3085/1946/3083
f 3080/1950/3078 3086/1944/3084 3078/1954/3076
f 3080/1950/3078 3084/1947/3082 3086/1944/3084
f 3086/1944/3084 3085/1946/3083 3087/1943/3085
f 3087/1943/3085 3088/1945/3086 3086/1944/3084
f 3086/1944/3084 3088/1945/3086 3078/1954/3076
f 3078/1954/3076 3088/1945/3086 3077/1956/3075
f 3085/1946/3083 3083/1948/3081 3089/1949/3087
f 3077/1956/3075 3088/1945/3086 3090/1958/3088
f 3089/1949/3087 3083/1948/3081 3091/1959/3089
f 3092/1960/3090 3083/1948/3081 3082/1951/3080
f 3081/1952/3079 3092/1960/3090 3082/1951/3080
f 3092/1960/3090 3093/1961/3091 3083/1948/3081
f 3091/1959/3089 3083/1948/3081 3093/1961/3091
f 3081/1952/3079 3094/1962/3092 3092/1960/3090
f 3079/1953/3077 3095/2319/3093 3081/1952/3079
f 3087/1943/3085 3096/2000/3094 3088/1945/3086
f 3097/2001/3095 3096/2000/3094 3087/1943/3085
f 3097/2001/3095 3098/1999/3096 3096/2000/3094
f 3098/1999/3096 3099/1996/3097 3096/2000/3094
f 3099/1996/3097 3088/1945/3086 3096/2000/3094
f 3098/1999/3096 3100/1998/3098 3099/1996/3097
f 3087/1943/3085 3101/2002/3099 3097/2001/3095
f 3099/1996/3097 3100/1998/3098 3102/1997/3100
f 3099/1996/3097 3102/1997/3100 3103/1994/3101
f 3104/2003/3102 3102/1997/3100 3100/1998/3098
f 3100/1998/3098 3105/2004/3103 3104/2003/3102
f 3105/2004/3103 3100/1998/3098 3098/1999/3096
f 3101/2002/3099 3106/2005/3104 3097/2001/3095
f 3101/2002/3099 3107/2006/3105 3106/2005/3104
f 3097/2001/3095 3108/2007/3106 3098/1999/3096
f 3097/2001/3095 3106/2005/3104 3108/2007/3106
f 3109/2008/3107 3103/1994/3101 3102/1997/3100
f 3103/1994/3101 3110/1995/3108 3099/1996/3097
f 3099/1996/3097 3110/1995/3108 3088/1945/3086
f 3103/1994/3101 3111/1992/3109 3110/1995/3108
f 3089/1949/3087 3107/2006/3105 3101/2002/3099
f 3101/2002/3099 3085/1946/3083 3089/1949/3087
f 3101/2002/3099 3087/1943/3085 3085/1946/3083
f 3089/1949/3087 3091/1959/3089 3107/2006/3105
f 3112/1991/3110 3103/1994/3101 3109/2008/3107
f 3112/1991/3110 3111/1992/3109 3103/1994/3101
f 3113/1987/3111 3111/1992/3109 3112/1991/3110
f 3113/1987/3111 3112/1991/3110 3114/1988/3112
f 3113/1987/3111 3114/1988/3112 3065/1972/3063
f 3113/1987/3111 3065/1972/3063 3075/1980/3073
f 3065/1972/3063 3114/1988/3112 3115/1989/3113
f 3065/1972/3063 3115/1989/3113 3061/1973/3059
f 3116/1990/3114 3061/1973/3059 3115/1989/3113
f 3111/1992/3109 3113/1987/3111 3117/1993/3115
f 3113/1987/3111 3075/1980/3073 3117/1993/3115
f 3116/1990/3114 3058/1981/3056 3061/1973/3059
f 3116/1990/3114 3118/2317/3116 3058/1981/3056
f 3066/1970/3064 3090/1958/3088 3075/1980/3073
f 3077/1956/3075 3090/1958/3088 3066/1970/3064
f 3091/1959/3089 3093/1961/3091 3119/2011/3117
f 2706/1990/2707 2697/1981/2698 3120/2317/3118
f 2200/1546/2200 2739/2022/2740 2199/1544/2198
f 2200/1546/2200 2741/2023/2741 2739/2022/2740
f 2414/1712/2414 3122/2320/3119 3121/2321/3120
f 2414/1712/2414 2412/1711/2413 3122/2320/3119
f 2942/2222/2942 2949/2229/2949 2954/2234/2954
f 1879/1233/1875 1859/1214/1856 1860/1213/1855
f 1885/1239/1881 1859/1214/1856 1879/1233/1875
f 1885/1239/1881 1875/1229/1871 1859/1214/1856
f 2970/2250/2970 2973/2253/2973 3123/2322/3121
f 3124/2323/3122 3126/2324/3123 3125/2325/3124
f 3124/2323/3122 3127/2326/3125 3126/2324/3123
f 3128/2327/3126 3125/2325/3124 3126/2324/3123
f 3128/2327/3126 3126/2324/3123 3129/2328/3127
f 3130/2329/3128 3128/2327/3126 3129/2328/3127
f 3130/2329/3128 3131/2330/3129 3128/2327/3126
f 3132/2331/3130 3124/2323/3122 3125/2325/3124
f 3125/2325/3124 3133/2332/3131 3132/2331/3130
f 3125/2325/3124 3134/2333/3132 3133/2332/3131
f 3125/2325/3124 3128/2327/3126 3134/2333/3132
f 3134/2333/3132 3135/2334/3133 3133/2332/3131
f 3134/2333/3132 3136/2335/3134 3135/2334/3133
f 3137/2336/3135 3133/2332/3131 3135/2334/3133
f 3137/2336/3135 3138/2337/3136 3133/2332/3131
f 3138/2337/3136 3132/2331/3130 3133/2332/3131
f 3138/2337/3136 3139/2338/3137 3132/2331/3130
f 3138/2337/3136 3137/2336/3135 3140/2339/3138
f 3138/2337/3136 3140/2339/3138 3141/2340/3139
f 3139/2338/3137 3138/2337/3136 3141/2340/3139
f 3142/2341/3140 3141/2340/3139 3140/2339/3138
f 3142/2341/3140 3140/2339/3138 3143/2342/3141
f 3139/2338/3137 3141/2340/3139 3144/2343/3142
f 3141/2340/3139 3145/2344/3143 3144/2343/3142
f 3141/2340/3139 3142/2341/3140 3145/2344/3143
f 3144/2343/3142 3146/2345/3144 3139/2338/3137
f 3144/2343/3142 3147/2346/3145 3146/2345/3144
f 3148/2347/3146 3147/2346/3145 3144/2343/3142
f 3149/2348/3147 3148/2347/3146 3144/2343/3142
f 3145/2344/3143 3149/2348/3147 3144/2343/3142
f 3146/2345/3144 3147/2346/3145 3150/2349/3148
f 3151/2350/3149 3143/2342/3141 3140/2339/3138
f 3151/2350/3149 3152/2351/3150 3143/2342/3141
f 3153/2352/3151 3140/2339/3138 3137/2336/3135
f 3153/2352/3151 3151/2350/3149 3140/2339/3138
f 3153/2352/3151 3137/2336/3135 3135/2334/3133
f 3153/2352/3151 3135/2334/3133 3154/2353/3152
f 3136/2335/3134 3154/2353/3152 3135/2334/3133
f 3155/2354/3153 3152/2351/3150 3151/2350/3149
f 3151/2350/3149 3153/2352/3151 3155/2354/3153
f 3152/2351/3150 3155/2354/3153 3156/2355/3154
f 3155/2354/3153 3157/2356/3155 3156/2355/3154
f 3158/2357/3156 3153/2352/3151 3154/2353/3152
f 3155/2354/3153 3153/2352/3151 3158/2357/3156
f 3158/2357/3156 3157/2356/3155 3155/2354/3153
f 3159/2358/3157 3154/2353/3152 3136/2335/3134
f 3158/2357/3156 3154/2353/3152 3159/2358/3157
f 3159/2358/3157 3136/2335/3134 3160/2359/3158
f 3134/2333/3132 3160/2359/3158 3136/2335/3134
f 3128/2327/3126 3160/2359/3158 3134/2333/3132
f 3131/2330/3129 3160/2359/3158 3128/2327/3126
f 3160/2359/3158 3131/2330/3129 3161/2360/3159
f 3162/2361/3160 3161/2360/3159 3131/2330/3129
f 3162/2361/3160 3131/2330/3129 3130/2329/3128
f 3163/2362/3161 3162/2361/3160 3130/2329/3128
f 3163/2362/3161 3130/2329/3128 3164/2363/3162
f 3129/2328/3127 3164/2363/3162 3130/2329/3128
f 3129/2328/3127 3165/2364/3163 3164/2363/3162
f 3166/2365/3164 3164/2363/3162 3165/2364/3163
f 3166/2365/3164 3167/2366/3165 3164/2363/3162
f 3163/2362/3161 3164/2363/3162 3167/2366/3165
f 3168/2367/3166 3166/2365/3164 3165/2364/3163
f 3169/2368/3167 3166/2365/3164 3168/2367/3166
f 3169/2368/3167 3170/2369/3168 3166/2365/3164
f 3168/2367/3166 3165/2364/3163 3171/2370/3169
f 3126/2324/3123 3165/2364/3163 3129/2328/3127
f 3126/2324/3123 3171/2370/3169 3165/2364/3163
f 3163/2362/3161 3167/2366/3165 3172/2371/3170
f 3172/2371/3170 3173/2372/3171 3163/2362/3161
f 3163/2362/3161 3173/2372/3171 3174/2373/3172
f 3162/2361/3160 3163/2362/3161 3174/2373/3172
f 3174/2373/3172 3175/2374/3173 3162/2361/3160
f 3126/2324/3123 3176/2375/3174 3171/2370/3169
f 3126/2324/3123 3127/2326/3125 3176/2375/3174
f 3127/2326/3125 3177/2376/3175 3176/2375/3174
f 3127/2326/3125 3178/2377/3176 3177/2376/3175
f 3124/2323/3122 3178/2377/3176 3127/2326/3125
f 3124/2323/3122 3179/2378/3177 3178/2377/3176
f 3180/2379/3178 3178/2377/3176 3179/2378/3177
f 3180/2379/3178 3181/2380/3179 3178/2377/3176
f 3182/2381/3180 3181/2380/3179 3180/2379/3178
f 3182/2381/3180 3180/2379/3178 3183/2382/3181
f 3181/2380/3179 3182/2381/3180 3184/2383/3182
f 3184/2383/3182 3185/2384/3183 3181/2380/3179
f 3178/2377/3176 3185/2384/3183 3177/2376/3175
f 3181/2380/3179 3185/2384/3183 3178/2377/3176
f 3185/2384/3183 3186/2385/3184 3177/2376/3175
f 3185/2384/3183 3184/2383/3182 3186/2385/3184
f 3177/2376/3175 3186/2385/3184 3187/2386/3185
f 3187/2386/3185 3188/2387/3186 3177/2376/3175
f 3177/2376/3175 3188/2387/3186 3176/2375/3174
f 3187/2386/3185 3189/2388/3187 3188/2387/3186
f 3190/2389/3188 3189/2388/3187 3187/2386/3185
f 3190/2389/3188 3187/2386/3185 3191/2390/3189
f 3191/2390/3189 3192/2391/3190 3190/2389/3188
f 3193/2392/3191 3188/2387/3186 3189/2388/3187
f 3193/2392/3191 3194/2393/3192 3188/2387/3186
f 3194/2393/3192 3193/2392/3191 3195/2394/3193
f 3194/2393/3192 3195/2394/3193 3196/2395/3194
f 3194/2393/3192 3196/2395/3194 3197/2396/3195
f 3198/2397/3196 3189/2388/3187 3190/2389/3188
f 3198/2397/3196 3193/2392/3191 3189/2388/3187
f 3192/2391/3190 3198/2397/3196 3190/2389/3188
f 3199/2398/3197 3193/2392/3191 3198/2397/3196
f 3199/2398/3197 3195/2394/3193 3193/2392/3191
f 3192/2391/3190 3200/2399/3198 3198/2397/3196
f 3200/2399/3198 3199/2398/3197 3198/2397/3196
f 3191/2390/3189 3187/2386/3185 3201/2400/3199
f 3186/2385/3184 3201/2400/3199 3187/2386/3185
f 3184/2383/3182 3201/2400/3199 3186/2385/3184
f 3169/2368/3167 3194/2393/3192 3197/2396/3195
f 3202/2401/3200 3169/2368/3167 3197/2396/3195
f 3169/2368/3167 3203/2402/3201 3194/2393/3192
f 3169/2368/3167 3168/2367/3166 3203/2402/3201
f 3203/2402/3201 3168/2367/3166 3171/2370/3169
f 3203/2402/3201 3171/2370/3169 3176/2375/3174
f 3170/2369/3168 3169/2368/3167 3202/2401/3200
f 3170/2369/3168 3202/2401/3200 3204/2403/3202
f 3170/2369/3168 3204/2403/3202 3205/2404/3203
f 3206/2405/3204 3204/2403/3202 3202/2401/3200
f 3206/2405/3204 3202/2401/3200 3207/2406/3205
f 3202/2401/3200 3208/2407/3206 3207/2406/3205
f 3202/2401/3200 3209/2408/3207 3208/2407/3206
f 3202/2401/3200 3210/2396/3208 3209/2408/3207
f 3204/2403/3202 3211/2409/3209 3205/2404/3203
f 3204/2403/3202 3206/2405/3204 3211/2409/3209
f 3211/2409/3209 3206/2405/3204 3212/2410/3210
f 3212/2410/3210 3213/2411/3211 3211/2409/3209
f 3211/2409/3209 3213/2411/3211 3205/2404/3203
f 3212/2410/3210 3214/2412/3212 3213/2411/3211
f 3215/2413/3213 3213/2411/3211 3214/2412/3212
f 3215/2413/3213 3216/2414/3214 3213/2411/3211
f 3217/2415/3215 3213/2411/3211 3216/2414/3214
f 3205/2404/3203 3213/2411/3211 3217/2415/3215
f 3218/2416/3216 3217/2415/3215 3216/2414/3214
f 3217/2415/3215 3218/2416/3216 3219/2417/3217
f 3216/2414/3214 3220/2418/3218 3218/2416/3216
f 3215/2413/3213 3221/2419/3219 3216/2414/3214
f 3221/2419/3219 3220/2418/3218 3216/2414/3214
f 3215/2413/3213 3222/2420/3220 3221/2419/3219
f 3222/2420/3220 3215/2413/3213 3223/2421/3221
f 3218/2416/3216 3173/2372/3171 3219/2417/3217
f 3219/2417/3217 3173/2372/3171 3172/2371/3170
f 3224/2422/3222 3218/2416/3216 3220/2418/3218
f 3224/2422/3222 3225/2423/3223 3218/2416/3216
f 3218/2416/3216 3225/2423/3223 3173/2372/3171
f 3224/2422/3222 3226/2424/3224 3225/2423/3223
f 3224/2422/3222 3220/2418/3218 3227/2425/3225
f 3227/2425/3225 3220/2418/3218 3221/2419/3219
f 3224/2422/3222 3228/2426/3226 3226/2424/3224
f 3224/2422/3222 3229/2427/3227 3228/2426/3226
f 3230/2428/3228 3224/2422/3222 3227/2425/3225
f 3230/2428/3228 3229/2427/3227 3224/2422/3222
f 3231/2429/3229 3227/2425/3225 3221/2419/3219
f 3231/2429/3229 3230/2428/3228 3227/2425/3225
f 3229/2427/3227 3232/2430/3230 3228/2426/3226
f 3229/2427/3227 3233/2431/3231 3232/2430/3230
f 3234/2432/3232 3229/2427/3227 3230/2428/3228
f 3234/2432/3232 3233/2431/3231 3229/2427/3227
f 3235/2433/3233 3230/2428/3228 3231/2429/3229
f 3235/2433/3233 3234/2432/3232 3230/2428/3228
f 3225/2423/3223 3226/2424/3224 3236/2434/3234
f 3225/2423/3223 3236/2434/3234 3237/2435/3235
f 3237/2435/3235 3236/2434/3234 3238/2436/3236
f 3239/2437/3237 3238/2436/3236 3236/2434/3234
f 3239/2437/3237 3226/2424/3224 3228/2426/3226
f 3239/2437/3237 3236/2434/3234 3226/2424/3224
f 3232/2430/3230 3239/2437/3237 3228/2426/3226
f 3239/2437/3237 3240/2438/3238 3238/2436/3236
f 3240/2438/3238 3241/2439/3239 3238/2436/3236
f 3241/2439/3239 3242/2440/3240 3238/2436/3236
f 3237/2435/3235 3238/2436/3236 3242/2440/3240
f 3241/2439/3239 3243/2441/3241 3242/2440/3240
f 3240/2438/3238 3244/2442/3242 3241/2439/3239
f 3245/2443/3243 3244/2442/3242 3240/2438/3238
f 3245/2443/3243 3246/2444/3244 3244/2442/3242
f 3244/2442/3242 3246/2444/3244 3247/2445/3245
f 3244/2442/3242 3247/2445/3245 3248/2446/3246
f 3249/2447/3247 3240/2438/3238 3239/2437/3237
f 3249/2447/3247 3245/2443/3243 3240/2438/3238
f 3174/2373/3172 3237/2435/3235 3242/2440/3240
f 3242/2440/3240 3175/2374/3173 3174/2373/3172
f 3243/2441/3241 3175/2374/3173 3242/2440/3240
f 3237/2435/3235 3174/2373/3172 3225/2423/3223
f 3232/2430/3230 3249/2447/3247 3239/2437/3237
f 3173/2372/3171 3225/2423/3223 3174/2373/3172
f 3243/2441/3241 3241/2439/3239 3250/2448/3248
f 3244/2442/3242 3250/2448/3248 3241/2439/3239
f 3244/2442/3242 3248/2446/3246 3250/2448/3248
f 3250/2448/3248 3251/2449/3249 3243/2441/3241
f 3250/2448/3248 3252/2450/3250 3251/2449/3249
f 3250/2448/3248 3248/2446/3246 3252/2450/3250
f 3252/2450/3250 3158/2357/3156 3251/2449/3249
f 3252/2450/3250 3253/2451/3251 3158/2357/3156
f 3158/2357/3156 3254/2358/3252 3251/2449/3249
f 3158/2357/3156 3253/2451/3251 3157/2356/3155
f 3161/2360/3159 3243/2441/3241 3251/2449/3249
f 3243/2441/3241 3161/2360/3159 3175/2374/3173
f 3162/2361/3160 3175/2374/3173 3161/2360/3159
f 3161/2360/3159 3256/2449/3253 3255/2358/3254
f 3160/2359/3158 3161/2360/3159 3255/2358/3254
f 3257/2452/3255 3180/2379/3178 3258/2453/3256
f 3259/2454/3257 3257/2452/3255 3258/2453/3256
f 3258/2453/3256 3260/2455/3258 3259/2454/3257
f 3258/2453/3256 3261/2456/3259 3260/2455/3258
f 3262/2457/3260 3260/2455/3258 3261/2456/3259
f 3261/2456/3259 3258/2453/3256 3179/2378/3177
f 3179/2378/3177 3258/2453/3256 3180/2379/3178
f 3150/2349/3148 3260/2455/3258 3262/2457/3260
f 3257/2452/3255 3259/2454/3257 3263/2458/3261
f 3261/2456/3259 3179/2378/3177 3124/2323/3122
f 3132/2331/3130 3261/2456/3259 3124/2323/3122
f 3180/2379/3178 3257/2452/3255 3183/2382/3181
f 3263/2458/3261 3264/2459/3262 3257/2452/3255
f 3183/2382/3181 3257/2452/3255 3264/2459/3262
f 3265/2460/3263 3183/2382/3181 3264/2459/3262
f 3183/2382/3181 3265/2460/3263 3266/2461/3264
f 3266/2461/3264 3182/2381/3180 3183/2382/3181
f 3267/2462/3265 3182/2381/3180 3266/2461/3264
f 3146/2345/3144 3150/2349/3148 3262/2457/3260
f 3139/2338/3137 3146/2345/3144 3262/2457/3260
f 3261/2456/3259 3139/2338/3137 3262/2457/3260
f 3261/2456/3259 3132/2331/3130 3139/2338/3137
f 3172/2371/3170 3269/2463/3266 3268/2464/3267
f 3269/2463/3266 3170/2369/3168 3268/2464/3267
f 3170/2369/3168 3205/2404/3203 3268/2464/3267
f 3217/2415/3215 3268/2464/3267 3205/2404/3203
f 3217/2415/3215 3219/2417/3217 3268/2464/3267
f 3172/2371/3170 3268/2464/3267 3219/2417/3217
f 3167/2366/3165 3269/2463/3266 3172/2371/3170
f 3167/2366/3165 3166/2365/3164 3269/2463/3266
f 3269/2463/3266 3166/2365/3164 3170/2369/3168
f 3203/2402/3201 3188/2387/3186 3194/2393/3192
f 3176/2375/3174 3188/2387/3186 3203/2402/3201
f 3270/1212/3268 3272/1214/3269 3271/1213/3270
f 3273/1215/3271 3270/1212/3268 3271/1213/3270
f 3273/1215/3271 3274/1216/3272 3270/1212/3268
f 3274/1216/3272 3273/1215/3271 3275/1217/3273
f 3270/1212/3268 3274/1216/3272 3276/1218/3274
f 3274/1216/3272 3277/1219/3275 3276/1218/3274
f 3276/1218/3274 3277/1219/3275 3278/1220/3276
f 3276/1218/3274 3278/1220/3276 3279/1221/3277
f 3280/1222/3278 3276/1218/3274 3279/1221/3277
f 3270/1212/3268 3276/1218/3274 3280/1222/3278
f 3272/1214/3269 3270/1212/3268 3280/1222/3278
f 3280/1222/3278 3279/1221/3277 3281/1223/3279
f 3272/1214/3269 3280/1222/3278 3281/1223/3279
f 3274/1216/3272 3282/1224/3280 3277/1219/3275
f 3274/1216/3272 3275/1217/3273 3282/1224/3280
f 3283/1225/3281 3275/1217/3273 3273/1215/3271
f 3275/1217/3273 3283/1225/3281 3282/1224/3280
f 3283/1225/3281 3273/1215/3271 3284/1226/3282
f 3284/1226/3282 3273/1215/3271 3271/1213/3270
f 3271/1213/3270 3285/1227/3283 3284/1226/3282
f 3271/1213/3270 3286/1228/3284 3285/1227/3283
f 3272/1214/3269 3281/1223/3279 3287/1229/3285
f 3288/1239/3286 3272/1214/3269 3287/1229/3285
f 3288/1239/3286 3289/1233/3287 3272/1214/3269
f 3290/1238/3288 3289/1233/3287 3288/1239/3286
f 3290/1238/3288 3291/1237/3289 3289/1233/3287
f 3292/1236/3290 3289/1233/3287 3291/1237/3289
f 3292/1236/3290 3291/1237/3289 3293/1240/3291
f 3294/1241/3292 3292/1236/3290 3293/1240/3291
f 3294/1241/3292 3293/1240/3291 3295/1242/3293
f 3295/1242/3293 3296/1243/3294 3294/1241/3292
f 3295/1242/3293 3297/1244/3295 3296/1243/3294
f 3296/1243/3294 3298/1245/3296 3294/1241/3292
f 3297/1244/3295 3295/1242/3293 3299/1246/3297
f 3297/1244/3295 3299/1246/3297 3300/1247/3298
f 3301/1248/3299 3291/1237/3289 3290/1238/3288
f 3301/1248/3299 3302/1249/3300 3291/1237/3289
f 3302/1249/3300 3293/1240/3291 3291/1237/3289
f 3301/1248/3299 3303/1250/3301 3302/1249/3300
f 3295/1242/3293 3304/1251/3302 3299/1246/3297
f 3295/1242/3293 3293/1240/3291 3304/1251/3302
f 3302/1249/3300 3304/1251/3302 3293/1240/3291
f 3299/1246/3297 3304/1251/3302 3305/1252/3303
f 3305/1252/3303 3304/1251/3302 3302/1249/3300
f 3299/1246/3297 3305/1252/3303 3306/1253/3304
f 3305/1252/3303 3302/1249/3300 3307/1254/3305
f 3303/1250/3301 3307/1254/3305 3302/1249/3300
f 3307/1254/3305 3303/1250/3301 3308/1255/3306
f 3307/1254/3305 3308/1255/3306 3309/1256/3307
f 3305/1252/3303 3307/1254/3305 3309/1256/3307
f 3305/1252/3303 3309/1256/3307 3310/1257/3308
f 3306/1253/3304 3305/1252/3303 3310/1257/3308
f 3311/1258/3309 3299/1246/3297 3306/1253/3304
f 3311/1258/3309 3300/1247/3298 3299/1246/3297
f 3300/1247/3298 3311/1258/3309 3312/1259/3310
f 3300/1247/3298 3312/1259/3310 3313/1260/3311
f 3313/1260/3311 3312/1259/3310 3314/1261/3312
f 3315/1262/3313 3314/1261/3312 3312/1259/3310
f 3314/1261/3312 3315/1262/3313 3316/1263/3314
f 3314/1261/3312 3316/1263/3314 3317/1264/3315
f 3318/1265/3316 3317/1264/3315 3316/1263/3314
f 3318/1265/3316 3316/1263/3314 3319/1266/3317
f 3316/1263/3314 3315/1262/3313 3319/1266/3317
f 3318/1265/3316 3320/1267/3318 3317/1264/3315
f 3321/1268/3319 3320/1267/3318 3318/1265/3316
f 3321/1268/3319 3318/1265/3316 3322/1269/3320
f 3319/1266/3317 3322/1269/3320 3318/1265/3316
f 3321/1268/3319 3322/1269/3320 3323/1270/3321
f 3320/1267/3318 3324/1271/3322 3317/1264/3315
f 3320/1267/3318 3325/1272/3323 3324/1271/3322
f 3326/1273/3324 3324/1271/3322 3325/1272/3323
f 3315/1262/3313 3327/1274/3325 3319/1266/3317
f 3315/1262/3313 3312/1259/3310 3328/1275/3326
f 3327/1274/3325 3315/1262/3313 3328/1275/3326
f 3327/1274/3325 3328/1275/3326 3329/1276/3327
f 3329/1276/3327 3328/1275/3326 3330/1277/3328
f 3328/1275/3326 3311/1258/3309 3330/1277/3328
f 3328/1275/3326 3312/1259/3310 3311/1258/3309
f 3331/1278/3329 3322/1269/3320 3319/1266/3317
f 3323/1270/3321 3322/1269/3320 3331/1278/3329
f 3331/1278/3329 3319/1266/3317 3332/1279/3330
f 3332/1279/3330 3319/1266/3317 3327/1274/3325
f 3323/1270/3321 3331/1278/3329 3333/1280/3331
f 3331/1278/3329 3334/1281/3332 3333/1280/3331
f 3331/1278/3329 3332/1279/3330 3334/1281/3332
f 3335/1282/3333 3334/1281/3332 3332/1279/3330
f 3332/1279/3330 3327/1274/3325 3335/1282/3333
f 3335/1282/3333 3327/1274/3325 3329/1276/3327
f 3335/1282/3333 3336/1283/3334 3334/1281/3332
f 3337/1284/3335 3336/1283/3334 3335/1282/3333
f 3337/1284/3335 3335/1282/3333 3329/1276/3327
f 3337/1284/3335 3329/1276/3327 3330/1277/3328
f 3336/1283/3334 3337/1284/3335 3338/1285/3336
f 3330/1277/3328 3311/1258/3309 3306/1253/3304
f 3310/1257/3308 3338/1285/3336 3337/1284/3335
f 3330/1277/3328 3310/1257/3308 3337/1284/3335
f 3330/1277/3328 3306/1253/3304 3310/1257/3308
f 3338/1285/3336 3310/1257/3308 3309/1256/3307
f 3309/1256/3307 3339/1286/3337 3338/1285/3336
f 3309/1256/3307 3308/1255/3306 3339/1286/3337
f 3340/1287/3338 3338/1285/3336 3339/1286/3337
f 3340/1287/3338 3336/1283/3334 3338/1285/3336
f 3336/1283/3334 3340/1287/3338 3341/1288/3339
f 3334/1281/3332 3336/1283/3334 3342/1288/3340
f 3333/1280/3331 3334/1281/3332 3342/1288/3340
f 3343/1343/3341 3345/1345/3342 3344/1344/3343
f 3345/1345/3342 3346/1346/3343 3344/1344/3343
f 3344/1344/3343 3347/1347/3344 3343/1343/3341
f 3344/1344/3343 3348/1348/3343 3347/1347/3344
f 3346/1346/3343 3349/1349/1990 3344/1344/3343
f 3349/1349/1990 3350/1350/3345 3344/1344/3343
f 3351/1351/3346 3353/1352/3347 3352/1354/3348
f 3351/1351/3346 3354/1353/3349 3353/1352/3347
f 3354/1353/3349 3351/1351/3346 3355/1355/3350
f 3354/1353/3349 3355/1355/3350 3356/1356/3351
f 3357/1357/3352 3356/1356/3351 3355/1355/3350
f 3357/1357/3352 3355/1355/3350 3358/1358/3353
f 3359/1359/3354 3354/1353/3349 3356/1356/3351
f 3357/1357/3352 3359/1359/3354 3356/1356/3351
f 3359/1359/3354 3360/1360/3355 3354/1353/3349
f 3360/1360/3355 3353/1352/3347 3354/1353/3349
f 3360/1360/3355 3361/2465/3356 3353/1352/3347
f 3362/1362/3357 3351/1351/3346 3352/1354/3348
f 3355/1355/3350 3351/1351/3346 3362/1362/3357
f 3362/1362/3357 3352/1354/3348 3363/1363/3358
f 3364/1364/3359 3362/1362/3357 3363/1363/3358
f 3364/1364/3359 3363/1363/3358 3365/1365/3360
f 3362/1362/3357 3364/1364/3359 3366/1366/3361
f 3362/1362/3357 3366/1366/3361 3367/1367/3362
f 3355/1355/3350 3362/1362/3357 3367/1367/3362
f 3367/1367/3362 3366/1366/3361 3368/1368/3363
f 3367/1367/3362 3368/1368/3363 3369/1369/3364
f 3355/1355/3350 3369/1369/3364 3358/1358/3353
f 3355/1355/3350 3367/1367/3362 3369/1369/3364
f 3360/1360/3355 3370/1370/3365 3361/2465/3356
f 3360/1360/3355 3371/1371/3366 3370/1370/3365
f 3371/1371/3366 3360/1360/3355 3359/1359/3354
f 3372/1372/3367 3370/1370/3365 3371/1371/3366
f 3372/1372/3367 3373/1373/3368 3370/1370/3365
f 3373/1373/3368 3374/1374/3369 3370/1370/3365
f 3373/1373/3368 3375/1375/3370 3374/1374/3369
f 3370/1370/3365 3376/1376/3371 3361/2465/3356
f 3370/1370/3365 3374/1374/3369 3376/1376/3371
f 3361/2465/3356 3376/1376/3371 3377/1377/3372
f 3363/1363/3358 3378/1378/3373 3365/1365/3360
f 3363/1363/3358 3379/1379/3374 3378/1378/3373
f 3361/2465/3356 3377/1377/3372 3353/1352/3347
f 3353/1352/3347 3377/1377/3372 3380/1380/3375
f 3353/1352/3347 3380/1380/3375 3352/1354/3348
f 3352/1354/3348 3380/1380/3375 3379/1379/3374
f 3352/1354/3348 3379/1379/3374 3363/1363/3358
f 3381/1381/3376 3383/1382/3377 3382/1384/3378
f 3381/1381/3376 3384/1383/3379 3383/1382/3377
f 3384/1383/3379 3385/1385/3380 3383/1382/3377
f 3384/1383/3379 3386/1386/3381 3385/1385/3380
f 3386/1386/3381 3387/1387/3382 3385/1385/3380
f 3386/1386/3381 3388/1388/3383 3387/1387/3382
f 3389/1389/3384 3381/1381/3376 3382/1384/3378
f 3389/1389/3384 3382/1384/3378 3390/1390/3385
f 3391/1391/3386 3387/1387/3382 3388/1388/3383
f 3391/1391/3386 3388/1388/3383 3392/1392/3387
f 3392/1392/3387 3393/1393/3388 3391/1391/3386
f 3394/1394/3389 3384/1383/3379 3381/1381/3376
f 3394/1394/3389 3386/1386/3381 3384/1383/3379
f 3394/1394/3389 3381/1381/3376 3395/1395/3390
f 3395/1395/3390 3396/1396/3391 3394/1394/3389
f 3395/1395/3390 3397/1397/3392 3396/1396/3391
f 3398/1398/3393 3397/1397/3392 3395/1395/3390
f 3398/1398/3393 3399/1399/3394 3397/1397/3392
f 3398/1398/3393 3400/1400/3395 3399/1399/3394
f 3398/1398/3393 3401/1401/3396 3400/1400/3395
f 3395/1395/3390 3381/1381/3376 3398/1398/3393
f 3381/1381/3376 3401/1401/3396 3398/1398/3393
f 3381/1381/3376 3389/1389/3384 3401/1401/3396
f 3396/1396/3391 3402/1402/3397 3394/1394/3389
f 3403/1403/3398 3388/1388/3383 3402/1402/3397
f 3396/1396/3391 3404/1404/3399 3402/1402/3397
f 3404/1404/3399 3405/1405/3400 3402/1402/3397
f 3403/1403/3398 3402/1402/3397 3405/1405/3400
f 3404/1404/3399 3406/2466/3401 3405/1405/3400
f 3405/1405/3400 3407/1407/3402 3403/1403/3398
f 3406/2466/3401 3407/1407/3402 3405/1405/3400
f 3407/1407/3402 3406/2466/3401 3408/1408/3403
f 3409/1409/3404 3407/1407/3402 3408/1408/3403
f 3409/1409/3404 3410/1410/3405 3407/1407/3402
f 3410/1410/3405 3403/1403/3398 3407/1407/3402
f 3411/1411/3406 3410/1410/3405 3409/1409/3404
f 3401/1401/3396 3412/1412/3407 3400/1400/3395
f 3401/1401/3396 3413/1413/3408 3412/1412/3407
f 3401/1401/3396 3414/1414/3409 3413/1413/3408
f 3401/1401/3396 3389/1389/3384 3414/1414/3409
f 3413/1413/3408 3414/1414/3409 3415/1415/3410
f 3413/1413/3408 3415/1415/3410 3416/1416/3411
f 3413/1413/3408 3417/1417/3412 3412/1412/3407
f 3413/1413/3408 3416/1416/3411 3417/1417/3412
f 3414/1414/3409 3418/1418/3413 3415/1415/3410
f 3414/1414/3409 3419/1419/3414 3418/1418/3413
f 3389/1389/3384 3419/1419/3414 3414/1414/3409
f 3389/1389/3384 3390/1390/3385 3419/1419/3414
f 3416/1416/3411 3415/1415/3410 3420/1420/3415
f 3416/1416/3411 3420/1420/3415 3421/1421/3416
f 3417/1417/3412 3416/1416/3411 3421/1421/3416
f 3421/1421/3416 3420/1420/3415 3422/1422/3417
f 3421/1421/3416 3422/1422/3417 3423/1423/3418
f 3422/1422/3417 3424/1424/3419 3423/1423/3418
f 3422/1422/3417 3425/1425/3420 3424/1424/3419
f 3422/1422/3417 3426/1426/3421 3425/1425/3420
f 3422/1422/3417 3427/1427/3422 3426/1426/3421
f 3428/1428/3423 3425/1425/3420 3426/1426/3421
f 3428/1428/3423 3426/1426/3421 3429/1429/3424
f 3430/1430/3425 3428/1428/3423 3429/1429/3424
f 3430/1430/3425 3424/1424/3419 3431/1432/3426
f 3430/1430/3425 3431/1432/3426 3428/1428/3423
f 3425/1425/3420 3431/1432/3426 3424/1424/3419
f 3425/1425/3420 3428/1428/3423 3431/1432/3426
f 3430/1430/3425 3432/1431/3427 3424/1424/3419
f 3432/1431/3427 3423/1423/3418 3424/1424/3419
f 3433/1433/3428 3421/1421/3416 3423/1423/3418
f 3417/1417/3412 3421/1421/3416 3433/1433/3428
f 3433/1433/3428 3423/1423/3418 3434/1434/3429
f 3432/1431/3427 3434/1434/3429 3423/1423/3418
f 3422/1422/3417 3435/1435/3430 3427/1427/3422
f 3422/1422/3417 3420/1420/3415 3435/1435/3430
f 3415/1415/3410 3435/1435/3430 3420/1420/3415
f 3415/1415/3410 3418/1418/3413 3435/1435/3430
f 3430/1430/3425 3429/1429/3424 3436/1436/3431
f 3437/1392/3432 3438/1437/3432 3393/1393/3388
f 3439/1438/3433 3393/1393/3434 3440/1437/3435
f 3439/1438/3433 3441/1439/3436 3393/1393/3434
f 3442/1411/3437 3439/1438/3433 3440/1437/3435
f 3442/1411/3437 3440/1437/3435 3410/1410/3405
f 3410/1410/3405 3440/1437/3435 3403/1403/3398
f 3440/1437/3435 3443/1392/3438 3403/1403/3398
f 3443/1392/3438 3388/1388/3383 3403/1403/3398
f 3442/1411/3437 3409/1409/3404 3444/1440/3439
f 3388/1388/3383 3386/1386/3381 3402/1402/3397
f 3394/1394/3389 3402/1402/3397 3386/1386/3381
f 3445/1441/3440 3447/1442/3441 3446/1444/3442
f 3445/1441/3440 3448/1443/3443 3447/1442/3441
f 3447/1442/3441 3449/1445/3444 3446/1444/3442
f 3447/1442/3441 3450/1446/3445 3449/1445/3444
f 3449/1445/3444 3450/1446/3445 3451/1447/3446
f 3452/1448/3447 3448/1443/3443 3445/1441/3440
f 3452/1448/3447 3453/1449/3448 3448/1443/3443
f 3445/1441/3440 3446/1444/3442 3454/1450/3449
f 3449/1445/3444 3454/1450/3449 3446/1444/3442
f 3445/1441/3440 3454/1450/3449 3455/1451/3450
f 3449/1445/3444 3456/1452/3451 3454/1450/3449
f 3457/1453/3452 3456/1452/3451 3449/1445/3444
f 3458/1445/3453 3451/1447/3446 3457/1453/3454
f 3457/1453/3452 3459/1454/3455 3456/1452/3451
f 3460/1455/3456 3459/1454/3455 3457/1453/3452
f 3460/1455/3456 3461/1456/3457 3459/1454/3455
f 3462/1457/3458 3461/1456/3457 3460/1455/3456
f 3462/1457/3458 3463/1458/3459 3461/1456/3457
f 3464/1459/3460 3463/1458/3459 3462/1457/3458
f 3465/1460/3461 3464/1459/3460 3462/1457/3458
f 3465/1460/3461 3462/1457/3458 3466/1461/3462
f 3462/1457/3458 3460/1455/3456 3466/1461/3462
f 3465/1460/3461 3466/1461/3462 3467/1462/3463
f 3467/1462/3463 3468/1463/3464 3465/1460/3461
f 3465/1460/3461 3468/1463/3464 3469/1464/3465
f 3467/1462/3463 3470/2467/3466 3468/1463/3464
f 3465/1460/3461 3471/1466/3467 3464/1459/3460
f 3471/1466/3467 3465/1460/3461 3472/2468/3468
f 3472/2468/3468 3465/1460/3461 3469/1464/3465
f 3471/1466/3467 3472/2468/3468 3473/2469/3469
f 3470/2467/3466 3467/1462/3463 3474/1469/3470
f 3474/1469/3470 3467/1462/3463 3466/1461/3462
f 3470/2467/3466 3474/1469/3470 3475/2470/3471
f 3474/1469/3470 3466/1461/3462 3476/1471/3472
f 3476/1471/3472 3466/1461/3462 3460/1455/3456
f 3476/1471/3472 3460/1455/3456 3477/1472/3473
f 3477/1472/3473 3460/1455/3456 3457/1453/3452
f 3477/1472/3473 3457/1453/3452 3478/1473/3474
f 3476/1471/3472 3479/1474/3475 3474/1469/3470
f 3476/1471/3472 3480/1475/3476 3479/1474/3475
f 3477/1472/3473 3480/1475/3476 3476/1471/3472
f 3479/1474/3475 3480/1475/3476 3481/1476/3477
f 3479/1474/3475 3481/1476/3477 3482/1477/3478
f 3483/1478/3479 3479/1474/3475 3482/1477/3478
f 3483/1478/3479 3474/1469/3470 3479/1474/3475
f 3483/1478/3479 3475/2470/3471 3474/1469/3470
f 3484/1479/3480 3475/2470/3471 3483/1478/3479
f 3484/1479/3480 3485/1480/3481 3475/2470/3471
f 3483/1478/3479 3482/1477/3478 3486/1481/3482
f 3487/1482/3483 3481/1476/3477 3480/1475/3476
f 3478/1473/3474 3487/1482/3483 3477/1472/3473
f 3477/1472/3473 3487/1482/3483 3480/1475/3476
f 3487/1482/3483 3488/1483/3484 3481/1476/3477
f 3489/1484/3485 3488/1483/3484 3487/1482/3483
f 3478/1473/3474 3489/1484/3485 3487/1482/3483
f 3489/1484/3485 3490/1485/3486 3488/1483/3484
f 3483/1478/3479 3491/1486/3487 3484/1479/3480
f 3483/1478/3479 3486/1481/3482 3491/1486/3487
f 3484/1479/3480 3492/1487/3488 3485/1480/3481
f 3493/1488/3489 3492/1487/3488 3484/1479/3480
f 3493/1488/3489 3494/1489/3490 3492/1487/3488
f 3493/1488/3489 3495/1490/3491 3494/1489/3490
f 3496/1491/3492 3494/1489/3490 3495/1490/3491
f 3495/1490/3491 3497/1492/3493 3496/1491/3492
f 3495/1490/3491 3498/1493/3494 3497/1492/3493
f 3499/1495/3495 3501/1494/3496 3500/1496/3497
f 3499/1495/3495 3502/1497/3498 3501/1494/3496
f 3500/1496/3497 3501/1494/3496 3503/1498/3499
f 3500/1496/3497 3503/1498/3499 3504/1499/3500
f 3503/1498/3499 3505/1500/3501 3504/1499/3500
f 3506/1501/3502 3503/1498/3499 3501/1494/3496
f 3501/1494/3496 3507/1502/3503 3506/1501/3502
f 3501/1494/3496 3502/1497/3498 3507/1502/3503
f 3508/1503/3504 3500/1496/3497 3504/1499/3500
f 3508/1503/3504 3504/1499/3500 3505/1500/3501
f 3452/1448/3447 3508/1503/3504 3505/1500/3501
f 3452/1448/3447 3505/1500/3501 3509/1504/3505
f 3452/1448/3447 3510/1505/3506 3508/1503/3504
f 3510/1505/3506 3452/1448/3447 3445/1441/3440
f 3510/1505/3506 3445/1441/3440 3455/1451/3450
f 3452/1448/3447 3511/1504/3507 3453/1449/3448
f 3512/1506/3508 3514/1508/3509 3513/1507/3510
f 3512/1506/3508 3515/1509/3511 3514/1508/3509
f 3515/1509/3511 3516/1510/3512 3514/1508/3509
f 3517/1511/3513 3519/1513/3514 3518/1512/3515
f 3520/1514/3516 3517/1511/3513 3518/1512/3515
f 3520/1514/3516 3518/1512/3515 3521/1515/3517
f 3522/1516/3518 3517/1511/3513 3520/1514/3516
f 3523/1517/3519 3520/1514/3516 3521/1515/3517
f 3523/1517/3519 3521/1515/3517 3524/1518/3520
f 3525/1519/3521 3520/1514/3516 3523/1517/3519
f 3525/1519/3521 3522/1516/3518 3520/1514/3516
f 3522/1516/3518 3525/1519/3521 3526/1520/3522
f 3522/1516/3518 3526/1520/3522 3527/1521/3523
f 3527/1521/3523 3528/1522/3524 3522/1516/3518
f 3528/1522/3524 3519/1513/3514 3517/1511/3513
f 3522/1516/3518 3528/1522/3524 3517/1511/3513
f 3527/1521/3523 3529/1523/3525 3528/1522/3524
f 3529/1523/3525 3527/1521/3523 3530/1524/3526
f 3526/1520/3522 3530/1524/3526 3527/1521/3523
f 3529/1523/3525 3530/1524/3526 3531/1525/3527
f 3531/1525/3527 3532/1526/3528 3529/1523/3525
f 3531/1525/3527 3533/1527/3529 3532/1526/3528
f 3534/1528/3530 3529/1523/3525 3532/1526/3528
f 3534/1528/3530 3528/1522/3524 3529/1523/3525
f 3534/1528/3530 3519/1513/3514 3528/1522/3524
f 3534/1528/3530 3532/1526/3528 3535/1529/3531
f 3535/1529/3531 3533/1527/3529 3536/1530/3532
f 3535/1529/3531 3532/1526/3528 3537/1527/3533
f 3526/1520/3522 3538/1531/3534 3530/1524/3526
f 3526/1520/3522 3539/1532/3535 3538/1531/3534
f 3526/1520/3522 3540/1533/3536 3539/1532/3535
f 3540/1533/3536 3526/1520/3522 3525/1519/3521
f 3523/1517/3519 3540/1533/3536 3525/1519/3521
f 3523/1517/3519 3541/1534/3537 3540/1533/3536
f 3542/1535/3538 3541/1534/3537 3523/1517/3519
f 3542/1535/3538 3523/1517/3519 3524/1518/3520
f 3524/1518/3520 3543/1536/3539 3542/1535/3538
f 3524/1518/3520 3544/1537/3540 3543/1536/3539
f 3524/1518/3520 3545/1538/3541 3544/1537/3540
f 3546/1539/3542 3544/1537/3540 3545/1538/3541
f 3545/1538/3541 3547/1540/3543 3546/1539/3542
f 3545/1538/3541 3548/1541/3544 3547/1540/3543
f 3521/1515/3517 3548/1541/3544 3545/1538/3541
f 3524/1518/3520 3521/1515/3517 3545/1538/3541
f 3521/1515/3517 3518/1512/3515 3548/1541/3544
f 3546/1539/3542 3549/1542/3545 3544/1537/3540
f 3549/1542/3545 3543/1536/3539 3544/1537/3540
f 3550/1543/3546 3552/1545/3547 3551/1544/3548
f 3551/1544/3548 3553/1546/3549 3550/1543/3546
f 3554/1547/3550 3551/1544/3548 3552/1545/3547
f 3551/1544/3548 3554/1547/3550 3555/1548/3551
f 3556/1549/3552 3555/1548/3551 3554/1547/3550
f 3556/1549/3552 3554/1547/3550 3557/1550/3553
f 3554/1547/3550 3558/1551/3554 3557/1550/3553
f 3557/1550/3553 3558/1551/3554 3559/1552/3555
f 3556/1549/3552 3557/1550/3553 3559/1552/3555
f 3556/1549/3552 3559/1552/3555 3560/1553/3556
f 3560/1553/3556 3559/1552/3555 3561/1554/3557
f 3559/1552/3555 3562/1555/3558 3561/1554/3557
f 3560/1553/3556 3561/1554/3557 3563/1556/3559
f 3563/1556/3559 3564/1557/3560 3560/1553/3556
f 3560/1553/3556 3565/1558/3561 3556/1549/3552
f 3560/1553/3556 3564/1557/3560 3565/1558/3561
f 3565/1558/3561 3555/1548/3551 3556/1549/3552
f 3565/1558/3561 3564/1557/3560 3566/1559/3562
f 3565/1558/3561 3566/1559/3562 3567/1560/3563
f 3566/1559/3562 3568/1561/3564 3567/1560/3563
f 3569/1562/3565 3567/1560/3563 3568/1561/3564
f 3569/1562/3565 3568/1561/3564 3570/1563/3566
f 3566/1559/3562 3571/1564/3567 3568/1561/3564
f 3572/1565/3568 3568/1561/3564 3571/1564/3567
f 3572/1565/3568 3571/1564/3567 3573/1566/3569
f 3574/1567/3570 3572/1565/3568 3573/1566/3569
f 3574/1567/3570 3573/1566/3569 3575/1568/3571
f 3576/1569/3572 3572/1565/3568 3574/1567/3570
f 3576/1569/3572 3577/1570/3573 3572/1565/3568
f 3577/1570/3573 3568/1561/3564 3572/1565/3568
f 3577/1570/3573 3570/1563/3566 3568/1561/3564
f 3578/1571/3574 3575/1568/3571 3573/1566/3569
f 3578/1571/3574 3579/1572/3575 3575/1568/3571
f 3580/1573/3576 3578/1571/3574 3573/1566/3569
f 3571/1564/3567 3580/1573/3576 3573/1566/3569
f 3578/1571/3574 3580/1573/3576 3581/1574/3577
f 3578/1571/3574 3581/1574/3577 3582/1575/3578
f 3582/1575/3578 3579/1572/3575 3578/1571/3574
f 3582/1575/3578 3583/1576/3579 3579/1572/3575
f 3584/1577/3580 3583/1576/3579 3582/1575/3578
f 3584/1577/3580 3585/1578/3581 3583/1576/3579
f 3585/1578/3581 3584/1577/3580 3586/1579/3582
f 3584/1577/3580 3587/1580/3583 3586/1579/3582
f 3584/1577/3580 3588/1581/3584 3587/1580/3583
f 3582/1575/3578 3588/1581/3584 3584/1577/3580
f 3582/1575/3578 3581/1574/3577 3588/1581/3584
f 3589/1582/3585 3587/1580/3583 3588/1581/3584
f 3589/1582/3585 3588/1581/3584 3590/1583/3586
f 3581/1574/3577 3590/1583/3586 3588/1581/3584
f 3585/1578/3581 3586/1579/3582 3591/1584/3587
f 3592/1585/3588 3586/1579/3582 3587/1580/3583
f 3592/1585/3588 3587/1580/3583 3589/1582/3585
f 3592/1585/3588 3589/1582/3585 3593/1586/3589
f 3592/1585/3588 3593/1586/3589 3594/1587/3590
f 3594/1587/3590 3593/1586/3589 3595/1588/3591
f 3596/1589/3592 3594/1587/3590 3595/1588/3591
f 3597/1590/3593 3594/1587/3590 3596/1589/3592
f 3592/1585/3588 3594/1587/3590 3597/1590/3593
f 3598/1591/3594 3592/1585/3588 3597/1590/3593
f 3598/1591/3594 3591/1584/3587 3586/1579/3582
f 3598/1591/3594 3586/1579/3582 3592/1585/3588
f 3598/1591/3594 3599/1592/3595 3591/1584/3587
f 3599/1592/3595 3598/1591/3594 3600/1593/3596
f 3599/1592/3595 3600/1593/3596 3601/1594/3597
f 3602/1595/3598 3601/1594/3597 3600/1593/3596
f 3602/1595/3598 3600/1593/3596 3603/1596/3599
f 3604/1597/3600 3603/1596/3599 3600/1593/3596
f 3604/1597/3600 3605/1598/3601 3603/1596/3599
f 3600/1593/3596 3598/1591/3594 3606/1599/3602
f 3598/1591/3594 3597/1590/3593 3606/1599/3602
f 3607/1600/3603 3605/1598/3601 3604/1597/3600
f 3607/1600/3603 3608/1601/3604 3605/1598/3601
f 3609/1602/3605 3608/1601/3604 3607/1600/3603
f 3607/1600/3603 3610/1603/3606 3609/1602/3605
f 3607/1600/3603 3611/1604/3607 3610/1603/3606
f 3612/1605/3608 3611/1604/3607 3607/1600/3603
f 3612/1605/3608 3600/1593/3596 3606/1599/3602
f 3612/1605/3608 3604/1597/3600 3600/1593/3596
f 3597/1590/3593 3612/1605/3608 3606/1599/3602
f 3604/1597/3600 3612/1605/3608 3607/1600/3603
f 3611/1604/3607 3613/1606/3609 3610/1603/3606
f 3611/1604/3607 3614/1607/3610 3613/1606/3609
f 3615/1608/3611 3614/1607/3610 3611/1604/3607
f 3612/1605/3608 3615/1608/3611 3611/1604/3607
f 3615/1608/3611 3596/1589/3592 3614/1607/3610
f 3610/1603/3606 3613/1606/3609 3616/1609/3612
f 3610/1603/3606 3616/1609/3612 3617/1610/3613
f 3610/1603/3606 3617/1610/3613 3609/1602/3605
f 3618/1611/3614 3608/1601/3604 3609/1602/3605
f 3609/1602/3605 3619/1612/3615 3618/1611/3614
f 3619/1612/3615 3609/1602/3605 3620/1613/3616
f 3609/1602/3605 3617/1610/3613 3620/1613/3616
f 3597/1590/3593 3615/1608/3611 3612/1605/3608
f 3597/1590/3593 3596/1589/3592 3615/1608/3611
f 3621/1614/3617 3552/1545/3547 3622/1615/3618
f 3552/1545/3547 3621/1614/3617 3554/1547/3550
f 3550/1543/3546 3622/1615/3618 3552/1545/3547
f 3623/1663/3619 3625/1664/3620 3624/1666/3621
f 3623/1663/3619 3626/1665/3622 3625/1664/3620
f 3625/1664/3620 3626/1665/3622 3627/1667/3623
f 3626/1665/3622 3628/1668/3624 3627/1667/3623
f 3626/1665/3622 3629/1669/3625 3628/1668/3624
f 3629/1669/3625 3630/1670/3626 3628/1668/3624
f 3631/1671/3627 3630/1670/3626 3629/1669/3625
f 3625/1664/3620 3627/1667/3623 3632/1672/3628
f 3561/1554/3557 3625/1664/3620 3632/1672/3628
f 3561/1554/3557 3632/1672/3628 3563/1556/3559
f 3563/1556/3559 3632/1672/3628 3633/1673/3629
f 3632/1672/3628 3627/1667/3623 3634/1674/3630
f 3632/1672/3628 3634/1674/3630 3635/1675/3631
f 3632/1672/3628 3635/1675/3631 3633/1673/3629
f 3634/1674/3630 3636/1676/3632 3635/1675/3631
f 3634/1674/3630 3637/1677/3633 3636/1676/3632
f 3634/1674/3630 3638/1678/3634 3637/1677/3633
f 3634/1674/3630 3639/1679/3635 3638/1678/3634
f 3639/1679/3635 3627/1667/3623 3628/1668/3624
f 3639/1679/3635 3634/1674/3630 3627/1667/3623
f 3640/1680/3636 3638/1678/3634 3639/1679/3635
f 3640/1680/3636 3639/1679/3635 3641/1681/3637
f 3642/1682/3638 3636/1676/3632 3637/1677/3633
f 3642/1682/3638 3637/1677/3633 3643/1683/3639
f 3643/1683/3639 3637/1677/3633 3638/1678/3634
f 3563/1556/3559 3633/1673/3629 3564/1557/3560
f 3564/1557/3560 3633/1673/3629 3644/1684/3640
f 3642/1682/3638 3644/1684/3640 3636/1676/3632
f 3635/1675/3631 3636/1676/3632 3644/1684/3640
f 3635/1675/3631 3644/1684/3640 3633/1673/3629
f 3564/1557/3560 3644/1684/3640 3566/1559/3562
f 3566/1559/3562 3644/1684/3640 3645/1685/3641
f 3642/1682/3638 3645/1685/3641 3644/1684/3640
f 3640/1680/3636 3646/1686/3642 3638/1678/3634
f 3643/1683/3639 3638/1678/3634 3646/1686/3642
f 3640/1680/3636 3595/1588/3591 3646/1686/3642
f 3642/1682/3638 3647/1687/3643 3645/1685/3641
f 3642/1682/3638 3648/1688/3644 3647/1687/3643
f 3648/1688/3644 3642/1682/3638 3643/1683/3639
f 3566/1559/3562 3645/1685/3641 3571/1564/3567
f 3571/1564/3567 3645/1685/3641 3647/1687/3643
f 3648/1688/3644 3643/1683/3639 3590/1583/3586
f 3646/1686/3642 3590/1583/3586 3643/1683/3639
f 3581/1574/3577 3648/1688/3644 3590/1583/3586
f 3646/1686/3642 3589/1582/3585 3590/1583/3586
f 3593/1586/3589 3646/1686/3642 3595/1588/3591
f 3593/1586/3589 3589/1582/3585 3646/1686/3642
f 3580/1573/3576 3648/1688/3644 3581/1574/3577
f 3580/1573/3576 3647/1687/3643 3648/1688/3644
f 3571/1564/3567 3647/1687/3643 3580/1573/3576
f 3649/1689/3645 3650/1690/3646 3629/1669/3625
f 3649/1689/3645 3651/1691/3647 3650/1690/3646
f 3652/1692/3648 3650/1690/3646 3651/1691/3647
f 3652/1692/3648 3653/1693/3649 3650/1690/3646
f 3631/1671/3627 3650/1690/3646 3653/1693/3649
f 3631/1671/3627 3629/1669/3625 3650/1690/3646
f 3631/1671/3627 3653/1693/3649 3654/1694/3650
f 3631/1671/3627 3654/1694/3650 3655/1695/3651
f 3626/1665/3622 3649/1689/3645 3629/1669/3625
f 3626/1665/3622 3623/1663/3619 3649/1689/3645
f 3631/1671/3627 3655/1695/3651 3656/1696/3652
f 3656/1696/3652 3630/1670/3626 3631/1671/3627
f 3656/1696/3652 3657/1697/3653 3630/1670/3626
f 3657/1697/3653 3658/1698/3654 3630/1670/3626
f 3657/1697/3653 3659/1699/3655 3658/1698/3654
f 3660/1700/3656 3659/1699/3655 3657/1697/3653
f 3657/1697/3653 3656/1696/3652 3661/1701/3657
f 3660/1700/3656 3657/1697/3653 3661/1701/3657
f 3628/1668/3624 3630/1670/3626 3658/1698/3654
f 3662/1702/3658 3658/1698/3654 3659/1699/3655
f 3628/1668/3624 3658/1698/3654 3662/1702/3658
f 3628/1668/3624 3662/1702/3658 3639/1679/3635
f 3662/1702/3658 3641/1681/3637 3639/1679/3635
f 3661/1701/3657 3663/1703/3659 3660/1700/3656
f 3661/1701/3657 3664/1704/3660 3663/1703/3659
f 3661/1701/3657 3665/1705/3661 3664/1704/3660
f 3661/1701/3657 3666/1706/3662 3665/1705/3661
f 3661/1701/3657 3667/1707/3663 3666/1706/3662
f 3667/1707/3663 3661/1701/3657 3656/1696/3652
f 3667/1707/3663 3655/1695/3651 3666/1706/3662
f 3666/1706/3662 3668/1708/3664 3665/1705/3661
f 3655/1695/3651 3667/1707/3663 3656/1696/3652
f 3669/1709/3665 3671/1711/3666 3670/1710/3667
f 3672/1712/3668 3671/1711/3666 3669/1709/3665
f 3669/1709/3665 3670/1710/3667 3673/1713/3669
f 3673/1713/3669 3674/1714/3670 3669/1709/3665
f 3674/1714/3670 3675/1715/3671 3669/1709/3665
f 3675/1715/3671 3672/1712/3668 3669/1709/3665
f 3673/1713/3669 3676/1716/3672 3674/1714/3670
f 3674/1714/3670 3677/1717/3673 3675/1715/3671
f 3678/1718/3674 3675/1715/3671 3677/1717/3673
f 3678/1718/3674 3672/1712/3668 3675/1715/3671
f 3679/1719/3675 3672/1712/3668 3678/1718/3674
f 3680/1720/3676 3679/1719/3675 3678/1718/3674
f 3680/1720/3676 3678/1718/3674 3681/1721/3677
f 3681/1721/3677 3678/1718/3674 3682/1722/3678
f 3678/1718/3674 3677/1717/3673 3682/1722/3678
f 3680/1720/3676 3681/1721/3677 3683/1723/3679
f 3683/1723/3679 3681/1721/3677 3684/1724/3680
f 3681/1721/3677 3682/1722/3678 3684/1724/3680
f 3682/1722/3678 3685/1725/3681 3684/1724/3680
f 3683/1723/3679 3684/1724/3680 3686/1726/3682
f 3687/1727/3683 3686/1726/3682 3684/1724/3680
f 3688/1728/3684 3687/1727/3683 3684/1724/3680
f 3688/1728/3684 3684/1724/3680 3685/1725/3681
f 3689/1729/3685 3687/1727/3683 3688/1728/3684
f 3689/1729/3685 3690/1730/3686 3687/1727/3683
f 3691/1731/3687 3690/1730/3686 3689/1729/3685
f 3689/1729/3685 3692/1732/3688 3691/1731/3687
f 3691/1731/3687 3693/1733/3689 3690/1730/3686
f 3691/1731/3687 3692/1732/3688 3694/1734/3690
f 3691/1731/3687 3694/1734/3690 3695/1735/3691
f 3695/1735/3691 3693/1733/3689 3691/1731/3687
f 3696/1736/3692 3687/1727/3683 3690/1730/3686
f 3693/1733/3689 3696/1736/3692 3690/1730/3686
f 3696/1736/3692 3697/1737/3693 3687/1727/3683
f 3686/1726/3682 3687/1727/3683 3697/1737/3693
f 3697/1737/3693 3696/1736/3692 3698/1738/3694
f 3693/1733/3689 3698/1738/3694 3696/1736/3692
f 3697/1737/3693 3698/1738/3694 3699/1739/3695
f 3699/1739/3695 3700/1740/3696 3697/1737/3693
f 3700/1740/3696 3686/1726/3682 3697/1737/3693
f 3699/1739/3695 3701/1741/3697 3700/1740/3696
f 3701/1741/3697 3702/1742/3698 3700/1740/3696
f 3701/1741/3697 3703/1743/3699 3702/1742/3698
f 3704/1744/3700 3694/1734/3690 3692/1732/3688
f 3704/1744/3700 3705/1745/3701 3694/1734/3690
f 3706/1746/3702 3705/1745/3701 3704/1744/3700
f 3706/1746/3702 3704/1744/3700 3707/1747/3703
f 3708/1748/3704 3693/1733/3689 3695/1735/3691
f 3708/1748/3704 3709/1749/3705 3693/1733/3689
f 3709/1749/3705 3708/1748/3704 3710/1750/3706
f 3711/1751/3707 3710/1750/3706 3708/1748/3704
f 3711/1751/3707 3708/1748/3704 3712/1752/3708
f 3712/1752/3708 3713/1753/3709 3711/1751/3707
f 3712/1752/3708 3714/1754/3710 3713/1753/3709
f 3695/1735/3691 3712/1752/3708 3708/1748/3704
f 3695/1735/3691 3694/1734/3690 3712/1752/3708
f 3694/1734/3690 3714/1754/3710 3712/1752/3708
f 3694/1734/3690 3705/1745/3701 3714/1754/3710
f 3715/1755/3711 3713/1753/3709 3714/1754/3710
f 3716/1756/3712 3705/1745/3701 3706/1746/3702
f 3716/1756/3712 3714/1754/3710 3705/1745/3701
f 3715/1755/3711 3714/1754/3710 3716/1756/3712
f 3717/1757/3713 3711/1751/3707 3713/1753/3709
f 3717/1757/3713 3713/1753/3709 3718/1758/3714
f 3717/1757/3713 3718/1758/3714 3719/1759/3715
f 3717/1757/3713 3719/1759/3715 3720/1760/3716
f 3720/1760/3716 3721/1761/3717 3717/1757/3713
f 3720/1760/3716 3722/1762/3718 3721/1761/3717
f 3723/1763/3719 3721/1761/3717 3722/1762/3718
f 3723/1763/3719 3722/1762/3718 3724/1764/3720
f 3724/1764/3720 3725/1765/3721 3723/1763/3719
f 3724/1764/3720 3726/1766/3722 3725/1765/3721
f 3725/1765/3721 3726/1766/3722 3727/1767/3723
f 3727/1767/3723 3726/1766/3722 3728/1768/3724
f 3729/1769/3725 3728/1768/3724 3726/1766/3722
f 3729/1769/3725 3730/1770/3726 3728/1768/3724
f 3730/1770/3726 3729/1769/3725 3731/1771/3727
f 3730/1770/3726 3731/1771/3727 3732/1772/3728
f 3731/1771/3727 3733/1773/3729 3732/1772/3728
f 3731/1771/3727 3734/1774/3730 3733/1773/3729
f 3734/1774/3730 3735/1775/3731 3733/1773/3729
f 3734/1774/3730 3719/1759/3715 3735/1775/3731
f 3727/1767/3723 3728/1768/3724 3736/1776/3732
f 3737/1777/3733 3727/1767/3723 3736/1776/3732
f 3738/1778/3734 3737/1777/3733 3736/1776/3732
f 3728/1768/3724 3738/1778/3734 3736/1776/3732
f 3738/1778/3734 3739/1779/3735 3737/1777/3733
f 3740/1780/3736 3739/1779/3735 3738/1778/3734
f 3740/1780/3736 3741/1781/3737 3739/1779/3735
f 3737/1777/3733 3742/1782/3738 3727/1767/3723
f 3738/1778/3734 3743/1783/3739 3740/1780/3736
f 3738/1778/3734 3744/1784/3740 3743/1783/3739
f 3745/1785/3741 3739/1779/3735 3741/1781/3737
f 3745/1785/3741 3741/1781/3737 3746/1786/3742
f 3746/1786/3742 3747/1787/3743 3745/1785/3741
f 3748/1788/3744 3745/1785/3741 3747/1787/3743
f 3747/1787/3743 3749/1789/3745 3748/1788/3744
f 3748/1788/3744 3749/1789/3745 3750/1790/3746
f 3748/1788/3744 3750/1790/3746 3751/1791/3747
f 3748/1788/3744 3751/1791/3747 3752/1792/3748
f 3752/1792/3748 3742/1782/3738 3737/1777/3733
f 3753/1793/3749 3752/1792/3748 3751/1791/3747
f 3753/1793/3749 3751/1791/3747 3754/1794/3750
f 3755/1795/3751 3754/1794/3750 3751/1791/3747
f 3755/1795/3751 3751/1791/3747 3756/1796/3752
f 3748/1788/3744 3752/1792/3748 3757/1797/3753
f 3748/1788/3744 3757/1797/3753 3745/1785/3741
f 3747/1787/3743 3758/1798/3754 3749/1789/3745
f 3758/1798/3754 3747/1787/3743 2501/1799/2501
f 3759/1786/3755 2501/1799/2501 3747/1787/3743
f 3749/1789/3745 3758/1798/3754 3760/1800/3756
f 3761/1801/3757 3750/1790/3746 3749/1789/3745
f 3749/1789/3745 3760/1800/3756 3761/1801/3757
f 3761/1801/3757 3762/1802/3758 3750/1790/3746
f 3751/1791/3747 3762/1802/3758 3756/1796/3752
f 3751/1791/3747 3750/1790/3746 3762/1802/3758
f 3752/1792/3748 3737/1777/3733 3757/1797/3753
f 3757/1797/3753 3737/1777/3733 3739/1779/3735
f 3757/1797/3753 3739/1779/3735 3745/1785/3741
f 3763/1803/3759 3755/1795/3751 3756/1796/3752
f 3764/1804/3760 3763/1803/3759 3756/1796/3752
f 3764/1804/3760 3756/1796/3752 3762/1802/3758
f 3764/1804/3760 3765/1805/3761 3763/1803/3759
f 3765/1805/3761 3766/1806/3762 3763/1803/3759
f 3765/1805/3761 3767/1807/3763 3766/1806/3762
f 3767/1807/3763 3765/1805/3761 3768/1808/3764
f 3767/1807/3763 3768/1808/3764 3769/1809/3765
f 3763/1803/3759 3766/1806/3762 3770/1810/3766
f 3763/1803/3759 3770/1810/3766 3771/1811/3767
f 3772/1812/3768 3771/1811/3767 3770/1810/3766
f 3772/1812/3768 3773/1813/3769 3771/1811/3767
f 3774/1814/3770 3768/1808/3764 3765/1805/3761
f 3765/1805/3761 3764/1804/3760 3774/1814/3770
f 3774/1814/3770 3775/1815/3771 3768/1808/3764
f 3767/1807/3763 3769/1809/3765 3776/1816/3772
f 3767/1807/3763 3776/1816/3772 3777/1817/3773
f 3777/1817/3773 3766/1806/3762 3767/1807/3763
f 3778/1819/3774 3777/1817/3773 3776/1816/3772
f 3778/1819/3774 3776/1816/3772 3779/1818/3775
f 3780/1820/3776 3777/1817/3773 3778/1819/3774
f 3777/1817/3773 3780/1820/3776 3766/1806/3762
f 3780/1820/3776 3770/1810/3766 3766/1806/3762
f 3780/1820/3776 3778/1819/3774 3781/1821/3777
f 3780/1820/3776 3782/1822/3778 3770/1810/3766
f 3782/1822/3778 3780/1820/3776 3781/1821/3777
f 3783/1823/3779 3770/1810/3766 3782/1822/3778
f 3783/1823/3779 3772/1812/3768 3770/1810/3766
f 3782/1822/3778 3784/2471/3780 3783/1823/3779
f 3783/1823/3779 3784/2471/3780 3785/1825/3781
f 3783/1823/3779 3786/1826/3782 3772/1812/3768
f 3783/1823/3779 3785/1825/3781 3786/1826/3782
f 3787/1827/3783 3772/1812/3768 3786/1826/3782
f 3786/1826/3782 3788/1828/3784 3787/1827/3783
f 3787/1827/3783 3788/1828/3784 3789/1829/3785
f 3788/1828/3784 3790/1830/3786 3789/1829/3785
f 3788/1828/3784 3791/1831/3787 3790/1830/3786
f 3787/1827/3783 3789/1829/3785 3792/1832/3788
f 3793/1833/3789 3787/1827/3783 3792/1832/3788
f 3793/1833/3789 3792/1832/3788 3794/1834/3790
f 3795/1835/3791 3791/1831/3787 3788/1828/3784
f 3786/1826/3782 3795/1835/3791 3788/1828/3784
f 3785/1825/3781 3795/1835/3791 3786/1826/3782
f 3795/1835/3791 3796/1836/3792 3791/1831/3787
f 3787/1827/3783 3793/1833/3789 3772/1812/3768
f 3785/1825/3781 3797/1837/3793 3795/1835/3791
f 3797/1837/3793 3796/1836/3792 3795/1835/3791
f 3797/1837/3793 3798/1838/3794 3796/1836/3792
f 3799/1839/3795 3798/1838/3794 3797/1837/3793
f 3800/1840/3796 3798/1838/3794 3799/1839/3795
f 3800/1840/3796 3801/1841/3797 3798/1838/3794
f 3799/1839/3795 3797/1837/3793 3802/1842/3798
f 3798/1838/3794 3803/1843/3799 3796/1836/3792
f 3798/1838/3794 3801/1841/3797 3803/1843/3799
f 3789/1829/3785 3790/1830/3786 3703/1743/3699
f 3699/1739/3695 3794/1834/3790 3792/1832/3788
f 3792/1832/3788 3701/1741/3697 3699/1739/3695
f 3789/1829/3785 3703/1743/3699 3701/1741/3697
f 3792/1832/3788 3789/1829/3785 3701/1741/3697
f 3699/1739/3695 3698/1738/3694 3794/1834/3790
f 3785/1825/3781 3802/1842/3798 3797/1837/3793
f 3785/1825/3781 3804/2472/3800 3802/1842/3798
f 3785/1825/3781 3784/2471/3780 3804/2472/3800
f 3782/1822/3778 3805/2473/3801 3784/2471/3780
f 3782/1822/3778 3781/1821/3777 3805/2473/3801
f 3806/1844/3802 3796/1836/3792 3803/1843/3799
f 3806/1844/3802 3791/1831/3787 3796/1836/3792
f 3807/1845/3803 3791/1831/3787 3806/1844/3802
f 3807/1845/3803 3790/1830/3786 3791/1831/3787
f 3808/1846/3804 3790/1830/3786 3807/1845/3803
f 3808/1846/3804 3703/1743/3699 3790/1830/3786
f 3702/1742/3698 3703/1743/3699 3808/1846/3804
f 3702/1742/3698 3808/1846/3804 3809/1847/3805
f 3810/1848/3806 3702/1742/3698 3809/1847/3805
f 3810/1848/3806 3811/1849/3807 3702/1742/3698
f 3700/1740/3696 3702/1742/3698 3811/1849/3807
f 3700/1740/3696 3811/1849/3807 3686/1726/3682
f 3811/1849/3807 3683/1723/3679 3686/1726/3682
f 3812/1942/3808 3811/1849/3807 3810/1848/3806
f 3812/1942/3808 3683/1723/3679 3811/1849/3807
f 3680/1720/3676 3683/1723/3679 3812/1942/3808
f 3677/1717/3673 3814/1855/3809 3813/1857/3810
f 3677/1717/3673 3815/1856/3811 3814/1855/3809
f 3677/1717/3673 3813/1857/3810 3682/1722/3678
f 3674/1714/3670 3815/1856/3811 3677/1717/3673
f 3813/1857/3810 3814/1855/3809 3816/1858/3812
f 3813/1857/3810 3816/1858/3812 3817/1859/3813
f 3817/1859/3813 3682/1722/3678 3813/1857/3810
f 3816/1858/3812 3818/1860/3814 3817/1859/3813
f 3818/1860/3814 3819/1235/3815 3817/1859/3813
f 3817/1859/3813 3820/1861/3816 3682/1722/3678
f 3817/1859/3813 3819/1235/3815 3820/1861/3816
f 3682/1722/3678 3820/1861/3816 3685/1725/3681
f 3820/1861/3816 3821/1231/3817 3685/1725/3681
f 3819/1235/3815 3821/1231/3817 3820/1861/3816
f 3819/1235/3815 3822/1234/3818 3821/1231/3817
f 3822/1234/3818 3286/1228/3284 3821/1231/3817
f 3821/1231/3817 3286/1228/3284 3823/1230/3819
f 3821/1231/3817 3823/1230/3819 3824/1232/3820
f 3821/1231/3817 3824/1232/3820 3685/1725/3681
f 3824/1232/3820 3688/1728/3684 3685/1725/3681
f 3824/1232/3820 3825/1862/3821 3688/1728/3684
f 3826/1863/3822 3688/1728/3684 3825/1862/3821
f 3826/1863/3822 3825/1862/3821 3827/1864/3823
f 3826/1863/3822 3827/1864/3823 3828/1865/3824
f 3828/1865/3824 3827/1864/3823 3829/1866/3825
f 3829/1866/3825 3827/1864/3823 3825/1862/3821
f 3828/1865/3824 3829/1866/3825 3830/1867/3826
f 3826/1863/3822 3828/1865/3824 3831/1868/3827
f 3832/1869/3828 3831/1868/3827 3828/1865/3824
f 3832/1869/3828 3833/1870/3829 3831/1868/3827
f 3834/1871/3830 3832/1869/3828 3828/1865/3824
f 3834/1871/3830 3828/1865/3824 3835/1867/3831
f 3835/1867/3831 3836/1872/3832 3834/1871/3830
f 3835/1867/3831 3837/1873/3833 3836/1872/3832
f 3836/1872/3832 3837/1873/3833 3838/1874/3834
f 3836/1872/3832 3838/1874/3834 3839/1875/3835
f 3840/1876/3836 3839/1875/3835 3838/1874/3834
f 3840/1876/3836 3841/1877/3837 3839/1875/3835
f 3842/1878/3838 3836/1872/3832 3839/1875/3835
f 3834/1871/3830 3836/1872/3832 3842/1878/3838
f 3842/1878/3838 3839/1875/3835 3843/1879/3839
f 3843/1879/3839 3839/1875/3835 3841/1877/3837
f 3834/1871/3830 3842/1878/3838 3844/1880/3840
f 3834/1871/3830 3845/1881/3841 3832/1869/3828
f 3834/1871/3830 3844/1880/3840 3845/1881/3841
f 3846/1882/3842 3841/1877/3837 3840/1876/3836
f 3847/1883/3843 3843/1879/3839 3841/1877/3837
f 3847/1883/3843 3841/1877/3837 3848/1884/3844
f 3849/1882/3845 3848/1884/3844 3841/1877/3837
f 3850/1885/3846 3848/1884/3844 3846/1882/3842
f 3850/1885/3846 3847/1883/3843 3848/1884/3844
f 3851/1886/3847 3847/1883/3843 3850/1885/3846
f 3851/1886/3847 3852/1887/3848 3847/1883/3843
f 3852/1887/3848 3843/1879/3839 3847/1883/3843
f 3853/1888/3849 3852/1887/3848 3851/1886/3847
f 3853/1888/3849 3854/1889/3850 3852/1887/3848
f 3854/1889/3850 3843/1879/3839 3852/1887/3848
f 3854/1889/3850 3855/1890/3851 3843/1879/3839
f 3842/1878/3838 3843/1879/3839 3855/1890/3851
f 3845/1881/3841 3844/1880/3840 3855/1890/3851
f 3842/1878/3838 3855/1890/3851 3844/1880/3840
f 3856/1891/3852 3854/1889/3850 3853/1888/3849
f 3856/1891/3852 3855/1890/3851 3854/1889/3850
f 3845/1881/3841 3855/1890/3851 3856/1891/3852
f 3857/1892/3853 3850/1885/3846 3849/1882/3854
f 3858/1893/3855 3845/1881/3841 3856/1891/3852
f 3858/1893/3855 3832/1869/3828 3845/1881/3841
f 3858/1893/3855 3833/1870/3829 3832/1869/3828
f 3692/1732/3688 3833/1870/3829 3858/1893/3855
f 3692/1732/3688 3858/1893/3855 3704/1744/3700
f 3858/1893/3855 3856/1891/3852 3704/1744/3700
f 3704/1744/3700 3856/1891/3852 3853/1888/3849
f 3857/1892/3853 3859/1894/3856 3850/1885/3846
f 3859/1894/3856 3853/1888/3849 3851/1886/3847
f 3850/1885/3846 3859/1894/3856 3851/1886/3847
f 3704/1744/3700 3853/1888/3849 3707/1747/3703
f 3853/1888/3849 3859/1894/3856 3707/1747/3703
f 3831/1868/3827 3833/1870/3829 3692/1732/3688
f 3831/1868/3827 3692/1732/3688 3826/1863/3822
f 3692/1732/3688 3689/1729/3685 3826/1863/3822
f 3826/1863/3822 3689/1729/3685 3688/1728/3684
f 3860/1895/3857 3707/1747/3703 3859/1894/3856
f 3860/1895/3857 3706/1746/3702 3707/1747/3703
f 3860/1895/3857 3861/1896/3858 3706/1746/3702
f 3861/1896/3858 3860/1895/3857 3862/1897/3859
f 3861/1896/3858 3862/1897/3859 3863/1898/3860
f 3864/1899/3861 3863/1898/3860 3862/1897/3859
f 3864/1899/3861 3865/1900/3862 3863/1898/3860
f 3866/1901/3863 3864/1899/3861 3862/1897/3859
f 3860/1895/3857 3866/1901/3863 3862/1897/3859
f 3866/1901/3863 3324/1271/3322 3864/1899/3861
f 3324/1271/3322 3326/1273/3324 3864/1899/3861
f 3860/1895/3857 3313/1260/3311 3866/1901/3863
f 3313/1260/3311 3314/1261/3312 3866/1901/3863
f 3859/1894/3856 3313/1260/3311 3860/1895/3857
f 3859/1894/3856 3300/1247/3298 3313/1260/3311
f 3317/1264/3315 3866/1901/3863 3314/1261/3312
f 3317/1264/3315 3324/1271/3322 3866/1901/3863
f 3859/1894/3856 3857/1892/3853 3300/1247/3298
f 3865/1900/3862 3867/1902/3864 3863/1898/3860
f 3865/1900/3862 3868/1903/3865 3867/1902/3864
f 3867/1902/3864 3868/1903/3865 3869/1904/3866
f 3869/1904/3866 3870/1905/3867 3867/1902/3864
f 3868/1903/3865 3871/1906/3868 3869/1904/3866
f 3871/1906/3868 3872/1907/3869 3869/1904/3866
f 3869/1904/3866 3872/1907/3869 3873/1908/3870
f 3869/1904/3866 3873/1908/3870 3870/1905/3867
f 3872/1907/3869 3874/1909/3871 3873/1908/3870
f 3875/1910/3872 3874/1909/3871 3872/1907/3869
f 3875/1910/3872 3876/1911/3873 3874/1909/3871
f 3877/1912/3874 3874/1909/3871 3876/1911/3873
f 3877/1912/3874 3876/1911/3873 3744/1784/3740
f 3728/1768/3724 3877/1912/3874 3744/1784/3740
f 3728/1768/3724 3744/1784/3740 3738/1778/3734
f 3728/1768/3724 3730/1770/3726 3877/1912/3874
f 3877/1912/3874 3730/1770/3726 3732/1772/3728
f 3877/1912/3874 3732/1772/3728 3878/1913/3875
f 3878/1913/3875 3874/1909/3871 3877/1912/3874
f 3878/1913/3875 3873/1908/3870 3874/1909/3871
f 3870/1905/3867 3873/1908/3870 3878/1913/3875
f 3732/1772/3728 3879/1914/3876 3878/1913/3875
f 3870/1905/3867 3878/1913/3875 3879/1914/3876
f 3732/1772/3728 3733/1773/3729 3879/1914/3876
f 3879/1914/3876 3733/1773/3729 3735/1775/3731
f 3879/1914/3876 3735/1775/3731 3715/1755/3711
f 3735/1775/3731 3713/1753/3709 3715/1755/3711
f 3735/1775/3731 3718/1758/3714 3713/1753/3709
f 3735/1775/3731 3719/1759/3715 3718/1758/3714
f 3744/1784/3740 3876/1911/3873 3880/1915/3877
f 3744/1784/3740 3880/1915/3877 3743/1783/3739
f 3715/1755/3711 3870/1905/3867 3879/1914/3876
f 3870/1905/3867 3715/1755/3711 3867/1902/3864
f 3716/1756/3712 3867/1902/3864 3715/1755/3711
f 3863/1898/3860 3867/1902/3864 3716/1756/3712
f 3863/1898/3860 3716/1756/3712 3861/1896/3858
f 3861/1896/3858 3716/1756/3712 3706/1746/3702
f 3719/1759/3715 3734/1774/3730 3881/1916/3878
f 3734/1774/3730 3731/1771/3727 3881/1916/3878
f 3731/1771/3727 3729/1769/3725 3881/1916/3878
f 3729/1769/3725 3726/1766/3722 3881/1916/3878
f 3726/1766/3722 3724/1764/3720 3881/1916/3878
f 3724/1764/3720 3722/1762/3718 3881/1916/3878
f 3722/1762/3718 3720/1760/3716 3881/1916/3878
f 3720/1760/3716 3719/1759/3715 3881/1916/3878
f 3758/1798/3754 3883/1799/3879 3882/1917/3880
f 3884/1918/3881 3758/1798/3754 3882/1917/3880
f 3884/1918/3881 3882/1917/3880 3885/1919/3882
f 3886/1920/3883 3884/1918/3881 3885/1919/3882
f 3886/1920/3883 3887/1921/3884 3884/1918/3881
f 3888/1922/3885 3887/1921/3884 3886/1920/3883
f 3888/1922/3885 3889/1923/3886 3887/1921/3884
f 3775/1815/3771 3889/1923/3886 3888/1922/3885
f 3775/1815/3771 3774/1814/3770 3889/1923/3886
f 3884/1918/3881 3887/1921/3884 3890/1924/3887
f 3889/1923/3886 3890/1924/3887 3887/1921/3884
f 3884/1918/3881 3890/1924/3887 3760/1800/3756
f 3760/1800/3756 3758/1798/3754 3884/1918/3881
f 3889/1923/3886 3774/1814/3770 3891/1925/3888
f 3889/1923/3886 3891/1925/3888 3890/1924/3887
f 3890/1924/3887 3891/1925/3888 3892/1926/3889
f 3892/1926/3889 3891/1925/3888 3893/1927/3890
f 3892/1926/3889 3893/1927/3890 3762/1802/3758
f 3764/1804/3760 3762/1802/3758 3893/1927/3890
f 3893/1927/3890 3891/1925/3888 3764/1804/3760
f 3764/1804/3760 3891/1925/3888 3774/1814/3770
f 3892/1926/3889 3762/1802/3758 3761/1801/3757
f 3761/1801/3757 3890/1924/3887 3892/1926/3889
f 3761/1801/3757 3760/1800/3756 3890/1924/3887
f 3894/1928/3891 3875/1910/3872 3895/1929/3892
f 3895/1929/3892 3875/1910/3872 3872/1907/3869
f 3896/1930/3893 3894/1928/3891 3895/1929/3892
f 3896/1930/3893 3895/1929/3892 3897/1931/3894
f 3875/1910/3872 3894/1928/3891 3880/1915/3877
f 3875/1910/3872 3880/1915/3877 3876/1911/3873
f 3895/1929/3892 3872/1907/3869 3898/1932/3895
f 3897/1931/3894 3895/1929/3892 3898/1932/3895
f 3872/1907/3869 3871/1906/3868 3898/1932/3895
f 3899/1933/3896 3898/1932/3895 3871/1906/3868
f 3897/1931/3894 3898/1932/3895 3899/1933/3896
f 3899/1933/3896 3871/1906/3868 3900/1934/3897
f 3900/1934/3897 3871/1906/3868 3868/1903/3865
f 3900/1934/3897 3868/1903/3865 3865/1900/3862
f 3899/1933/3896 3900/1934/3897 3326/1273/3324
f 3864/1899/3861 3900/1934/3897 3865/1900/3862
f 3864/1899/3861 3326/1273/3324 3900/1934/3897
f 3901/1935/3898 3897/1931/3894 3899/1933/3896
f 3896/1930/3893 3897/1931/3894 3901/1935/3898
f 3902/1936/3899 3896/1930/3893 3901/1935/3898
f 3901/1935/3898 3899/1933/3896 3903/1937/3900
f 3899/1933/3896 3326/1273/3324 3903/1937/3900
f 3903/1937/3900 3326/1273/3324 3325/1272/3323
f 3901/1935/3898 3903/1937/3900 3325/1272/3323
f 3325/1272/3323 3904/1938/3901 3901/1935/3898
f 3904/1938/3901 3902/1936/3899 3901/1935/3898
f 3325/1272/3323 3905/1939/3902 3904/1938/3901
f 3325/1272/3323 3320/1267/3318 3905/1939/3902
f 3906/1268/3903 3905/1939/3902 3320/1267/3318
f 3725/1765/3721 3727/1767/3723 3742/1782/3738
f 3725/1765/3721 3742/1782/3738 3752/1792/3748
f 3725/1765/3721 3752/1792/3748 3753/1793/3749
f 3723/1763/3719 3725/1765/3721 3753/1793/3749
f 3723/1763/3719 3753/1793/3749 3907/1854/3904
f 3907/1854/3904 3753/1793/3749 3754/1794/3750
f 3907/1854/3904 3754/1794/3750 3908/1851/3905
f 3909/1853/3906 3907/1854/3904 3908/1851/3905
f 3909/1853/3906 3908/1851/3905 3910/1852/3907
f 3909/1853/3906 3910/1852/3907 3710/1750/3706
f 3909/1853/3906 3710/1750/3706 3711/1751/3707
f 3909/1853/3906 3711/1751/3707 3717/1757/3713
f 3909/1853/3906 3717/1757/3713 3721/1761/3717
f 3907/1854/3904 3721/1761/3717 3723/1763/3719
f 3907/1854/3904 3909/1853/3906 3721/1761/3717
f 3910/1852/3907 3908/1851/3905 3911/1850/3908
f 3908/1851/3905 3755/1795/3751 3911/1850/3908
f 3908/1851/3905 3754/1794/3750 3755/1795/3751
f 3755/1795/3751 3771/1811/3767 3911/1850/3908
f 3773/1813/3769 3911/1850/3908 3771/1811/3767
f 3773/1813/3769 3709/1749/3705 3911/1850/3908
f 3709/1749/3705 3910/1852/3907 3911/1850/3908
f 3709/1749/3705 3710/1750/3706 3910/1852/3907
f 3755/1795/3751 3763/1803/3759 3771/1811/3767
f 3773/1813/3769 3794/1834/3790 3709/1749/3705
f 3698/1738/3694 3709/1749/3705 3794/1834/3790
f 3698/1738/3694 3693/1733/3689 3709/1749/3705
f 3773/1813/3769 3793/1833/3789 3794/1834/3790
f 3772/1812/3768 3793/1833/3789 3773/1813/3769
f 3912/1243/3909 3914/1876/3910 3913/1874/3911
f 3912/1243/3909 3915/1244/3912 3914/1876/3910
f 3916/1873/3913 3912/1243/3909 3913/1874/3911
f 3916/1873/3913 3917/1245/3914 3912/1243/3909
f 3917/1245/3914 3916/1873/3913 3918/1867/3915
f 3919/1882/3916 3914/1876/3917 3297/1244/3918
f 3920/1892/3919 3919/1882/3916 3297/1244/3918
f 3298/1245/3296 3918/1867/3920 3829/1866/3825
f 3829/1866/3825 3825/1862/3821 3298/1245/3296
f 3294/1241/3292 3298/1245/3296 3825/1862/3821
f 3294/1241/3292 3825/1862/3821 3824/1232/3820
f 3292/1236/3290 3294/1241/3292 3824/1232/3820
f 3292/1236/3290 3824/1232/3820 3823/1230/3819
f 3289/1233/3287 3292/1236/3290 3823/1230/3819
f 3289/1233/3287 3823/1230/3819 3271/1213/3270
f 3289/1233/3287 3271/1213/3270 3272/1214/3269
f 3823/1230/3819 3286/1228/3284 3271/1213/3270
f 3857/1892/3853 3297/1244/3295 3300/1247/3298
f 3073/1976/3071 3921/1977/3921 3095/2319/3093
f 3922/1964/3922 3073/1976/3071 3095/2319/3093
f 3079/1953/3077 3922/1964/3922 3095/2319/3093
f 3076/1955/3074 3922/1964/3922 3079/1953/3077
f 3071/1965/3069 3073/1976/3071 3922/1964/3922
f 3076/1955/3074 3071/1965/3069 3922/1964/3922
f 3073/1976/3071 3923/1985/3923 3921/1977/3921
f 3095/2319/3093 3921/1977/3921 3924/2013/3924
f 3924/2013/3924 3925/2014/3925 3095/2319/3093
f 3921/1977/3921 3923/1985/3923 3926/1986/3926
f 3925/2014/3925 3081/1952/3079 3095/2319/3093
f 3925/2014/3925 3094/1962/3092 3081/1952/3079
f 3923/1985/3923 3073/1976/3071 3072/1968/3070
f 3927/2012/3927 3923/1985/3923 3072/1968/3070
f 3927/2012/3927 3072/1968/3070 3069/1967/3067
f 3927/2012/3927 3069/1967/3067 3928/1983/3928
f 3069/1967/3067 3074/1978/3072 3928/1983/3928
f 3929/2015/3929 3931/2017/3930 3930/2016/3930
f 3929/2015/3929 3933/2019/3931 3932/2018/3932
f 3932/2018/3932 3933/2019/3931 3934/2020/3933
f 3932/2018/3932 3935/2017/3934 3929/2015/3929
f 3561/1554/3557 3562/1555/3558 3936/2021/3935
f 3625/1664/3620 3561/1554/3557 3936/2021/3935
f 3625/1664/3620 3936/2021/3935 3624/1666/3621
f 3937/2022/3936 3939/2024/3937 3938/2023/3938
f 3937/2022/3936 3940/2025/3939 3939/2024/3937
f 3941/2026/3940 3940/2025/3939 3937/2022/3936
f 3551/1544/3548 3941/2026/3940 3937/2022/3936
f 3942/2027/3941 3940/2025/3939 3941/2026/3940
f 3943/2028/3942 3942/2027/3941 3941/2026/3940
f 3943/2028/3942 3941/2026/3940 3555/1548/3551
f 3555/1548/3551 3941/2026/3940 3551/1544/3548
f 3565/1558/3561 3943/2028/3942 3555/1548/3551
f 3567/1560/3563 3943/2028/3942 3565/1558/3561
f 3567/1560/3563 3569/1562/3565 3943/2028/3942
f 3569/1562/3565 3944/2029/3943 3943/2028/3942
f 3942/2027/3941 3943/2028/3942 3944/2029/3943
f 3942/2027/3941 3944/2029/3943 3945/2030/3944
f 3942/2027/3941 3945/2030/3944 3946/2031/3945
f 3947/2032/3946 3942/2027/3941 3946/2031/3945
f 3947/2032/3946 3940/2025/3939 3942/2027/3941
f 3948/2033/3947 3939/2024/3937 3940/2025/3939
f 3947/2032/3946 3948/2033/3947 3940/2025/3939
f 3949/2034/3948 3948/2033/3947 3947/2032/3946
f 3950/2035/3949 3948/2033/3947 3949/2034/3948
f 3949/2034/3948 3947/2032/3946 3951/2036/3950
f 3951/2036/3950 3947/2032/3946 3952/2037/3951
f 3952/2037/3951 3947/2032/3946 3946/2031/3945
f 3953/2038/3952 3944/2029/3943 3569/1562/3565
f 3569/1562/3565 3954/2039/3953 3953/2038/3952
f 3569/1562/3565 3570/1563/3566 3954/2039/3953
f 3954/2039/3953 3570/1563/3566 3955/2040/3954
f 3570/1563/3566 3956/2041/3955 3955/2040/3954
f 3577/1570/3573 3956/2041/3955 3570/1563/3566
f 3957/2042/3956 3956/2041/3955 3577/1570/3573
f 3958/2043/3957 3957/2042/3956 3577/1570/3573
f 3958/2043/3957 3577/1570/3573 3576/1569/3572
f 3957/2042/3956 3958/2043/3957 3959/2044/3958
f 3959/2044/3958 3958/2043/3957 3960/2045/3959
f 3576/1569/3572 3961/2046/3960 3958/2043/3957
f 3576/1569/3572 3962/2047/3961 3961/2046/3960
f 3574/1567/3570 3962/2047/3961 3576/1569/3572
f 3574/1567/3570 3963/2048/3962 3962/2047/3961
f 3964/2049/3963 3962/2047/3961 3963/2048/3962
f 3961/2046/3960 3962/2047/3961 3964/2049/3963
f 3964/2049/3963 3963/2048/3962 3965/2050/3964
f 3961/2046/3960 3964/2049/3963 3966/2051/3965
f 3965/2050/3964 3963/2048/3962 3967/2052/3966
f 3965/2050/3964 3967/2052/3966 3968/2053/3967
f 3575/1568/3571 3963/2048/3962 3574/1567/3570
f 3575/1568/3571 3967/2052/3966 3963/2048/3962
f 3968/2053/3967 3967/2052/3966 3969/2054/3968
f 3969/2054/3968 3967/2052/3966 3575/1568/3571
f 3968/2053/3967 3969/2054/3968 3970/2055/3969
f 3969/2054/3968 3575/1568/3571 3579/1572/3575
f 3579/1572/3575 3970/2055/3969 3969/2054/3968
f 3579/1572/3575 3971/2056/3970 3970/2055/3969
f 3972/2057/3971 3961/2046/3960 3966/2051/3965
f 3972/2057/3971 3973/2058/3972 3961/2046/3960
f 3961/2046/3960 3973/2058/3972 3958/2043/3957
f 3960/2045/3959 3958/2043/3957 3973/2058/3972
f 3583/1576/3579 3971/2056/3970 3579/1572/3575
f 3974/2059/3973 3976/2060/3974 3975/2062/3975
f 3974/2059/3973 3977/2061/3976 3976/2060/3974
f 3975/2062/3975 3978/2063/3977 3974/2059/3973
f 3975/2062/3975 3979/2064/3978 3978/2063/3977
f 3979/2064/3978 3980/2065/3979 3978/2063/3977
f 3979/2064/3978 3981/2066/3980 3980/2065/3979
f 3980/2065/3979 3982/2067/3981 3978/2063/3977
f 3974/2059/3973 3978/2063/3977 3982/2067/3981
f 3983/2068/3982 3982/2067/3981 3980/2065/3979
f 3984/2069/3983 3980/2065/3979 3981/2066/3980
f 3984/2069/3983 3981/2066/3980 3985/2070/3984
f 3986/2071/3985 3984/2069/3983 3985/2070/3984
f 3986/2071/3985 3985/2070/3984 3987/2072/3986
f 3988/2073/3987 3984/2069/3983 3986/2071/3985
f 3988/2073/3987 3989/2074/3988 3984/2069/3983
f 3989/2074/3988 3980/2065/3979 3984/2069/3983
f 3980/2065/3979 3989/2074/3988 3983/2068/3982
f 3988/2073/3987 3986/2071/3985 3990/2075/3989
f 3988/2073/3987 3990/2075/3989 3991/2076/3990
f 3986/2071/3985 3992/2077/3991 3990/2075/3989
f 3986/2071/3985 3987/2072/3986 3992/2077/3991
f 3990/2075/3989 3992/2077/3991 3993/2078/3992
f 3990/2075/3989 3993/2078/3992 3994/2079/3993
f 3994/2079/3993 3991/2076/3990 3990/2075/3989
f 3994/2079/3993 3993/2078/3992 3995/2080/3994
f 3994/2079/3993 3995/2080/3994 3996/2081/3995
f 3996/2081/3995 3995/2080/3994 3997/2082/3996
f 3996/2081/3995 3997/2082/3996 3998/2083/3997
f 3999/2084/3998 3998/2083/3997 3997/2082/3996
f 3999/2084/3998 4000/2085/3999 3998/2083/3997
f 4001/2086/4000 3998/2083/3997 4000/2085/3999
f 4001/2086/4000 4002/2087/4001 3998/2083/3997
f 3996/2081/3995 4002/2087/4001 3994/2079/3993
f 3991/2076/3990 3994/2079/3993 4002/2087/4001
f 3998/2083/3997 4002/2087/4001 3996/2081/3995
f 4002/2087/4001 4003/2474/4002 3991/2076/3990
f 4003/2474/4002 4002/2087/4001 4001/2086/4000
f 4003/2474/4002 3988/2073/3987 3991/2076/3990
f 4004/2089/4003 4003/2474/4002 4001/2086/4000
f 4003/2474/4002 4004/2089/4003 4005/2090/4004
f 4003/2474/4002 4005/2090/4004 4006/2091/4005
f 4003/2474/4002 4006/2091/4005 3988/2073/3987
f 4006/2091/4005 3989/2074/3988 3988/2073/3987
f 4006/2091/4005 3983/2068/3982 3989/2074/3988
f 3983/2068/3982 4006/2091/4005 4005/2090/4004
f 3983/2068/3982 4005/2090/4004 4007/2092/4006
f 4007/2092/4006 4008/2093/4007 3983/2068/3982
f 4008/2093/4007 3982/2067/3981 3983/2068/3982
f 3974/2059/3973 3982/2067/3981 4008/2093/4007
f 4009/2061/4008 3974/2059/3973 4008/2093/4007
f 4009/2061/4008 4008/2093/4007 4010/2094/4009
f 4010/2094/4009 4008/2093/4007 4011/2095/4010
f 4007/2092/4006 4011/2095/4010 4008/2093/4007
f 4011/2095/4010 4007/2092/4006 4012/2096/4011
f 4005/2090/4004 4004/2089/4003 4012/2096/4011
f 4007/2092/4006 4005/2090/4004 4012/2096/4011
f 4004/2089/4003 4013/2097/4012 4012/2096/4011
f 4011/2095/4010 4012/2096/4011 4014/2098/4013
f 4011/2095/4010 4014/2098/4013 4015/2099/4014
f 4010/2094/4009 4011/2095/4010 4015/2099/4014
f 4016/2100/4015 4014/2098/4013 4012/2096/4011
f 4016/2100/4015 4012/2096/4011 4013/2097/4012
f 4017/2101/4016 4016/2100/4015 4013/2097/4012
f 4018/2102/4017 4017/2101/4016 4013/2097/4012
f 4018/2102/4017 4013/2097/4012 4001/2086/4000
f 4004/2089/4003 4001/2086/4000 4013/2097/4012
f 4001/2086/4000 4000/2085/3999 4018/2102/4017
f 4019/2103/4018 4021/2104/4019 4020/2106/4020
f 4019/2103/4018 4022/2105/4021 4021/2104/4019
f 4023/2107/4022 4022/2105/4021 4019/2103/4018
f 4023/2107/4022 4024/2108/4023 4022/2105/4021
f 4024/2108/4023 4023/2107/4022 4025/2109/4024
f 4024/2108/4023 4025/2109/4024 4026/2110/4025
f 4026/2110/4025 4025/2109/4024 4027/2111/4026
f 4027/2111/4026 4025/2109/4024 4028/2112/4027
f 4025/2109/4024 4029/2113/4028 4028/2112/4027
f 4025/2109/4024 4030/2114/4029 4029/2113/4028
f 4030/2114/4029 4031/2115/4030 4029/2113/4028
f 4030/2114/4029 4032/2116/4031 4031/2115/4030
f 4033/2117/4032 4031/2115/4030 4032/2116/4031
f 4033/2117/4032 4032/2116/4031 4034/2118/4033
f 4035/2119/4034 4033/2117/4032 4034/2118/4033
f 4035/2119/4034 4036/2120/4035 4033/2117/4032
f 4033/2117/4032 4037/2121/4036 4031/2115/4030
f 4036/2120/4035 4037/2121/4036 4033/2117/4032
f 4036/2120/4035 4038/2122/4037 4037/2121/4036
f 4036/2120/4035 4035/2119/4034 4038/2122/4037
f 4039/2123/4038 4026/2110/4025 4027/2111/4026
f 4039/2123/4038 4024/2108/4023 4026/2110/4025
f 4040/2124/4039 4024/2108/4023 4039/2123/4038
f 4039/2123/4038 4027/2111/4026 4041/2125/4040
f 4040/2124/4039 4022/2105/4021 4024/2108/4023
f 4042/2126/4041 4022/2105/4021 4040/2124/4039
f 4042/2126/4041 4021/2104/4019 4022/2105/4021
f 4038/2122/4037 4035/2119/4034 4043/2127/4042
f 4038/2122/4037 4043/2127/4042 4044/2128/4043
f 4044/2128/4043 4043/2127/4042 4045/2129/4044
f 4044/2128/4043 4045/2129/4044 4046/2130/4045
f 4047/2131/4046 4046/2130/4045 4045/2129/4044
f 4047/2131/4046 4045/2129/4044 4048/2132/4047
f 4049/2133/4048 4047/2131/4046 4048/2132/4047
f 4049/2133/4048 4048/2132/4047 4050/2134/4049
f 4051/2135/4050 4049/2133/4048 4050/2134/4049
f 4051/2135/4050 4050/2134/4049 4052/2136/4051
f 4053/2137/4052 4049/2133/4048 4051/2135/4050
f 4053/2137/4052 4051/2135/4050 4054/2138/4053
f 4055/2140/4054 4049/2133/4048 4053/2137/4052
f 4055/2140/4054 4047/2131/4046 4049/2133/4048
f 4056/2139/4055 4047/2131/4046 4055/2140/4054
f 4056/2139/4055 4057/2130/4056 4047/2131/4046
f 4058/2141/4057 4045/2129/4044 4043/2127/4042
f 4058/2141/4057 4048/2132/4047 4045/2129/4044
f 4058/2141/4057 4043/2127/4042 4059/2142/4058
f 4035/2119/4034 4059/2142/4058 4043/2127/4042
f 4035/2119/4034 4060/2143/4059 4059/2142/4058
f 4060/2143/4059 4035/2119/4034 4034/2118/4033
f 4060/2143/4059 4034/2118/4033 4061/2144/4060
f 4062/2146/4061 4052/2136/4051 4050/2134/4049
f 4063/2145/4062 4062/2146/4061 4050/2134/4049
f 4058/2141/4057 4063/2145/4062 4048/2132/4047
f 4063/2145/4062 4050/2134/4049 4048/2132/4047
f 4061/2144/4060 4034/2118/4033 4032/2116/4031
f 4064/2148/4063 4061/2144/4060 4032/2116/4031
f 4032/2116/4031 4030/2114/4029 4064/2148/4063
f 4030/2114/4029 4065/2149/4064 4064/2148/4063
f 4065/2149/4064 4030/2114/4029 4025/2109/4024
f 4066/2150/4065 4065/2149/4064 4025/2109/4024
f 4025/2109/4024 4067/2151/4066 4066/2150/4065
f 4025/2109/4024 4023/2107/4022 4067/2151/4066
f 4023/2107/4022 4068/2152/4067 4067/2151/4066
f 4023/2107/4022 4019/2103/4018 4068/2152/4067
f 4019/2103/4018 4069/2153/4068 4068/2152/4067
f 4019/2103/4018 4020/2106/4020 4069/2153/4068
f 4062/2146/4061 4070/2147/4069 4052/2136/4051
f 4071/2154/4070 4073/2156/4071 4072/2155/4072
f 4074/2157/4073 4071/2154/4070 4072/2155/4072
f 4071/2154/4070 4074/2157/4073 4075/2158/4074
f 4072/2155/4072 4073/2156/4071 4076/2159/4075
f 4072/2155/4072 4076/2159/4075 4077/2160/4076
f 4077/2160/4076 4076/2159/4075 4078/2161/4077
f 4072/2155/4072 4077/2160/4076 4079/2162/4078
f 4072/2155/4072 4079/2162/4078 4074/2157/4073
f 4077/2160/4076 4078/2161/4077 4080/2163/4079
f 4080/2163/4079 4081/2164/4080 4077/2160/4076
f 4082/2165/4081 4077/2160/4076 4081/2164/4080
f 4082/2165/4081 4079/2162/4078 4077/2160/4076
f 4082/2165/4081 4081/2164/4080 4083/2166/4082
f 4079/2162/4078 4084/2167/4083 4074/2157/4073
f 4079/2162/4078 4085/2168/4084 4084/2167/4083
f 4082/2165/4081 4086/2169/4085 4079/2162/4078
f 4086/2169/4085 4082/2165/4081 4083/2166/4082
f 4087/2170/4086 4086/2169/4085 4083/2166/4082
f 4088/2171/4087 4084/2167/4083 4085/2168/4084
f 4088/2171/4087 4085/2168/4084 4089/2172/4088
f 4085/2168/4084 4090/2173/4089 4089/2172/4088
f 4085/2168/4084 4091/2174/4090 4090/2173/4089
f 4079/2162/4078 4091/2174/4090 4085/2168/4084
f 4079/2162/4078 4086/2169/4085 4091/2174/4090
f 4089/2172/4088 4092/2175/4091 4088/2171/4087
f 4092/2175/4091 4089/2172/4088 4093/2176/4092
f 4090/2173/4089 4093/2176/4092 4089/2172/4088
f 4094/2177/4093 4096/2179/4094 4095/2178/4095
f 4094/2177/4093 4097/2180/4096 4096/2179/4094
f 4098/2181/4097 4097/2180/4096 4094/2177/4093
f 4099/2182/4098 4097/2180/4096 4098/2181/4097
f 4100/2183/4099 4099/2182/4098 4098/2181/4097
f 4100/2183/4099 4101/2184/4100 4099/2182/4098
f 4102/2185/4101 4101/2184/4100 4100/2183/4099
f 4102/2185/4101 4103/2186/4102 4101/2184/4100
f 4103/2186/4102 4102/2185/4101 4071/2154/4070
f 4103/2186/4102 4071/2154/4070 4104/2187/4103
f 4105/2188/4104 4095/2178/4095 4096/2179/4094
f 4106/2189/4105 4095/2178/4095 4105/2188/4104
f 4106/2189/4105 4105/2188/4104 4107/2190/4106
f 4108/2191/4107 4097/2180/4096 4099/2182/4098
f 4108/2191/4107 4099/2182/4098 4109/2192/4108
f 4110/2193/4109 4108/2191/4107 4109/2192/4108
f 4110/2193/4109 4109/2192/4108 4111/2194/4110
f 4109/2192/4108 4112/2195/4111 4111/2194/4110
f 4109/2192/4108 4113/2196/4112 4112/2195/4111
f 4099/2182/4098 4113/2196/4112 4109/2192/4108
f 4099/2182/4098 4101/2184/4100 4113/2196/4112
f 4071/2154/4070 4075/2158/4074 4104/2187/4103
f 4114/2197/4113 4116/2199/4114 4115/2198/4115
f 4115/2198/4115 4117/2200/4116 4114/2197/4113
f 4118/2201/4117 4114/2197/4113 4117/2200/4116
f 4118/2201/4117 4119/2202/4118 4114/2197/4113
f 4118/2201/4117 4120/2203/4119 4119/2202/4118
f 4118/2201/4117 4121/2204/4120 4120/2203/4119
f 4121/2204/4120 4122/2205/4121 4120/2203/4119
f 4121/2204/4120 4123/2206/4122 4122/2205/4121
f 4123/2206/4122 4124/2207/4123 4122/2205/4121
f 4123/2206/4122 4125/2208/4124 4124/2207/4123
f 4126/2209/4125 4118/2201/4117 4117/2200/4116
f 4126/2209/4125 4117/2200/4116 4127/2210/4126
f 4126/2209/4125 4127/2210/4126 4128/2211/4127
f 4127/2210/4126 4129/2212/4128 4128/2211/4127
f 4127/2210/4126 4130/2213/4129 4129/2212/4128
f 4130/2213/4129 4117/2200/4116 4115/2198/4115
f 4130/2213/4129 4127/2210/4126 4117/2200/4116
f 4128/2211/4127 4129/2212/4128 4131/2214/4130
f 4128/2211/4127 4131/2214/4130 4132/2215/4131
f 4132/2215/4131 4133/2216/4132 4128/2211/4127
f 4126/2209/4125 4128/2211/4127 4133/2216/4132
f 4132/2215/4131 4134/2217/4133 4133/2216/4132
f 4133/2216/4132 4134/2217/4133 4135/2218/4134
f 4133/2216/4132 4135/2218/4134 4136/2219/4135
f 4126/2209/4125 4133/2216/4132 4136/2219/4135
f 4135/2218/4134 4137/2220/4136 4136/2219/4135
f 4135/2218/4134 4138/2221/4137 4137/2220/4136
f 4139/2222/4138 4137/2220/4136 4138/2221/4137
f 4139/2222/4138 4140/2223/4139 4137/2220/4136
f 4136/2219/4135 4137/2220/4136 4141/2224/4140
f 4140/2223/4139 4141/2224/4140 4137/2220/4136
f 4136/2219/4135 4141/2224/4140 4142/2225/4141
f 4140/2223/4139 4143/2226/4142 4141/2224/4140
f 4144/2227/4143 4141/2224/4140 4143/2226/4142
f 4144/2227/4143 4143/2226/4142 4145/2228/4144
f 4121/2204/4120 4142/2225/4141 4141/2224/4140
f 4126/2209/4125 4136/2219/4135 4142/2225/4141
f 4142/2225/4141 4118/2201/4117 4126/2209/4125
f 4142/2225/4141 4121/2204/4120 4118/2201/4117
f 4144/2227/4143 4123/2206/4122 4141/2224/4140
f 4121/2204/4120 4141/2224/4140 4123/2206/4122
f 4144/2227/4143 4125/2208/4124 4123/2206/4122
f 4140/2223/4139 4139/2222/4138 4146/2229/4145
f 4146/2229/4145 4143/2226/4142 4140/2223/4139
f 4146/2229/4145 4147/2230/4146 4143/2226/4142
f 4145/2228/4144 4143/2226/4142 4147/2230/4146
f 4146/2229/4145 4148/2231/4147 4147/2230/4146
f 4148/2231/4147 4149/2232/4148 4147/2230/4146
f 4145/2228/4144 4147/2230/4146 4149/2232/4148
f 4148/2231/4147 4150/2233/4149 4149/2232/4148
f 4146/2229/4145 4151/2234/4150 4148/2231/4147
f 4149/2232/4148 4150/2233/4149 4152/2235/4151
f 4149/2232/4148 4152/2235/4151 4153/2236/4152
f 4153/2236/4152 4145/2228/4144 4149/2232/4148
f 4154/2237/4153 4153/2236/4152 4152/2235/4151
f 4154/2237/4153 4155/2238/4154 4153/2236/4152
f 4153/2236/4152 4156/2239/4155 4145/2228/4144
f 4157/2242/4156 4153/2236/4152 4155/2238/4154
f 4157/2242/4156 4156/2239/4155 4153/2236/4152
f 4157/2242/4156 4158/2241/4157 4156/2239/4155
f 4159/2240/4158 4156/2239/4155 4158/2241/4157
f 4159/2240/4158 4158/2241/4157 4160/2243/4159
f 4161/2244/4160 4160/2243/4159 4158/2241/4157
f 4161/2244/4160 4158/2241/4157 4162/2245/4161
f 4163/2246/4162 4161/2244/4160 4162/2245/4161
f 4163/2246/4162 4164/2247/4163 4161/2244/4160
f 4164/2247/4163 4165/2248/4164 4161/2244/4160
f 4164/2247/4163 4166/2249/4165 4165/2248/4164
f 4167/2250/4166 4165/2248/4164 4166/2249/4165
f 4161/2244/4160 4168/2251/4167 4160/2243/4159
f 4161/2244/4160 4165/2248/4164 4168/2251/4167
f 4165/2248/4164 4169/2252/4168 4168/2251/4167
f 4165/2248/4164 4170/2253/4169 4169/2252/4168
f 4167/2250/4166 4170/2253/4169 4165/2248/4164
f 4166/2249/4165 4171/2254/4170 4167/2250/4166
f 4166/2249/4165 4164/2247/4163 4171/2254/4170
f 4163/2246/4162 4162/2245/4161 4172/2255/4171
f 4173/2256/4172 4163/2246/4162 4172/2255/4171
f 4164/2247/4163 4173/2256/4172 4171/2254/4170
f 4164/2247/4163 4163/2246/4162 4173/2256/4172
f 4173/2256/4172 4172/2255/4171 4174/2257/4173
f 4172/2255/4171 4175/2258/4174 4174/2257/4173
f 4172/2255/4171 4176/2259/4175 4175/2258/4174
f 4162/2245/4161 4176/2259/4175 4172/2255/4171
f 4176/2259/4175 4177/2260/4176 4175/2258/4174
f 4176/2259/4175 4178/2261/4177 4177/2260/4176
f 4162/2245/4161 4178/2261/4177 4176/2259/4175
f 4179/2262/4178 4168/2251/4167 4169/2252/4168
f 4179/2262/4178 4180/2263/4179 4168/2251/4167
f 4160/2243/4159 4168/2251/4167 4180/2263/4179
f 4160/2243/4159 4180/2263/4179 4159/2240/4158
f 4125/2208/4124 4180/2263/4179 4179/2262/4178
f 4159/2240/4158 4180/2263/4179 4125/2208/4124
f 4125/2208/4124 4179/2262/4178 4124/2207/4123
f 4159/2240/4158 4125/2208/4124 4144/2227/4143
f 4144/2227/4143 4156/2239/4155 4159/2240/4158
f 4144/2227/4143 4145/2228/4144 4156/2239/4155
f 4178/2261/4177 4181/2264/4180 4177/2260/4176
f 4178/2261/4177 4157/2242/4156 4181/2264/4180
f 4158/2241/4157 4178/2261/4177 4162/2245/4161
f 4157/2242/4156 4178/2261/4177 4158/2241/4157
f 4157/2242/4156 4182/2265/4181 4181/2264/4180
f 4155/2238/4154 4182/2265/4181 4157/2242/4156
f 4155/2238/4154 4154/2237/4153 4182/2265/4181
f 4183/2266/4182 4185/2267/4183 4184/2269/4184
f 4183/2266/4182 4186/2268/4185 4185/2267/4183
f 4187/2270/4186 4186/2268/4185 4183/2266/4182
f 4187/2270/4186 4188/2271/4187 4186/2268/4185
f 4184/2269/4184 4185/2267/4183 4189/2272/4188
f 4184/2269/4184 4189/2272/4188 4190/2273/4189
f 4189/2272/4188 4191/2475/4190 4190/2273/4189
f 4189/2272/4188 4192/2476/4191 4191/2475/4190
f 4192/2476/4191 4189/2272/4188 4193/2276/4192
f 4192/2476/4191 4193/2276/4192 4194/2277/4193
f 4189/2272/4188 4195/2278/4194 4193/2276/4192
f 4189/2272/4188 4185/2267/4183 4195/2278/4194
f 4185/2267/4183 4196/2279/4195 4195/2278/4194
f 4185/2267/4183 4186/2268/4185 4196/2279/4195
f 4196/2279/4195 4186/2268/4185 4188/2271/4187
f 4196/2279/4195 4188/2271/4187 4197/2280/4196
f 4198/2281/4197 4183/2266/4182 4184/2269/4184
f 4198/2281/4197 4184/2269/4184 4199/2282/4198
f 4200/2283/4199 4198/2281/4197 4199/2282/4198
f 4200/2283/4199 4201/2284/4200 4198/2281/4197
f 4202/2285/4201 4198/2281/4197 4201/2284/4200
f 4202/2285/4201 4201/2284/4200 4203/2286/4202
f 4200/2283/4199 4199/2282/4198 4204/2287/4203
f 4200/2283/4199 4204/2287/4203 4205/2288/4204
f 4206/2477/4205 4205/2288/4204 4204/2287/4203
f 4206/2477/4205 4207/2290/4206 4205/2288/4204
f 4202/2285/4201 4203/2286/4202 4208/2291/4207
f 4202/2285/4201 4208/2291/4207 4187/2270/4186
f 4208/2291/4207 4209/2271/4208 4187/2270/4186
f 4202/2285/4201 4183/2266/4182 4198/2281/4197
f 4202/2285/4201 4187/2270/4186 4183/2266/4182
f 4184/2269/4184 4204/2287/4203 4199/2282/4198
f 4184/2269/4184 4190/2273/4189 4204/2287/4203
f 4190/2273/4189 4206/2477/4205 4204/2287/4203
f 4190/2273/4189 4191/2475/4190 4206/2477/4205
f 4210/2476/4209 4211/2292/4210 4191/2475/4190
f 4210/2476/4209 4212/2277/4211 4211/2292/4210
f 4213/2477/4212 4191/2475/4190 4211/2292/4210
f 4208/2291/4207 4215/2280/4213 4214/2271/4213
f 4216/2477/4214 4211/2292/4210 4217/2290/4214
f 4218/2293/4215 4220/2295/4216 4219/2294/4217
f 4220/2295/4216 4221/2296/4218 4219/2294/4217
f 4221/2296/4218 4222/2297/4219 4219/2294/4217
f 4222/2297/4219 4223/2298/4220 4219/2294/4217
f 4224/2299/4221 4218/2293/4215 4219/2294/4217
f 4225/2300/4222 4224/2299/4221 4219/2294/4217
f 4226/2301/4223 4225/2300/4222 4219/2294/4217
f 4223/2298/4220 4227/2302/4224 4219/2294/4217
f 4227/2302/4224 4228/2303/4225 4219/2294/4217
f 4228/2303/4225 4229/2304/4226 4219/2294/4217
f 4229/2304/4226 4226/2301/4223 4219/2294/4217
f 4230/2305/4227 4232/2306/4228 4231/2308/4229
f 4230/2305/4227 4233/2307/4230 4232/2306/4228
f 4234/2309/4231 4232/2306/4228 4233/2307/4230
f 4234/2309/4231 4235/2310/4232 4232/2306/4228
f 4233/2307/4230 4237/2311/4233 4236/2309/4234
f 4233/2307/4230 4238/2305/4235 4237/2311/4233
f 4236/2309/4234 4237/2311/4233 4239/2312/4236
f 4240/2313/4237 4239/2312/4236 4237/2311/4233
f 4237/2311/4233 4241/2314/4238 4240/2313/4237
f 4237/2311/4233 4242/2305/4239 4241/2314/4238
f 4243/2313/4240 4244/2315/4240 4239/2312/4236
f 4245/2313/4241 4241/2314/4242 4246/2316/4243
f 4245/2313/4241 4246/2316/4243 4247/2315/4244
f 4246/2316/4243 4241/2314/4242 4248/2305/4245
f 4246/2316/4243 4248/2305/4245 4249/2308/4246
f 4250/2309/4247 4239/2312/4248 4251/2310/4247
f 3108/2007/3106 4253/2010/4249 4252/2009/4250
f 4252/2009/4250 3098/1999/3096 3108/2007/3106
f 3105/2004/3103 3098/1999/3096 4252/2009/4250
f 3553/1546/3549 3551/1544/3548 3937/2022/3936
f 3553/1546/3549 3937/2022/3936 3938/2023/3938
f 3672/1712/3668 4255/2321/4251 4254/2320/4252
f 3672/1712/3668 4254/2320/4252 3671/1711/3666
f 4139/2222/4138 4151/2234/4150 4146/2229/4145
f 4167/2250/4166 4256/2322/4253 4170/2253/4169
f 4257/2323/4254 4259/2324/4255 4258/2326/4256
f 4257/2323/4254 4260/2325/4257 4259/2324/4255
f 4261/2327/4258 4259/2324/4255 4260/2325/4257
f 4261/2327/4258 4262/2328/4259 4259/2324/4255
f 4263/2329/4260 4262/2328/4259 4261/2327/4258
f 4263/2329/4260 4261/2327/4258 4264/2330/4261
f 4265/2331/4262 4260/2325/4257 4257/2323/4254
f 4260/2325/4257 4265/2331/4262 4266/2332/4263
f 4260/2325/4257 4266/2332/4263 4267/2333/4264
f 4260/2325/4257 4267/2333/4264 4261/2327/4258
f 4267/2333/4264 4266/2332/4263 4268/2334/4265
f 4267/2333/4264 4268/2334/4265 4269/2335/4266
f 4270/2336/4267 4268/2334/4265 4266/2332/4263
f 4270/2336/4267 4266/2332/4263 4271/2337/4268
f 4271/2337/4268 4266/2332/4263 4265/2331/4262
f 4271/2337/4268 4265/2331/4262 4272/2338/4269
f 4271/2337/4268 4273/2339/4270 4270/2336/4267
f 4271/2337/4268 4274/2340/4271 4273/2339/4270
f 4272/2338/4269 4274/2340/4271 4271/2337/4268
f 4275/2341/4272 4273/2339/4270 4274/2340/4271
f 4275/2341/4272 4276/2342/4273 4273/2339/4270
f 4272/2338/4269 4277/2343/4274 4274/2340/4271
f 4274/2340/4271 4278/2344/4275 4275/2341/4272
f 4274/2340/4271 4277/2343/4274 4278/2344/4275
f 4277/2343/4274 4272/2338/4269 4279/2345/4276
f 4277/2343/4274 4279/2345/4276 4280/2346/4277
f 4281/2347/4278 4277/2343/4274 4280/2346/4277
f 4282/2348/4279 4277/2343/4274 4281/2347/4278
f 4278/2344/4275 4277/2343/4274 4282/2348/4279
f 4279/2345/4276 4283/2349/4280 4280/2346/4277
f 4284/2350/4281 4273/2339/4270 4276/2342/4273
f 4284/2350/4281 4276/2342/4273 4285/2351/4282
f 4286/2352/4283 4273/2339/4270 4284/2350/4281
f 4286/2352/4283 4270/2336/4267 4273/2339/4270
f 4286/2352/4283 4268/2334/4265 4270/2336/4267
f 4286/2352/4283 4287/2353/4284 4268/2334/4265
f 4269/2335/4266 4268/2334/4265 4287/2353/4284
f 4288/2354/4285 4284/2350/4281 4285/2351/4282
f 4284/2350/4281 4288/2354/4285 4286/2352/4283
f 4285/2351/4282 4289/2355/4286 4288/2354/4285
f 4288/2354/4285 4289/2355/4286 4290/2356/4287
f 4291/2357/4288 4287/2353/4284 4286/2352/4283
f 4291/2357/4289 4288/2354/4285 4290/2356/4287
f 4288/2354/4285 4291/2357/4289 4292/2352/4290
f 4293/2358/4291 4269/2335/4266 4287/2353/4284
f 4291/2357/4288 4293/2358/4291 4287/2353/4284
f 4293/2358/4291 4294/2359/4292 4269/2335/4266
f 4267/2333/4264 4269/2335/4266 4294/2359/4292
f 4261/2327/4258 4267/2333/4264 4294/2359/4292
f 4264/2330/4261 4261/2327/4258 4294/2359/4292
f 4294/2359/4292 4295/2360/4293 4264/2330/4261
f 4296/2361/4294 4264/2330/4261 4295/2360/4293
f 4296/2361/4294 4263/2329/4260 4264/2330/4261
f 4297/2362/4295 4263/2329/4260 4296/2361/4294
f 4297/2362/4295 4298/2363/4296 4263/2329/4260
f 4262/2328/4259 4263/2329/4260 4298/2363/4296
f 4262/2328/4259 4298/2363/4296 4299/2364/4297
f 4298/2363/4296 4300/2365/4298 4299/2364/4297
f 4298/2363/4296 4301/2366/4299 4300/2365/4298
f 4297/2362/4295 4301/2366/4299 4298/2363/4296
f 4302/2367/4300 4299/2364/4297 4300/2365/4298
f 4300/2365/4298 4303/2368/4301 4302/2367/4300
f 4300/2365/4298 4304/2369/4302 4303/2368/4301
f 4302/2367/4300 4305/2370/4303 4299/2364/4297
f 4259/2324/4255 4299/2364/4297 4305/2370/4303
f 4259/2324/4255 4262/2328/4259 4299/2364/4297
f 4297/2362/4295 4306/2371/4304 4301/2366/4299
f 4306/2371/4304 4297/2362/4295 4307/2478/4305
f 4297/2362/4295 4308/2373/4306 4307/2478/4305
f 4296/2361/4294 4308/2373/4306 4297/2362/4295
f 4308/2373/4306 4296/2361/4294 4309/2374/4307
f 4259/2324/4255 4305/2370/4303 4310/2375/4308
f 4259/2324/4255 4310/2375/4308 4258/2326/4256
f 4258/2326/4256 4310/2375/4308 4311/2376/4309
f 4258/2326/4256 4311/2376/4309 4312/2377/4310
f 4257/2323/4254 4258/2326/4256 4312/2377/4310
f 4257/2323/4254 4312/2377/4310 4313/2378/4311
f 4314/2379/4312 4313/2378/4311 4312/2377/4310
f 4314/2379/4312 4312/2377/4310 4315/2380/4313
f 4316/2381/4314 4314/2379/4312 4315/2380/4313
f 4316/2381/4314 4317/2382/4315 4314/2379/4312
f 4315/2380/4313 4318/2383/4316 4316/2381/4314
f 4318/2383/4316 4315/2380/4313 4319/2384/4317
f 4312/2377/4310 4311/2376/4309 4319/2384/4317
f 4315/2380/4313 4312/2377/4310 4319/2384/4317
f 4319/2384/4317 4320/2385/4318 4318/2383/4316
f 4319/2384/4317 4311/2376/4309 4320/2385/4318
f 4311/2376/4309 4321/2386/4319 4320/2385/4318
f 4321/2386/4319 4311/2376/4309 4322/2387/4320
f 4311/2376/4309 4310/2375/4308 4322/2387/4320
f 4321/2386/4319 4322/2387/4320 4323/2388/4321
f 4324/2389/4322 4321/2386/4319 4323/2388/4321
f 4324/2389/4322 4325/2390/4323 4321/2386/4319
f 4325/2390/4323 4324/2389/4322 4326/2391/4324
f 4327/2392/4325 4323/2388/4321 4322/2387/4320
f 4327/2392/4325 4322/2387/4320 4328/2393/4326
f 4328/2393/4326 4329/2394/4327 4327/2392/4325
f 4328/2393/4326 4330/2395/4328 4329/2394/4327
f 4328/2393/4326 4331/2396/4329 4330/2395/4328
f 4332/2397/4330 4323/2388/4321 4327/2392/4325
f 4332/2397/4330 4324/2389/4322 4323/2388/4321
f 4326/2391/4324 4324/2389/4322 4332/2397/4330
f 4333/2398/4331 4332/2397/4330 4327/2392/4325
f 4333/2398/4331 4327/2392/4325 4329/2394/4327
f 4326/2391/4324 4332/2397/4330 4334/2399/4332
f 4334/2399/4332 4332/2397/4330 4333/2398/4331
f 4325/2390/4323 4335/2400/4333 4321/2386/4319
f 4320/2385/4318 4321/2386/4319 4335/2400/4333
f 4318/2383/4316 4320/2385/4318 4335/2400/4333
f 4336/2402/4334 4328/2393/4326 4322/2387/4320
f 4303/2368/4301 4328/2393/4326 4336/2402/4334
f 4303/2368/4301 4336/2402/4334 4302/2367/4300
f 4336/2402/4334 4305/2370/4303 4302/2367/4300
f 4336/2402/4334 4310/2375/4308 4305/2370/4303
f 4310/2375/4308 4336/2402/4334 4322/2387/4320
f 4303/2368/4301 4337/2396/4335 4328/2393/4326
f 4338/2401/4336 4337/2396/4335 4303/2368/4301
f 4304/2369/4302 4339/2401/4337 4303/2368/4301
f 4304/2369/4302 4340/2403/4338 4339/2401/4337
f 4304/2369/4302 4341/2404/4339 4340/2403/4338
f 4340/2403/4338 4341/2404/4339 4342/2409/4340
f 4304/2369/4302 4343/2464/4341 4341/2404/4339
f 4344/2415/4342 4341/2404/4339 4343/2464/4341
f 4345/2463/4343 4343/2464/4341 4304/2369/4302
f 4306/2371/4304 4343/2464/4341 4345/2463/4343
f 4341/2404/4339 4344/2415/4342 4346/2411/4344
f 4342/2409/4340 4341/2404/4339 4346/2411/4344
f 4344/2415/4342 4347/2414/4345 4346/2411/4344
f 4348/2416/4346 4347/2414/4345 4344/2415/4342
f 4349/2413/4347 4346/2411/4344 4347/2414/4345
f 4344/2415/4342 4350/2417/4348 4348/2416/4346
f 4344/2415/4342 4343/2464/4341 4350/2417/4348
f 4306/2371/4304 4350/2417/4348 4343/2464/4341
f 4347/2414/4345 4348/2416/4346 4351/2418/4349
f 4349/2413/4347 4347/2414/4345 4352/2419/4350
f 4352/2419/4350 4347/2414/4345 4351/2418/4349
f 4349/2413/4347 4352/2419/4350 4353/2420/4351
f 4353/2420/4351 4354/2421/4352 4349/2413/4347
f 4348/2416/4346 4350/2417/4348 4307/2478/4305
f 4350/2417/4348 4306/2371/4304 4307/2478/4305
f 4355/2422/4353 4351/2418/4349 4348/2416/4346
f 4355/2422/4353 4348/2416/4346 4356/2423/4354
f 4348/2416/4346 4307/2478/4305 4356/2423/4354
f 4355/2422/4353 4356/2423/4354 4357/2424/4355
f 4355/2422/4353 4358/2425/4356 4351/2418/4349
f 4358/2425/4356 4352/2419/4350 4351/2418/4349
f 4355/2422/4353 4357/2424/4355 4359/2426/4357
f 4355/2422/4353 4359/2426/4357 4360/2427/4358
f 4361/2428/4359 4355/2422/4353 4360/2427/4358
f 4361/2428/4359 4358/2425/4356 4355/2422/4353
f 4362/2429/4360 4358/2425/4356 4361/2428/4359
f 4362/2429/4360 4352/2419/4350 4358/2425/4356
f 4360/2427/4358 4359/2426/4357 4363/2430/4361
f 4360/2427/4358 4363/2430/4361 4364/2431/4362
f 4365/2432/4363 4360/2427/4358 4364/2431/4362
f 4365/2432/4363 4361/2428/4359 4360/2427/4358
f 4366/2433/4364 4361/2428/4359 4365/2432/4363
f 4366/2433/4364 4362/2429/4360 4361/2428/4359
f 4356/2423/4354 4367/2434/4365 4357/2424/4355
f 4356/2423/4354 4368/2435/4366 4367/2434/4365
f 4368/2435/4366 4369/2436/4367 4367/2434/4365
f 4370/2437/4368 4367/2434/4365 4369/2436/4367
f 4370/2437/4368 4357/2424/4355 4367/2434/4365
f 4370/2437/4368 4359/2426/4357 4357/2424/4355
f 4363/2430/4361 4359/2426/4357 4370/2437/4368
f 4370/2437/4368 4369/2436/4367 4371/2438/4369
f 4371/2438/4369 4369/2436/4367 4372/2439/4370
f 4373/2440/4371 4372/2439/4370 4369/2436/4367
f 4368/2435/4366 4373/2440/4371 4369/2436/4367
f 4373/2440/4371 4374/2441/4372 4372/2439/4370
f 4371/2438/4369 4372/2439/4370 4375/2442/4373
f 4376/2443/4374 4371/2438/4369 4375/2442/4373
f 4376/2443/4374 4375/2442/4373 4377/2444/4375
f 4375/2442/4373 4378/2445/4376 4377/2444/4375
f 4375/2442/4373 4379/2446/4377 4378/2445/4376
f 4380/2447/4378 4371/2438/4369 4376/2443/4374
f 4380/2447/4378 4370/2437/4368 4371/2438/4369
f 4308/2373/4306 4373/2440/4371 4368/2435/4366
f 4373/2440/4371 4308/2373/4306 4309/2374/4307
f 4374/2441/4372 4373/2440/4371 4309/2374/4307
f 4368/2435/4366 4356/2423/4354 4308/2373/4306
f 4363/2430/4361 4370/2437/4368 4380/2447/4378
f 4307/2478/4305 4308/2373/4306 4356/2423/4354
f 4374/2441/4372 4381/2448/4379 4372/2439/4370
f 4375/2442/4373 4381/2448/4379 4379/2446/4377
f 4375/2442/4373 4372/2439/4370 4381/2448/4379
f 4381/2448/4379 4374/2441/4372 4382/2449/4380
f 4381/2448/4379 4382/2449/4380 4383/2450/4381
f 4381/2448/4379 4383/2450/4381 4379/2446/4377
f 4383/2450/4381 4382/2449/4380 4291/2357/4289
f 4383/2450/4381 4291/2357/4289 4384/2451/4382
f 4291/2357/4289 4382/2449/4380 4385/2358/4383
f 4291/2357/4289 4290/2356/4287 4384/2451/4382
f 4295/2360/4293 4382/2449/4380 4374/2441/4372
f 4374/2441/4372 4309/2374/4307 4295/2360/4293
f 4296/2361/4294 4295/2360/4293 4309/2374/4307
f 4295/2360/4293 4387/2358/4384 4386/2449/4385
f 4294/2359/4292 4387/2358/4384 4295/2360/4293
f 4388/2452/4386 4389/2453/4387 4314/2379/4312
f 4390/2454/4388 4389/2453/4387 4388/2452/4386
f 4389/2453/4387 4390/2454/4388 4391/2455/4389
f 4389/2453/4387 4391/2455/4389 4392/2456/4390
f 4393/2457/4391 4392/2456/4390 4391/2455/4389
f 4392/2456/4390 4313/2378/4311 4389/2453/4387
f 4313/2378/4311 4314/2379/4312 4389/2453/4387
f 4283/2349/4280 4393/2457/4391 4391/2455/4389
f 4388/2452/4386 4394/2458/4392 4390/2454/4388
f 4392/2456/4390 4257/2323/4254 4313/2378/4311
f 4265/2331/4262 4257/2323/4254 4392/2456/4390
f 4314/2379/4312 4317/2382/4315 4388/2452/4386
f 4394/2458/4392 4388/2452/4386 4395/2459/4393
f 4317/2382/4315 4395/2459/4393 4388/2452/4386
f 4396/2460/4394 4395/2459/4393 4317/2382/4315
f 4317/2382/4315 4397/2461/4395 4396/2460/4394
f 4397/2461/4395 4317/2382/4315 4316/2381/4314
f 4398/2462/4396 4397/2461/4395 4316/2381/4314
f 4279/2345/4276 4393/2457/4391 4283/2349/4280
f 4272/2338/4269 4393/2457/4391 4279/2345/4276
f 4392/2456/4390 4272/2338/4269 4265/2331/4262
f 4392/2456/4390 4393/2457/4391 4272/2338/4269
f 4339/2401/4337 4400/2407/4397 4399/2408/4398
f 4339/2401/4337 4399/2408/4398 4401/2396/4399
f 4339/2401/4337 4402/2406/4400 4400/2407/4397
f 4403/2405/4401 4402/2406/4400 4339/2401/4337
f 4342/2409/4340 4404/2410/4402 4403/2405/4401
f 4404/2410/4402 4342/2409/4340 4346/2411/4344
f 4404/2410/4402 4346/2411/4344 4405/2412/4403
f 4349/2413/4347 4405/2412/4403 4346/2411/4344
f 4340/2403/4338 4342/2409/4340 4403/2405/4401
f 4403/2405/4401 4406/2401/4404 4340/2403/4338
f 4301/2366/4299 4306/2371/4304 4345/2463/4343
f 4301/2366/4299 4345/2463/4343 4300/2365/4298
f 4345/2463/4343 4304/2369/4302 4300/2365/4298
f 4407/2479/4405 4409/2480/4406 4408/2481/4407
f 4407/2479/4405 4408/2481/4407 4410/2482/4408
f 4407/2479/4405 4410/2482/4408 4411/2483/4409
f 4410/2482/4408 4412/2484/4410 4411/2483/4409
f 4410/2482/4408 4413/2485/4411 4412/2484/4410
f 4413/2485/4411 4410/2482/4408 4408/2481/4407
f 4413/2485/4411 4408/2481/4407 4414/2486/4412
f 4414/2486/4412 4408/2481/4407 4415/2487/4413
f 4415/2487/4413 4408/2481/4407 4409/2480/4406
f 4413/2485/4411 4416/2488/4414 4412/2484/4410
f 4413/2485/4411 4417/2489/4415 4416/2488/4414
f 4414/2486/4412 4417/2489/4415 4413/2485/4411
f 4417/2489/4415 4418/2490/4416 4416/2488/4414
f 4417/2489/4415 4419/2491/4417 4418/2490/4416
f 4419/2491/4417 4420/2492/4418 4418/2490/4416
f 4419/2491/4417 4421/2493/4419 4420/2492/4418
f 4421/2493/4419 4422/2494/4420 4420/2492/4418
f 4421/2493/4419 4423/2495/4421 4422/2494/4420
f 4423/2495/4421 4424/2496/4422 4422/2494/4420
f 4423/2495/4421 4425/2497/4423 4424/2496/4422
f 4426/2498/4424 4424/2496/4422 4425/2497/4423
f 4426/2498/4424 4425/2497/4423 4427/2499/4425
f 4428/2500/4426 4425/2497/4423 4423/2495/4421
f 4429/2501/4427 4423/2495/4421 4421/2493/4419
f 4429/2501/4427 4428/2500/4426 4423/2495/4421
f 4430/2502/4428 4428/2500/4426 4429/2501/4427
f 4421/2493/4419 4431/2503/4429 4429/2501/4427
f 4421/2493/4419 4419/2491/4417 4431/2503/4429
f 4429/2501/4427 4431/2503/4429 4432/2504/4430
f 4429/2501/4427 4432/2504/4430 4430/2502/4428
f 4432/2504/4430 4431/2503/4429 4433/2505/4431
f 4419/2491/4417 4433/2505/4431 4431/2503/4429
f 4432/2504/4430 4433/2505/4431 4434/2506/4432
f 4434/2506/4432 4433/2505/4431 4415/2487/4413
f 4435/2507/4433 4434/2506/4432 4415/2487/4413
f 4435/2507/4433 4415/2487/4413 4436/2508/4434
f 4415/2487/4413 4409/2480/4406 4436/2508/4434
f 4437/2509/4435 4434/2506/4432 4435/2507/4433
f 4437/2509/4435 4432/2504/4430 4434/2506/4432
f 4430/2502/4428 4432/2504/4430 4437/2509/4435
f 4427/2499/4425 4438/2510/4436 4426/2498/4424
f 4427/2499/4425 4425/2497/4423 4439/2511/4437
f 4428/2500/4426 4439/2511/4437 4425/2497/4423
f 4440/2512/4438 4439/2511/4437 4428/2500/4426
f 4430/2502/4428 4440/2512/4438 4428/2500/4426
f 4440/2512/4438 4441/2513/4439 4439/2511/4437
f 4442/2514/4440 4439/2511/4437 4441/2513/4439
f 4442/2514/4440 4443/2515/4441 4439/2511/4437
f 4442/2514/4440 4444/2510/4442 4443/2515/4441
f 4444/2510/4442 4427/2499/4425 4443/2515/4441
f 4427/2499/4425 4439/2511/4437 4443/2515/4441
f 4433/2505/4431 4414/2486/4412 4415/2487/4413
f 4414/2486/4412 4433/2505/4431 4417/2489/4415
f 4419/2491/4417 4417/2489/4415 4433/2505/4431
f 4445/2516/4443 4447/2517/4444 4446/2518/4445
f 4445/2516/4443 4448/2519/4446 4447/2517/4444
f 4448/2519/4446 4445/2516/4443 4449/2520/4447
f 4448/2519/4446 4449/2520/4447 4450/2521/4448
f 4451/2522/4449 4450/2521/4448 4449/2520/4447
f 4451/2522/4449 4449/2520/4447 4452/2523/4450
f 4451/2522/4449 4453/2524/4451 4450/2521/4448
f 4453/2524/4451 4451/2522/4449 4454/2525/4452
f 4455/2526/4453 4448/2519/4446 4450/2521/4448
f 4455/2526/4453 4450/2521/4448 4456/2527/4454
f 4453/2524/4451 4456/2527/4454 4450/2521/4448
f 4457/2528/4455 4448/2519/4446 4455/2526/4453
f 4457/2528/4455 4447/2517/4444 4448/2519/4446
f 4447/2517/4444 4458/2529/4456 4446/2518/4445
f 4457/2528/4455 4458/2529/4456 4447/2517/4444
f 4451/2522/4449 4452/2523/4450 4459/2530/4457
f 4460/2531/4458 4451/2522/4449 4459/2530/4457
f 4451/2522/4449 4460/2531/4458 4454/2525/4452
f 4454/2525/4452 4460/2531/4458 4461/2532/4459
f 4461/2532/4459 4460/2531/4458 4462/2533/4460
f 4460/2531/4458 4459/2530/4457 4462/2533/4460
f 4454/2525/4452 4461/2532/4459 4463/2534/4461
f 4464/2535/4462 4461/2532/4459 4462/2533/4460
f 4463/2534/4461 4461/2532/4459 4464/2535/4462
f 4465/2536/4463 4463/2534/4461 4464/2535/4462
f 4466/2537/4464 4465/2536/4463 4464/2535/4462
f 4466/2537/4464 4464/2535/4462 4467/2538/4465
f 4464/2535/4462 4468/2539/4466 4467/2538/4465
f 4464/2535/4462 4469/2540/4467 4468/2539/4466
f 4464/2535/4462 4462/2533/4460 4469/2540/4467
f 4470/2541/4468 4467/2538/4465 4468/2539/4466
f 4470/2541/4468 4466/2537/4464 4467/2538/4465
f 4471/2542/4469 4473/2543/4470 4472/2544/4471
f 4474/2545/4472 4472/2544/4471 4473/2543/4470
f 4474/2545/4472 4473/2543/4470 4475/2546/4473
f 4474/2545/4472 4476/2547/4474 4472/2544/4471
f 4474/2545/4472 4477/2548/4475 4476/2547/4474
f 4474/2545/4472 4478/2549/4476 4477/2548/4475
f 4478/2549/4476 4474/2545/4472 4475/2546/4473
f 4478/2549/4476 4475/2546/4473 4479/2550/4477
f 4480/2551/4478 4478/2549/4476 4479/2550/4477
f 4480/2551/4478 4479/2550/4477 4481/2552/4479
f 4482/2553/4480 4480/2551/4478 4481/2552/4479
f 4482/2553/4480 4481/2552/4479 4483/2554/4481
f 4484/2555/4482 4480/2551/4478 4482/2553/4480
f 4478/2549/4476 4484/2555/4482 4477/2548/4475
f 4478/2549/4476 4480/2551/4478 4484/2555/4482
f 4484/2555/4482 4482/2553/4480 4485/2556/4483
f 4485/2556/4483 4482/2553/4480 4486/2557/4484
f 4482/2553/4480 4483/2554/4481 4486/2557/4484
f 4473/2543/4470 4487/2558/4485 4475/2546/4473
f 4473/2543/4470 4488/2559/4486 4487/2558/4485
f 4473/2543/4470 4489/2560/4487 4488/2559/4486
f 4488/2559/4486 4491/2560/4488 4490/2561/4489
f 4490/2561/4489 4489/2560/4487 4492/2562/4490
f 4492/2562/4490 4493/2563/4491 4490/2561/4489
f 4492/2562/4490 4494/2564/4492 4493/2563/4491
f 4495/2562/4493 4471/2542/4494 4494/2564/4492
f 4492/2562/4490 4496/2560/4495 4471/2542/4469
f 4471/2542/4469 4496/2560/4495 4473/2543/4470
f 4497/2565/4496 4499/2566/4497 4498/2567/4498
f 4497/2565/4496 4498/2567/4498 4500/2568/4499
f 4500/2568/4499 4498/2567/4498 4501/2569/4500
f 4499/2566/4497 4502/2570/4501 4498/2567/4498
f 4503/2571/4502 4498/2567/4498 4502/2570/4501
f 4503/2571/4502 4504/2572/4503 4498/2567/4498
f 4505/2573/4504 4503/2571/4502 4502/2570/4501
f 4499/2566/4497 4506/2574/4505 4502/2570/4501
f 4506/2574/4505 4505/2573/4504 4502/2570/4501
f 4507/2569/4506 4498/2567/4498 4504/2572/4503
f 4508/2575/4507 4505/2573/4504 4506/2574/4505
f 4509/2576/4508 4505/2573/4504 4508/2575/4507
f 4505/2573/4504 4509/2576/4508 4503/2571/4502
f 4509/2576/4508 4508/2575/4507 4510/2577/4509
f 4511/2578/4510 4508/2575/4507 4506/2574/4505
f 4512/2579/4511 4508/2575/4507 4511/2578/4510
f 4512/2579/4511 4513/2580/4512 4508/2575/4507
f 4513/2580/4512 4510/2577/4509 4508/2575/4507
f 4513/2580/4512 4514/2581/4513 4510/2577/4509
f 4515/2582/4514 4514/2581/4513 4513/2580/4512
f 4515/2582/4514 4513/2580/4512 4516/2583/4515
f 4513/2580/4512 4517/2584/4516 4516/2583/4515
f 4513/2580/4512 4512/2579/4511 4517/2584/4516
f 4515/2582/4514 4516/2583/4515 4518/2585/4517
f 4518/2585/4517 4516/2583/4515 4517/2584/4516
f 4519/2569/4518 4504/2572/4503 4520/2586/4518
f 4521/2587/4519 4523/2588/4520 4522/2589/4521
f 4521/2587/4519 4524/2590/4522 4523/2588/4520
f 4524/2590/4522 4525/2591/4523 4523/2588/4520
f 4524/2590/4522 4521/2587/4519 4526/2592/4524
f 4524/2590/4522 4526/2592/4524 4527/2593/4525
f 4527/2593/4525 4528/2594/4526 4524/2590/4522
f 4528/2594/4526 4525/2591/4523 4524/2590/4522
f 4529/2595/4527 4522/2589/4521 4523/2588/4520
f 4523/2588/4520 4530/2596/4528 4529/2595/4527
f 4525/2591/4523 4530/2596/4528 4523/2588/4520
f 4531/2597/4529 4527/2593/4525 4526/2592/4524
f 4531/2597/4529 4526/2592/4524 4532/2598/4530
f 4533/2599/4531 4527/2593/4525 4531/2597/4529
f 4533/2599/4531 4528/2594/4526 4527/2593/4525
f 4532/2598/4530 4534/2600/4532 4531/2597/4529
f 4531/2597/4529 4535/2601/4533 4533/2599/4531
f 4531/2597/4529 4534/2600/4532 4535/2601/4533
f 4536/2602/4534 4535/2601/4533 4534/2600/4532
f 4536/2602/4534 4534/2600/4532 4537/2603/4535
f 4538/2604/4536 4536/2602/4534 4537/2603/4535
f 4532/2598/4530 4539/2605/4537 4534/2600/4532
f 4540/2603/4538 4534/2600/4532 4539/2605/4537
f 4541/2603/4539 4539/2605/4540 4542/2606/4541
f 4543/2604/4542 4541/2603/4539 4542/2606/4541
f 4544/2607/4543 4546/2608/4544 4545/2609/4545
f 4547/2610/4546 4544/2607/4543 4545/2609/4545
f 4547/2610/4546 4545/2609/4545 4548/2611/4547
f 4549/2612/4548 4547/2610/4546 4548/2611/4547
f 4549/2612/4548 4550/2613/4549 4547/2610/4546
f 4551/2614/4550 4547/2610/4546 4550/2613/4549
f 4552/2615/4551 4544/2607/4543 4547/2610/4546
f 4551/2614/4550 4552/2615/4551 4547/2610/4546
f 4552/2615/4551 4553/2616/4552 4544/2607/4543
f 4554/2617/4553 4544/2607/4543 4553/2616/4552
f 4554/2617/4553 4553/2616/4552 4555/2618/4554
f 4556/2619/4555 4551/2614/4550 4550/2613/4549
f 4557/2620/4556 4556/2619/4555 4550/2613/4549
f 4557/2620/4556 4550/2613/4549 4549/2612/4548
f 4558/2621/4557 4557/2620/4556 4549/2612/4548
f 4559/2622/4558 4557/2620/4556 4558/2621/4557
f 4559/2622/4558 4560/2623/4559 4557/2620/4556
f 4559/2622/4558 4561/2624/4560 4560/2623/4559
f 4561/2624/4560 4562/2625/4561 4560/2623/4559
f 4557/2620/4556 4562/2625/4561 4556/2619/4555
f 4557/2620/4556 4560/2623/4559 4562/2625/4561
f 4563/2617/4562 4555/2618/4554 4564/2626/4563
f 4546/2608/4544 4565/2617/4564 4564/2626/4563
f 4544/2607/4543 4565/2617/4564 4546/2608/4544
f 4566/2627/4565 4568/2628/4566 4567/2629/4567
f 4566/2627/4565 4569/2630/4568 4568/2628/4566
f 4570/2631/4569 4566/2627/4565 4567/2629/4567
f 4570/2631/4569 4567/2629/4567 4571/2632/4570
f 4568/2628/4566 4572/2633/4571 4567/2629/4567
f 4568/2628/4566 4573/2634/4572 4572/2633/4571
f 4574/2635/4573 4573/2634/4572 4568/2628/4566
f 4574/2635/4573 4568/2628/4566 4575/2636/4574
f 4576/2637/4575 4574/2635/4573 4575/2636/4574
f 4576/2637/4575 4575/2636/4574 4577/2638/4576
f 4575/2636/4574 4578/2639/4577 4577/2638/4576
f 4568/2628/4566 4578/2639/4577 4575/2636/4574
f 4568/2628/4566 4569/2630/4568 4578/2639/4577
f 4579/2640/4578 4576/2637/4575 4577/2638/4576
f 4579/2640/4578 4577/2638/4576 4580/2641/4579
f 4581/2642/4580 4573/2634/4572 4574/2635/4573
f 4581/2642/4580 4574/2635/4573 4576/2637/4575
f 4582/2643/4581 4581/2642/4580 4576/2637/4575
f 4579/2640/4578 4582/2643/4581 4576/2637/4575
f 4581/2642/4580 4583/2644/4582 4573/2634/4572
f 4573/2634/4572 4584/2645/4583 4572/2633/4571
f 4573/2634/4572 4583/2644/4582 4584/2645/4583
f 4584/2645/4583 4585/2646/4584 4572/2633/4571
f 4570/2631/4569 4571/2632/4570 4586/2647/4585
f 4580/2641/4579 4577/2638/4576 4587/2648/4586
f 4578/2639/4577 4587/2648/4586 4577/2638/4576
f 4580/2641/4579 4587/2648/4586 4588/2649/4587
f 4589/2650/4588 4580/2641/4579 4588/2649/4587
f 4580/2641/4579 4590/2650/4589 4579/2640/4578
f 4579/2640/4578 4591/2651/4590 4582/2643/4581
f 4592/2650/4591 4591/2651/4590 4579/2640/4578
f 4593/2647/4592 4594/2652/4593 4585/2646/4584
f 4571/2632/4570 4594/2652/4593 4593/2647/4592
f 4594/2652/4593 4571/2632/4570 4567/2629/4567
f 4572/2633/4571 4594/2652/4593 4567/2629/4567
f 4585/2646/4584 4594/2652/4593 4572/2633/4571
f 4595/2653/4594 4597/2654/4595 4596/2655/4596
f 4595/2653/4594 4598/2656/4597 4597/2654/4595
f 4596/2655/4596 4597/2654/4595 4599/2657/4598
f 4596/2655/4596 4599/2657/4598 4600/2658/4599
f 4601/2659/4600 4596/2655/4596 4600/2658/4599
f 4600/2658/4599 4602/2660/4601 4601/2659/4600
f 4600/2658/4599 4603/2661/4602 4602/2660/4601
f 4600/2658/4599 4599/2657/4598 4603/2661/4602
f 4603/2661/4602 4604/2662/4603 4602/2660/4601
f 4603/2661/4602 4605/2663/4604 4604/2662/4603
f 4599/2657/4598 4605/2663/4604 4603/2661/4602
f 4598/2656/4597 4595/2653/4594 4606/2664/4605
f 4595/2653/4594 4607/2665/4606 4606/2664/4605
f 4607/2665/4606 4595/2653/4594 4608/2666/4607
f 4601/2659/4600 4608/2666/4607 4596/2655/4596
f 4595/2653/4594 4596/2655/4596 4608/2666/4607
f 4604/2662/4603 4609/2667/4608 4602/2660/4601
f 4610/2668/4609 4609/2667/4608 4604/2662/4603
f 4610/2668/4609 4604/2662/4603 4611/2669/4610
f 4612/2670/4611 4610/2668/4609 4611/2669/4610
f 4605/2663/4604 4613/2671/4612 4604/2662/4603
f 4604/2662/4603 4613/2671/4612 4614/2672/4613
f 4604/2662/4603 4614/2672/4613 4615/2669/4614
f 4616/2670/4615 4615/2669/4614 4614/2672/4613
f 4617/2673/4616 4619/2674/4617 4618/2675/4618
f 4617/2673/4616 4620/2676/4619 4619/2674/4617
f 4621/2677/4620 4619/2674/4617 4620/2676/4619
f 4621/2677/4620 4622/2678/4621 4619/2674/4617
f 4618/2675/4618 4619/2674/4617 4622/2678/4621
f 4623/2679/4622 4618/2675/4618 4622/2678/4621
f 4624/2680/4623 4620/2676/4619 4617/2673/4616
f 4620/2676/4619 4625/2681/4624 4621/2677/4620
f 4620/2676/4619 4624/2680/4623 4625/2681/4624
f 4621/2677/4620 4625/2681/4624 4626/2682/4625
f 4621/2677/4620 4626/2682/4625 4627/2683/4626
f 4628/2684/4627 4621/2677/4620 4627/2683/4626
f 4623/2679/4622 4622/2678/4621 4628/2684/4627
f 4628/2684/4627 4622/2678/4621 4621/2677/4620
f 4629/2685/4628 4623/2679/4622 4628/2684/4627
f 4630/2686/4629 4629/2685/4628 4628/2684/4627
f 4630/2686/4629 4628/2684/4627 4631/2687/4630
f 4628/2684/4627 4627/2683/4626 4631/2687/4630
f 4627/2683/4626 4632/2688/4631 4631/2687/4630
f 4627/2683/4626 4626/2682/4625 4632/2688/4631
f 4630/2686/4629 4633/2689/4632 4629/2685/4628
f 4633/2689/4632 4630/2686/4629 4634/2690/4633
f 4633/2689/4632 4634/2690/4633 4635/2691/4634
f 4635/2691/4634 4634/2690/4633 4636/2692/4635
f 4634/2690/4633 4630/2686/4629 4637/2693/4636
f 4630/2686/4629 4631/2687/4630 4637/2693/4636
f 4637/2693/4636 4631/2687/4630 4638/2694/4637
f 4631/2687/4630 4632/2688/4631 4638/2694/4637
f 4639/2695/4638 4637/2693/4636 4638/2694/4637
f 4634/2690/4633 4637/2693/4636 4639/2695/4638
f 4634/2690/4633 4639/2695/4638 4640/2696/4639
f 4634/2690/4633 4640/2696/4639 4636/2692/4635
f 4639/2695/4638 4638/2694/4637 4641/2697/4640
f 4636/2692/4635 4640/2696/4639 4642/2698/4641
f 4636/2692/4635 4642/2698/4641 4643/2699/4642
f 4644/2700/4643 4643/2699/4642 4642/2698/4641
f 4640/2696/4639 4645/2701/4644 4642/2698/4641
f 4640/2696/4639 4639/2695/4638 4645/2701/4644
f 4646/2700/4645 4642/2698/4641 4645/2701/4644
f 4647/2702/4646 4639/2695/4638 4641/2697/4640
f 4647/2702/4646 4645/2701/4644 4639/2695/4638
f 4648/2700/4647 4645/2701/4644 4647/2702/4646
f 4649/2703/4648 4651/2704/4649 4650/2705/4650
f 4651/2704/4649 4652/2706/4651 4650/2705/4650
f 4653/2707/4652 4651/2704/4649 4649/2703/4648
f 4654/2708/4653 4649/2703/4648 4650/2705/4650
f 4654/2708/4653 4650/2705/4650 4655/2709/4654
f 4655/2709/4654 4650/2705/4650 4652/2706/4651
f 4655/2709/4654 4656/2710/4655 4654/2708/4653
f 4657/2711/4656 4656/2710/4655 4655/2709/4654
f 4655/2709/4654 4652/2706/4651 4657/2711/4656
f 4658/2712/4657 4649/2703/4648 4654/2708/4653
f 4658/2712/4657 4653/2707/4652 4649/2703/4648
f 4659/2713/4658 4658/2712/4657 4654/2708/4653
f 4659/2713/4658 4654/2708/4653 4660/2714/4659
f 4656/2710/4655 4660/2714/4659 4654/2708/4653
f 4661/2715/4660 4660/2714/4659 4656/2710/4655
f 4661/2715/4660 4662/2716/4661 4660/2714/4659
f 4659/2713/4658 4660/2714/4659 4662/2716/4661
f 4663/2717/4662 4662/2716/4661 4661/2715/4660
f 4663/2717/4662 4664/2718/4663 4662/2716/4661
f 4665/2719/4664 4664/2718/4663 4663/2717/4662
f 4666/2720/4665 4663/2717/4662 4661/2715/4660
f 4666/2720/4665 4667/2721/4666 4663/2717/4662
f 4668/2722/4667 4663/2717/4662 4667/2721/4666
f 4668/2722/4667 4665/2719/4664 4663/2717/4662
f 4669/2723/4668 4665/2719/4664 4668/2722/4667
f 4669/2723/4668 4670/2724/4669 4665/2719/4664
f 4670/2724/4669 4671/2725/4670 4665/2719/4664
f 4665/2719/4664 4671/2725/4670 4664/2718/4663
f 4670/2724/4669 4669/2723/4668 4672/2726/4671
f 4673/2727/4672 4670/2724/4669 4672/2726/4671
f 4670/2724/4669 4673/2727/4672 4671/2725/4670
f 4671/2725/4670 4673/2727/4672 4674/2728/4673
f 4671/2725/4670 4675/2729/4674 4664/2718/4663
f 4671/2725/4670 4674/2728/4673 4675/2729/4674
f 4675/2729/4674 4676/2730/4675 4664/2718/4663
f 4676/2730/4675 4662/2716/4661 4664/2718/4663
f 4676/2730/4675 4659/2713/4658 4662/2716/4661
f 4673/2727/4672 4677/2731/4676 4674/2728/4673
f 4678/2726/4677 4677/2731/4676 4673/2727/4672
f 4679/2732/4678 4666/2720/4665 4661/2715/4660
f 4679/2732/4678 4661/2715/4660 4656/2710/4655
f 4657/2711/4656 4679/2732/4678 4656/2710/4655
