# Blender 5.0.1
# www.blender.org
mtllib wandering_sword_2.mtl
o Part_2
v 0.171065 1.251057 -0.114320
v 0.191464 1.241204 -0.128184
v 0.199544 1.237601 -0.104634
v 0.178433 1.247525 -0.089585
v 0.199681 1.224926 -0.075131
v 0.181875 1.237374 -0.062922
v 0.193973 1.208272 -0.047794
v 0.182093 1.220440 -0.040349
v 0.139480 1.261784 -0.093125
v 0.150912 1.257889 -0.069575
v 0.105544 1.266972 -0.069546
v 0.119373 1.264322 -0.046618
v 0.103081 1.272084 -0.067975
v 0.119124 1.269445 -0.043909
v 0.108825 1.272345 -0.036404
v 0.092569 1.275017 -0.060802
v 0.157771 1.247429 -0.044084
v 0.130657 1.256908 -0.024533
v 0.129565 1.261697 -0.021997
v 0.119400 1.264216 -0.015434
v 0.137440 1.247317 -0.002611
v 0.127612 1.250697 0.003208
v 0.160178 1.233034 -0.023905
v 0.137441 1.243883 -0.009004
v 0.141410 1.227304 0.004101
v 0.142163 1.230795 0.010966
v 0.132666 1.233775 0.017105
v 0.143439 1.216027 0.016617
v 0.143176 1.213702 0.011360
v 0.162469 1.200100 -0.007045
v 0.181791 1.191411 -0.025992
v 0.169009 1.176605 -0.009647
v 0.112121 1.254730 -0.018532
v 0.101991 1.261542 -0.038048
v 0.119861 1.242779 -0.001335
v 0.124037 1.229841 0.010582
v 0.133843 1.218895 0.024554
v 0.141090 1.217245 0.018665
v 0.134588 1.211197 0.028289
v 0.141794 1.209106 0.022048
v 0.126175 1.216154 0.019437
v 0.126726 1.208598 0.023014
v 0.088749 1.264735 -0.057304
v 0.074286 1.266256 -0.082846
v 0.085155 1.263537 -0.089783
v 0.089097 1.258980 -0.089074
v 0.121693 1.252695 -0.110486
v 0.101352 1.237399 -0.123078
v 0.073928 1.245474 -0.104718
v 0.069724 1.250157 -0.105481
v 0.060088 1.253290 -0.098466
v 0.046908 1.235724 -0.109993
v 0.056194 1.232087 -0.116515
v 0.084976 1.219665 -0.129199
v 0.062203 1.230507 -0.114350
v 0.053223 1.211627 -0.119374
v 0.047084 1.213284 -0.122130
v 0.151593 1.242376 -0.128435
v 0.173276 1.232931 -0.141413
v 0.146924 1.215271 -0.149043
v 0.129601 1.226938 -0.139572
v 0.122112 1.196216 -0.149065
v 0.111033 1.206208 -0.144341
v 0.100695 1.178265 -0.141241
v 0.066445 1.187351 -0.128361
v 0.047628 1.190768 -0.120938
v 0.081265 1.161007 -0.132501
v 0.041375 1.191681 -0.123490
v 0.030461 1.193448 -0.117788
v 0.037612 1.216236 -0.116099
v 0.049326 1.230240 -0.100095
v 0.061637 1.245857 -0.089625
v 0.075717 1.257286 -0.075036
v 0.040495 1.215190 -0.106086
v 0.035779 1.199907 -0.107781
v 0.033624 1.192338 -0.108492
v 0.188718 1.217227 -0.122634
v 0.195587 1.212891 -0.100341
v 0.199544 1.237601 -0.104634
v 0.191464 1.241204 -0.128184
v 0.183035 1.190829 -0.115223
v 0.188317 1.187113 -0.096870
v 0.177850 1.166484 -0.108429
v 0.178872 1.159446 -0.094913
v 0.188610 1.177157 -0.074808
v 0.179404 1.156072 -0.080014
v 0.199681 1.224926 -0.075131
v 0.196550 1.204024 -0.077698
v 0.193973 1.208272 -0.047794
v 0.188980 1.186760 -0.051491
v 0.180574 1.161047 -0.061097
v 0.178815 1.165772 -0.041163
v 0.181791 1.191411 -0.025992
v 0.173634 1.171787 -0.023227
v 0.169009 1.176605 -0.009647
v 0.168051 1.183511 -0.125245
v 0.170647 1.208457 -0.135262
v 0.165903 1.157233 -0.113438
v 0.148684 1.170060 -0.130711
v 0.152465 1.151340 -0.118051
v 0.150828 1.195896 -0.141716
v 0.146924 1.215271 -0.149043
v 0.173276 1.232931 -0.141413
v 0.122112 1.196216 -0.149065
v 0.125843 1.175537 -0.139893
v 0.134042 1.152025 -0.126484
v 0.115235 1.154487 -0.130050
v 0.100695 1.178265 -0.141241
v 0.096053 1.158002 -0.131793
v 0.081265 1.161007 -0.132501
v 0.178872 1.159446 -0.094913
v 0.177850 1.166484 -0.108429
v 0.181246 1.164342 -0.110582
v 0.183836 1.157895 -0.094417
v 0.189648 1.144133 -0.114017
v 0.179404 1.156072 -0.080014
v 0.183160 1.154014 -0.080273
v 0.184305 1.142538 -0.079572
v 0.189793 1.134634 -0.094363
v 0.180574 1.161047 -0.061097
v 0.184837 1.158495 -0.058932
v 0.183862 1.147328 -0.056845
v 0.178815 1.165772 -0.041163
v 0.182331 1.162623 -0.038646
v 0.180679 1.151748 -0.036918
v 0.173634 1.171787 -0.023227
v 0.176482 1.169583 -0.017727
v 0.173219 1.156908 -0.012623
v 0.169009 1.176605 -0.009647
v 0.171012 1.160508 0.004479
v 0.176619 1.172599 -0.008362
v 0.179136 1.175990 0.003170
v 0.162469 1.200100 -0.007045
v 0.172415 1.164193 0.021132
v 0.163328 1.196240 0.020942
v 0.169702 1.202438 0.004434
v 0.147432 1.216708 0.025170
v 0.143176 1.213702 0.011360
v 0.143439 1.216027 0.016617
v 0.141090 1.217245 0.018665
v 0.150449 1.203634 0.033319
v 0.191072 1.120029 -0.111974
v 0.172265 1.131697 -0.119093
v 0.167741 1.155034 -0.116952
v 0.177850 1.166484 -0.108429
v 0.155977 1.137374 -0.121539
v 0.154275 1.148428 -0.121507
v 0.165903 1.157233 -0.113438
v 0.177850 1.166484 -0.108429
v 0.152465 1.151340 -0.118051
v 0.134436 1.149897 -0.130489
v 0.134042 1.152025 -0.126484
v 0.133354 1.137831 -0.131459
v 0.115235 1.154487 -0.130050
v 0.113815 1.150477 -0.134944
v 0.112581 1.138995 -0.136167
v 0.096053 1.158002 -0.131793
v 0.091533 1.154500 -0.137168
v 0.088437 1.141083 -0.135870
v 0.081265 1.161007 -0.132501
v 0.070776 1.142735 -0.136711
v 0.082483 1.155876 -0.140725
v 0.076504 1.159405 -0.142634
v 0.067579 1.164829 -0.144366
v 0.072493 1.156915 -0.146030
v 0.056067 1.143673 -0.141844
v 0.046553 1.153693 -0.139467
v 0.058923 1.185137 -0.138269
v 0.066445 1.187351 -0.128361
v 0.041375 1.191681 -0.123490
v 0.047628 1.190768 -0.120938
v 0.027985 1.191849 -0.124243
v 0.030461 1.193448 -0.117788
v 0.030986 1.193706 -0.108942
v 0.026443 1.189566 -0.124157
v 0.029593 1.190849 -0.108605
v 0.033624 1.192338 -0.108492
v 0.035858 1.172720 -0.131468
v 0.141794 1.209106 0.022048
v 0.147432 1.216708 0.025170
v 0.150449 1.203634 0.033319
v 0.143850 1.202076 0.026179
v 0.139252 1.200457 0.021020
v 0.135585 1.207859 0.015056
v 0.141090 1.217245 0.018665
v 0.159273 1.161191 0.010029
v 0.172415 1.164193 0.021132
v 0.171012 1.160508 0.004479
v 0.162562 1.160019 -0.000620
v 0.173219 1.156908 -0.012623
v 0.165933 1.158096 -0.015771
v 0.173207 1.152735 -0.038376
v 0.180679 1.151748 -0.036918
v 0.176532 1.147113 -0.060127
v 0.183862 1.147328 -0.056845
v 0.184305 1.142538 -0.079572
v 0.176468 1.141843 -0.081688
v 0.182501 1.132805 -0.097314
v 0.189793 1.134634 -0.094363
v 0.184951 1.123200 -0.108005
v 0.191072 1.120029 -0.111974
v 0.152366 1.191687 0.007829
v 0.163328 1.196240 0.020942
v 0.143850 1.202076 0.026179
v 0.150449 1.203634 0.033319
v 0.139252 1.200457 0.021020
v 0.165492 1.149867 -0.097493
v 0.155771 1.238586 -0.101814
v 0.167439 1.228034 -0.062629
v 0.176532 1.147113 -0.060127
v 0.176468 1.141843 -0.081688
v 0.088749 1.264735 -0.057304
v 0.101991 1.261542 -0.038048
v 0.182501 1.132805 -0.097314
v 0.173207 1.152735 -0.038376
v 0.163374 1.207007 -0.022430
v 0.119861 1.242779 -0.001335
v 0.112121 1.254730 -0.018532
v 0.124037 1.229841 0.010582
v 0.126175 1.216154 0.019437
v 0.162252 1.178376 -0.011519
v 0.165933 1.158096 -0.015771
v 0.162562 1.160019 -0.000620
v 0.135585 1.207859 0.015056
v 0.152366 1.191687 0.007829
v 0.139252 1.200457 0.021020
v 0.159273 1.161191 0.010029
v 0.126726 1.208598 0.023014
v 0.184951 1.123200 -0.108005
v 0.172825 1.131263 -0.111049
v 0.155390 1.137982 -0.113393
v 0.133869 1.139055 -0.123437
v 0.124219 1.220351 -0.123143
v 0.075717 1.257286 -0.075036
v 0.061637 1.245857 -0.089625
v 0.112843 1.139705 -0.128113
v 0.087748 1.193563 -0.128317
v 0.049326 1.230240 -0.100095
v 0.040495 1.215190 -0.106086
v 0.035779 1.199907 -0.107781
v 0.065639 1.170689 -0.122276
v 0.089048 1.143221 -0.127872
v 0.033624 1.192338 -0.108492
v 0.039732 1.170738 -0.115412
v 0.050400 1.151466 -0.122090
v 0.060962 1.143981 -0.126557
v 0.071801 1.143982 -0.126712
v 0.029593 1.190849 -0.108605
v 0.030986 1.193706 -0.108942
v 0.135585 1.207859 0.015056
v 0.126726 1.208598 0.023014
v 0.134588 1.211197 0.028289
v 0.141794 1.209106 0.022048
v 0.070776 1.142735 -0.136711
v 0.071801 1.143982 -0.126712
v 0.089048 1.143221 -0.127872
v 0.088437 1.141083 -0.135870
v 0.112843 1.139705 -0.128113
v 0.112581 1.138995 -0.136167
v 0.133354 1.137831 -0.131459
v 0.133869 1.139055 -0.123437
v 0.155977 1.137374 -0.121539
v 0.155390 1.137982 -0.113393
v 0.172825 1.131263 -0.111049
v 0.172265 1.131697 -0.119093
v 0.184951 1.123200 -0.108005
v 0.191072 1.120029 -0.111974
v 0.060962 1.143981 -0.126557
v 0.056067 1.143673 -0.141844
v 0.050400 1.151466 -0.122090
v 0.046553 1.153693 -0.139467
v 0.035858 1.172720 -0.131468
v 0.039732 1.170738 -0.115412
v 0.026443 1.189566 -0.124157
v 0.029593 1.190849 -0.108605
v 0.122005 1.276219 -0.030193
v 0.118811 1.282900 -0.037971
v 0.119741 1.275584 -0.029961
v 0.121073 1.291074 -0.028777
v 0.110049 1.291691 -0.057562
v 0.056671 1.345925 -0.173734
v 0.061245 1.333314 -0.167043
v 0.061743 1.328121 -0.162181
v 0.108082 1.290541 -0.057303
v 0.116691 1.281867 -0.038035
v 0.120472 1.270348 -0.026878
v 0.064148 1.319068 -0.155480
v 0.123803 1.267007 -0.025218
v 0.126627 1.284509 -0.015038
v 0.128522 1.257229 -0.012628
v 0.134865 1.271824 0.006492
v 0.132499 1.244290 -0.001096
v 0.143526 1.256461 0.028861
v 0.135912 1.228950 0.007838
v 0.145659 1.230896 0.034718
v 0.138802 1.209627 0.016017
v 0.147197 1.211441 0.038863
v 0.135185 1.198895 0.022247
v 0.142753 1.201264 0.044900
v 0.133215 1.183888 0.028681
v 0.140654 1.188327 0.050129
v 0.108973 1.277178 -0.024123
v 0.110506 1.268064 -0.018601
v 0.111838 1.271030 -0.022530
v 0.110431 1.276348 -0.026006
v 0.116264 1.285368 -0.010890
v 0.114648 1.258389 -0.005998
v 0.124120 1.272843 0.011376
v 0.118202 1.244758 0.006186
v 0.131194 1.257882 0.034976
v 0.120975 1.227365 0.016471
v 0.132570 1.229446 0.042821
v 0.123776 1.203447 0.027021
v 0.134030 1.206670 0.049211
v 0.126419 1.195127 0.028429
v 0.136321 1.198783 0.050016
v 0.128930 1.183369 0.030573
v 0.138431 1.188530 0.051273
v 0.106538 1.283374 -0.031077
v 0.110864 1.291998 -0.024928
v 0.101187 1.289915 -0.044831
v 0.102727 1.288133 -0.045571
v 0.107751 1.281873 -0.032620
v 0.056429 1.328582 -0.159772
v 0.052864 1.333961 -0.163377
v 0.052059 1.345961 -0.171426
v 0.140654 1.188327 0.050129
v 0.133215 1.183888 0.028681
v 0.128930 1.183369 0.030573
v 0.138431 1.188530 0.051273
v 0.126419 1.195127 0.028429
v 0.128930 1.183369 0.030573
v 0.133215 1.183888 0.028681
v 0.135185 1.198895 0.022247
v 0.123776 1.203447 0.027021
v 0.138802 1.209627 0.016017
v 0.120975 1.227365 0.016471
v 0.135912 1.228950 0.007838
v 0.118202 1.244758 0.006186
v 0.132499 1.244290 -0.001096
v 0.114648 1.258389 -0.005998
v 0.128522 1.257229 -0.012628
v 0.110506 1.268064 -0.018601
v 0.123803 1.267007 -0.025218
v 0.120472 1.270348 -0.026878
v 0.111838 1.271030 -0.022530
v 0.058474 1.319279 -0.153063
v 0.064148 1.319068 -0.155480
v 0.061245 1.333314 -0.167043
v 0.052864 1.333961 -0.163377
v 0.056429 1.328582 -0.159772
v 0.061743 1.328121 -0.162181
v 0.052059 1.345961 -0.171426
v 0.056671 1.345925 -0.173734
v 0.058474 1.319279 -0.153063
v 0.064148 1.319068 -0.155480
v 0.121073 1.291074 -0.028777
v 0.110864 1.291998 -0.024928
v 0.052059 1.345961 -0.171426
v 0.056671 1.345925 -0.173734
v 0.116264 1.285368 -0.010890
v 0.126627 1.284509 -0.015038
v 0.134865 1.271824 0.006492
v 0.124120 1.272843 0.011376
v 0.143526 1.256461 0.028861
v 0.131194 1.257882 0.034976
v 0.145659 1.230896 0.034718
v 0.132570 1.229446 0.042821
v 0.147197 1.211441 0.038863
v 0.134030 1.206670 0.049211
v 0.142753 1.201264 0.044900
v 0.136321 1.198783 0.050016
v 0.140654 1.188327 0.050129
v 0.138431 1.188530 0.051273
v 0.107751 1.281873 -0.032620
v 0.110431 1.276348 -0.026006
v 0.111838 1.271030 -0.022530
v 0.102727 1.288133 -0.045571
v 0.058474 1.319279 -0.153063
v 0.056429 1.328582 -0.159772
v 0.157157 1.168512 0.043306
v 0.149677 1.166579 0.028811
v 0.136064 1.173750 0.034921
v 0.146994 1.176473 0.054175
v 0.168066 1.162597 0.026936
v 0.162717 1.160625 0.015143
v 0.169072 1.164375 0.024116
v 0.163642 1.162338 0.011733
v 0.161386 1.190277 0.023517
v 0.151618 1.190411 0.006474
v 0.137281 1.203389 0.031718
v 0.144410 1.202332 0.044459
v 0.144410 1.202332 0.044459
v 0.146994 1.176473 0.054175
v 0.136064 1.173750 0.034921
v 0.137281 1.203389 0.031718
v 0.144410 1.202332 0.044459
v 0.157157 1.168512 0.043306
v 0.146994 1.176473 0.054175
v 0.161386 1.190277 0.023517
v 0.169072 1.164375 0.024116
v 0.168066 1.162597 0.026936
v 0.193316 0.980598 -0.145457
v 0.183867 0.992704 -0.152276
v 0.172268 0.966387 -0.157174
v 0.172446 0.998189 -0.161622
v 0.161590 0.995703 -0.169862
v 0.154833 0.985861 -0.177009
v 0.153342 0.971019 -0.179987
v 0.157467 0.954833 -0.178991
v 0.166841 0.943468 -0.173416
v 0.178216 0.938698 -0.165831
v 0.189363 0.940427 -0.156581
v 0.196069 0.950862 -0.149661
v 0.197399 0.965070 -0.145242
v 0.156573 0.962907 -0.186557
v 0.158350 0.999972 -0.185728
v 0.155620 0.983817 -0.188115
v 0.135421 0.995340 -0.191264
v 0.139114 1.018255 -0.187891
v 0.164744 1.007948 -0.180469
v 0.148702 1.030741 -0.179913
v 0.135877 0.969845 -0.191609
v 0.123725 0.971537 -0.185713
v 0.125555 0.998105 -0.186345
v 0.131352 1.021487 -0.183155
v 0.140965 1.034711 -0.175918
v 0.139980 0.944746 -0.185470
v 0.159701 0.946429 -0.180077
v 0.142858 0.924863 -0.177202
v 0.158034 0.922978 -0.171583
v 0.122845 0.937680 -0.177047
v 0.124187 0.950061 -0.182116
v 0.122843 0.941670 -0.173175
v 0.152417 0.906340 -0.161984
v 0.169863 0.913392 -0.163539
v 0.170228 0.895313 -0.156831
v 0.186154 0.906886 -0.157959
v 0.194605 0.883241 -0.151134
v 0.182662 0.869287 -0.145022
v 0.163194 0.883602 -0.149021
v 0.176037 0.863047 -0.135322
v 0.158706 0.877036 -0.132949
v 0.141969 0.897799 -0.149604
v 0.139201 0.896250 -0.129276
v 0.144382 0.897437 -0.109228
v 0.164399 0.878818 -0.114094
v 0.202546 0.847919 -0.137010
v 0.196635 0.843215 -0.131430
v 0.219642 0.821563 -0.131992
v 0.213254 0.817893 -0.127785
v 0.215562 0.857854 -0.141817
v 0.227069 0.866466 -0.138148
v 0.209367 0.895351 -0.143941
v 0.232033 0.828906 -0.136491
v 0.176441 0.864268 -0.114894
v 0.194083 0.843814 -0.112837
v 0.184757 0.871812 -0.097873
v 0.172353 0.886705 -0.096912
v 0.200199 0.849506 -0.099021
v 0.147875 0.911570 -0.089263
v 0.125983 0.918187 -0.105950
v 0.243043 0.835348 -0.133187
v 0.239314 0.816414 -0.134050
v 0.250571 0.822253 -0.131506
v 0.220365 0.806740 -0.126086
v 0.219278 0.808138 -0.108912
v 0.211289 0.818625 -0.109856
v 0.217869 0.823590 -0.097030
v 0.224987 0.812622 -0.096700
v 0.255562 0.826121 -0.120688
v 0.248251 0.839059 -0.121798
v 0.233745 0.869136 -0.125273
v 0.234346 0.867185 -0.108542
v 0.248313 0.839226 -0.106989
v 0.230933 0.865110 -0.100292
v 0.244823 0.838194 -0.099715
v 0.230579 0.830792 -0.093235
v 0.213812 0.857271 -0.094796
v 0.200046 0.880797 -0.092850
v 0.218148 0.891756 -0.097996
v 0.221801 0.896665 -0.108494
v 0.204761 0.908095 -0.090945
v 0.213598 0.918901 -0.102075
v 0.201541 0.940310 -0.092389
v 0.186530 0.930078 -0.083513
v 0.219835 0.900948 -0.127967
v 0.214029 0.926244 -0.117196
v 0.209210 0.922745 -0.138705
v 0.208880 0.942453 -0.131287
v 0.202621 0.909464 -0.147872
v 0.208372 0.943459 -0.108333
v 0.206518 0.958301 -0.126141
v 0.197948 0.936022 -0.161334
v 0.187767 0.932484 -0.168786
v 0.173466 0.934932 -0.173440
v 0.202730 0.943628 -0.155063
v 0.204706 0.955061 -0.147083
v 0.200289 0.974772 -0.142195
v 0.207747 0.970930 -0.116176
v 0.202866 0.988213 -0.126563
v 0.196338 0.990231 -0.108675
v 0.192747 1.000385 -0.118292
v 0.191106 0.990620 -0.110354
v 0.192863 1.006650 -0.138061
v 0.194476 0.990107 -0.149787
v 0.183131 1.014248 -0.130128
v 0.176142 1.023840 -0.153545
v 0.183119 1.003587 -0.161275
v 0.172574 1.009429 -0.172010
v 0.160524 1.032717 -0.167945
v 0.168469 1.028975 -0.146007
v 0.153743 1.037005 -0.162224
v 0.189885 0.978170 -0.098220
v 0.195475 0.977508 -0.095609
v 0.180966 0.969300 -0.087151
v 0.186878 0.966961 -0.082382
v 0.173084 0.959520 -0.074656
v 0.167241 0.963697 -0.080806
v 0.149060 0.960002 -0.071320
v 0.147181 0.964495 -0.077172
v 0.152797 0.937554 -0.080585
v 0.210041 0.950931 -0.102897
v 0.170813 0.916588 -0.084155
v 0.147875 0.911570 -0.089263
v 0.119376 0.944612 -0.084651
v 0.172353 0.886705 -0.096912
v 0.188833 0.896388 -0.091012
v 0.184757 0.871812 -0.097873
v 0.200199 0.849506 -0.099021
v 0.217869 0.823590 -0.097030
v 0.224987 0.812622 -0.096700
v 0.237083 0.819731 -0.093486
v 0.251937 0.827332 -0.098814
v 0.254590 0.827718 -0.107084
v 0.103755 0.967220 -0.083193
v 0.113637 0.967446 -0.078192
v 0.114708 0.972798 -0.081575
v 0.102950 0.972374 -0.086438
v 0.125095 0.970241 -0.079348
v 0.127346 0.964397 -0.074170
v 0.227586 0.810179 -0.130174
v 0.103755 0.967220 -0.083193
v 0.100047 0.959077 -0.089601
v 0.099678 0.964584 -0.093491
v 0.102950 0.972374 -0.086438
v 0.119376 0.944612 -0.084651
v 0.100527 0.952250 -0.102677
v 0.100312 0.944631 -0.099827
v 0.106574 0.933513 -0.117702
v 0.105071 0.926733 -0.115290
v 0.113023 0.924246 -0.133386
v 0.110561 0.916522 -0.132242
v 0.116612 0.923608 -0.147593
v 0.115211 0.916665 -0.150239
v 0.120659 0.923989 -0.165449
v 0.120945 0.930067 -0.162098
v 0.143083 0.903932 -0.162544
v 0.099678 0.964584 -0.093491
v 0.105322 0.964552 -0.095613
v 0.108546 0.969655 -0.090770
v 0.102950 0.972374 -0.086438
v 0.118081 0.955107 -0.092899
v 0.106001 0.953478 -0.103685
v 0.120920 0.929635 -0.111785
v 0.112764 0.935830 -0.117780
v 0.134458 0.911652 -0.133189
v 0.100527 0.952250 -0.102677
v 0.106574 0.933513 -0.117702
v 0.113023 0.924246 -0.133386
v 0.118547 0.928503 -0.134010
v 0.116612 0.923608 -0.147593
v 0.122581 0.928303 -0.147454
v 0.120945 0.930067 -0.162098
v 0.125290 0.933175 -0.158678
v 0.126262 0.941492 -0.168164
v 0.122843 0.941670 -0.173175
v 0.147779 0.938361 -0.168749
v 0.127025 0.956222 -0.174575
v 0.124187 0.950061 -0.182116
v 0.127398 0.970245 -0.177727
v 0.123725 0.971537 -0.185713
v 0.130511 0.996964 -0.178155
v 0.125555 0.998105 -0.186345
v 0.134586 1.015259 -0.175592
v 0.131352 1.021487 -0.183155
v 0.142228 1.026208 -0.170201
v 0.140965 1.034711 -0.175918
v 0.153743 1.037005 -0.162224
v 0.150386 1.027473 -0.160774
v 0.168469 1.028975 -0.146007
v 0.164093 1.020894 -0.146767
v 0.183131 1.014248 -0.130128
v 0.178487 1.007770 -0.130324
v 0.192747 1.000385 -0.118292
v 0.184988 0.996956 -0.121080
v 0.184641 0.994405 -0.140263
v 0.171610 1.008166 -0.151604
v 0.153837 1.007948 -0.168845
v 0.153837 1.007948 -0.168845
v 0.193951 0.972668 -0.126909
v 0.187274 0.986902 -0.113316
v 0.191106 0.990620 -0.110354
v 0.189885 0.978170 -0.098220
v 0.185508 0.974986 -0.103077
v 0.179093 0.968347 -0.094398
v 0.180966 0.969300 -0.087151
v 0.168192 0.962799 -0.086927
v 0.167241 0.963697 -0.080806
v 0.144924 0.961416 -0.082280
v 0.147181 0.964495 -0.077172
v 0.148620 0.950413 -0.084753
v 0.179627 0.943712 -0.090767
v 0.192999 0.951159 -0.104764
v 0.125095 0.970241 -0.079348
v 0.125975 0.967408 -0.085384
v 0.118081 0.955107 -0.092899
v 0.116998 0.970127 -0.087070
v 0.108546 0.969655 -0.090770
v 0.114708 0.972798 -0.081575
v 0.102950 0.972374 -0.086438
v 0.153837 1.007948 -0.168845
v 0.142546 0.988172 -0.178176
v 0.144126 0.965356 -0.177790
v 0.143467 0.919512 -0.154025
v 0.143493 0.996364 -0.150450
v 0.153837 1.007948 -0.168845
v 0.171610 1.008166 -0.151604
v 0.155113 0.994998 -0.141337
v 0.142546 0.988172 -0.178176
v 0.135689 0.984087 -0.151180
v 0.144126 0.965356 -0.177790
v 0.136448 0.954986 -0.141519
v 0.147779 0.938361 -0.168749
v 0.143467 0.919512 -0.154025
v 0.131612 0.946320 -0.127461
v 0.134458 0.911652 -0.133189
v 0.120920 0.929635 -0.111785
v 0.126208 0.952519 -0.116084
v 0.118081 0.955107 -0.092899
v 0.126696 0.964727 -0.108339
v 0.139090 0.966796 -0.109716
v 0.148620 0.950413 -0.084753
v 0.156087 0.968799 -0.117657
v 0.179627 0.943712 -0.090767
v 0.192999 0.951159 -0.104764
v 0.144794 0.967495 -0.131051
v 0.162737 0.979460 -0.126884
v 0.193951 0.972668 -0.126909
v 0.184641 0.994405 -0.140263
v 0.159544 0.992437 -0.136238
v 0.156573 0.962907 -0.186557
v 0.220365 0.806740 -0.126086
v 0.243851 0.801639 -0.112216
v 0.227586 0.810179 -0.130174
v 0.239314 0.816414 -0.134050
v 0.219278 0.808138 -0.108912
v 0.224987 0.812622 -0.096700
v 0.237083 0.819731 -0.093486
v 0.251937 0.827332 -0.098814
v 0.254590 0.827718 -0.107084
v 0.255562 0.826121 -0.120688
v 0.250571 0.822253 -0.131506
v 0.225999 0.794886 -0.101856
v 0.230952 0.794463 -0.094284
v 0.218240 0.818645 -0.093903
v 0.213570 0.815691 -0.102125
v 0.223921 0.796375 -0.113814
v 0.211621 0.815309 -0.113050
v 0.224585 0.798585 -0.124660
v 0.211917 0.817342 -0.126771
v 0.229348 0.802191 -0.132783
v 0.218045 0.820414 -0.135935
v 0.212297 0.823692 -0.132222
v 0.212249 0.828471 -0.136267
v 0.210360 0.828207 -0.134887
v 0.204443 0.836578 -0.135173
v 0.215634 0.831939 -0.139595
v 0.226625 0.829529 -0.140724
v 0.240020 0.801411 -0.135427
v 0.237976 0.828239 -0.139670
v 0.251610 0.798675 -0.133513
v 0.249395 0.829136 -0.135024
v 0.263228 0.796489 -0.128794
v 0.264462 0.806539 -0.120941
v 0.251726 0.837068 -0.126837
v 0.263904 0.813986 -0.114307
v 0.250418 0.845227 -0.118987
v 0.261981 0.819260 -0.105529
v 0.250692 0.842559 -0.105391
v 0.255939 0.816067 -0.096674
v 0.243695 0.838649 -0.097366
v 0.244611 0.845338 -0.101762
v 0.244153 0.851110 -0.106034
v 0.242287 0.850886 -0.103977
v 0.234184 0.830472 -0.092215
v 0.248006 0.807996 -0.091411
v 0.225958 0.822978 -0.090713
v 0.238611 0.799688 -0.091630
v 0.218240 0.818645 -0.093903
v 0.230952 0.794463 -0.094284
v 0.245279 0.852824 -0.111851
v 0.237141 0.859207 -0.104425
v 0.218602 0.814922 -0.090955
v 0.212239 0.811125 -0.099821
v 0.213570 0.815691 -0.102125
v 0.218240 0.818645 -0.093903
v 0.211621 0.815309 -0.113050
v 0.209145 0.810393 -0.114023
v 0.211917 0.817342 -0.126771
v 0.209949 0.813976 -0.130234
v 0.212297 0.823692 -0.132222
v 0.210216 0.820529 -0.136510
v 0.219765 0.796014 -0.097827
v 0.226756 0.796210 -0.089039
v 0.216305 0.796909 -0.111244
v 0.217802 0.799977 -0.124762
v 0.225999 0.794886 -0.101856
v 0.230952 0.794463 -0.094284
v 0.223921 0.796375 -0.113814
v 0.224585 0.798585 -0.124660
v 0.208432 0.825206 -0.140060
v 0.210360 0.828207 -0.134887
v 0.204470 0.830930 -0.140280
v 0.204443 0.836578 -0.135173
v 0.225930 0.803915 -0.138233
v 0.229348 0.802191 -0.132783
v 0.237999 0.805519 -0.140727
v 0.225655 0.826364 -0.145745
v 0.239891 0.826203 -0.143962
v 0.237976 0.828239 -0.139670
v 0.226625 0.829529 -0.140724
v 0.249395 0.829136 -0.135024
v 0.252798 0.827873 -0.137900
v 0.250368 0.804207 -0.138626
v 0.263593 0.801904 -0.132836
v 0.251610 0.798675 -0.133513
v 0.263228 0.796489 -0.128794
v 0.240020 0.801411 -0.135427
v 0.213345 0.828173 -0.144166
v 0.215634 0.831939 -0.139595
v 0.204470 0.830930 -0.140280
v 0.204443 0.836578 -0.135173
v 0.264462 0.806539 -0.120941
v 0.266034 0.813138 -0.125547
v 0.263904 0.813986 -0.114307
v 0.265880 0.821867 -0.116991
v 0.261981 0.819260 -0.105529
v 0.263000 0.827133 -0.104915
v 0.256586 0.822708 -0.093977
v 0.248126 0.838807 -0.094486
v 0.249926 0.846716 -0.099725
v 0.253996 0.847691 -0.104906
v 0.243695 0.838649 -0.097366
v 0.237664 0.828769 -0.087723
v 0.234184 0.830472 -0.092215
v 0.244611 0.845338 -0.101762
v 0.227078 0.820896 -0.086960
v 0.225958 0.822978 -0.090713
v 0.218602 0.814922 -0.090955
v 0.218240 0.818645 -0.093903
v 0.255939 0.816067 -0.096674
v 0.246049 0.811761 -0.085742
v 0.248006 0.807996 -0.091411
v 0.235660 0.802325 -0.085460
v 0.238611 0.799688 -0.091630
v 0.226756 0.796210 -0.089039
v 0.230952 0.794463 -0.094284
v 0.242287 0.850886 -0.103977
v 0.248273 0.851681 -0.101627
v 0.251478 0.851456 -0.104233
v 0.250619 0.853950 -0.109155
v 0.256267 0.846034 -0.117854
v 0.250418 0.845227 -0.118987
v 0.251726 0.837068 -0.126837
v 0.256791 0.836592 -0.128586
v 0.245279 0.852824 -0.111851
v 0.244270 0.858611 -0.102572
v 0.244270 0.858611 -0.102572
v 0.237141 0.859207 -0.104425
v 0.237141 0.859207 -0.104425
v 0.210441 0.825242 -0.142766
v 0.214486 0.822115 -0.142176
v 0.204470 0.830930 -0.140280
v 0.244270 0.858611 -0.102572
v 0.240666 0.757505 -0.147352
v 0.240375 0.754599 -0.143342
v 0.247564 0.762025 -0.136917
v 0.248524 0.765299 -0.141475
v 0.228680 0.739613 -0.154510
v 0.229468 0.735673 -0.150059
v 0.220227 0.740788 -0.158166
v 0.221696 0.743600 -0.159382
v 0.257089 0.767443 -0.132452
v 0.254842 0.763620 -0.128996
v 0.263585 0.764259 -0.122046
v 0.261488 0.760837 -0.116534
v 0.262861 0.784500 -0.112271
v 0.265788 0.785530 -0.116084
v 0.266112 0.812575 -0.111788
v 0.262153 0.814791 -0.108592
v 0.235448 0.761333 -0.151129
v 0.264555 0.802528 -0.121744
v 0.260178 0.782138 -0.127286
v 0.250485 0.779457 -0.138846
v 0.213758 0.746815 -0.158179
v 0.212029 0.744721 -0.155559
v 0.204522 0.750861 -0.156414
v 0.206153 0.752755 -0.159234
v 0.200762 0.758048 -0.156073
v 0.197541 0.757852 -0.152623
v 0.209917 0.773525 -0.147972
v 0.212979 0.774333 -0.151137
v 0.212569 0.783997 -0.143615
v 0.215943 0.785347 -0.148049
v 0.212958 0.793911 -0.142404
v 0.211226 0.790622 -0.139153
v 0.206475 0.798189 -0.135896
v 0.204773 0.795234 -0.131666
v 0.221632 0.797760 -0.129824
v 0.221565 0.798983 -0.134238
v 0.233626 0.800580 -0.136208
v 0.233680 0.802138 -0.133288
v 0.217605 0.772078 -0.154214
v 0.232194 0.788540 -0.144734
v 0.228022 0.795278 -0.139951
v 0.243319 0.798700 -0.136510
v 0.253695 0.792595 -0.134203
v 0.251586 0.794792 -0.130360
v 0.260876 0.804052 -0.120057
v 0.266112 0.812575 -0.111788
v 0.262153 0.814791 -0.108592
v 0.244109 0.800617 -0.132355
v 0.233626 0.800580 -0.136208
v 0.233680 0.802138 -0.133288
v 0.242178 0.783168 -0.141637
v 0.226132 0.766289 -0.152914
v 0.194316 0.753588 -0.137078
v 0.192698 0.750017 -0.142802
v 0.189760 0.753283 -0.135049
v 0.183973 0.763019 -0.137985
v 0.182462 0.761858 -0.136441
v 0.195437 0.757679 -0.134363
v 0.186207 0.765799 -0.138767
v 0.201512 0.768919 -0.126956
v 0.192127 0.777889 -0.129093
v 0.184666 0.768370 -0.144027
v 0.181912 0.763356 -0.143266
v 0.178528 0.759794 -0.136538
v 0.181125 0.759726 -0.132895
v 0.180507 0.758345 -0.126437
v 0.176720 0.757280 -0.126785
v 0.181643 0.759210 -0.122071
v 0.186852 0.752405 -0.126713
v 0.187681 0.753133 -0.122163
v 0.185437 0.762760 -0.116497
v 0.191345 0.757258 -0.117042
v 0.181842 0.761150 -0.111954
v 0.187744 0.766955 -0.110027
v 0.188967 0.765937 -0.113700
v 0.190663 0.762019 -0.116211
v 0.175933 0.756593 -0.121707
v 0.189256 0.752658 -0.111330
v 0.194720 0.758605 -0.111418
v 0.184716 0.747154 -0.121208
v 0.183091 0.744081 -0.128726
v 0.187434 0.752400 -0.132434
v 0.185792 0.748016 -0.139588
v 0.182568 0.754254 -0.110091
v 0.177282 0.749118 -0.119688
v 0.184716 0.747154 -0.121208
v 0.189256 0.752658 -0.111330
v 0.173864 0.755833 -0.126972
v 0.185568 0.756744 -0.106905
v 0.190821 0.756701 -0.107571
v 0.183091 0.744081 -0.128726
v 0.194720 0.758605 -0.111418
v 0.185185 0.761967 -0.106859
v 0.177372 0.757432 -0.140617
v 0.175944 0.747789 -0.134520
v 0.179769 0.750924 -0.141728
v 0.183287 0.761504 -0.149602
v 0.186601 0.756425 -0.154607
v 0.185792 0.748016 -0.139588
v 0.173701 0.745492 -0.129233
v 0.191657 0.752315 -0.148432
v 0.192698 0.750017 -0.142802
v 0.188486 0.757364 -0.153232
v 0.187658 0.766288 -0.150033
v 0.191185 0.762374 -0.153100
v 0.198634 0.779468 -0.142458
v 0.192321 0.780774 -0.137459
v 0.199936 0.791339 -0.128339
v 0.198507 0.787578 -0.119729
v 0.205738 0.790031 -0.136506
v 0.207750 0.780885 -0.112415
v 0.220890 0.771875 -0.109565
v 0.214572 0.757798 -0.126201
v 0.208158 0.745281 -0.131943
v 0.226501 0.748096 -0.117462
v 0.222078 0.735970 -0.131108
v 0.238618 0.740673 -0.113662
v 0.232837 0.730002 -0.128270
v 0.245924 0.736500 -0.123814
v 0.237219 0.730096 -0.135694
v 0.241490 0.744790 -0.102815
v 0.204992 0.793162 -0.114274
v 0.213209 0.788405 -0.107163
v 0.215605 0.796871 -0.113175
v 0.221534 0.795386 -0.106749
v 0.225311 0.782112 -0.103271
v 0.232491 0.794170 -0.101290
v 0.225642 0.802885 -0.109468
v 0.232931 0.805827 -0.101615
v 0.221607 0.801598 -0.114518
v 0.245425 0.810534 -0.096288
v 0.245772 0.785343 -0.095593
v 0.232080 0.774206 -0.098953
v 0.238131 0.768186 -0.091845
v 0.220937 0.812783 -0.109744
v 0.221404 0.810609 -0.124174
v 0.225059 0.801682 -0.121660
v 0.226459 0.816468 -0.100526
v 0.239449 0.823852 -0.096631
v 0.217341 0.798031 -0.120992
v 0.221632 0.797760 -0.129824
v 0.233680 0.802138 -0.133288
v 0.231843 0.815896 -0.134980
v 0.207127 0.796988 -0.124015
v 0.204773 0.795234 -0.131666
v 0.211226 0.790622 -0.139153
v 0.212569 0.783997 -0.143615
v 0.241899 0.804527 -0.132491
v 0.244109 0.800617 -0.132355
v 0.247958 0.824010 -0.125401
v 0.253732 0.808543 -0.126649
v 0.262153 0.814791 -0.108592
v 0.260876 0.804052 -0.120057
v 0.251586 0.794792 -0.130360
v 0.252888 0.830901 -0.108157
v 0.255102 0.813615 -0.099852
v 0.247726 0.827973 -0.100095
v 0.245425 0.810534 -0.096288
v 0.239449 0.823852 -0.096631
v 0.260856 0.787536 -0.105922
v 0.255999 0.788621 -0.099692
v 0.245772 0.785343 -0.095593
v 0.256811 0.771969 -0.094236
v 0.248525 0.771953 -0.091712
v 0.262576 0.769002 -0.103941
v 0.263948 0.764342 -0.085325
v 0.262861 0.784500 -0.112271
v 0.258179 0.763758 -0.083448
v 0.248700 0.761201 -0.085092
v 0.256741 0.753802 -0.078059
v 0.261813 0.750599 -0.082634
v 0.250294 0.755120 -0.080527
v 0.249384 0.744270 -0.079122
v 0.245685 0.744749 -0.082419
v 0.261488 0.760837 -0.116534
v 0.266377 0.760228 -0.094005
v 0.264570 0.747717 -0.087073
v 0.264238 0.756185 -0.108565
v 0.262846 0.744917 -0.096902
v 0.256314 0.743105 -0.111714
v 0.259587 0.739313 -0.090094
v 0.256182 0.751104 -0.125021
v 0.248782 0.740542 -0.128808
v 0.254842 0.763620 -0.128996
v 0.245924 0.736500 -0.123814
v 0.237219 0.730096 -0.135694
v 0.239088 0.730670 -0.141744
v 0.247077 0.746604 -0.139462
v 0.235213 0.724255 -0.140320
v 0.233568 0.724383 -0.132406
v 0.253689 0.737712 -0.099674
v 0.250386 0.740619 -0.110137
v 0.247564 0.762025 -0.136917
v 0.236499 0.731824 -0.145988
v 0.231505 0.727765 -0.149843
v 0.240375 0.754599 -0.143342
v 0.229468 0.735673 -0.150059
v 0.220382 0.729188 -0.147236
v 0.220227 0.740788 -0.158166
v 0.213733 0.734428 -0.156830
v 0.203713 0.723677 -0.144894
v 0.205631 0.738499 -0.150336
v 0.212029 0.744721 -0.155559
v 0.200272 0.744190 -0.156743
v 0.199398 0.729262 -0.141576
v 0.197093 0.716369 -0.138111
v 0.191064 0.724383 -0.131493
v 0.194410 0.713341 -0.135705
v 0.209533 0.719817 -0.139337
v 0.204248 0.712744 -0.127723
v 0.206728 0.718405 -0.125067
v 0.202655 0.713920 -0.118318
v 0.205026 0.717835 -0.117743
v 0.211920 0.723479 -0.134839
v 0.202292 0.718570 -0.105559
v 0.205736 0.721030 -0.107257
v 0.207242 0.726829 -0.100683
v 0.193607 0.719050 -0.107216
v 0.193244 0.714879 -0.121860
v 0.190924 0.725004 -0.120344
v 0.191681 0.727439 -0.108407
v 0.195366 0.722295 -0.101690
v 0.201420 0.723032 -0.099555
v 0.194161 0.728593 -0.119740
v 0.194857 0.731027 -0.110123
v 0.196830 0.728501 -0.126890
v 0.201239 0.731841 -0.137221
v 0.203969 0.737158 -0.142116
v 0.197465 0.736208 -0.102130
v 0.194097 0.729043 -0.100900
v 0.191559 0.735888 -0.145219
v 0.197777 0.732345 -0.141813
v 0.185673 0.729919 -0.137241
v 0.188656 0.741802 -0.141433
v 0.183100 0.737959 -0.129203
v 0.194648 0.749420 -0.149428
v 0.197541 0.757852 -0.152623
v 0.193770 0.751656 -0.147501
v 0.192698 0.750017 -0.142802
v 0.204522 0.750861 -0.156414
v 0.192698 0.750017 -0.142802
v 0.204872 0.775726 -0.146670
v 0.209917 0.773525 -0.147972
v 0.188486 0.757364 -0.153232
v 0.188486 0.757364 -0.153232
v 0.186601 0.756425 -0.154607
v 0.206825 0.739596 -0.136666
v 0.203176 0.739398 -0.137318
v 0.195538 0.748172 -0.137044
v 0.203969 0.737158 -0.142116
v 0.218882 0.730126 -0.133191
v 0.228704 0.725838 -0.128095
v 0.233568 0.724383 -0.132406
v 0.200689 0.736782 -0.134273
v 0.199096 0.732173 -0.135716
v 0.198821 0.735946 -0.128517
v 0.190779 0.741815 -0.130323
v 0.194113 0.744008 -0.121148
v 0.185354 0.738372 -0.120118
v 0.183100 0.737959 -0.129203
v 0.188656 0.741802 -0.141433
v 0.192512 0.743646 -0.136327
v 0.201335 0.738116 -0.121085
v 0.195414 0.744489 -0.112505
v 0.203285 0.739807 -0.112421
v 0.189018 0.740954 -0.109017
v 0.198147 0.730056 -0.127365
v 0.200103 0.732543 -0.119551
v 0.202395 0.735384 -0.109691
v 0.203617 0.740648 -0.109311
v 0.195373 0.747541 -0.106979
v 0.192698 0.750017 -0.142802
v 0.202719 0.744541 -0.111876
v 0.198178 0.746630 -0.109736
v 0.203536 0.738021 -0.106111
v 0.199096 0.732173 -0.135716
v 0.193733 0.725154 -0.131147
v 0.198147 0.730056 -0.127365
v 0.194911 0.727235 -0.121101
v 0.200103 0.732543 -0.119551
v 0.198234 0.732082 -0.108226
v 0.202395 0.735384 -0.109691
v 0.203536 0.738021 -0.106111
v 0.185673 0.729919 -0.137241
v 0.189981 0.733191 -0.106964
v 0.185321 0.728424 -0.122638
v 0.185354 0.738372 -0.120118
v 0.189018 0.740954 -0.109017
v 0.183454 0.726754 -0.134542
v 0.185673 0.729919 -0.137241
v 0.198039 0.735812 -0.103670
v 0.192190 0.736076 -0.104077
v 0.191713 0.741939 -0.104475
v 0.195373 0.747541 -0.106979
v 0.200489 0.729506 -0.125134
v 0.207510 0.723193 -0.123523
v 0.205745 0.723492 -0.116504
v 0.199409 0.730117 -0.117713
v 0.206591 0.725927 -0.109371
v 0.205736 0.721030 -0.107257
v 0.205026 0.717835 -0.117743
v 0.207433 0.730085 -0.104340
v 0.207242 0.726829 -0.100683
v 0.199844 0.732213 -0.110662
v 0.206728 0.718405 -0.125067
v 0.211576 0.726954 -0.129786
v 0.211920 0.723479 -0.134839
v 0.204960 0.732506 -0.132269
v 0.196830 0.728501 -0.126890
v 0.201239 0.731841 -0.137221
v 0.203969 0.737158 -0.142116
v 0.194857 0.731027 -0.110123
v 0.194161 0.728593 -0.119740
v 0.200705 0.735534 -0.105269
v 0.204969 0.732833 -0.107153
v 0.197465 0.736208 -0.102130
v 0.217977 0.726191 -0.140225
v 0.217977 0.726191 -0.140225
v 0.218696 0.723952 -0.127961
v 0.215835 0.720850 -0.138258
v 0.211509 0.711899 -0.128044
v 0.215718 0.718112 -0.121934
v 0.225904 0.721569 -0.124725
v 0.222036 0.715030 -0.119391
v 0.212837 0.717360 -0.114967
v 0.219712 0.714997 -0.112796
v 0.222588 0.710348 -0.112832
v 0.225845 0.710699 -0.121347
v 0.217452 0.715587 -0.106494
v 0.219515 0.711431 -0.105156
v 0.218745 0.718957 -0.100347
v 0.218535 0.714819 -0.096952
v 0.210834 0.717886 -0.107997
v 0.215810 0.721500 -0.103711
v 0.205844 0.711458 -0.108591
v 0.207984 0.711151 -0.117933
v 0.229910 0.718250 -0.127962
v 0.211046 0.720963 -0.101911
v 0.206829 0.719357 -0.099698
v 0.206145 0.711640 -0.099586
v 0.218136 0.706791 -0.104929
v 0.219515 0.711431 -0.105156
v 0.222588 0.710348 -0.112832
v 0.221068 0.705528 -0.113384
v 0.225845 0.710699 -0.121347
v 0.225411 0.705735 -0.122739
v 0.229910 0.718250 -0.127962
v 0.230424 0.715700 -0.133609
v 0.218867 0.707010 -0.133206
v 0.223849 0.715379 -0.139945
v 0.215835 0.720850 -0.138258
v 0.211509 0.711899 -0.128044
v 0.217283 0.703171 -0.131369
v 0.217283 0.703171 -0.131369
v 0.213574 0.703167 -0.119596
v 0.217283 0.703171 -0.131369
v 0.207984 0.711151 -0.117933
v 0.217283 0.703171 -0.131369
v 0.211062 0.704896 -0.109298
v 0.209951 0.706825 -0.100600
v 0.214482 0.709144 -0.097004
v 0.218535 0.714819 -0.096952
v 0.205844 0.711458 -0.108591
v 0.206145 0.711640 -0.099586
v 0.217977 0.726191 -0.140225
v 0.235851 0.756070 -0.092316
v 0.240235 0.752320 -0.088562
v 0.241543 0.745944 -0.087828
v 0.245169 0.740279 -0.099411
v 0.239582 0.740797 -0.089148
v 0.244788 0.736708 -0.097546
v 0.238882 0.736458 -0.089993
v 0.239435 0.734227 -0.081879
v 0.243064 0.739494 -0.081776
v 0.235560 0.731450 -0.084009
v 0.236791 0.734981 -0.090802
v 0.243666 0.733239 -0.095687
v 0.241409 0.731459 -0.096061
v 0.250386 0.740619 -0.110137
v 0.253689 0.737712 -0.099674
v 0.244518 0.725369 -0.094784
v 0.249765 0.728060 -0.094652
v 0.253368 0.733927 -0.095760
v 0.245685 0.744749 -0.082419
v 0.250294 0.755120 -0.080527
v 0.248700 0.761201 -0.085092
v 0.228248 0.761960 -0.101528
v 0.248525 0.771953 -0.091712
v 0.253368 0.733927 -0.095760
v 0.249765 0.728060 -0.094652
v 0.252004 0.726177 -0.088434
v 0.258037 0.733881 -0.087137
v 0.249207 0.724339 -0.088275
v 0.244518 0.725369 -0.094784
v 0.258853 0.737855 -0.090683
v 0.261431 0.738518 -0.088204
v 0.262158 0.740150 -0.083123
v 0.256540 0.735624 -0.080525
v 0.249553 0.727427 -0.081975
v 0.261212 0.742534 -0.080408
v 0.264011 0.741748 -0.082166
v 0.262798 0.743858 -0.078155
v 0.251833 0.736256 -0.078969
v 0.257576 0.742363 -0.078071
v 0.258607 0.744541 -0.076775
v 0.262758 0.738901 -0.087051
v 0.262854 0.743517 -0.084749
v 0.263416 0.746737 -0.078943
v 0.256666 0.746694 -0.078465
v 0.252883 0.742535 -0.077541
v 0.249235 0.743299 -0.079034
v 0.247706 0.737198 -0.080009
v 0.243064 0.739494 -0.081776
v 0.244594 0.730595 -0.080320
v 0.239435 0.734227 -0.081879
v 0.242069 0.727930 -0.080226
v 0.235560 0.731450 -0.084009
v 0.252858 0.744119 -0.077029
v 0.257461 0.743325 -0.082387
v 0.259587 0.739313 -0.090094
v 0.194410 0.713341 -0.135705
v 0.197093 0.716369 -0.138111
v 0.185673 0.729919 -0.137241
v 0.183454 0.726754 -0.134542
v 0.175944 0.747789 -0.134520
v 0.173701 0.745492 -0.129233
v 0.177282 0.749118 -0.119688
v 0.259587 0.739313 -0.090094
v 0.177282 0.749118 -0.119688
v 0.220747 0.719491 -0.092438
v 0.215088 0.712936 -0.090247
v 0.215178 0.720701 -0.085588
v 0.218886 0.724635 -0.087289
v 0.212613 0.731080 -0.080007
v 0.220950 0.716269 -0.095163
v 0.215373 0.708313 -0.094724
v 0.209929 0.719049 -0.085945
v 0.208392 0.708331 -0.093552
v 0.206998 0.723178 -0.087923
v 0.204562 0.715940 -0.093913
v 0.208569 0.702144 -0.101300
v 0.203967 0.711546 -0.098252
v 0.218535 0.714819 -0.096952
v 0.214482 0.709144 -0.097004
v 0.209589 0.704508 -0.101931
v 0.203967 0.711546 -0.098252
v 0.206145 0.711640 -0.099586
v 0.215373 0.708313 -0.094724
v 0.207267 0.728099 -0.091096
v 0.212613 0.731080 -0.080007
v 0.206998 0.723178 -0.087923
v 0.205435 0.724212 -0.096666
v 0.213043 0.731400 -0.093296
v 0.213443 0.726815 -0.101271
v 0.212613 0.731080 -0.080007
v 0.204562 0.715940 -0.093913
v 0.205112 0.722418 -0.098668
v 0.203967 0.711546 -0.098252
v 0.211272 0.724024 -0.102732
v 0.219349 0.724598 -0.098848
v 0.218326 0.729936 -0.091614
v 0.220747 0.719491 -0.092438
v 0.218886 0.724635 -0.087289
v 0.212613 0.731080 -0.080007
v 0.212613 0.731080 -0.080007
v 0.216391 0.723738 -0.104222
v 0.206829 0.719357 -0.099698
v 0.211046 0.720963 -0.101911
v 0.206145 0.711640 -0.099586
v 0.215810 0.721500 -0.103711
v 0.215810 0.721500 -0.103711
v 0.220272 0.720564 -0.099944
v 0.220950 0.716269 -0.095163
v 0.218745 0.718957 -0.100347
v 0.218535 0.714819 -0.096952
v 0.215810 0.721500 -0.103711
v 0.214482 0.709144 -0.097004
v 0.209951 0.706825 -0.100600
v 0.209589 0.704508 -0.101931
v 0.206145 0.711640 -0.099586
v 0.212428 0.731706 -0.096878
v 0.205234 0.727896 -0.092991
v 0.208746 0.735468 -0.089091
v 0.213469 0.737805 -0.091919
v 0.210726 0.746619 -0.083928
v 0.210424 0.727476 -0.099321
v 0.202578 0.722273 -0.097194
v 0.202991 0.735809 -0.088458
v 0.196629 0.726020 -0.094282
v 0.210726 0.746619 -0.083928
v 0.201065 0.740581 -0.090447
v 0.195173 0.734202 -0.095489
v 0.198585 0.741728 -0.099496
v 0.202559 0.745128 -0.094302
v 0.210726 0.746619 -0.083928
v 0.197242 0.739955 -0.101293
v 0.192240 0.729915 -0.099172
v 0.192342 0.718925 -0.100008
v 0.192342 0.718925 -0.100008
v 0.207242 0.726829 -0.100683
v 0.201420 0.723032 -0.099555
v 0.194001 0.720542 -0.101775
v 0.192342 0.718925 -0.100008
v 0.197465 0.736208 -0.102130
v 0.194097 0.729043 -0.100900
v 0.194001 0.720542 -0.101775
v 0.192342 0.718925 -0.100008
v 0.202559 0.745128 -0.094302
v 0.198585 0.741728 -0.099496
v 0.205618 0.741321 -0.104601
v 0.209879 0.746332 -0.097380
v 0.210726 0.746619 -0.083928
v 0.202526 0.738350 -0.106423
v 0.197242 0.739955 -0.101293
v 0.211819 0.737418 -0.103722
v 0.213730 0.744073 -0.096686
v 0.213469 0.737805 -0.091919
v 0.212428 0.731706 -0.096878
v 0.210726 0.746619 -0.083928
v 0.209969 0.733135 -0.105304
v 0.210424 0.727476 -0.099321
v 0.210726 0.746619 -0.083928
v 0.207100 0.735672 -0.107848
v 0.207433 0.730085 -0.104340
v 0.207242 0.726829 -0.100683
v 0.204969 0.732833 -0.107153
v 0.200705 0.735534 -0.105269
v 0.197465 0.736208 -0.102130
v 0.201420 0.723032 -0.099555
v 0.195366 0.722295 -0.101690
v 0.194001 0.720542 -0.101775
v 0.194097 0.729043 -0.100900
v 0.209107 0.741535 -0.104203
v 0.203028 0.739927 -0.099045
v 0.208166 0.746868 -0.097578
v 0.211943 0.747586 -0.101107
v 0.212546 0.757319 -0.095275
v 0.206689 0.738186 -0.105360
v 0.199415 0.735191 -0.101529
v 0.203204 0.748245 -0.095996
v 0.194838 0.739552 -0.098421
v 0.212546 0.757319 -0.095275
v 0.201703 0.752599 -0.098243
v 0.194411 0.747019 -0.100525
v 0.197581 0.752589 -0.105595
v 0.202832 0.755910 -0.102756
v 0.212546 0.757319 -0.095275
v 0.195646 0.751175 -0.106642
v 0.190503 0.743244 -0.102693
v 0.189075 0.733464 -0.101175
v 0.189075 0.733464 -0.101175
v 0.203536 0.738021 -0.106111
v 0.198039 0.735812 -0.103670
v 0.190331 0.734313 -0.103658
v 0.189075 0.733464 -0.101175
v 0.195373 0.747541 -0.106979
v 0.191713 0.741939 -0.104475
v 0.190331 0.734313 -0.103658
v 0.189075 0.733464 -0.101175
v 0.197581 0.752589 -0.105595
v 0.203206 0.750521 -0.110388
v 0.207688 0.754960 -0.106571
v 0.202832 0.755910 -0.102756
v 0.212546 0.757319 -0.095275
v 0.200003 0.748782 -0.110902
v 0.195646 0.751175 -0.106642
v 0.207862 0.746467 -0.110133
v 0.211571 0.751802 -0.106221
v 0.209107 0.741535 -0.104203
v 0.211943 0.747586 -0.101107
v 0.212546 0.757319 -0.095275
v 0.206183 0.742926 -0.110328
v 0.206689 0.738186 -0.105360
v 0.212546 0.757319 -0.095275
v 0.203990 0.745836 -0.112012
v 0.203617 0.740648 -0.109311
v 0.203536 0.738021 -0.106111
v 0.202719 0.744541 -0.111876
v 0.202719 0.744541 -0.111876
v 0.198178 0.746630 -0.109736
v 0.195373 0.747541 -0.106979
v 0.202719 0.744541 -0.111876
v 0.198039 0.735812 -0.103670
v 0.192190 0.736076 -0.104077
v 0.190331 0.734313 -0.103658
v 0.191713 0.741939 -0.104475
v 0.199893 0.761383 -0.111156
v 0.196151 0.760067 -0.105040
v 0.200996 0.765964 -0.105282
v 0.203273 0.766624 -0.109526
v 0.205526 0.774993 -0.104687
v 0.197555 0.758699 -0.111802
v 0.192524 0.756152 -0.106098
v 0.197153 0.767162 -0.102499
v 0.189365 0.759847 -0.102418
v 0.205526 0.774993 -0.104687
v 0.195580 0.771158 -0.104187
v 0.188811 0.766597 -0.104170
v 0.190166 0.771464 -0.109638
v 0.195395 0.773992 -0.108298
v 0.205526 0.774993 -0.104687
v 0.188291 0.770054 -0.109885
v 0.184612 0.763099 -0.105050
v 0.183001 0.753958 -0.104598
v 0.183001 0.753958 -0.104598
v 0.194720 0.758605 -0.111418
v 0.190821 0.756701 -0.107571
v 0.183771 0.754914 -0.106475
v 0.183001 0.753958 -0.104598
v 0.187744 0.766955 -0.110027
v 0.185185 0.761967 -0.106859
v 0.183771 0.754914 -0.106475
v 0.183001 0.753958 -0.104598
v 0.190166 0.771464 -0.109638
v 0.192830 0.768978 -0.116108
v 0.198453 0.772795 -0.113039
v 0.195395 0.773992 -0.108298
v 0.205526 0.774993 -0.104687
v 0.190056 0.767702 -0.115511
v 0.188291 0.770054 -0.109885
v 0.196963 0.765111 -0.117126
v 0.201853 0.769872 -0.113779
v 0.199893 0.761383 -0.111156
v 0.203273 0.766624 -0.109526
v 0.205526 0.774993 -0.104687
v 0.195157 0.762443 -0.116838
v 0.197555 0.758699 -0.111802
v 0.205526 0.774993 -0.104687
v 0.192052 0.764111 -0.118436
v 0.193205 0.760327 -0.114531
v 0.194720 0.758605 -0.111418
v 0.190663 0.762019 -0.116211
v 0.188967 0.765937 -0.113700
v 0.190663 0.762019 -0.116211
v 0.187744 0.766955 -0.110027
v 0.190821 0.756701 -0.107571
v 0.185568 0.756744 -0.106905
v 0.183771 0.754914 -0.106475
v 0.185185 0.761967 -0.106859
v 0.225706 0.729235 -0.089101
v 0.230616 0.722581 -0.085451
v 0.223658 0.720163 -0.092069
v 0.220661 0.724536 -0.094203
v 0.217635 0.716769 -0.100840
v 0.231225 0.732732 -0.083517
v 0.239838 0.726100 -0.078209
v 0.235560 0.731450 -0.084009
v 0.242069 0.727930 -0.080226
v 0.226973 0.716519 -0.093598
v 0.238277 0.717867 -0.085463
v 0.217635 0.716769 -0.100840
v 0.238779 0.717727 -0.093627
v 0.228838 0.716606 -0.098252
v 0.237074 0.722392 -0.101110
v 0.229435 0.720359 -0.103037
v 0.217635 0.716769 -0.100840
v 0.242999 0.724062 -0.099465
v 0.249951 0.721289 -0.088184
v 0.244518 0.725369 -0.094784
v 0.249207 0.724339 -0.088275
v 0.251982 0.727292 -0.079063
v 0.252855 0.723891 -0.076732
v 0.251982 0.727292 -0.079063
v 0.252855 0.723891 -0.076732
v 0.252855 0.723891 -0.076732
v 0.252855 0.723891 -0.076732
v 0.233742 0.729653 -0.102433
v 0.225622 0.725800 -0.105098
v 0.229435 0.720359 -0.103037
v 0.237074 0.722392 -0.101110
v 0.217635 0.716769 -0.100840
v 0.239825 0.732221 -0.100321
v 0.242999 0.724062 -0.099465
v 0.241409 0.731459 -0.096061
v 0.244518 0.725369 -0.094784
v 0.227181 0.733692 -0.096396
v 0.220812 0.726918 -0.099922
v 0.220661 0.724536 -0.094203
v 0.225706 0.729235 -0.089101
v 0.217635 0.716769 -0.100840
v 0.233412 0.737515 -0.091641
v 0.231225 0.732732 -0.083517
v 0.236791 0.734981 -0.090802
v 0.235560 0.731450 -0.084009
v 0.217635 0.716769 -0.100840
v 0.242069 0.727930 -0.080226
v 0.249553 0.727427 -0.081975
v 0.251982 0.727292 -0.079063
v 0.249207 0.724339 -0.088275
v 0.262854 0.743517 -0.084749
v 0.263416 0.746737 -0.078943
v 0.257461 0.743325 -0.082387
v 0.256666 0.746694 -0.078465
v 0.259587 0.739313 -0.090094
v 0.249384 0.744270 -0.079122
v 0.203969 0.737158 -0.142116
v 0.205631 0.738499 -0.150336
v 0.193205 0.760327 -0.114531
v 0.217977 0.726191 -0.140225
v 0.220382 0.729188 -0.147236
v 0.220937 0.812783 -0.109744
v 0.221404 0.810609 -0.124174
v 0.231205 0.828685 -0.115701
v 0.226459 0.816468 -0.100526
v 0.239449 0.823852 -0.096631
v 0.231843 0.815896 -0.134980
v 0.247726 0.827973 -0.100095
v 0.252888 0.830901 -0.108157
v 0.247958 0.824010 -0.125401
v 0.198986 0.749866 -0.157821
v 0.202419 0.747427 -0.163251
v 0.198579 0.743164 -0.154424
v 0.196509 0.746119 -0.152595
v 0.196893 0.751851 -0.150483
v 0.194849 0.748670 -0.149243
v 0.203787 0.756926 -0.162864
v 0.210110 0.755637 -0.173857
v 0.210782 0.748019 -0.163982
v 0.204903 0.743642 -0.157815
v 0.213397 0.744695 -0.153001
v 0.207512 0.741581 -0.150045
v 0.199996 0.758048 -0.151694
v 0.201707 0.741214 -0.152670
v 0.204403 0.739536 -0.149643
v 0.197623 0.742246 -0.156965
v 0.200937 0.745977 -0.164674
v 0.196481 0.749804 -0.158616
v 0.194640 0.746456 -0.154263
v 0.201070 0.755588 -0.163703
v 0.208386 0.753909 -0.174610
v 0.198579 0.743164 -0.154424
v 0.196509 0.746119 -0.152595
v 0.194497 0.752293 -0.151707
v 0.193135 0.749267 -0.150698
v 0.194849 0.748670 -0.149243
v 0.194849 0.748670 -0.149243
v 0.197233 0.757137 -0.152892
v 0.196893 0.751851 -0.150483
v 0.194849 0.748670 -0.149243
v 0.199996 0.758048 -0.151694
v 0.203787 0.756926 -0.162864
v 0.208386 0.753909 -0.174610
v 0.210110 0.755637 -0.173857
v 0.201707 0.741214 -0.152670
v 0.201865 0.739247 -0.153989
v 0.204982 0.737917 -0.150797
v 0.207806 0.739223 -0.151261
v 0.204732 0.740943 -0.158361
v 0.209778 0.745559 -0.164376
v 0.208386 0.753909 -0.174610
v 0.204403 0.739536 -0.149643
v 0.212238 0.741694 -0.153339
v 0.207512 0.741581 -0.150045
v 0.213397 0.744695 -0.153001
v 0.210782 0.748019 -0.163982
v 0.208386 0.753909 -0.174610
v 0.210110 0.755637 -0.173857
v 0.204403 0.739536 -0.149643
v 0.204403 0.739536 -0.149643
v 0.212415 0.739491 -0.157324
v 0.217108 0.737536 -0.161955
v 0.211574 0.732220 -0.153441
v 0.209192 0.735312 -0.152468
v 0.209012 0.741298 -0.150869
v 0.206876 0.737798 -0.149935
v 0.217812 0.747425 -0.161415
v 0.226144 0.746622 -0.170537
v 0.226239 0.739682 -0.160335
v 0.218731 0.733437 -0.155925
v 0.225979 0.734737 -0.148678
v 0.219958 0.731251 -0.148086
v 0.212074 0.748144 -0.151691
v 0.214523 0.730474 -0.151259
v 0.216769 0.728894 -0.147449
v 0.211130 0.731276 -0.156225
v 0.215828 0.735747 -0.163616
v 0.210053 0.739237 -0.158524
v 0.207624 0.735562 -0.154470
v 0.215344 0.745840 -0.162694
v 0.224725 0.744814 -0.171668
v 0.211574 0.732220 -0.153441
v 0.209192 0.735312 -0.152468
v 0.206965 0.741765 -0.152796
v 0.205474 0.738384 -0.151754
v 0.206876 0.737798 -0.149935
v 0.206876 0.737798 -0.149935
v 0.209577 0.747030 -0.153334
v 0.209012 0.741298 -0.150869
v 0.206876 0.737798 -0.149935
v 0.212074 0.748144 -0.151691
v 0.217812 0.747425 -0.161415
v 0.224725 0.744814 -0.171668
v 0.226144 0.746622 -0.170537
v 0.214523 0.730474 -0.151259
v 0.215140 0.728523 -0.152607
v 0.217752 0.727334 -0.148835
v 0.220761 0.728999 -0.149243
v 0.219004 0.730875 -0.156578
v 0.225278 0.736744 -0.161275
v 0.224725 0.744814 -0.171668
v 0.216769 0.728894 -0.147449
v 0.225468 0.732025 -0.149994
v 0.219958 0.731251 -0.148086
v 0.225979 0.734737 -0.148678
v 0.226239 0.739682 -0.160335
v 0.224725 0.744814 -0.171668
v 0.226144 0.746622 -0.170537
v 0.216769 0.728894 -0.147449
v 0.216769 0.728894 -0.147449
v 0.228385 0.731861 -0.150326
v 0.234219 0.731087 -0.154576
v 0.229463 0.725891 -0.146079
v 0.225845 0.727840 -0.144987
v 0.223508 0.733637 -0.143444
v 0.222425 0.729926 -0.142375
v 0.232151 0.740360 -0.155811
v 0.241481 0.741219 -0.164114
v 0.241984 0.735315 -0.152994
v 0.236134 0.728656 -0.147979
v 0.242395 0.733843 -0.141444
v 0.237336 0.728335 -0.140141
v 0.224969 0.740418 -0.146500
v 0.232570 0.725401 -0.143460
v 0.234903 0.725123 -0.139628
v 0.229654 0.724510 -0.148710
v 0.233804 0.729081 -0.156125
v 0.226404 0.730915 -0.151744
v 0.224496 0.727287 -0.147142
v 0.230380 0.738187 -0.156887
v 0.240741 0.738894 -0.165032
v 0.229463 0.725891 -0.146079
v 0.225845 0.727840 -0.144987
v 0.221467 0.732893 -0.145311
v 0.221056 0.729668 -0.144324
v 0.222425 0.729926 -0.142375
v 0.222425 0.729926 -0.142375
v 0.222782 0.738207 -0.147357
v 0.223508 0.733637 -0.143444
v 0.222425 0.729926 -0.142375
v 0.224969 0.740418 -0.146500
v 0.232151 0.740360 -0.155811
v 0.240741 0.738894 -0.165032
v 0.241481 0.741219 -0.164114
v 0.232570 0.725401 -0.143460
v 0.234019 0.723782 -0.144793
v 0.236572 0.723897 -0.140975
v 0.238908 0.726290 -0.141032
v 0.237284 0.726390 -0.148356
v 0.241982 0.732316 -0.153377
v 0.240741 0.738894 -0.165032
v 0.234903 0.725123 -0.139628
v 0.242642 0.730556 -0.142063
v 0.237336 0.728335 -0.140141
v 0.242395 0.733843 -0.141444
v 0.241984 0.735315 -0.152994
v 0.240741 0.738894 -0.165032
v 0.241481 0.741219 -0.164114
v 0.234903 0.725123 -0.139628
v 0.234903 0.725123 -0.139628
v 0.186182 0.761592 -0.155568
v 0.187485 0.758060 -0.160362
v 0.186155 0.756592 -0.151832
v 0.185006 0.759626 -0.150487
v 0.186158 0.764788 -0.149580
v 0.184349 0.762404 -0.148000
v 0.188728 0.765429 -0.162316
v 0.192415 0.762616 -0.172373
v 0.194852 0.757906 -0.162716
v 0.191001 0.755964 -0.155827
v 0.199577 0.757052 -0.152869
v 0.194548 0.755027 -0.149807
v 0.188876 0.769504 -0.152096
v 0.188967 0.754836 -0.150451
v 0.191916 0.753650 -0.147937
v 0.184744 0.755526 -0.153654
v 0.185814 0.756717 -0.160941
v 0.183877 0.761642 -0.155771
v 0.183162 0.759877 -0.151634
v 0.186509 0.764722 -0.162012
v 0.190681 0.761195 -0.172334
v 0.186155 0.756592 -0.151832
v 0.185006 0.759626 -0.150487
v 0.183935 0.765220 -0.150242
v 0.182721 0.762911 -0.148938
v 0.184349 0.762404 -0.148000
v 0.184349 0.762404 -0.148000
v 0.186237 0.768775 -0.152285
v 0.186158 0.764788 -0.149580
v 0.184349 0.762404 -0.148000
v 0.188876 0.769504 -0.152096
v 0.188728 0.765429 -0.162316
v 0.190681 0.761195 -0.172334
v 0.192415 0.762616 -0.172373
v 0.188967 0.754836 -0.150451
v 0.188788 0.753033 -0.151650
v 0.192002 0.752004 -0.149039
v 0.194464 0.752847 -0.150571
v 0.190772 0.753823 -0.156135
v 0.193916 0.756039 -0.162397
v 0.190681 0.761195 -0.172334
v 0.191916 0.753650 -0.147937
v 0.198310 0.754553 -0.153104
v 0.194548 0.755027 -0.149807
v 0.199577 0.757052 -0.152869
v 0.194852 0.757906 -0.162716
v 0.190681 0.761195 -0.172334
v 0.192415 0.762616 -0.172373
v 0.191916 0.753650 -0.147937
v 0.191916 0.753650 -0.147937
v 0.267422 0.749913 -0.088703
v 0.272041 0.759248 -0.078693
v 0.262807 0.745731 -0.079415
v 0.261878 0.740861 -0.086017
v 0.274101 0.759171 -0.090970
v 0.281755 0.776450 -0.079314
v 0.262272 0.744091 -0.093222
v 0.257979 0.739067 -0.090759
v 0.266533 0.751848 -0.099502
v 0.258285 0.755403 -0.077291
v 0.253541 0.746322 -0.077987
v 0.261496 0.766907 -0.077620
v 0.248730 0.752532 -0.079679
v 0.247087 0.745690 -0.080447
v 0.249457 0.761780 -0.079165
v 0.270458 0.747414 -0.088900
v 0.265345 0.740541 -0.087488
v 0.265894 0.746113 -0.076914
v 0.273914 0.757000 -0.076004
v 0.275162 0.755842 -0.090405
v 0.282949 0.773917 -0.076947
v 0.262807 0.745731 -0.079415
v 0.261878 0.740861 -0.086017
v 0.265191 0.742611 -0.094198
v 0.262633 0.738342 -0.090589
v 0.262272 0.744091 -0.093222
v 0.257979 0.739067 -0.090759
v 0.268670 0.748177 -0.097434
v 0.266533 0.751848 -0.099502
v 0.262633 0.738342 -0.090589
v 0.257979 0.739067 -0.090759
v 0.274101 0.759171 -0.090970
v 0.282949 0.773917 -0.076947
v 0.281755 0.776450 -0.079314
v 0.257701 0.755387 -0.074443
v 0.254527 0.747220 -0.074371
v 0.261514 0.764494 -0.074764
v 0.282949 0.773917 -0.076947
v 0.253541 0.746322 -0.077987
v 0.248980 0.752681 -0.075763
v 0.248440 0.747062 -0.076639
v 0.248730 0.752532 -0.079679
v 0.247087 0.745690 -0.080447
v 0.249459 0.759796 -0.076019
v 0.249457 0.761780 -0.079165
v 0.248440 0.747062 -0.076639
v 0.247087 0.745690 -0.080447
v 0.261496 0.766907 -0.077620
v 0.282949 0.773917 -0.076947
v 0.281755 0.776450 -0.079314
v 0.162550 0.398717 0.003066
v 0.161716 0.427848 -0.004844
v 0.172655 0.437167 0.018557
v 0.158378 0.398105 0.006832
v 0.161726 0.434514 0.026308
v 0.186265 0.484833 0.037069
v 0.165515 0.480198 0.051813
v 0.179557 0.524327 0.048046
v 0.176321 0.516954 0.029552
v 0.174390 0.497645 0.014719
v 0.167865 0.521997 0.056303
v 0.175116 0.538462 0.042140
v 0.171573 0.567226 0.056243
v 0.153309 0.512539 0.045836
v 0.144009 0.491228 0.036456
v 0.141867 0.421017 0.008678
v 0.160104 0.535466 0.052744
v 0.166653 0.566245 0.059719
v 0.169282 0.567483 0.058417
v 0.130797 0.447764 0.012285
v 0.123830 0.468917 0.016323
v 0.165214 0.479341 -0.012945
v 0.162409 0.456127 -0.009572
v 0.180534 0.481320 0.050162
v 0.180604 0.507057 0.057376
v 0.190647 0.509158 0.048439
v 0.192148 0.483525 0.040471
v 0.185949 0.541225 0.056042
v 0.178288 0.539803 0.063368
v 0.180017 0.569170 0.059464
v 0.174124 0.568507 0.065580
v 0.168844 0.504810 0.063842
v 0.167440 0.478113 0.057990
v 0.166575 0.566488 0.068960
v 0.168899 0.537826 0.068085
v 0.183486 0.540762 0.043327
v 0.180017 0.569170 0.059464
v 0.171573 0.567226 0.056243
v 0.169282 0.567483 0.058417
v 0.166653 0.566245 0.059719
v 0.166575 0.566488 0.068960
v 0.158146 0.535663 0.061313
v 0.143007 0.489439 0.045037
v 0.151722 0.511544 0.054549
v 0.160104 0.535466 0.052744
v 0.166653 0.566245 0.059719
v 0.153309 0.512539 0.045836
v 0.144009 0.491228 0.036456
v 0.122567 0.465260 0.023987
v 0.123830 0.468917 0.016323
v 0.130221 0.443994 0.019449
v 0.163496 0.441074 0.036470
v 0.142268 0.415665 0.015490
v 0.173123 0.442948 0.030911
v 0.181122 0.445576 0.023917
v 0.168762 0.395049 0.003070
v 0.163987 0.391383 0.007088
v 0.157749 0.391295 0.010908
v 0.169403 0.425496 -0.003885
v 0.170452 0.456380 -0.008990
v 0.173395 0.478151 -0.011941
v 0.183344 0.498394 0.015866
v 0.174390 0.497645 0.014719
v 0.165214 0.479341 -0.012945
v 0.176321 0.516954 0.029552
v 0.185194 0.518408 0.030583
v 0.175116 0.538462 0.042140
v 0.171573 0.567226 0.056243
v 0.171573 0.567226 0.056243
v 0.180017 0.569170 0.059464
v 0.166653 0.566245 0.059719
v 0.166575 0.566488 0.068960
v 0.111960 -0.002566 -0.122351
v 0.106623 0.003936 -0.126722
v 0.101005 0.004107 -0.108184
v 0.108184 -0.002412 -0.107221
v 0.122965 0.004019 -0.135817
v 0.125480 -0.002483 -0.129022
v 0.107163 0.004440 -0.082501
v 0.114283 -0.002081 -0.084580
v 0.123317 0.026717 -0.134163
v 0.108169 0.028030 -0.125725
v 0.126392 0.052203 -0.132004
v 0.110120 0.059388 -0.124846
v 0.105361 0.053523 -0.105082
v 0.102973 0.027280 -0.108633
v 0.106415 0.027884 -0.088761
v 0.143438 0.026594 -0.134697
v 0.149806 0.004257 -0.134849
v 0.149335 -0.002211 -0.127541
v 0.109719 0.061392 -0.094834
v 0.118314 0.032479 -0.071432
v 0.116087 0.063776 -0.093032
v 0.129162 0.034560 -0.072146
v 0.120035 0.079010 -0.116326
v 0.114099 0.078224 -0.121713
v 0.175417 0.006222 -0.121359
v 0.172062 -0.001211 -0.114403
v 0.174844 0.011346 -0.109831
v 0.174569 0.014724 -0.111576
v 0.162899 0.030310 -0.126182
v 0.163238 0.033195 -0.115024
v 0.137273 0.066700 -0.119477
v 0.132051 0.066212 -0.128404
v 0.120035 0.079010 -0.116326
v 0.114099 0.078224 -0.121713
v 0.114099 0.078224 -0.121713
v 0.114099 0.078224 -0.121713
v 0.111960 -0.002566 -0.122351
v 0.108184 -0.002412 -0.107221
v 0.125480 -0.002483 -0.129022
v 0.114283 -0.002081 -0.084580
v 0.149335 -0.002211 -0.127541
v 0.172062 -0.001211 -0.114403
v 0.130382 -0.001057 -0.064197
v 0.137394 0.010333 -0.064709
v 0.174844 0.011346 -0.109831
v 0.137394 0.010333 -0.064709
v 0.130382 -0.001057 -0.064197
v 0.124307 0.006549 -0.059745
v 0.136387 0.013320 -0.064624
v 0.133019 0.107812 -0.130160
v 0.135794 0.077904 -0.131862
v 0.119654 0.087415 -0.131692
v 0.117062 0.118062 -0.129241
v 0.107763 0.093762 -0.124967
v 0.105950 0.128557 -0.124088
v 0.147434 0.098028 -0.125617
v 0.150078 0.067417 -0.126903
v 0.104143 0.118637 -0.113714
v 0.103982 0.087914 -0.112505
v 0.107304 0.107871 -0.099984
v 0.106138 0.078387 -0.096919
v 0.114435 0.098598 -0.088178
v 0.113681 0.068307 -0.084719
v 0.160084 0.083607 -0.113920
v 0.161747 0.056850 -0.119275
v 0.122947 0.086412 -0.073788
v 0.123590 0.056921 -0.073225
v 0.133235 0.040762 -0.063561
v 0.173644 0.040630 -0.112669
v 0.097358 0.119431 -0.115590
v 0.100702 0.121065 -0.114477
v 0.104240 0.109825 -0.099348
v 0.100951 0.108214 -0.098949
v 0.111394 0.099611 -0.086656
v 0.108382 0.097585 -0.084907
v 0.104143 0.118637 -0.113714
v 0.107304 0.107871 -0.099984
v 0.114435 0.098598 -0.088178
v 0.100330 0.130925 -0.128854
v 0.103258 0.132230 -0.126316
v 0.101751 0.097426 -0.129699
v 0.097339 0.091008 -0.115094
v 0.099735 0.081170 -0.097097
v 0.107235 0.071227 -0.082348
v 0.105950 0.128557 -0.124088
v 0.103982 0.087914 -0.112505
v 0.106138 0.078387 -0.096919
v 0.113681 0.068307 -0.084719
v 0.107763 0.093762 -0.124967
v 0.122947 0.086412 -0.073788
v 0.118244 0.059892 -0.068751
v 0.123590 0.056921 -0.073225
v 0.129305 0.042783 -0.057463
v 0.133235 0.040762 -0.063561
v 0.138299 0.016989 -0.050972
v 0.147085 0.039252 -0.042849
v 0.118244 0.059892 -0.068751
v 0.140760 0.017252 -0.055799
v 0.146257 0.010897 -0.051923
v 0.151143 0.002007 -0.041038
v 0.169881 0.000975 -0.028315
v 0.167814 0.001151 -0.013705
v 0.148297 0.066222 -0.051876
v 0.150699 0.068288 -0.054554
v 0.182898 0.043483 -0.025004
v 0.187960 0.044008 -0.030419
v 0.203989 0.044164 -0.025685
v 0.211872 0.045288 -0.020008
v 0.184491 0.028610 -0.018949
v 0.217165 0.029235 -0.005370
v 0.229811 0.045030 -0.023845
v 0.247640 0.029585 -0.007981
v 0.246898 0.029049 -0.038693
v 0.230795 0.044614 -0.045702
v 0.227278 0.028669 -0.069803
v 0.220340 0.043509 -0.069236
v 0.222184 0.044157 -0.048719
v 0.216641 0.043944 -0.065105
v 0.221161 0.042350 -0.032437
v 0.216375 0.041805 -0.078243
v 0.174696 0.042303 -0.026949
v 0.186023 0.067168 -0.098767
v 0.180081 0.069571 -0.095091
v 0.166042 0.081835 -0.118629
v 0.162901 0.083993 -0.115760
v 0.150319 0.096902 -0.131471
v 0.148840 0.099080 -0.128266
v 0.133141 0.107824 -0.136796
v 0.133011 0.109748 -0.133261
v 0.113782 0.118975 -0.135957
v 0.115111 0.120650 -0.132638
v 0.100330 0.130925 -0.128854
v 0.103258 0.132230 -0.126316
v 0.105950 0.128557 -0.124088
v 0.117062 0.118062 -0.129241
v 0.133019 0.107812 -0.130160
v 0.147434 0.098028 -0.125617
v 0.160084 0.083607 -0.113920
v 0.101751 0.097426 -0.129699
v 0.115751 0.090467 -0.137604
v 0.107763 0.093762 -0.124967
v 0.119654 0.087415 -0.131692
v 0.134689 0.080970 -0.138515
v 0.135794 0.077904 -0.131862
v 0.151625 0.070448 -0.133432
v 0.150078 0.067417 -0.126903
v 0.165255 0.059963 -0.125235
v 0.134689 0.080970 -0.138515
v 0.197528 0.037533 -0.102778
v 0.178447 0.042223 -0.115792
v 0.187201 0.016765 -0.108299
v 0.198151 0.001797 -0.097949
v 0.173644 0.040630 -0.112669
v 0.182532 0.015650 -0.105950
v 0.161747 0.056850 -0.119275
v 0.165255 0.059963 -0.125235
v 0.187363 0.009189 -0.099553
v 0.213655 0.000749 -0.079631
v 0.225522 0.000803 -0.083884
v 0.119238 0.084586 -0.073021
v 0.163987 0.391383 0.007088
v 0.168762 0.395049 0.003070
v 0.173036 0.388595 0.003140
v 0.168606 0.382786 0.009490
v 0.165755 0.341403 -0.029317
v 0.159199 0.315593 -0.018185
v 0.174384 0.390097 -0.027506
v 0.174658 0.412389 -0.005039
v 0.175414 0.453332 -0.012522
v 0.169403 0.425496 -0.003885
v 0.160491 0.332073 -0.031848
v 0.172029 0.442584 -0.031949
v 0.176444 0.474286 -0.016008
v 0.170452 0.456380 -0.008990
v 0.173395 0.478151 -0.011941
v 0.170622 0.482453 -0.027364
v 0.173713 0.478735 -0.030311
v 0.161422 0.450431 -0.051655
v 0.161481 0.487625 -0.044977
v 0.163513 0.484686 -0.049081
v 0.152387 0.485601 -0.037575
v 0.158374 0.482688 -0.024811
v 0.147516 0.491998 -0.057960
v 0.148212 0.489579 -0.062965
v 0.129918 0.491502 -0.067068
v 0.129248 0.494060 -0.062293
v 0.142189 0.487147 -0.047981
v 0.142104 0.460519 -0.071008
v 0.119897 0.466024 -0.077272
v 0.116919 0.472550 -0.070053
v 0.122499 0.471080 -0.055329
v 0.113148 0.451897 -0.062540
v 0.109527 0.455565 -0.075436
v 0.100278 0.452908 -0.071704
v 0.098117 0.449007 -0.076566
v 0.111811 0.449998 -0.082472
v 0.092144 0.450468 -0.065424
v 0.086110 0.444049 -0.066614
v 0.103947 0.415402 -0.093569
v 0.107913 0.409319 -0.090841
v 0.119342 0.460254 -0.077315
v 0.094674 0.410978 -0.091586
v 0.101462 0.448715 -0.055925
v 0.106794 0.449447 -0.060340
v 0.117674 0.469596 -0.075661
v 0.089958 0.467326 -0.053544
v 0.099996 0.466256 -0.042648
v 0.086410 0.485336 -0.037560
v 0.097804 0.479557 -0.031184
v 0.085114 0.463193 -0.055466
v 0.081689 0.482040 -0.038739
v 0.086410 0.485336 -0.037560
v 0.083047 0.477104 -0.015519
v 0.079821 0.473032 -0.016965
v 0.086434 0.466781 -0.000293
v 0.089835 0.471834 -0.000001
v 0.083588 0.456447 -0.056732
v 0.094322 0.476501 -0.015459
v 0.099340 0.474434 -0.003816
v 0.081125 0.440486 -0.026695
v 0.089592 0.428963 -0.005436
v 0.099584 0.461589 0.015719
v 0.102642 0.467130 0.014769
v 0.117741 0.457822 0.025990
v 0.122567 0.465260 0.023987
v 0.130221 0.443994 0.019449
v 0.126455 0.431087 0.020269
v 0.107874 0.420010 0.008858
v 0.110494 0.470999 0.007058
v 0.142268 0.415665 0.015490
v 0.084561 0.449033 -0.058382
v 0.089173 0.404350 -0.080502
v 0.087502 0.409715 -0.083964
v 0.096129 0.404399 -0.090586
v 0.123830 0.468917 0.016323
v 0.123127 0.370324 0.002285
v 0.142140 0.399637 0.015754
v 0.157749 0.391295 0.010908
v 0.159565 0.383295 0.012241
v 0.163987 0.391383 0.007088
v 0.168606 0.382786 0.009490
v 0.140539 0.335351 -0.009648
v 0.159199 0.315593 -0.018185
v 0.142236 0.328831 -0.014006
v 0.156751 0.310293 -0.022893
v 0.130529 0.485740 -0.049657
v 0.174384 0.390097 -0.027506
v 0.172029 0.442584 -0.031949
v 0.174744 0.437728 -0.034974
v 0.179183 0.384646 -0.032637
v 0.165755 0.341403 -0.029317
v 0.170898 0.333146 -0.027948
v 0.161422 0.450431 -0.051655
v 0.166678 0.447554 -0.054424
v 0.142924 0.458878 -0.075747
v 0.142104 0.460519 -0.071008
v 0.179176 0.400639 -0.056205
v 0.165613 0.415824 -0.080033
v 0.185148 0.346997 -0.053047
v 0.182457 0.358343 -0.082989
v 0.139549 0.423159 -0.092063
v 0.119342 0.460254 -0.077315
v 0.107913 0.409319 -0.090841
v 0.113060 0.383385 -0.107009
v 0.096129 0.404399 -0.090586
v 0.164535 0.367890 -0.104425
v 0.139597 0.370783 -0.111616
v 0.170147 0.331992 -0.101524
v 0.150429 0.339406 -0.112363
v 0.179255 0.324578 -0.078721
v 0.163668 0.306217 -0.104452
v 0.143099 0.298084 -0.112922
v 0.129472 0.329107 -0.114690
v 0.108892 0.358860 -0.107748
v 0.166631 0.293455 -0.089662
v 0.155608 0.279419 -0.106611
v 0.093018 0.362832 -0.103682
v 0.126026 0.327407 -0.111015
v 0.140241 0.294168 -0.109130
v 0.110095 0.355760 -0.104159
v 0.155608 0.279419 -0.106611
v 0.152323 0.275055 -0.105010
v 0.096085 0.358271 -0.097399
v 0.078271 0.353667 -0.092331
v 0.076722 0.374827 -0.087397
v 0.061333 0.358304 -0.066059
v 0.064647 0.321318 -0.082687
v 0.068878 0.406714 -0.051387
v 0.089173 0.404350 -0.080502
v 0.084561 0.449033 -0.058382
v 0.075650 0.436652 -0.029257
v 0.073074 0.382774 -0.017011
v 0.061547 0.345177 -0.033973
v 0.084018 0.420464 -0.003422
v 0.081125 0.440486 -0.026695
v 0.089592 0.428963 -0.005436
v 0.104377 0.411656 0.011118
v 0.107874 0.420010 0.008858
v 0.123127 0.370324 0.002285
v 0.116140 0.366497 0.005955
v 0.140539 0.335351 -0.009648
v 0.139189 0.328802 -0.006151
v 0.095482 0.366618 0.000051
v 0.077131 0.336775 -0.014467
v 0.069863 0.313786 -0.033529
v 0.089684 0.305840 -0.021493
v 0.073285 0.292726 -0.044733
v 0.093109 0.283475 -0.038629
v 0.081567 0.275149 -0.055606
v 0.107981 0.333548 -0.002901
v 0.110683 0.304341 -0.020569
v 0.060540 0.321440 -0.057031
v 0.071396 0.292544 -0.068828
v 0.142236 0.328831 -0.014006
v 0.124334 0.330443 -0.008278
v 0.128093 0.328127 -0.015671
v 0.071503 0.320706 -0.084733
v 0.076184 0.291571 -0.071763
v 0.082979 0.350858 -0.090303
v 0.113218 0.304260 -0.025634
v 0.097422 0.283616 -0.041862
v 0.081567 0.275149 -0.055606
v 0.085625 0.273663 -0.058276
v 0.174358 0.313400 -0.066627
v 0.176451 0.338753 -0.043977
v 0.167171 0.337029 -0.040983
v 0.160491 0.332073 -0.031848
v 0.169563 0.310906 -0.064601
v 0.162090 0.290205 -0.087351
v 0.155608 0.279419 -0.106611
v 0.152323 0.275055 -0.105010
v 0.111975 0.187737 -0.065711
v 0.132233 0.189929 -0.051992
v 0.137149 0.143583 -0.058771
v 0.118672 0.142098 -0.070324
v 0.157800 0.147249 -0.062305
v 0.156872 0.191444 -0.053556
v 0.126206 0.227532 -0.045385
v 0.156778 0.231409 -0.042717
v 0.105683 0.222311 -0.060798
v 0.096648 0.255129 -0.058458
v 0.122111 0.265363 -0.035634
v 0.156579 0.275509 -0.031375
v 0.169735 0.271586 -0.065660
v 0.167069 0.231063 -0.069190
v 0.156651 0.255320 -0.097092
v 0.157480 0.225894 -0.095280
v 0.164914 0.191540 -0.074493
v 0.156024 0.189451 -0.095542
v 0.165231 0.147678 -0.081004
v 0.157848 0.146008 -0.101666
v 0.162090 0.290205 -0.087351
v 0.152323 0.275055 -0.105010
v 0.169563 0.310906 -0.064601
v 0.097422 0.283616 -0.041862
v 0.113218 0.304260 -0.025634
v 0.135595 0.224978 -0.107391
v 0.137353 0.189047 -0.108018
v 0.111127 0.222728 -0.102914
v 0.115157 0.187232 -0.104261
v 0.104638 0.186811 -0.084687
v 0.097170 0.222261 -0.083027
v 0.111975 0.187737 -0.065711
v 0.105683 0.222311 -0.060798
v 0.096648 0.255129 -0.058458
v 0.088233 0.261474 -0.082347
v 0.104280 0.257773 -0.105321
v 0.132769 0.260423 -0.111378
v 0.096609 0.293817 -0.109329
v 0.140241 0.294168 -0.109130
v 0.076184 0.291571 -0.071763
v 0.085625 0.273663 -0.058276
v 0.126026 0.327407 -0.111015
v 0.071503 0.320706 -0.084733
v 0.118672 0.142098 -0.070324
v 0.112416 0.142603 -0.087377
v 0.118901 0.144340 -0.106566
v 0.139342 0.145656 -0.111438
v 0.119786 0.092592 -0.114415
v 0.119208 0.088665 -0.090414
v 0.122947 0.086412 -0.073788
v 0.139671 0.093815 -0.114662
v 0.160084 0.083607 -0.113920
v 0.167312 0.103056 -0.090104
v 0.180081 0.069571 -0.095091
v 0.181122 0.078601 -0.081683
v 0.173897 0.084216 -0.064203
v 0.201048 0.061485 -0.047794
v 0.189969 0.055719 -0.037820
v 0.162022 0.076933 -0.054409
v 0.150699 0.068288 -0.054554
v 0.187960 0.044008 -0.030419
v 0.207688 0.056415 -0.059410
v 0.161880 0.109464 -0.069333
v 0.139937 0.103713 -0.061857
v 0.122947 0.086412 -0.073788
v 0.203989 0.044164 -0.025685
v 0.221161 0.042350 -0.032437
v 0.222184 0.044157 -0.048719
v 0.216641 0.043944 -0.065105
v 0.156751 0.310293 -0.022893
v 0.167171 0.337029 -0.040983
v 0.160491 0.332073 -0.031848
v 0.128093 0.328127 -0.015671
v 0.142236 0.328831 -0.014006
v 0.096085 0.358271 -0.097399
v 0.082979 0.350858 -0.090303
v 0.092655 0.326773 -0.107094
v 0.110095 0.355760 -0.104159
v 0.246898 0.029049 -0.038693
v 0.270721 0.028604 -0.009932
v 0.247640 0.029585 -0.007981
v 0.248712 0.029033 0.014377
v 0.217165 0.029235 -0.005370
v 0.251222 0.028104 -0.043342
v 0.254896 0.005271 -0.048391
v 0.212362 0.028755 -0.000117
v 0.208733 0.007169 0.006213
v 0.179497 0.028110 -0.012486
v 0.184491 0.028610 -0.018949
v 0.170815 0.039863 -0.021796
v 0.174696 0.042303 -0.026949
v 0.150788 0.037777 -0.031678
v 0.147085 0.039252 -0.042849
v 0.168146 0.006085 -0.010894
v 0.150788 0.037777 -0.031678
v 0.167814 0.001151 -0.013705
v 0.147085 0.039252 -0.042849
v 0.231916 0.027666 -0.075769
v 0.229540 0.003425 -0.085573
v 0.208452 0.036413 -0.101156
v 0.225522 0.000803 -0.083884
v 0.197528 0.037533 -0.102778
v 0.221740 0.039193 -0.083443
v 0.227278 0.028669 -0.069803
v 0.216375 0.041805 -0.078243
v 0.208452 0.036413 -0.101156
v 0.197528 0.037533 -0.102778
v 0.268088 0.008416 0.032122
v 0.290863 0.008007 0.005575
v 0.290863 0.008007 0.005575
v 0.254896 0.005271 -0.048391
v 0.252493 0.001483 -0.045447
v 0.288252 0.002504 0.008579
v 0.270301 0.002727 0.029916
v 0.211077 0.001844 0.003569
v 0.268088 0.008416 0.032122
v 0.208733 0.007169 0.006213
v 0.168146 0.006085 -0.010894
v 0.167814 0.001151 -0.013705
v 0.225522 0.000803 -0.083884
v 0.169881 0.000975 -0.028315
v 0.213655 0.000749 -0.079631
v 0.229540 0.003425 -0.085573
v 0.151143 0.002007 -0.041038
v 0.198151 0.001797 -0.097949
v 0.187363 0.009189 -0.099553
v 0.146257 0.010897 -0.051923
v 0.137394 0.010333 -0.064709
v 0.174844 0.011346 -0.109831
v 0.173644 0.040630 -0.112669
v 0.163238 0.033195 -0.115024
v 0.182532 0.015650 -0.105950
v 0.148584 0.069065 -0.119361
v 0.174569 0.014724 -0.111576
v 0.174844 0.011346 -0.109831
v 0.187363 0.009189 -0.099553
v 0.137273 0.066700 -0.119477
v 0.120035 0.079010 -0.116326
v 0.116087 0.063776 -0.093032
v 0.119969 0.068632 -0.082176
v 0.129162 0.034560 -0.072146
v 0.133235 0.040762 -0.063561
v 0.140760 0.017252 -0.055799
v 0.136387 0.013320 -0.064624
v 0.137394 0.010333 -0.064709
v 0.146257 0.010897 -0.051923
v 0.165214 0.479341 -0.012945
v 0.086410 0.485336 -0.037560
v 0.097804 0.479557 -0.031184
v 0.097804 0.479557 -0.031184
v 0.156751 0.310293 -0.022893
v 0.085625 0.273663 -0.058276
v 0.178022 0.102747 -0.065546
v 0.181451 0.092804 -0.081431
v 0.174175 0.123612 -0.083394
v 0.170633 0.143005 -0.065826
v 0.170245 0.109053 -0.101406
v 0.182231 0.080367 -0.094878
v 0.161878 0.088902 -0.120566
v 0.178688 0.063041 -0.108655
v 0.161242 0.068659 -0.127709
v 0.176072 0.104611 -0.060259
v 0.166594 0.149337 -0.060444
v 0.163026 0.141351 -0.057835
v 0.171041 0.102085 -0.057398
v 0.149195 0.120900 -0.057861
v 0.158462 0.089809 -0.054619
v 0.132377 0.103189 -0.063385
v 0.148693 0.077749 -0.056316
v 0.120543 0.082596 -0.072180
v 0.136807 0.059995 -0.058411
v 0.115058 0.063187 -0.072588
v 0.131601 0.049009 -0.056924
v 0.108665 0.077763 -0.082303
v 0.151793 0.084770 -0.132555
v 0.180790 0.050537 -0.113297
v 0.156995 0.092842 -0.047610
v 0.173271 0.105869 -0.050628
v 0.171041 0.102085 -0.057398
v 0.158462 0.089809 -0.054619
v 0.144920 0.080403 -0.049985
v 0.148693 0.077749 -0.056316
v 0.176072 0.104611 -0.060259
v 0.181016 0.109507 -0.054630
v 0.131560 0.062422 -0.053062
v 0.136807 0.059995 -0.058411
v 0.126978 0.053943 -0.052190
v 0.131601 0.049009 -0.056924
v 0.130569 0.101361 -0.056122
v 0.149128 0.118901 -0.050467
v 0.132377 0.103189 -0.063385
v 0.149195 0.120900 -0.057861
v 0.166287 0.140206 -0.051385
v 0.163026 0.141351 -0.057835
v 0.172142 0.149944 -0.055671
v 0.118093 0.081288 -0.064780
v 0.120543 0.082596 -0.072180
v 0.107927 0.077448 -0.073092
v 0.108665 0.077763 -0.082303
v 0.112295 0.065455 -0.065671
v 0.115058 0.063187 -0.072588
v 0.126978 0.053943 -0.052190
v 0.131601 0.049009 -0.056924
v 0.172142 0.149944 -0.055671
v 0.166594 0.149337 -0.060444
v 0.172142 0.149944 -0.055671
v 0.177652 0.142177 -0.063594
v 0.184246 0.106974 -0.063203
v 0.181801 0.122174 -0.084965
v 0.174175 0.123612 -0.083394
v 0.170633 0.143005 -0.065826
v 0.170245 0.109053 -0.101406
v 0.177344 0.108212 -0.104972
v 0.161878 0.088902 -0.120566
v 0.168382 0.088336 -0.125057
v 0.160285 0.084748 -0.135020
v 0.151793 0.084770 -0.132555
v 0.187757 0.096647 -0.083320
v 0.178022 0.102747 -0.065546
v 0.181451 0.092804 -0.081431
v 0.187286 0.084174 -0.099338
v 0.182231 0.080367 -0.094878
v 0.182545 0.066457 -0.114842
v 0.178688 0.063041 -0.108655
v 0.184357 0.056639 -0.119294
v 0.167609 0.071673 -0.131687
v 0.160285 0.084748 -0.135020
v 0.184357 0.056639 -0.119294
v 0.161242 0.068659 -0.127709
v 0.160285 0.084748 -0.135020
v 0.151793 0.084770 -0.132555
v 0.184357 0.056639 -0.119294
v 0.180790 0.050537 -0.113297
v 0.167609 0.071673 -0.131687
v 0.184357 0.056639 -0.119294
v 0.180790 0.050537 -0.113297
v 0.172142 0.149944 -0.055671
v 0.166594 0.149337 -0.060444
v 0.032352 0.921562 -0.067428
v 0.040937 0.908974 -0.072249
v 0.055667 0.921745 -0.068598
v 0.047067 0.936997 -0.064291
v 0.075063 0.931528 -0.063938
v 0.070248 0.947955 -0.060302
v 0.099355 0.955169 -0.050545
v 0.104768 0.937605 -0.053616
v 0.127685 0.938755 -0.036476
v 0.124489 0.957145 -0.032175
v 0.142737 0.934768 -0.015156
v 0.140912 0.953978 -0.008496
v 0.149125 0.944872 0.013588
v 0.150326 0.926477 0.008505
v 0.148404 0.929577 0.034089
v 0.150543 0.913181 0.029682
v 0.021369 0.899253 -0.070846
v 0.028759 0.926471 -0.057708
v 0.042342 0.946403 -0.054705
v 0.132052 0.964277 -0.002597
v 0.115608 0.967380 -0.024828
v 0.139426 0.955175 0.018555
v 0.138893 0.939125 0.038027
v 0.016935 0.901549 -0.061382
v 0.146940 0.916197 0.006049
v 0.147138 0.903613 0.026221
v 0.156083 0.890609 0.001876
v 0.147157 0.897143 -0.023568
v 0.139832 0.923438 -0.015155
v 0.133112 0.900489 -0.043276
v 0.126168 0.928021 -0.034985
v 0.113097 0.902725 -0.059983
v 0.104174 0.926789 -0.051170
v 0.087337 0.899853 -0.072524
v 0.079382 0.920274 -0.061275
v 0.156225 0.877070 0.026250
v 0.143653 0.887262 0.041829
v 0.149215 0.860263 0.044810
v 0.069169 0.895431 -0.076990
v 0.059482 0.912113 -0.065890
v 0.044702 0.897503 -0.070479
v 0.051993 0.887816 -0.078606
v 0.033473 0.882814 -0.073632
v 0.037526 0.878258 -0.078064
v 0.025195 0.865867 -0.076164
v 0.030177 0.889403 -0.075659
v 0.013522 0.879651 -0.072758
v 0.022855 0.872796 -0.077514
v 0.007723 0.860737 -0.073006
v 0.018833 0.858489 -0.077723
v 0.018053 0.853238 -0.076298
v 0.006115 0.855276 -0.070400
v 0.009520 0.880089 -0.063742
v 0.002779 0.858684 -0.067441
v 0.019631 0.853673 -0.076128
v 0.020263 0.848447 -0.068554
v 0.021252 0.849318 -0.067929
v 0.007888 0.851986 -0.063608
v 0.010487 0.852536 -0.059841
v 0.006548 0.855346 -0.060687
v 0.025639 0.849744 -0.070460
v 0.024354 0.849128 -0.067244
v 0.024354 0.849128 -0.067244
v 0.024354 0.849128 -0.067244
v 0.030197 0.860297 -0.066494
v 0.028603 0.862017 -0.076916
v 0.041549 0.871684 -0.067344
v 0.040933 0.873120 -0.077578
v 0.054780 0.880090 -0.066801
v 0.055395 0.881369 -0.077680
v 0.069441 0.888891 -0.064654
v 0.071358 0.889042 -0.075887
v 0.085429 0.894663 -0.060985
v 0.088451 0.893910 -0.070889
v 0.107543 0.896926 -0.050701
v 0.112926 0.895991 -0.058605
v 0.125271 0.896617 -0.036221
v 0.131834 0.893969 -0.042672
v 0.137779 0.891118 -0.020913
v 0.146048 0.890590 -0.023768
v 0.144816 0.884783 0.001533
v 0.154712 0.884652 0.000762
v 0.153851 0.871157 0.024342
v 0.143919 0.872023 0.023047
v 0.139406 0.858245 0.037147
v 0.143177 0.853289 0.042845
v 0.022401 0.852432 -0.076730
v 0.025639 0.849744 -0.070460
v 0.065031 0.957539 -0.051705
v 0.092908 0.965560 -0.041541
v 0.144055 0.911197 0.048882
v 0.147882 0.897775 0.044592
v 0.134752 0.915660 0.051407
v 0.139784 0.916622 0.051054
v 0.128600 0.903316 0.063577
v 0.125445 0.904265 0.063971
v 0.129692 0.916910 0.049533
v 0.119434 0.849232 0.078262
v 0.123330 0.903981 0.061911
v 0.117019 0.848550 0.076415
v 0.113955 0.804269 0.086433
v 0.113180 0.804121 0.085296
v 0.122662 0.848109 0.078089
v 0.118481 0.811633 0.085400
v 0.125599 0.814663 0.075716
v 0.134399 0.836596 0.061773
v 0.124298 0.808903 0.071366
v 0.133337 0.833013 0.057071
v 0.132128 0.832889 0.056548
v 0.123095 0.808734 0.070635
v 0.124298 0.808903 0.071366
v 0.113955 0.804269 0.086433
v 0.124339 0.957378 -0.001520
v 0.132052 0.964277 -0.002597
v 0.139426 0.955175 0.018555
v 0.132449 0.947518 0.015582
v 0.138893 0.939125 0.038027
v 0.130099 0.933661 0.033741
v 0.115608 0.967380 -0.024828
v 0.110619 0.961251 -0.021042
v 0.092908 0.965560 -0.041541
v 0.090879 0.957480 -0.035082
v 0.065031 0.957539 -0.051705
v 0.065620 0.949898 -0.043344
v 0.137779 0.891118 -0.020913
v 0.144816 0.884783 0.001533
v 0.125271 0.896617 -0.036221
v 0.085429 0.894663 -0.060985
v 0.107543 0.896926 -0.050701
v 0.143919 0.872023 0.023047
v 0.042342 0.946403 -0.054705
v 0.045359 0.939543 -0.046259
v 0.028759 0.926471 -0.057708
v 0.031992 0.917698 -0.049707
v 0.016935 0.901549 -0.061382
v 0.022459 0.893559 -0.053810
v 0.009520 0.880089 -0.063742
v 0.016132 0.872482 -0.056167
v 0.006548 0.855346 -0.060687
v 0.054780 0.880090 -0.066801
v 0.041549 0.871684 -0.067344
v 0.030197 0.860297 -0.066494
v 0.069441 0.888891 -0.064654
v 0.010487 0.852536 -0.059841
v 0.024354 0.849128 -0.067244
v 0.002779 0.858684 -0.067441
v 0.128390 0.918063 0.048366
v 0.129692 0.916910 0.049533
v 0.126750 0.917282 0.043305
v 0.135400 0.919481 0.051685
v 0.139406 0.858245 0.037147
v 0.123330 0.903981 0.061911
v 0.117019 0.848550 0.076415
v 0.132128 0.832889 0.056548
v 0.123095 0.808734 0.070635
v 0.113180 0.804121 0.085296
v 0.134752 0.915660 0.051407
v 0.135400 0.919481 0.051685
v -0.068950 0.920178 0.004569
v -0.071099 0.935382 0.019692
v -0.077763 0.919922 0.026233
v -0.076083 0.907375 0.010919
v -0.080127 0.929381 0.045810
v -0.075508 0.946242 0.042831
v -0.076131 0.953573 0.075005
v -0.080722 0.935444 0.078199
v -0.071995 0.936591 0.105911
v -0.067055 0.955744 0.105200
v -0.057020 0.932869 0.127167
v -0.049840 0.952740 0.128540
v -0.031500 0.943699 0.143349
v -0.036715 0.924451 0.141880
v -0.011776 0.928197 0.148672
v -0.018232 0.911169 0.148299
v -0.067955 0.898165 -0.007578
v -0.074934 0.887809 -0.001263
v -0.066467 0.878438 -0.016144
v -0.073915 0.871329 -0.009023
v -0.064393 0.859644 -0.021964
v -0.072486 0.857104 -0.013089
v -0.070778 0.851891 -0.013426
v -0.061292 0.854254 -0.022691
v -0.041247 0.963867 0.123048
v -0.023336 0.954613 0.136452
v -0.004881 0.938129 0.141209
v -0.056644 0.879086 -0.016912
v -0.057460 0.857771 -0.024805
v -0.057814 0.900528 -0.008256
v -0.058678 0.925276 0.004435
v -0.060583 0.944979 0.018083
v -0.065707 0.955926 0.041137
v -0.065726 0.964487 0.072225
v -0.057341 0.966865 0.100168
v -0.052277 0.854454 -0.019052
v -0.055410 0.851027 -0.018807
v -0.052731 0.851578 -0.015097
v -0.063870 0.848027 -0.007682
v -0.064251 0.847785 -0.004531
v -0.064113 0.847168 -0.008834
v -0.071151 0.852297 -0.011875
v -0.073280 0.864374 -0.006466
v -0.073985 0.881185 0.002424
v -0.079419 0.876485 0.004707
v -0.084932 0.885740 0.018307
v -0.075425 0.895861 0.014898
v -0.089796 0.893259 0.035990
v -0.076307 0.910257 0.030618
v -0.079019 0.918189 0.050848
v -0.091928 0.897403 0.054883
v -0.077818 0.924238 0.078020
v -0.089224 0.899926 0.083096
v -0.070380 0.925857 0.104473
v -0.080802 0.897530 0.108002
v -0.056127 0.921281 0.123886
v -0.066837 0.894182 0.127767
v -0.038121 0.914013 0.137549
v -0.045402 0.887822 0.144365
v -0.018812 0.901566 0.144067
v -0.022076 0.874692 0.152409
v -0.002432 0.885459 0.145568
v -0.000869 0.858150 0.151481
v -0.001413 0.895933 0.150610
v 0.003914 0.909679 0.148814
v 0.008807 0.914154 0.141025
v 0.006749 0.915046 0.145653
v 0.023111 0.902173 0.138798
v 0.024504 0.903171 0.135950
v 0.008246 0.915607 0.136227
v 0.041281 0.848164 0.133807
v 0.023255 0.902897 0.133272
v 0.040343 0.847502 0.130909
v 0.051792 0.803327 0.130430
v 0.050983 0.803178 0.129318
v 0.040077 0.846981 0.136784
v 0.048118 0.810362 0.135295
v 0.036557 0.813150 0.138670
v 0.020993 0.835046 0.142373
v 0.033032 0.807366 0.135871
v 0.016032 0.831138 0.139842
v 0.015958 0.831030 0.138530
v 0.032762 0.807212 0.134492
v -0.000660 0.851269 0.145049
v -0.005598 0.856232 0.139786
v -0.023010 0.868799 0.149480
v -0.020842 0.869827 0.139632
v -0.042200 0.882300 0.133855
v -0.046140 0.881874 0.142803
v -0.067246 0.887670 0.126163
v -0.061656 0.888374 0.119359
v -0.080201 0.891036 0.107277
v -0.071529 0.893895 0.102954
v -0.088173 0.893210 0.083611
v -0.078684 0.894350 0.080997
v -0.090649 0.891463 0.056401
v -0.080215 0.892400 0.056741
v -0.089163 0.886584 0.038081
v -0.078081 0.886875 0.040193
v -0.085075 0.879240 0.021742
v -0.074557 0.878129 0.024740
v -0.079989 0.871287 0.008008
v -0.070510 0.869985 0.011968
v -0.075044 0.860445 -0.003557
v -0.065711 0.858843 0.001388
v -0.072614 0.850991 -0.009481
v -0.067722 0.848328 -0.004380
v -0.067722 0.848328 -0.004380
v -0.064251 0.847785 -0.004531
v -0.064251 0.847785 -0.004531
v -0.037691 0.956818 0.115846
v -0.024116 0.946740 0.128523
v -0.023336 0.954613 0.136452
v -0.041247 0.963867 0.123048
v -0.004881 0.938129 0.141209
v -0.005886 0.932598 0.131513
v -0.057341 0.966865 0.100168
v -0.051893 0.960550 0.096495
v -0.065726 0.964487 0.072225
v -0.058893 0.956354 0.072185
v -0.065707 0.955926 0.041137
v -0.057884 0.948374 0.044360
v -0.061656 0.888374 0.119359
v -0.042200 0.882300 0.133855
v -0.071529 0.893895 0.102954
v -0.080215 0.892400 0.056741
v -0.078684 0.894350 0.080997
v -0.020842 0.869827 0.139632
v -0.060583 0.944979 0.018083
v -0.053499 0.938175 0.023652
v -0.058678 0.925276 0.004435
v -0.052029 0.916550 0.010008
v -0.057814 0.900528 -0.008256
v -0.051851 0.892432 -0.001215
v -0.056644 0.879086 -0.016912
v -0.051547 0.871456 -0.008265
v -0.052277 0.854454 -0.019052
v -0.074557 0.878129 0.024740
v -0.070510 0.869985 0.011968
v -0.065711 0.858843 0.001388
v -0.078081 0.886875 0.040193
v -0.052731 0.851578 -0.015097
v -0.064251 0.847785 -0.004531
v -0.057460 0.857771 -0.024805
v 0.007603 0.916764 0.134615
v 0.003444 0.915967 0.131336
v 0.008246 0.915607 0.136227
v 0.008236 0.918139 0.142327
v -0.005598 0.856232 0.139786
v 0.023255 0.902897 0.133272
v 0.040343 0.847502 0.130909
v 0.015958 0.831030 0.138530
v 0.032762 0.807212 0.134492
v 0.050983 0.803178 0.129318
v 0.008807 0.914154 0.141025
v 0.033032 0.807366 0.135871
v 0.051792 0.803327 0.130430
v 0.008236 0.918139 0.142327
v -0.034774 0.932330 0.008404
v -0.038103 0.906504 0.007713
v -0.047439 0.911708 0.017924
v -0.052720 0.941491 0.024491
v -0.026421 0.923192 -0.004517
v -0.030788 0.895547 -0.005638
v -0.023834 0.913470 -0.016443
v -0.027482 0.878807 -0.016820
v -0.020794 0.904878 -0.024531
v -0.022589 0.856648 -0.028902
v -0.016653 0.904048 -0.030039
v -0.018021 0.855073 -0.033021
v -0.012649 0.856799 -0.035938
v -0.010098 0.905040 -0.032102
v -0.000078 0.879223 -0.036216
v -0.001634 0.913807 -0.032156
v 0.011227 0.896184 -0.035376
v 0.010275 0.923748 -0.030489
v 0.026025 0.907476 -0.037676
v 0.025049 0.933236 -0.033938
v 0.038660 0.913013 -0.043015
v 0.045996 0.942987 -0.045378
v -0.019743 0.902313 -0.034442
v -0.020485 0.856645 -0.036468
v -0.015214 0.858313 -0.038987
v -0.011430 0.903206 -0.037449
v -0.002322 0.880844 -0.038572
v -0.001150 0.911594 -0.037291
v 0.009023 0.898077 -0.037834
v 0.010666 0.921316 -0.035942
v 0.023210 0.909687 -0.040318
v 0.024397 0.931382 -0.039423
v 0.036248 0.915042 -0.046046
v 0.040883 0.939131 -0.048417
v -0.016653 0.904048 -0.030039
v -0.025357 0.902995 -0.027591
v -0.020794 0.904878 -0.024531
v -0.028790 0.911137 -0.017724
v -0.029067 0.880514 -0.019852
v -0.024700 0.858218 -0.032410
v -0.032413 0.897448 -0.008507
v -0.031644 0.920675 -0.005996
v -0.039702 0.908733 0.004213
v -0.039666 0.930418 0.005961
v -0.049545 0.913741 0.014676
v -0.053809 0.937698 0.018605
v -0.034774 0.932330 0.008404
v -0.052720 0.941491 0.024491
v -0.023834 0.913470 -0.016443
v -0.038103 0.906504 0.007713
v -0.047439 0.911708 0.017924
v -0.027482 0.878807 -0.016820
v -0.022589 0.856648 -0.028902
v -0.018021 0.855073 -0.033021
v -0.012649 0.856799 -0.035938
v -0.000078 0.879223 -0.036216
v 0.011227 0.896184 -0.035376
v 0.026025 0.907476 -0.037676
v 0.038660 0.913013 -0.043015
v 0.040883 0.939131 -0.048417
v 0.045996 0.942987 -0.045378
v -0.030788 0.895547 -0.005638
v -0.010098 0.905040 -0.032102
v -0.001634 0.913807 -0.032156
v 0.010275 0.923748 -0.030489
v 0.025049 0.933236 -0.033938
v 0.045996 0.942987 -0.045378
v -0.026421 0.923192 -0.004517
v -0.166116 1.264152 0.104417
v -0.146263 1.260000 0.121505
v -0.169527 1.252484 0.135688
v -0.187983 1.256591 0.118410
v -0.143052 1.238213 0.148505
v -0.123561 1.248706 0.136105
v -0.116575 1.219514 0.155230
v -0.103920 1.230463 0.146445
v -0.132866 1.271284 0.082908
v -0.115772 1.267167 0.103325
v -0.096889 1.272485 0.060500
v -0.081235 1.269865 0.082829
v -0.094035 1.277377 0.058534
v -0.078207 1.274905 0.083386
v -0.066856 1.276596 0.076650
v -0.082907 1.279099 0.051462
v -0.095555 1.255911 0.120656
v -0.065727 1.262242 0.102724
v -0.062546 1.266878 0.102447
v -0.052161 1.268240 0.095476
v -0.048743 1.252034 0.118486
v -0.039115 1.254335 0.111480
v -0.078825 1.240546 0.131918
v -0.054977 1.248865 0.116104
v -0.045642 1.231767 0.126092
v -0.039262 1.235034 0.129365
v -0.029504 1.236941 0.122817
v -0.035662 1.219902 0.133717
v -0.040645 1.217780 0.131483
v -0.066602 1.206548 0.142832
v -0.092690 1.200321 0.153696
v -0.073495 1.183427 0.149268
v -0.052886 1.258154 0.087998
v -0.066508 1.265141 0.070252
v -0.040877 1.245867 0.102882
v -0.032447 1.232534 0.112365
v -0.024197 1.221600 0.127811
v -0.032717 1.220833 0.132282
v -0.021613 1.213681 0.130472
v -0.030482 1.212483 0.134789
v -0.026118 1.218415 0.118753
v -0.023597 1.210631 0.121162
v -0.078926 1.268183 0.049926
v -0.096855 1.269730 0.026016
v -0.107886 1.268247 0.033503
v -0.109160 1.263929 0.037737
v -0.142666 1.261397 0.059838
v -0.147485 1.244769 0.036685
v -0.118753 1.249707 0.018064
v -0.117416 1.254131 0.013558
v -0.106770 1.256137 0.007225
v -0.113637 1.237772 -0.008684
v -0.123723 1.235200 -0.002449
v -0.148044 1.225695 0.019991
v -0.124229 1.234008 0.004123
v -0.126814 1.214352 -0.005163
v -0.126797 1.215638 -0.012100
v -0.172181 1.254378 0.081065
v -0.193706 1.247297 0.096591
v -0.191675 1.227515 0.069980
v -0.174994 1.237392 0.056970
v -0.183275 1.206083 0.047969
v -0.173649 1.215029 0.038957
v -0.168823 1.185679 0.032231
v -0.142395 1.191324 0.004970
v -0.127676 1.192811 -0.009776
v -0.154258 1.166100 0.018674
v -0.127486 1.193327 -0.016692
v -0.117661 1.193905 -0.024667
v -0.117150 1.217525 -0.018665
v -0.105800 1.231938 -0.002099
v -0.099727 1.248306 0.012688
v -0.090846 1.260385 0.031041
v -0.109045 1.216224 -0.011866
v -0.109942 1.200415 -0.016043
v -0.110341 1.192595 -0.017891
v -0.183593 1.231790 0.119519
v -0.187983 1.256591 0.118410
v -0.169527 1.252484 0.135688
v -0.165883 1.226895 0.135203
v -0.176485 1.204191 0.118785
v -0.161766 1.199982 0.131356
v -0.169990 1.178744 0.118145
v -0.158341 1.171041 0.124983
v -0.142084 1.188843 0.141145
v -0.144920 1.166942 0.131707
v -0.143052 1.238213 0.148505
v -0.145840 1.216888 0.145786
v -0.116575 1.219514 0.155230
v -0.119722 1.197468 0.150356
v -0.127346 1.171161 0.140157
v -0.107673 1.174825 0.146303
v -0.092690 1.200321 0.153696
v -0.088392 1.179602 0.148371
v -0.073495 1.183427 0.149268
v -0.180419 1.195980 0.101193
v -0.188840 1.221970 0.098081
v -0.170614 1.168592 0.105526
v -0.178832 1.180959 0.081722
v -0.170009 1.161695 0.091480
v -0.187924 1.207860 0.077736
v -0.191675 1.227515 0.069980
v -0.193706 1.247297 0.096591
v -0.183275 1.206083 0.047969
v -0.177836 1.184999 0.056385
v -0.170469 1.161223 0.070858
v -0.166135 1.162282 0.051769
v -0.168823 1.185679 0.032231
v -0.159776 1.164287 0.032943
v -0.154258 1.166100 0.018674
v -0.158341 1.171041 0.124983
v -0.159985 1.169870 0.129905
v -0.173525 1.176971 0.120567
v -0.169990 1.178744 0.118145
v -0.181679 1.157380 0.128208
v -0.144920 1.166942 0.131707
v -0.146824 1.165191 0.135226
v -0.147531 1.153625 0.137257
v -0.164150 1.146809 0.136860
v -0.127346 1.171161 0.140157
v -0.127233 1.168833 0.145158
v -0.125772 1.157330 0.145757
v -0.107673 1.174825 0.146303
v -0.106978 1.171813 0.150786
v -0.105561 1.160567 0.150590
v -0.088392 1.179602 0.148371
v -0.084573 1.177345 0.153383
v -0.079504 1.163972 0.153160
v -0.073495 1.183427 0.149268
v -0.062382 1.166597 0.157808
v -0.075654 1.179956 0.157122
v -0.065635 1.183044 0.163935
v -0.066602 1.206548 0.142832
v -0.047117 1.169639 0.165635
v -0.041137 1.201345 0.155184
v -0.058601 1.208974 0.154080
v -0.029224 1.220518 0.140859
v -0.040645 1.217780 0.131483
v -0.035662 1.219902 0.133717
v -0.032717 1.220833 0.132282
v -0.023858 1.207129 0.147745
v -0.182241 1.132977 0.131794
v -0.180443 1.143536 0.110684
v -0.174800 1.166692 0.105949
v -0.169990 1.178744 0.118145
v -0.175750 1.148014 0.094163
v -0.174184 1.159069 0.091941
v -0.170614 1.168592 0.105526
v -0.169990 1.178744 0.118145
v -0.170009 1.161695 0.091480
v -0.174527 1.159294 0.069732
v -0.170469 1.161223 0.070858
v -0.176178 1.147030 0.069184
v -0.166135 1.162282 0.051769
v -0.170479 1.158338 0.048719
v -0.172403 1.146667 0.047983
v -0.159776 1.164287 0.032943
v -0.163258 1.160612 0.026764
v -0.162348 1.146700 0.025494
v -0.154258 1.166100 0.018674
v -0.155642 1.146895 0.008405
v -0.162821 1.161406 0.016787
v -0.161932 1.164561 0.010231
v -0.159552 1.169378 0.000885
v -0.163695 1.161861 0.005263
v -0.154262 1.146830 -0.007572
v -0.147452 1.156053 -0.016076
v -0.148806 1.188918 -0.005924
v -0.142395 1.191324 0.004970
v -0.127486 1.193327 -0.016692
v -0.127676 1.192811 -0.009776
v -0.122818 1.192384 -0.029491
v -0.117661 1.193905 -0.024667
v -0.109598 1.193778 -0.020612
v -0.122303 1.189936 -0.030759
v -0.108951 1.190747 -0.021606
v -0.110341 1.192595 -0.017891
v -0.134214 1.174029 -0.023940
v -0.030482 1.212483 0.134789
v -0.028004 1.205333 0.138797
v -0.023858 1.207129 0.147745
v -0.029224 1.220518 0.140859
v -0.031106 1.203550 0.132519
v -0.034623 1.211030 0.126245
v -0.032717 1.220833 0.132282
v -0.052457 1.166013 0.149066
v -0.063800 1.165626 0.147896
v -0.062382 1.166597 0.157808
v -0.047117 1.169639 0.165635
v -0.079504 1.163972 0.153160
v -0.079435 1.164705 0.145023
v -0.103855 1.161000 0.142973
v -0.105561 1.160567 0.150590
v -0.125913 1.156648 0.137603
v -0.125772 1.157330 0.145757
v -0.147531 1.153625 0.137257
v -0.146396 1.152352 0.129117
v -0.164128 1.144473 0.128974
v -0.164150 1.146809 0.136860
v -0.175840 1.135471 0.127504
v -0.182241 1.132977 0.131794
v -0.049347 1.196431 0.139929
v -0.041137 1.201345 0.155184
v -0.028004 1.205333 0.138797
v -0.023858 1.207129 0.147745
v -0.031106 1.203550 0.132519
v -0.156137 1.160315 0.112023
v -0.118251 1.237989 0.123318
v -0.149315 1.249596 0.095958
v -0.125913 1.156648 0.137603
v -0.146396 1.152352 0.129117
v -0.078926 1.268183 0.049926
v -0.066508 1.265141 0.070252
v -0.164128 1.144473 0.128974
v -0.103855 1.161000 0.142973
v -0.080773 1.214374 0.137039
v -0.040877 1.245867 0.102882
v -0.052886 1.258154 0.087998
v -0.032447 1.232534 0.112365
v -0.026118 1.218415 0.118753
v -0.072401 1.184733 0.142106
v -0.079435 1.164705 0.145023
v -0.063800 1.165626 0.147896
v -0.034623 1.211030 0.126245
v -0.049347 1.196431 0.139929
v -0.031106 1.203550 0.132519
v -0.052457 1.166013 0.149066
v -0.023597 1.210631 0.121162
v -0.175840 1.135471 0.127504
v -0.173176 1.142752 0.114476
v -0.167846 1.148181 0.096860
v -0.168867 1.147923 0.072878
v -0.158033 1.229454 0.058991
v -0.090846 1.260385 0.031041
v -0.099727 1.248306 0.012688
v -0.165133 1.147021 0.051565
v -0.150384 1.199439 0.024479
v -0.105800 1.231938 -0.002099
v -0.109045 1.216224 -0.011866
v -0.109942 1.200415 -0.016043
v -0.137708 1.174072 0.007668
v -0.155137 1.148535 0.029281
v -0.110341 1.192595 -0.017891
v -0.120938 1.171570 -0.013713
v -0.132954 1.153278 -0.005324
v -0.142187 1.146822 0.003314
v -0.146894 1.147766 0.013498
v -0.108951 1.190747 -0.021606
v -0.109598 1.193778 -0.020612
v -0.034623 1.211030 0.126245
v -0.030482 1.212483 0.134789
v -0.021613 1.213681 0.130472
v -0.023597 1.210631 0.121162
v -0.155642 1.146895 0.008405
v -0.162348 1.146700 0.025494
v -0.155137 1.148535 0.029281
v -0.146894 1.147766 0.013498
v -0.165133 1.147021 0.051565
v -0.172403 1.146667 0.047983
v -0.176178 1.147030 0.069184
v -0.168867 1.147923 0.072878
v -0.175750 1.148014 0.094163
v -0.167846 1.148181 0.096860
v -0.173176 1.142752 0.114476
v -0.180443 1.143536 0.110684
v -0.175840 1.135471 0.127504
v -0.182241 1.132977 0.131794
v -0.142187 1.146822 0.003314
v -0.154262 1.146830 -0.007572
v -0.132954 1.153278 -0.005324
v -0.147452 1.156053 -0.016076
v -0.134214 1.174029 -0.023940
v -0.120938 1.171570 -0.013713
v -0.122303 1.189936 -0.030759
v -0.108951 1.190747 -0.021606
v -0.067072 1.280107 0.091175
v -0.066003 1.279260 0.089193
v -0.072528 1.286985 0.084652
v -0.064210 1.295013 0.089996
v -0.086611 1.296099 0.068034
v -0.169386 1.352153 -0.031958
v -0.071824 1.285758 0.082711
v -0.085674 1.294751 0.066373
v -0.162035 1.333980 -0.021498
v -0.165963 1.339438 -0.024237
v -0.063831 1.273866 0.091434
v -0.157457 1.324687 -0.016008
v -0.063877 1.270685 0.095408
v -0.054131 1.288164 0.101124
v -0.054787 1.260565 0.105483
v -0.038336 1.274965 0.118267
v -0.046637 1.247232 0.114625
v -0.022139 1.259049 0.136308
v -0.040874 1.231546 0.122333
v -0.019538 1.233039 0.142182
v -0.035919 1.211812 0.129485
v -0.017818 1.213254 0.146447
v -0.029505 1.200324 0.129268
v -0.011211 1.202267 0.145349
v -0.023895 1.184634 0.130925
v -0.006508 1.188723 0.146276
v -0.056124 1.279667 0.081420
v -0.058530 1.279042 0.082070
v -0.056269 1.273605 0.085103
v -0.052303 1.270294 0.085626
v -0.046048 1.287945 0.093089
v -0.042963 1.260230 0.095162
v -0.029402 1.274841 0.110165
v -0.034090 1.246127 0.104215
v -0.011390 1.259133 0.127198
v -0.026971 1.228237 0.111993
v -0.006858 1.230052 0.133341
v -0.020130 1.203727 0.120292
v -0.003273 1.206789 0.138639
v -0.020529 1.195452 0.123820
v -0.004060 1.198953 0.141568
v -0.020458 1.183649 0.127725
v -0.004538 1.188683 0.144655
v -0.061151 1.286076 0.075969
v -0.056464 1.294886 0.081979
v -0.071330 1.292919 0.065028
v -0.072776 1.291281 0.066270
v -0.063195 1.284735 0.076566
v -0.157628 1.333875 -0.025505
v -0.159143 1.339197 -0.030606
v -0.165385 1.351678 -0.035326
v -0.006508 1.188723 0.146276
v -0.004538 1.188683 0.144655
v -0.020458 1.183649 0.127725
v -0.023895 1.184634 0.130925
v -0.020529 1.195452 0.123820
v -0.029505 1.200324 0.129268
v -0.023895 1.184634 0.130925
v -0.020458 1.183649 0.127725
v -0.020130 1.203727 0.120292
v -0.035919 1.211812 0.129485
v -0.026971 1.228237 0.111993
v -0.040874 1.231546 0.122333
v -0.034090 1.246127 0.104215
v -0.046637 1.247232 0.114625
v -0.042963 1.260230 0.095162
v -0.054787 1.260565 0.105483
v -0.052303 1.270294 0.085626
v -0.063877 1.270685 0.095408
v -0.063831 1.273866 0.091434
v -0.056269 1.273605 0.085103
v -0.152917 1.324296 -0.020330
v -0.157457 1.324687 -0.016008
v -0.165963 1.339438 -0.024237
v -0.162035 1.333980 -0.021498
v -0.157628 1.333875 -0.025505
v -0.159143 1.339197 -0.030606
v -0.165385 1.351678 -0.035326
v -0.169386 1.352153 -0.031958
v -0.152917 1.324296 -0.020330
v -0.157457 1.324687 -0.016008
v -0.064210 1.295013 0.089996
v -0.169386 1.352153 -0.031958
v -0.165385 1.351678 -0.035326
v -0.056464 1.294886 0.081979
v -0.046048 1.287945 0.093089
v -0.054131 1.288164 0.101124
v -0.038336 1.274965 0.118267
v -0.029402 1.274841 0.110165
v -0.022139 1.259049 0.136308
v -0.011390 1.259133 0.127198
v -0.019538 1.233039 0.142182
v -0.006858 1.230052 0.133341
v -0.017818 1.213254 0.146447
v -0.003273 1.206789 0.138639
v -0.011211 1.202267 0.145349
v -0.004060 1.198953 0.141568
v -0.006508 1.188723 0.146276
v -0.004538 1.188683 0.144655
v -0.063195 1.284735 0.076566
v -0.072776 1.291281 0.066270
v -0.056269 1.273605 0.085103
v -0.058530 1.279042 0.082070
v -0.152917 1.324296 -0.020330
v -0.157628 1.333875 -0.025505
v -0.021274 1.171957 0.158697
v -0.006444 1.178625 0.153147
v -0.020252 1.175870 0.135326
v -0.031958 1.170066 0.145972
v -0.041378 1.167695 0.162595
v -0.050395 1.165815 0.152952
v -0.044269 1.169722 0.162287
v -0.053812 1.167798 0.152334
v -0.039717 1.195339 0.153342
v -0.051701 1.195473 0.137329
v -0.021392 1.206164 0.133407
v -0.012441 1.205082 0.145271
v -0.012441 1.205082 0.145271
v -0.021392 1.206164 0.133407
v -0.020252 1.175870 0.135326
v -0.006444 1.178625 0.153147
v -0.012441 1.205082 0.145271
v -0.006444 1.178625 0.153147
v -0.021274 1.171957 0.158697
v -0.039717 1.195339 0.153342
v -0.044269 1.169722 0.162287
v -0.041378 1.167695 0.162595
v -0.229546 1.008472 0.156123
v -0.240231 1.005226 0.131076
v -0.227973 1.023706 0.149335
v -0.230910 1.034744 0.138571
v -0.236410 1.038286 0.126409
v -0.245106 1.034283 0.116372
v -0.253616 1.023125 0.110629
v -0.260649 1.008000 0.110445
v -0.262970 0.994006 0.117178
v -0.261248 0.984424 0.127835
v -0.255265 0.979703 0.140219
v -0.246502 0.984333 0.150332
v -0.236968 0.994291 0.155961
v -0.263572 1.018687 0.110635
v -0.247435 1.050234 0.122141
v -0.255817 1.037629 0.114997
v -0.248329 1.052916 0.098270
v -0.236499 1.070358 0.108563
v -0.241095 1.053452 0.131175
v -0.226686 1.075593 0.122266
v -0.259714 1.031078 0.091653
v -0.250969 1.031185 0.081760
v -0.240704 1.054111 0.090390
v -0.229018 1.072224 0.102762
v -0.219533 1.078445 0.116584
v -0.266254 1.005833 0.089556
v -0.265716 1.000888 0.110209
v -0.268393 0.984280 0.088006
v -0.268242 0.977305 0.102729
v -0.257596 0.998735 0.072534
v -0.257000 1.011575 0.076476
v -0.252529 1.000308 0.074194
v -0.265653 0.959392 0.094176
v -0.268455 0.963136 0.112468
v -0.270517 0.944306 0.108858
v -0.270608 0.952006 0.127012
v -0.277036 0.926922 0.129589
v -0.274683 0.914082 0.115295
v -0.266989 0.931725 0.100091
v -0.267271 0.905224 0.108699
v -0.254753 0.919157 0.096362
v -0.255927 0.947930 0.083739
v -0.238297 0.937385 0.083485
v -0.221798 0.927898 0.091500
v -0.239143 0.910652 0.104959
v -0.282670 0.888866 0.129249
v -0.278258 0.883197 0.123379
v -0.293556 0.860408 0.139167
v -0.289781 0.856370 0.132894
v -0.286111 0.897484 0.143313
v -0.282388 0.901255 0.157024
v -0.269394 0.931305 0.147992
v -0.297629 0.866725 0.152008
v -0.249171 0.896408 0.112393
v -0.260724 0.874747 0.123845
v -0.233333 0.893279 0.124847
v -0.222931 0.907793 0.117193
v -0.247892 0.871947 0.133233
v -0.199364 0.929817 0.101632
v -0.205265 0.947414 0.080290
v -0.294984 0.868855 0.164616
v -0.302771 0.853211 0.155807
v -0.300811 0.855354 0.168433
v -0.273509 0.848986 0.134237
v -0.261949 0.846047 0.142539
v -0.279055 0.837942 0.139124
v -0.294722 0.844547 0.136903
v -0.268159 0.835142 0.147718
v -0.298704 0.848179 0.143919
v -0.290913 0.853069 0.175962
v -0.284987 0.865853 0.172399
v -0.270843 0.896556 0.165316
v -0.257095 0.886957 0.167850
v -0.272159 0.859070 0.174976
v -0.249920 0.881875 0.165226
v -0.265407 0.855392 0.172639
v -0.258492 0.848464 0.157227
v -0.244391 0.874217 0.148919
v -0.229048 0.895923 0.142578
v -0.233437 0.904647 0.162042
v -0.241347 0.913264 0.165334
v -0.216865 0.917659 0.154832
v -0.224120 0.930742 0.164577
v -0.203427 0.946618 0.160407
v -0.196325 0.936161 0.144563
v -0.255852 0.926628 0.161805
v -0.234155 0.944232 0.164801
v -0.253036 0.952379 0.156127
v -0.238053 0.965828 0.162305
v -0.264990 0.946506 0.144882
v -0.217625 0.955775 0.165442
v -0.226174 0.977402 0.165161
v -0.263395 0.976729 0.146585
v -0.268838 0.978870 0.134870
v -0.268270 0.985550 0.121238
v -0.255928 0.979533 0.153998
v -0.244639 0.985309 0.160022
v -0.230927 1.000749 0.161695
v -0.211800 0.983941 0.171517
v -0.212289 1.004547 0.169912
v -0.194264 0.998931 0.166786
v -0.197089 1.013418 0.164553
v -0.194250 1.000926 0.161668
v -0.229565 1.018531 0.159106
v -0.211956 1.027545 0.163592
v -0.230985 1.037470 0.150196
v -0.199409 1.031973 0.157459
v -0.213886 1.052216 0.150293
v -0.235150 1.049301 0.140256
v -0.218516 1.069485 0.135788
v -0.203293 1.054608 0.145105
v -0.209978 1.071616 0.131354
v -0.188686 0.984657 0.158971
v -0.188096 0.981926 0.164489
v -0.180606 0.973257 0.149734
v -0.178917 0.968027 0.155441
v -0.171932 0.960226 0.141450
v -0.174042 0.967702 0.136107
v -0.162834 0.963043 0.119177
v -0.165534 0.970002 0.117745
v -0.181932 0.947087 0.114884
v -0.209322 0.960033 0.170353
v -0.198664 0.927619 0.125752
v -0.199364 0.929817 0.101632
v -0.173769 0.961002 0.084574
v -0.222931 0.907793 0.117193
v -0.217885 0.910401 0.136424
v -0.233333 0.893279 0.124847
v -0.247892 0.871947 0.133233
v -0.261949 0.846047 0.142539
v -0.268159 0.835142 0.147718
v -0.265598 0.837705 0.161509
v -0.270919 0.844196 0.176596
v -0.278578 0.847924 0.177809
v -0.156788 0.978587 0.086454
v -0.158761 0.982387 0.076275
v -0.157722 0.984631 0.088392
v -0.159188 0.988508 0.076395
v -0.159469 0.979650 0.097924
v -0.158011 0.971789 0.099271
v -0.158761 0.982387 0.076275
v -0.159188 0.988508 0.076395
v -0.167802 0.985655 0.070227
v -0.166851 0.979004 0.069688
v -0.173769 0.961002 0.084574
v -0.181227 0.979202 0.066483
v -0.181923 0.971332 0.064671
v -0.203732 0.969133 0.065149
v -0.204131 0.962411 0.062258
v -0.223064 0.967983 0.065842
v -0.224765 0.961227 0.061541
v -0.236561 0.973601 0.067032
v -0.241478 0.969146 0.063406
v -0.252896 0.981764 0.068408
v -0.247447 0.985352 0.070813
v -0.264772 0.959215 0.084599
v -0.167802 0.985655 0.070227
v -0.159188 0.988508 0.076395
v -0.165503 0.987277 0.080388
v -0.171069 0.985693 0.075287
v -0.175753 0.974101 0.085604
v -0.182945 0.979842 0.071861
v -0.203822 0.960633 0.078581
v -0.204360 0.970156 0.071619
v -0.233831 0.953285 0.082803
v -0.181227 0.979202 0.066483
v -0.203732 0.969133 0.065149
v -0.223064 0.967983 0.065842
v -0.223017 0.970518 0.072893
v -0.236561 0.973601 0.067032
v -0.235956 0.976525 0.074016
v -0.247447 0.985352 0.070813
v -0.244269 0.985622 0.076295
v -0.249148 0.997153 0.078124
v -0.252529 1.000308 0.074194
v -0.256534 0.990970 0.097626
v -0.248617 1.012162 0.082470
v -0.257000 1.011575 0.076476
v -0.245498 1.025692 0.086057
v -0.250969 1.031185 0.081760
v -0.235600 1.047995 0.095996
v -0.240704 1.054111 0.090390
v -0.226343 1.062347 0.105027
v -0.229018 1.072224 0.102762
v -0.218923 1.067987 0.115946
v -0.219533 1.078445 0.116584
v -0.209978 1.071616 0.131354
v -0.212239 1.063277 0.125390
v -0.203293 1.054608 0.145105
v -0.206286 1.048717 0.138709
v -0.199409 1.031973 0.157459
v -0.201177 1.027228 0.151314
v -0.197089 1.013418 0.164553
v -0.199069 1.012957 0.155907
v -0.217009 1.019377 0.152236
v -0.217740 1.038947 0.141688
v -0.228714 1.049411 0.122170
v -0.228714 1.049411 0.122170
v -0.216957 0.992770 0.157295
v -0.197443 0.999750 0.156622
v -0.194250 1.000926 0.161668
v -0.188686 0.984657 0.158971
v -0.193163 0.984926 0.153275
v -0.186838 0.976164 0.146665
v -0.180606 0.973257 0.149734
v -0.179978 0.969658 0.135901
v -0.174042 0.967702 0.136107
v -0.170719 0.970124 0.114047
v -0.165534 0.970002 0.117745
v -0.178454 0.961185 0.114332
v -0.194268 0.953098 0.141222
v -0.206609 0.963913 0.153904
v -0.159469 0.979650 0.097924
v -0.166133 0.979907 0.097154
v -0.175753 0.974101 0.085604
v -0.164201 0.984538 0.089084
v -0.165503 0.987277 0.080388
v -0.157722 0.984631 0.088392
v -0.159188 0.988508 0.076395
v -0.242372 1.038132 0.105397
v -0.251807 1.018728 0.100685
v -0.228714 1.049411 0.122170
v -0.250796 0.968457 0.090489
v -0.215566 1.031756 0.111859
v -0.210241 1.025511 0.124024
v -0.217740 1.038947 0.141688
v -0.228714 1.049411 0.122170
v -0.242372 1.038132 0.105397
v -0.219334 1.021856 0.102217
v -0.251807 1.018728 0.100685
v -0.222657 0.993688 0.096262
v -0.256534 0.990970 0.097626
v -0.250796 0.968457 0.090489
v -0.212850 0.980412 0.091451
v -0.233831 0.953285 0.082803
v -0.203822 0.960633 0.078581
v -0.198874 0.981192 0.089823
v -0.175753 0.974101 0.085604
v -0.187071 0.988148 0.094476
v -0.190275 0.988857 0.106602
v -0.178454 0.961185 0.114332
v -0.200842 0.991502 0.121786
v -0.194268 0.953098 0.141222
v -0.206609 0.963913 0.153904
v -0.210039 0.998256 0.109336
v -0.205829 1.004170 0.129637
v -0.216957 0.992770 0.157295
v -0.217009 1.019377 0.152236
v -0.207831 1.020321 0.128392
v -0.263572 1.018687 0.110635
v -0.294722 0.844547 0.136903
v -0.298704 0.848179 0.143919
v -0.290451 0.829237 0.160769
v -0.302771 0.853211 0.155807
v -0.279055 0.837942 0.139124
v -0.268159 0.835142 0.147718
v -0.265598 0.837705 0.161509
v -0.270919 0.844196 0.176596
v -0.278578 0.847924 0.177809
v -0.290913 0.853069 0.175962
v -0.300811 0.855354 0.168433
v -0.279151 0.821725 0.145510
v -0.268631 0.842399 0.136895
v -0.261538 0.840310 0.143442
v -0.273524 0.817484 0.152349
v -0.287615 0.829450 0.141021
v -0.277708 0.847517 0.133136
v -0.295566 0.836683 0.139766
v -0.288787 0.855653 0.131660
v -0.302868 0.842194 0.142997
v -0.297015 0.861528 0.136702
v -0.290986 0.863688 0.132789
v -0.291755 0.869827 0.134233
v -0.290168 0.869283 0.132646
v -0.285829 0.877422 0.128452
v -0.294106 0.873774 0.137791
v -0.299630 0.870212 0.146383
v -0.307986 0.840697 0.151101
v -0.302180 0.866566 0.156886
v -0.311128 0.835004 0.160568
v -0.301038 0.863038 0.168343
v -0.311798 0.828395 0.169974
v -0.302742 0.833441 0.176908
v -0.291047 0.865845 0.174294
v -0.294390 0.837328 0.180686
v -0.280594 0.869552 0.176541
v -0.284021 0.838790 0.182808
v -0.270030 0.860817 0.178363
v -0.275388 0.833755 0.178806
v -0.262904 0.854894 0.172092
v -0.264190 0.862637 0.173991
v -0.265787 0.868773 0.175127
v -0.263615 0.867934 0.173684
v -0.259352 0.847028 0.161846
v -0.270545 0.826552 0.171193
v -0.258855 0.841798 0.151856
v -0.270776 0.820752 0.161050
v -0.261538 0.840310 0.143442
v -0.273524 0.817484 0.152349
v -0.270334 0.872833 0.175689
v -0.257883 0.876418 0.170222
v -0.260638 0.835962 0.142812
v -0.261538 0.840310 0.143442
v -0.268631 0.842399 0.136895
v -0.268171 0.837565 0.134819
v -0.277708 0.847517 0.133136
v -0.279922 0.844111 0.129343
v -0.288787 0.855653 0.131660
v -0.292644 0.854676 0.128339
v -0.290986 0.863688 0.132789
v -0.295442 0.863294 0.129279
v -0.274077 0.822135 0.139996
v -0.267435 0.817933 0.149634
v -0.283765 0.829974 0.134361
v -0.293887 0.839037 0.133888
v -0.279151 0.821725 0.145510
v -0.273524 0.817484 0.152349
v -0.287615 0.829450 0.141021
v -0.295566 0.836683 0.139766
v -0.295237 0.869562 0.129152
v -0.290168 0.869283 0.132646
v -0.292685 0.875009 0.126182
v -0.285829 0.877422 0.128452
v -0.306039 0.847204 0.139384
v -0.302868 0.842194 0.142997
v -0.310901 0.847048 0.149640
v -0.305007 0.869961 0.143793
v -0.307210 0.866448 0.157428
v -0.302180 0.866566 0.156886
v -0.299630 0.870212 0.146383
v -0.301038 0.863038 0.168343
v -0.304906 0.862651 0.170553
v -0.313060 0.842471 0.159848
v -0.313490 0.835033 0.171803
v -0.311128 0.835004 0.160568
v -0.311798 0.828395 0.169974
v -0.307986 0.840697 0.151101
v -0.298875 0.873175 0.133847
v -0.294106 0.873774 0.137791
v -0.292685 0.875009 0.126182
v -0.285829 0.877422 0.128452
v -0.302742 0.833441 0.176908
v -0.304395 0.841231 0.179761
v -0.294390 0.837328 0.180686
v -0.294327 0.845038 0.184059
v -0.284021 0.838790 0.182808
v -0.280623 0.845004 0.185871
v -0.271630 0.837826 0.181578
v -0.261498 0.852897 0.176780
v -0.263242 0.861944 0.179693
v -0.268362 0.864491 0.182910
v -0.262904 0.854894 0.172092
v -0.256632 0.843619 0.164975
v -0.259352 0.847028 0.161846
v -0.264190 0.862637 0.173991
v -0.256686 0.838047 0.153050
v -0.258855 0.841798 0.151856
v -0.260638 0.835962 0.142812
v -0.261538 0.840310 0.143442
v -0.275388 0.833755 0.178806
v -0.264389 0.827590 0.171359
v -0.270545 0.826552 0.171193
v -0.264128 0.821173 0.159874
v -0.270776 0.820752 0.161050
v -0.267435 0.817933 0.149634
v -0.273524 0.817484 0.152349
v -0.262961 0.866382 0.179819
v -0.263615 0.867934 0.173684
v -0.265589 0.867921 0.181654
v -0.269072 0.871518 0.181379
v -0.280796 0.868685 0.182442
v -0.280594 0.869552 0.176541
v -0.291047 0.865845 0.174294
v -0.294794 0.865124 0.178359
v -0.270334 0.872833 0.175689
v -0.258368 0.873769 0.177104
v -0.258368 0.873769 0.177104
v -0.257883 0.876418 0.170222
v -0.257883 0.876418 0.170222
v -0.258368 0.873769 0.177104
v -0.298076 0.870527 0.130565
v -0.300783 0.866567 0.132765
v -0.292685 0.875009 0.126182
v -0.314876 0.787924 0.143078
v -0.316376 0.797826 0.152902
v -0.313096 0.794205 0.156037
v -0.312382 0.785120 0.146639
v -0.313472 0.771985 0.132749
v -0.312026 0.768625 0.135514
v -0.309556 0.770586 0.125387
v -0.311013 0.773773 0.125471
v -0.316371 0.801617 0.165736
v -0.313496 0.797039 0.166046
v -0.314955 0.798984 0.175723
v -0.309588 0.795200 0.177977
v -0.302088 0.814235 0.181019
v -0.307471 0.814600 0.179597
v -0.294475 0.835257 0.182953
v -0.288871 0.836799 0.181456
v -0.312910 0.792022 0.137516
v -0.304419 0.829893 0.175498
v -0.311366 0.813195 0.169035
v -0.313206 0.810634 0.153479
v -0.303857 0.776060 0.121338
v -0.301048 0.773137 0.122066
v -0.294826 0.776935 0.116025
v -0.297647 0.779317 0.115029
v -0.290772 0.783714 0.113706
v -0.286277 0.782670 0.113932
v -0.290854 0.799684 0.122961
v -0.295075 0.800864 0.122397
v -0.288931 0.810503 0.126843
v -0.294126 0.812318 0.125558
v -0.287396 0.820478 0.127046
v -0.284378 0.816955 0.128687
v -0.279290 0.823570 0.127753
v -0.275627 0.820375 0.129988
v -0.291004 0.829522 0.138582
v -0.292199 0.831126 0.136001
v -0.305127 0.839983 0.144573
v -0.303620 0.841351 0.146388
v -0.300430 0.799375 0.123868
v -0.303738 0.818449 0.137009
v -0.298859 0.826616 0.137191
v -0.308159 0.834848 0.151124
v -0.310569 0.823813 0.158932
v -0.306731 0.825682 0.161200
v -0.300871 0.831645 0.174207
v -0.294475 0.835257 0.182953
v -0.288871 0.836799 0.181456
v -0.305717 0.835480 0.154592
v -0.305127 0.839983 0.144573
v -0.303620 0.841351 0.146388
v -0.309129 0.813474 0.146104
v -0.306716 0.795100 0.131070
v -0.273744 0.776750 0.124113
v -0.269223 0.775182 0.121650
v -0.277209 0.773615 0.118184
v -0.264800 0.784700 0.115676
v -0.263479 0.782766 0.115243
v -0.270979 0.782030 0.127912
v -0.265687 0.788311 0.117198
v -0.270626 0.793992 0.134819
v -0.263827 0.801195 0.126411
v -0.268663 0.790980 0.111594
v -0.266801 0.784900 0.110193
v -0.261251 0.780349 0.112370
v -0.260579 0.780306 0.116616
v -0.256790 0.778482 0.119657
v -0.254903 0.777090 0.116609
v -0.254429 0.778046 0.122615
v -0.261717 0.772574 0.123783
v -0.259630 0.773426 0.127769
v -0.253586 0.782469 0.128931
v -0.258471 0.777460 0.133153
v -0.248831 0.780703 0.129106
v -0.250690 0.786544 0.134144
v -0.253853 0.785541 0.132645
v -0.257179 0.782399 0.132825
v -0.251177 0.776201 0.119751
v -0.254904 0.773392 0.135151
v -0.257006 0.778281 0.138566
v -0.258415 0.768015 0.126571
v -0.262395 0.764321 0.119859
v -0.265887 0.773706 0.121408
v -0.270747 0.770213 0.114847
v -0.248177 0.772727 0.131490
v -0.251652 0.767361 0.121399
v -0.258415 0.768015 0.126571
v -0.254904 0.773392 0.135151
v -0.253447 0.774357 0.113563
v -0.249021 0.775814 0.133667
v -0.251741 0.775478 0.138737
v -0.262395 0.764321 0.119859
v -0.257006 0.778281 0.138566
v -0.246499 0.779905 0.135154
v -0.263646 0.777887 0.108578
v -0.261116 0.767954 0.110832
v -0.267831 0.772120 0.108751
v -0.272693 0.784039 0.106542
v -0.279870 0.779469 0.104827
v -0.270747 0.770213 0.114847
v -0.256323 0.764454 0.112731
v -0.279915 0.776299 0.113455
v -0.277209 0.773615 0.118184
v -0.279209 0.781595 0.107999
v -0.275311 0.789601 0.109011
v -0.281039 0.785871 0.108810
v -0.278354 0.803976 0.119183
v -0.269876 0.804262 0.121072
v -0.267785 0.817036 0.130278
v -0.262956 0.812515 0.136290
v -0.278684 0.815586 0.127197
v -0.267023 0.807646 0.147767
v -0.274997 0.801289 0.159370
v -0.280728 0.785177 0.147192
v -0.282089 0.771494 0.137955
v -0.285400 0.778418 0.156982
v -0.293046 0.762380 0.146298
v -0.292446 0.771479 0.162953
v -0.300095 0.758524 0.151648
v -0.305603 0.768027 0.162737
v -0.308669 0.759274 0.152010
v -0.287590 0.775846 0.168264
v -0.267163 0.818799 0.141523
v -0.271017 0.815224 0.151063
v -0.280767 0.825088 0.141456
v -0.280242 0.822579 0.146529
v -0.274481 0.810351 0.161515
v -0.277437 0.821208 0.158583
v -0.283413 0.831784 0.144767
v -0.276106 0.831289 0.153081
v -0.286929 0.832757 0.140728
v -0.271688 0.832697 0.168118
v -0.278220 0.814281 0.178554
v -0.274745 0.804711 0.171794
v -0.275902 0.797718 0.180556
v -0.279154 0.842143 0.140608
v -0.292121 0.846586 0.139078
v -0.293299 0.836145 0.141810
v -0.269919 0.840982 0.148447
v -0.266292 0.844133 0.163273
v -0.285649 0.827869 0.139641
v -0.291004 0.829522 0.138582
v -0.303620 0.841351 0.146388
v -0.301596 0.854565 0.148418
v -0.273504 0.823483 0.136389
v -0.275627 0.820375 0.129988
v -0.284378 0.816955 0.128687
v -0.288931 0.810503 0.126843
v -0.305194 0.841043 0.154314
v -0.305717 0.835480 0.154592
v -0.294345 0.854727 0.167116
v -0.302695 0.839591 0.167526
v -0.288871 0.836799 0.181456
v -0.300871 0.831645 0.174207
v -0.306731 0.825682 0.161200
v -0.278210 0.851943 0.176874
v -0.277510 0.834896 0.177914
v -0.269347 0.848155 0.171717
v -0.271688 0.832697 0.168118
v -0.266292 0.844133 0.163273
v -0.295100 0.816156 0.183310
v -0.286532 0.816643 0.183207
v -0.278220 0.814281 0.178554
v -0.290381 0.800841 0.189972
v -0.283431 0.799361 0.186243
v -0.300692 0.800920 0.186782
v -0.297219 0.786003 0.192844
v -0.302088 0.814235 0.181019
v -0.291368 0.786521 0.192608
v -0.283386 0.787094 0.188757
v -0.290986 0.776914 0.191095
v -0.297712 0.775041 0.188664
v -0.285146 0.779273 0.187989
v -0.286609 0.767829 0.187211
v -0.283621 0.769095 0.183111
v -0.309588 0.795200 0.177977
v -0.304237 0.786024 0.188658
v -0.302156 0.774739 0.184754
v -0.309298 0.786543 0.178976
v -0.304521 0.775417 0.177774
v -0.306241 0.776048 0.170594
v -0.300397 0.767685 0.178518
v -0.313390 0.782869 0.165841
v -0.310889 0.772756 0.161029
v -0.313496 0.797039 0.166046
v -0.305603 0.768027 0.162737
v -0.308669 0.759274 0.152010
v -0.314440 0.762559 0.148425
v -0.315680 0.779094 0.154811
v -0.313561 0.755212 0.145423
v -0.306825 0.751901 0.148519
v -0.298485 0.768197 0.171795
v -0.300394 0.772924 0.167728
v -0.313096 0.794205 0.156037
v -0.315427 0.765243 0.143040
v -0.316812 0.761374 0.137972
v -0.312382 0.785120 0.146639
v -0.312026 0.768625 0.135514
v -0.306105 0.759140 0.131852
v -0.309556 0.770586 0.125387
v -0.305110 0.763799 0.121374
v -0.292807 0.750706 0.119254
v -0.293436 0.764951 0.121481
v -0.301048 0.773137 0.122066
v -0.292987 0.770055 0.113098
v -0.285074 0.755098 0.121648
v -0.285088 0.742450 0.117520
v -0.274804 0.747387 0.120513
v -0.282570 0.738983 0.116229
v -0.296504 0.747615 0.125047
v -0.286344 0.735326 0.128238
v -0.285685 0.741263 0.131227
v -0.278543 0.734044 0.133758
v -0.278910 0.737165 0.136699
v -0.295044 0.750104 0.130639
v -0.270059 0.734875 0.143765
v -0.272698 0.737056 0.145398
v -0.267411 0.739110 0.152795
v -0.265261 0.736538 0.136479
v -0.273243 0.736095 0.125349
v -0.268719 0.745420 0.127529
v -0.261816 0.744463 0.137472
v -0.261978 0.736616 0.141826
v -0.264242 0.735766 0.147795
v -0.269667 0.747932 0.130811
v -0.264300 0.748379 0.139639
v -0.274779 0.750324 0.127055
v -0.282445 0.756731 0.127159
v -0.287052 0.762617 0.126379
v -0.259070 0.748595 0.147750
v -0.258299 0.742093 0.143747
v -0.282760 0.757732 0.121522
v -0.280325 0.760937 0.115002
v -0.271791 0.754327 0.115718
v -0.275133 0.765771 0.115708
v -0.263004 0.761136 0.119874
v -0.283466 0.773824 0.114397
v -0.286277 0.782670 0.113932
v -0.280987 0.775848 0.115484
v -0.277209 0.773615 0.118184
v -0.294826 0.776935 0.116025
v -0.277209 0.773615 0.118184
v -0.286052 0.801156 0.120471
v -0.290854 0.799684 0.122961
v -0.279209 0.781595 0.107999
v -0.279209 0.781595 0.107999
v -0.279870 0.779469 0.104827
v -0.285161 0.764857 0.132911
v -0.275607 0.771631 0.124820
v -0.282320 0.764371 0.130508
v -0.287052 0.762617 0.126379
v -0.295407 0.755850 0.140169
v -0.300034 0.751261 0.148034
v -0.306825 0.751901 0.148519
v -0.278888 0.761232 0.130114
v -0.279780 0.756934 0.126850
v -0.272980 0.759701 0.133202
v -0.267832 0.765470 0.126516
v -0.262828 0.765092 0.132305
v -0.258050 0.759775 0.126084
v -0.263004 0.761136 0.119874
v -0.275133 0.765771 0.115708
v -0.273266 0.767287 0.123098
v -0.267215 0.760484 0.139415
v -0.257364 0.763867 0.138017
v -0.263138 0.758855 0.143073
v -0.251751 0.759209 0.134550
v -0.272550 0.753360 0.131789
v -0.267068 0.754621 0.137988
v -0.261393 0.754395 0.144140
v -0.260565 0.760107 0.146213
v -0.252962 0.765654 0.141047
v -0.277209 0.773615 0.118184
v -0.262298 0.763478 0.142355
v -0.257259 0.765255 0.140950
v -0.258687 0.756635 0.147721
v -0.279780 0.756934 0.126850
v -0.272550 0.753360 0.131789
v -0.273248 0.749240 0.126064
v -0.266277 0.749858 0.133166
v -0.267068 0.754621 0.137988
v -0.258846 0.750907 0.141210
v -0.261393 0.754395 0.144140
v -0.258687 0.756635 0.147721
v -0.271791 0.754327 0.115718
v -0.252352 0.751300 0.135816
v -0.260984 0.750341 0.124902
v -0.258050 0.759775 0.126084
v -0.251751 0.759209 0.134550
v -0.267701 0.750392 0.117021
v -0.271791 0.754327 0.115718
v -0.254104 0.753938 0.144684
v -0.250631 0.754123 0.140171
v -0.249600 0.759778 0.139821
v -0.252962 0.765654 0.141047
v -0.276142 0.750402 0.133260
v -0.272114 0.748832 0.136283
v -0.277904 0.741789 0.139469
v -0.283024 0.743642 0.136535
v -0.273823 0.743343 0.146681
v -0.272698 0.737056 0.145398
v -0.278910 0.737165 0.136699
v -0.268514 0.743608 0.152302
v -0.267411 0.739110 0.152795
v -0.268282 0.749887 0.143028
v -0.285685 0.741263 0.131227
v -0.288757 0.750815 0.136084
v -0.295044 0.750104 0.130639
v -0.281870 0.756559 0.133321
v -0.274779 0.750324 0.127055
v -0.282445 0.756731 0.127159
v -0.287052 0.762617 0.126379
v -0.301037 0.754213 0.133425
v -0.267675 0.747602 0.150118
v -0.262721 0.748974 0.148668
v -0.264300 0.748379 0.139639
v -0.269667 0.747932 0.130811
v -0.259070 0.748595 0.147750
v -0.301037 0.754213 0.133425
v -0.295244 0.748949 0.138952
v -0.301794 0.750001 0.129565
v -0.296629 0.740346 0.125939
v -0.292722 0.742260 0.134476
v -0.298047 0.746073 0.144616
v -0.295263 0.738799 0.139642
v -0.287727 0.740312 0.134209
v -0.290740 0.736867 0.139677
v -0.293889 0.732307 0.140620
v -0.300385 0.735669 0.140433
v -0.285377 0.735591 0.140726
v -0.286537 0.730918 0.141679
v -0.282398 0.736043 0.144993
v -0.280091 0.731513 0.145993
v -0.282029 0.739007 0.135387
v -0.282757 0.739619 0.141346
v -0.280464 0.733967 0.129409
v -0.288803 0.737448 0.126682
v -0.304440 0.744826 0.144238
v -0.278284 0.739511 0.138930
v -0.273950 0.738195 0.136891
v -0.273646 0.731109 0.134809
v -0.286154 0.726700 0.139463
v -0.295064 0.729152 0.137277
v -0.293889 0.732307 0.140620
v -0.286537 0.730918 0.141679
v -0.300385 0.735669 0.140433
v -0.303808 0.732442 0.136510
v -0.304440 0.744826 0.144238
v -0.309820 0.745350 0.141240
v -0.307186 0.739321 0.127592
v -0.311009 0.748295 0.132491
v -0.301794 0.750001 0.129565
v -0.296629 0.740346 0.125939
v -0.306866 0.735725 0.125365
v -0.306866 0.735725 0.125365
v -0.295883 0.730434 0.127485
v -0.288803 0.737448 0.126682
v -0.306866 0.735725 0.125365
v -0.306866 0.735725 0.125365
v -0.285109 0.727054 0.131009
v -0.276844 0.726109 0.135932
v -0.277509 0.726940 0.141894
v -0.280091 0.731513 0.145993
v -0.280464 0.733967 0.129409
v -0.273646 0.731109 0.134809
v -0.301037 0.754213 0.133425
v -0.278572 0.780485 0.178706
v -0.275687 0.785798 0.177064
v -0.280414 0.772030 0.176165
v -0.289597 0.769937 0.168957
v -0.280418 0.766114 0.173743
v -0.288964 0.765545 0.168353
v -0.280222 0.760597 0.170203
v -0.280506 0.757688 0.178188
v -0.282397 0.763667 0.181184
v -0.278825 0.752823 0.174314
v -0.279836 0.756083 0.167500
v -0.287555 0.759521 0.165759
v -0.286379 0.755408 0.163356
v -0.300394 0.772924 0.167728
v -0.298485 0.768197 0.171795
v -0.291755 0.751674 0.166265
v -0.295249 0.757130 0.169512
v -0.297142 0.763414 0.171735
v -0.283621 0.769095 0.183111
v -0.285146 0.779273 0.187989
v -0.283386 0.787094 0.188757
v -0.275223 0.793267 0.169130
v -0.283431 0.799361 0.186243
v -0.297142 0.763414 0.171735
v -0.299643 0.762516 0.180934
v -0.296298 0.754999 0.176299
v -0.295249 0.757130 0.169512
v -0.294547 0.752526 0.174737
v -0.291755 0.751674 0.166265
v -0.300356 0.766410 0.178441
v -0.301750 0.766293 0.181688
v -0.300877 0.767347 0.186479
v -0.295897 0.762610 0.185899
v -0.292123 0.754537 0.181040
v -0.298465 0.768243 0.189919
v -0.301748 0.767629 0.187098
v -0.299109 0.768503 0.191013
v -0.290415 0.761869 0.186218
v -0.294175 0.767172 0.190433
v -0.294553 0.767897 0.191873
v -0.302961 0.767216 0.181992
v -0.300972 0.769920 0.184708
v -0.299051 0.771519 0.190884
v -0.292847 0.770207 0.190236
v -0.289560 0.766493 0.189240
v -0.286419 0.767083 0.186690
v -0.286919 0.762145 0.184324
v -0.282397 0.763667 0.181184
v -0.286101 0.755527 0.181252
v -0.280506 0.757688 0.178188
v -0.285246 0.752323 0.180082
v -0.278825 0.752823 0.174314
v -0.289162 0.767103 0.190265
v -0.295468 0.769098 0.185182
v -0.300397 0.767685 0.178518
v -0.282570 0.738983 0.116229
v -0.285088 0.742450 0.117520
v -0.271791 0.754327 0.115718
v -0.267701 0.750392 0.117021
v -0.261116 0.767954 0.110832
v -0.256323 0.764454 0.112731
v -0.251652 0.767361 0.121399
v -0.300397 0.767685 0.178518
v -0.251652 0.767361 0.121399
v -0.278305 0.734896 0.151615
v -0.273178 0.739338 0.154947
v -0.269436 0.735803 0.152501
v -0.273002 0.729388 0.147673
v -0.263117 0.744920 0.156720
v -0.280456 0.732184 0.149192
v -0.276437 0.725660 0.143903
v -0.266119 0.735096 0.148133
v -0.270517 0.726806 0.140027
v -0.265351 0.739639 0.145595
v -0.268355 0.734298 0.138259
v -0.275829 0.721897 0.133762
v -0.271179 0.731097 0.134090
v -0.280091 0.731513 0.145993
v -0.277509 0.726940 0.141894
v -0.277350 0.724158 0.134411
v -0.273646 0.731109 0.134809
v -0.271179 0.731097 0.134090
v -0.276437 0.725660 0.143903
v -0.267712 0.744959 0.144916
v -0.265351 0.739639 0.145595
v -0.263117 0.744920 0.156720
v -0.270851 0.742701 0.139039
v -0.273149 0.747649 0.148427
v -0.279329 0.744621 0.142417
v -0.263117 0.744920 0.156720
v -0.268355 0.734298 0.138259
v -0.271950 0.741213 0.137051
v -0.271179 0.731097 0.134090
v -0.279028 0.742554 0.139231
v -0.281993 0.741208 0.147577
v -0.275546 0.745073 0.152955
v -0.278305 0.734896 0.151615
v -0.273178 0.739338 0.154947
v -0.263117 0.744920 0.156720
v -0.263117 0.744920 0.156720
v -0.283500 0.741754 0.141924
v -0.273950 0.738195 0.136891
v -0.278284 0.739511 0.138930
v -0.273646 0.731109 0.134809
v -0.282757 0.739619 0.141346
v -0.282757 0.739619 0.141346
v -0.283193 0.737243 0.146659
v -0.280456 0.732184 0.149192
v -0.282398 0.736043 0.144993
v -0.280091 0.731513 0.145993
v -0.282757 0.739619 0.141346
v -0.277509 0.726940 0.141894
v -0.277350 0.724158 0.134411
v -0.276844 0.726109 0.135932
v -0.273646 0.731109 0.134809
v -0.268243 0.741985 0.159479
v -0.267372 0.748376 0.164555
v -0.262318 0.745565 0.163396
v -0.261865 0.737548 0.155927
v -0.259817 0.755462 0.170797
v -0.268634 0.738799 0.155835
v -0.263827 0.733783 0.149472
v -0.257125 0.745546 0.160375
v -0.257025 0.736348 0.148159
v -0.259817 0.755462 0.170797
v -0.256032 0.750654 0.158735
v -0.254363 0.744425 0.149333
v -0.257028 0.752367 0.151411
v -0.258401 0.755603 0.157794
v -0.259817 0.755462 0.170797
v -0.257287 0.751345 0.149063
v -0.255707 0.742090 0.143574
v -0.260361 0.733305 0.139195
v -0.260361 0.733305 0.139195
v -0.267411 0.739110 0.152795
v -0.264242 0.735766 0.147795
v -0.261843 0.735416 0.140214
v -0.260361 0.733305 0.139195
v -0.259070 0.748595 0.147750
v -0.258299 0.742093 0.143747
v -0.261843 0.735416 0.140214
v -0.260361 0.733305 0.139195
v -0.258401 0.755603 0.157794
v -0.266488 0.757987 0.159988
v -0.264789 0.753590 0.153403
v -0.257028 0.752367 0.151411
v -0.259817 0.755462 0.170797
v -0.263612 0.751577 0.150172
v -0.257287 0.751345 0.149063
v -0.269717 0.749479 0.157045
v -0.269458 0.755550 0.162365
v -0.267372 0.748376 0.164555
v -0.268243 0.741985 0.159479
v -0.259817 0.755462 0.170797
v -0.269646 0.746267 0.154547
v -0.268634 0.738799 0.155835
v -0.259817 0.755462 0.170797
v -0.268418 0.750068 0.152279
v -0.268514 0.743608 0.152302
v -0.267411 0.739110 0.152795
v -0.267675 0.747602 0.150118
v -0.262721 0.748974 0.148668
v -0.259070 0.748595 0.147750
v -0.264242 0.735766 0.147795
v -0.261843 0.735416 0.140214
v -0.261978 0.736616 0.141826
v -0.258299 0.742093 0.143747
v -0.260712 0.760041 0.152822
v -0.259838 0.765879 0.156867
v -0.254686 0.764389 0.156373
v -0.253246 0.757445 0.151457
v -0.254825 0.776305 0.162503
v -0.260272 0.756825 0.150407
v -0.253505 0.752968 0.146912
v -0.250125 0.765315 0.153742
v -0.247643 0.756695 0.145713
v -0.254825 0.776305 0.162503
v -0.250128 0.769708 0.151284
v -0.247763 0.764251 0.144372
v -0.253033 0.770585 0.143413
v -0.253904 0.774955 0.150269
v -0.254825 0.776305 0.162503
v -0.252442 0.769119 0.141449
v -0.247345 0.760738 0.140051
v -0.246974 0.751071 0.139528
v -0.246974 0.751071 0.139528
v -0.258687 0.756635 0.147721
v -0.254104 0.753938 0.144684
v -0.249889 0.751715 0.138062
v -0.246974 0.751071 0.139528
v -0.252962 0.765654 0.141047
v -0.249600 0.759778 0.139821
v -0.249889 0.751715 0.138062
v -0.246974 0.751071 0.139528
v -0.253033 0.770585 0.143413
v -0.253904 0.774955 0.150269
v -0.260017 0.774672 0.151281
v -0.261014 0.769395 0.143790
v -0.254825 0.776305 0.162503
v -0.259328 0.767494 0.141137
v -0.252442 0.769119 0.141449
v -0.264204 0.765653 0.147575
v -0.262675 0.770466 0.153317
v -0.260712 0.760041 0.152822
v -0.259838 0.765879 0.156867
v -0.254825 0.776305 0.162503
v -0.263538 0.762140 0.146318
v -0.260272 0.756825 0.150407
v -0.254825 0.776305 0.162503
v -0.263306 0.765416 0.143348
v -0.260565 0.760107 0.146213
v -0.258687 0.756635 0.147721
v -0.262298 0.763478 0.142355
v -0.262298 0.763478 0.142355
v -0.257259 0.765255 0.140950
v -0.252962 0.765654 0.141047
v -0.262298 0.763478 0.142355
v -0.254104 0.753938 0.144684
v -0.249889 0.751715 0.138062
v -0.250631 0.754123 0.140171
v -0.249600 0.759778 0.139821
v -0.260518 0.781604 0.141584
v -0.261996 0.787760 0.144554
v -0.257615 0.786839 0.146447
v -0.253884 0.779737 0.143914
v -0.259804 0.796410 0.148904
v -0.259389 0.778686 0.139980
v -0.252091 0.775046 0.140897
v -0.252361 0.786921 0.145778
v -0.247011 0.778220 0.141211
v -0.259804 0.796410 0.148904
v -0.251579 0.790480 0.143208
v -0.247608 0.785995 0.139310
v -0.251011 0.790209 0.135711
v -0.254210 0.793880 0.139994
v -0.259804 0.796410 0.148904
v -0.250537 0.789373 0.134422
v -0.244780 0.780910 0.136025
v -0.245484 0.773283 0.135530
v -0.245484 0.773283 0.135530
v -0.257006 0.778281 0.138566
v -0.251741 0.775478 0.138737
v -0.247632 0.774113 0.133365
v -0.245484 0.773283 0.135530
v -0.250690 0.786544 0.134144
v -0.246499 0.779905 0.135154
v -0.247632 0.774113 0.133365
v -0.245484 0.773283 0.135530
v -0.251011 0.790209 0.135711
v -0.254210 0.793880 0.139994
v -0.259950 0.793178 0.138221
v -0.257251 0.788267 0.133140
v -0.259804 0.796410 0.148904
v -0.254534 0.786372 0.132051
v -0.250537 0.789373 0.134422
v -0.260928 0.784577 0.135412
v -0.263306 0.790741 0.140074
v -0.260518 0.781604 0.141584
v -0.261996 0.787760 0.144554
v -0.259804 0.796410 0.148904
v -0.260149 0.782410 0.135047
v -0.259389 0.778686 0.139980
v -0.259804 0.796410 0.148904
v -0.258238 0.783796 0.132409
v -0.257520 0.780034 0.135599
v -0.257006 0.778281 0.138566
v -0.257179 0.782399 0.132825
v -0.253853 0.785541 0.132645
v -0.257179 0.782399 0.132825
v -0.250690 0.786544 0.134144
v -0.251741 0.775478 0.138737
v -0.247632 0.774113 0.133365
v -0.249021 0.775814 0.133667
v -0.246499 0.779905 0.135154
v -0.273802 0.744548 0.168891
v -0.273224 0.737544 0.163705
v -0.277914 0.735789 0.167815
v -0.280287 0.742435 0.174433
v -0.276701 0.728886 0.158561
v -0.274737 0.751318 0.174113
v -0.283663 0.749800 0.181675
v -0.278825 0.752823 0.174314
v -0.285246 0.752323 0.180082
v -0.282940 0.734659 0.167663
v -0.289269 0.742891 0.177028
v -0.276701 0.728886 0.158561
v -0.291913 0.742426 0.169420
v -0.285559 0.735350 0.163448
v -0.289512 0.744616 0.160386
v -0.285192 0.738218 0.158082
v -0.276701 0.728886 0.158561
v -0.292890 0.749598 0.162461
v -0.297315 0.750311 0.175272
v -0.291755 0.751674 0.166265
v -0.294547 0.752526 0.174737
v -0.294173 0.755752 0.184215
v -0.296071 0.754180 0.187237
v -0.294173 0.755752 0.184215
v -0.296071 0.754180 0.187237
v -0.296071 0.754180 0.187237
v -0.296071 0.754180 0.187237
v -0.283234 0.748493 0.156996
v -0.289512 0.744616 0.160386
v -0.285192 0.738218 0.158082
v -0.279265 0.740431 0.153702
v -0.276701 0.728886 0.158561
v -0.286122 0.754683 0.159338
v -0.292890 0.749598 0.162461
v -0.286379 0.755408 0.163356
v -0.291755 0.751674 0.166265
v -0.274029 0.748503 0.160588
v -0.273498 0.739031 0.157693
v -0.273224 0.737544 0.163705
v -0.273802 0.744548 0.168891
v -0.276701 0.728886 0.158561
v -0.275674 0.756106 0.165204
v -0.274737 0.751318 0.174113
v -0.279836 0.756083 0.167500
v -0.278825 0.752823 0.174314
v -0.276701 0.728886 0.158561
v -0.285246 0.752323 0.180082
v -0.294173 0.755752 0.184215
v -0.292123 0.754537 0.181040
v -0.294547 0.752526 0.174737
v -0.300972 0.769920 0.184708
v -0.295468 0.769098 0.185182
v -0.299051 0.771519 0.190884
v -0.292847 0.770207 0.190236
v -0.300397 0.767685 0.178518
v -0.286609 0.767829 0.187211
v -0.287052 0.762617 0.126379
v -0.293436 0.764951 0.121481
v -0.257520 0.780034 0.135599
v -0.301037 0.754213 0.133425
v -0.306105 0.759140 0.131852
v -0.279154 0.842143 0.140608
v -0.279682 0.857296 0.154089
v -0.292121 0.846586 0.139078
v -0.269919 0.840982 0.148447
v -0.266292 0.844133 0.163273
v -0.301596 0.854565 0.148418
v -0.269347 0.848155 0.171717
v -0.278210 0.851943 0.176874
v -0.294345 0.854727 0.167116
v -0.292725 0.775277 0.110759
v -0.287812 0.771257 0.112895
v -0.290929 0.768633 0.113097
v -0.299296 0.773376 0.109300
v -0.285839 0.776753 0.114624
v -0.284010 0.773497 0.114079
v -0.298815 0.782839 0.110026
v -0.311588 0.782582 0.106741
v -0.305778 0.774769 0.114611
v -0.297632 0.769702 0.115107
v -0.300307 0.771507 0.124491
v -0.294368 0.768006 0.122636
v -0.287721 0.782956 0.115771
v -0.291971 0.766964 0.116679
v -0.291928 0.765572 0.120897
v -0.292095 0.767707 0.110641
v -0.287622 0.771473 0.110375
v -0.291554 0.775029 0.108426
v -0.299349 0.771835 0.107302
v -0.297680 0.781296 0.107638
v -0.311028 0.780727 0.105065
v -0.290929 0.768633 0.113097
v -0.287812 0.771257 0.112895
v -0.284980 0.777019 0.112010
v -0.283753 0.773974 0.111808
v -0.284010 0.773497 0.114079
v -0.284010 0.773497 0.114079
v -0.286798 0.781835 0.113001
v -0.285839 0.776753 0.114624
v -0.284010 0.773497 0.114079
v -0.287721 0.782956 0.115771
v -0.298815 0.782839 0.110026
v -0.311028 0.780727 0.105065
v -0.311588 0.782582 0.106741
v -0.298218 0.767216 0.114693
v -0.293289 0.765262 0.115842
v -0.305538 0.772239 0.113727
v -0.311028 0.780727 0.105065
v -0.295698 0.765874 0.121925
v -0.293369 0.764140 0.120379
v -0.291971 0.766964 0.116679
v -0.291928 0.765572 0.120897
v -0.300047 0.768625 0.123498
v -0.294368 0.768006 0.122636
v -0.300307 0.771507 0.124491
v -0.305778 0.774769 0.114611
v -0.311028 0.780727 0.105065
v -0.311588 0.782582 0.106741
v -0.291928 0.765572 0.120897
v -0.291928 0.765572 0.120897
v -0.303511 0.769656 0.120311
v -0.298970 0.764560 0.120790
v -0.302454 0.762893 0.120706
v -0.310430 0.769623 0.119561
v -0.296293 0.768934 0.123300
v -0.294982 0.765629 0.121839
v -0.308581 0.778307 0.121825
v -0.320826 0.781392 0.121374
v -0.315942 0.771746 0.127425
v -0.309212 0.764911 0.124394
v -0.309948 0.765883 0.135614
v -0.305948 0.760752 0.130553
v -0.297620 0.775399 0.125052
v -0.303720 0.760469 0.123902
v -0.303596 0.757767 0.127856
v -0.303851 0.762649 0.118174
v -0.299018 0.765404 0.118359
v -0.302596 0.769849 0.117825
v -0.310922 0.768564 0.117128
v -0.307866 0.777206 0.119192
v -0.320850 0.779980 0.119196
v -0.302454 0.762893 0.120706
v -0.298970 0.764560 0.120790
v -0.295843 0.769541 0.120575
v -0.295021 0.766665 0.119635
v -0.294982 0.765629 0.121839
v -0.294982 0.765629 0.121839
v -0.297048 0.774342 0.122214
v -0.296293 0.768934 0.123300
v -0.294982 0.765629 0.121839
v -0.297620 0.775399 0.125052
v -0.308581 0.778307 0.121825
v -0.320850 0.779980 0.119196
v -0.320826 0.781392 0.121374
v -0.310454 0.762820 0.123445
v -0.305735 0.759370 0.122826
v -0.316497 0.769291 0.125580
v -0.320850 0.779980 0.119196
v -0.307769 0.758973 0.129627
v -0.305554 0.756962 0.127128
v -0.303720 0.760469 0.123902
v -0.303596 0.757767 0.127856
v -0.311035 0.763112 0.133651
v -0.305948 0.760752 0.130553
v -0.309948 0.765883 0.135614
v -0.315942 0.771746 0.127425
v -0.320850 0.779980 0.119196
v -0.320826 0.781392 0.121374
v -0.303596 0.757767 0.127856
v -0.303596 0.757767 0.127856
v -0.315283 0.768320 0.137361
v -0.311683 0.762908 0.136222
v -0.315186 0.761425 0.138121
v -0.321951 0.769040 0.139811
v -0.307004 0.767267 0.136972
v -0.307086 0.763692 0.135155
v -0.318349 0.777129 0.139470
v -0.329368 0.782215 0.145406
v -0.323566 0.771327 0.148113
v -0.318959 0.763700 0.143711
v -0.315634 0.764846 0.153223
v -0.313577 0.759221 0.148190
v -0.307220 0.773962 0.139109
v -0.314812 0.758920 0.141614
v -0.313129 0.756368 0.145392
v -0.317807 0.761608 0.136720
v -0.312804 0.763716 0.134019
v -0.315629 0.768379 0.134758
v -0.323638 0.768065 0.138067
v -0.318885 0.775920 0.137100
v -0.330537 0.780722 0.143573
v -0.315186 0.761425 0.138121
v -0.311683 0.762908 0.136222
v -0.307618 0.767841 0.134234
v -0.307927 0.764645 0.133124
v -0.307086 0.763692 0.135155
v -0.307086 0.763692 0.135155
v -0.307570 0.772821 0.136241
v -0.307004 0.767267 0.136972
v -0.307086 0.763692 0.135155
v -0.307220 0.773962 0.139109
v -0.318349 0.777129 0.139470
v -0.330537 0.780722 0.143573
v -0.329368 0.782215 0.145406
v -0.320730 0.761823 0.143709
v -0.317226 0.758058 0.141662
v -0.324907 0.768965 0.147188
v -0.330537 0.780722 0.143573
v -0.315879 0.757719 0.148354
v -0.315423 0.755719 0.145776
v -0.314812 0.758920 0.141614
v -0.313129 0.756368 0.145392
v -0.317292 0.761859 0.152207
v -0.313577 0.759221 0.148190
v -0.315634 0.764846 0.153223
v -0.323566 0.771327 0.148113
v -0.330537 0.780722 0.143573
v -0.329368 0.782215 0.145406
v -0.313129 0.756368 0.145392
v -0.313129 0.756368 0.145392
v -0.280201 0.785058 0.103392
v -0.276125 0.782373 0.106177
v -0.278610 0.779862 0.106056
v -0.285286 0.782502 0.101101
v -0.275107 0.787403 0.107642
v -0.273266 0.784675 0.107486
v -0.286097 0.790041 0.100413
v -0.296323 0.789146 0.096265
v -0.292014 0.783601 0.104698
v -0.284718 0.780262 0.106786
v -0.288488 0.782189 0.114778
v -0.283014 0.779214 0.113608
v -0.278022 0.792684 0.107489
v -0.279802 0.778334 0.109098
v -0.280205 0.777311 0.113020
v -0.279129 0.778803 0.103811
v -0.275560 0.782436 0.104076
v -0.278806 0.784839 0.101595
v -0.284818 0.781014 0.099519
v -0.284492 0.788983 0.099047
v -0.295386 0.787498 0.095067
v -0.278610 0.779862 0.106056
v -0.276125 0.782373 0.106177
v -0.274054 0.787604 0.105516
v -0.272764 0.785047 0.105609
v -0.273266 0.784675 0.107486
v -0.273266 0.784675 0.107486
v -0.276446 0.791616 0.105556
v -0.275107 0.787403 0.107642
v -0.273266 0.784675 0.107486
v -0.278022 0.792684 0.107489
v -0.286097 0.790041 0.100413
v -0.295386 0.787498 0.095067
v -0.296323 0.789146 0.096265
v -0.285153 0.778147 0.106457
v -0.280859 0.776672 0.108171
v -0.291422 0.781544 0.104273
v -0.295386 0.787498 0.095067
v -0.283895 0.777138 0.113043
v -0.281335 0.775819 0.112347
v -0.279802 0.778334 0.109098
v -0.280205 0.777311 0.113020
v -0.288110 0.779588 0.113844
v -0.283014 0.779214 0.113608
v -0.288488 0.782189 0.114778
v -0.292014 0.783601 0.104698
v -0.295386 0.787498 0.095067
v -0.296323 0.789146 0.096265
v -0.280205 0.777311 0.113020
v -0.280205 0.777311 0.113020
v -0.305339 0.777632 0.186302
v -0.301184 0.768561 0.182820
v -0.299041 0.770330 0.191256
v -0.304539 0.784479 0.198330
v -0.310160 0.788277 0.187822
v -0.309650 0.802555 0.204014
v -0.302761 0.773793 0.176965
v -0.299646 0.767581 0.177186
v -0.307397 0.782797 0.176418
v -0.292226 0.778751 0.193239
v -0.289796 0.769624 0.188478
v -0.292838 0.789925 0.197601
v -0.284232 0.775549 0.186536
v -0.284691 0.768891 0.183973
v -0.282911 0.784979 0.189793
v -0.308674 0.775666 0.186519
v -0.305870 0.782205 0.200762
v -0.301105 0.770284 0.194729
v -0.304933 0.768292 0.184469
v -0.311789 0.785106 0.188739
v -0.310677 0.799654 0.206006
v -0.299041 0.770330 0.191256
v -0.301184 0.768561 0.182820
v -0.306537 0.772355 0.178085
v -0.303907 0.767211 0.178502
v -0.302761 0.773793 0.176965
v -0.299646 0.767581 0.177186
v -0.309443 0.778989 0.177502
v -0.307397 0.782797 0.176418
v -0.303907 0.767211 0.178502
v -0.299646 0.767581 0.177186
v -0.310160 0.788277 0.187822
v -0.310677 0.799654 0.206006
v -0.309650 0.802555 0.204014
v -0.289504 0.769508 0.192364
v -0.290740 0.777270 0.196343
v -0.292500 0.786738 0.199620
v -0.310677 0.799654 0.206006
v -0.283369 0.774379 0.190313
v -0.284300 0.769041 0.188792
v -0.284232 0.775549 0.186536
v -0.284691 0.768891 0.183973
v -0.282542 0.781386 0.192306
v -0.282911 0.784979 0.189793
v -0.292838 0.789925 0.197601
v -0.310677 0.799654 0.206006
v -0.309650 0.802555 0.204014
v -0.289796 0.769624 0.188478
v -0.284300 0.769041 0.188792
v -0.284691 0.768891 0.183973
v -0.124027 0.403009 0.101400
v -0.116606 0.440386 0.121815
v -0.125778 0.433470 0.097936
v -0.118697 0.401213 0.100363
v -0.103323 0.436236 0.119377
v -0.108449 0.483485 0.146778
v -0.083319 0.476598 0.142168
v -0.090901 0.520398 0.153070
v -0.102502 0.515662 0.137129
v -0.114271 0.500015 0.123199
v -0.077489 0.516648 0.150615
v -0.090176 0.535109 0.146954
v -0.074247 0.561457 0.156809
v -0.076298 0.508467 0.132379
v -0.078782 0.490106 0.116823
v -0.102918 0.423756 0.092599
v -0.073159 0.530309 0.143844
v -0.068556 0.559874 0.155768
v -0.071137 0.561348 0.156779
v -0.089393 0.450426 0.088864
v -0.081673 0.470551 0.086973
v -0.128742 0.485985 0.095427
v -0.126712 0.462579 0.095899
v -0.095267 0.477571 0.151689
v -0.110349 0.481461 0.153204
v -0.100298 0.505618 0.159848
v -0.087206 0.502010 0.158977
v -0.087915 0.536150 0.164614
v -0.077560 0.533504 0.164326
v -0.077835 0.563145 0.165171
v -0.069613 0.561480 0.165351
v -0.074785 0.498578 0.155174
v -0.080705 0.473351 0.147765
v -0.062186 0.558812 0.162305
v -0.067981 0.530647 0.160961
v -0.094968 0.537427 0.153830
v -0.077835 0.563145 0.165171
v -0.074247 0.561457 0.156809
v -0.071137 0.561348 0.156779
v -0.068556 0.559874 0.155768
v -0.062186 0.558812 0.162305
v -0.065823 0.529238 0.148565
v -0.072097 0.486662 0.122277
v -0.069294 0.506209 0.137371
v -0.073159 0.530309 0.143844
v -0.068556 0.559874 0.155768
v -0.076298 0.508467 0.132379
v -0.078782 0.490106 0.116823
v -0.075367 0.466872 0.091359
v -0.081673 0.470551 0.086973
v -0.084105 0.446055 0.093450
v -0.096982 0.440410 0.127367
v -0.098716 0.418019 0.098002
v -0.107939 0.443084 0.130216
v -0.118420 0.447180 0.131267
v -0.128359 0.400201 0.107130
v -0.122509 0.395923 0.106482
v -0.115496 0.394751 0.104776
v -0.130884 0.431389 0.103821
v -0.132086 0.463480 0.102102
v -0.134065 0.485601 0.101941
v -0.119870 0.500391 0.130619
v -0.114271 0.500015 0.123199
v -0.128742 0.485985 0.095427
v -0.102502 0.515662 0.137129
v -0.107897 0.517182 0.144184
v -0.090176 0.535109 0.146954
v -0.074247 0.561457 0.156809
v -0.074247 0.561457 0.156809
v -0.077835 0.563145 0.165171
v -0.062186 0.558812 0.162305
v -0.068556 0.559874 0.155768
v -0.205702 0.007688 0.002422
v -0.191973 0.007149 0.009939
v -0.187727 0.013885 0.004358
v -0.205138 0.014533 -0.004111
v -0.222896 0.014666 0.001692
v -0.219837 0.007764 0.007809
v -0.173071 0.012723 0.026312
v -0.179577 0.006150 0.029777
v -0.221601 0.037158 0.004571
v -0.205082 0.038338 -0.000730
v -0.221884 0.062117 0.010314
v -0.205400 0.068833 0.003713
v -0.187992 0.062133 0.013414
v -0.189046 0.036827 0.007037
v -0.176648 0.036469 0.022747
v -0.235687 0.036669 0.018940
v -0.240438 0.014213 0.022028
v -0.234903 0.007391 0.026302
v -0.183279 0.069401 0.024013
v -0.171943 0.039883 0.043464
v -0.186130 0.071824 0.029782
v -0.179745 0.041730 0.051054
v -0.205405 0.087806 0.017633
v -0.205300 0.087147 0.009602
v -0.247930 0.014870 0.050049
v -0.240805 0.007195 0.052095
v -0.239207 0.019576 0.058092
v -0.240002 0.022876 0.056511
v -0.242433 0.039466 0.038867
v -0.234511 0.041779 0.046943
v -0.219796 0.076016 0.027376
v -0.222735 0.075886 0.017497
v -0.205405 0.087806 0.017633
v -0.205300 0.087147 0.009602
v -0.205300 0.087147 0.009602
v -0.205300 0.087147 0.009602
v -0.205702 0.007688 0.002422
v -0.219837 0.007764 0.007809
v -0.191973 0.007149 0.009939
v -0.179577 0.006150 0.029777
v -0.234903 0.007391 0.026302
v -0.240805 0.007195 0.052095
v -0.175665 0.005764 0.055758
v -0.180702 0.017016 0.061260
v -0.239207 0.019576 0.058092
v -0.180702 0.017016 0.061260
v -0.179779 0.019977 0.060464
v -0.168108 0.013271 0.054723
v -0.175665 0.005764 0.055758
v -0.223230 0.117475 0.018139
v -0.211388 0.127781 0.007492
v -0.215916 0.097389 0.006676
v -0.227279 0.087756 0.018018
v -0.202706 0.103632 0.002753
v -0.199861 0.138358 0.003427
v -0.230134 0.107662 0.031549
v -0.233664 0.076960 0.031318
v -0.190985 0.127084 0.008495
v -0.191131 0.096822 0.008442
v -0.183508 0.114808 0.020017
v -0.181747 0.086449 0.020417
v -0.180351 0.105584 0.033401
v -0.178067 0.076080 0.033610
v -0.230659 0.092602 0.048287
v -0.236124 0.065730 0.044276
v -0.176096 0.093430 0.048988
v -0.176526 0.064155 0.047828
v -0.176472 0.047438 0.060762
v -0.239782 0.048982 0.056707
v -0.187821 0.128149 0.002337
v -0.178378 0.114805 0.016116
v -0.180855 0.116731 0.018207
v -0.189234 0.129759 0.005578
v -0.177117 0.106313 0.032276
v -0.173895 0.104084 0.031322
v -0.190985 0.127084 0.008495
v -0.183508 0.114808 0.020017
v -0.180351 0.105584 0.033401
v -0.199449 0.141013 -0.003834
v -0.199552 0.142162 0.000089
v -0.201980 0.107770 -0.004741
v -0.188475 0.099930 0.001920
v -0.177294 0.089060 0.015914
v -0.172013 0.078714 0.030955
v -0.199861 0.138358 0.003427
v -0.191131 0.096822 0.008442
v -0.181747 0.086449 0.020417
v -0.178067 0.076080 0.033610
v -0.202706 0.103632 0.002753
v -0.176096 0.093430 0.048988
v -0.173075 0.091510 0.046781
v -0.169573 0.066999 0.047288
v -0.176526 0.064155 0.047828
v -0.169284 0.049213 0.062121
v -0.176472 0.047438 0.060762
v -0.177382 0.071932 0.080652
v -0.180927 0.074085 0.080691
v -0.181768 0.047192 0.123124
v -0.189166 0.047896 0.123173
v -0.196596 0.047521 0.138106
v -0.197775 0.048234 0.147737
v -0.178771 0.031997 0.127694
v -0.191067 0.031394 0.160820
v -0.212793 0.047886 0.158208
v -0.213759 0.031465 0.181293
v -0.235703 0.032416 0.159850
v -0.229270 0.048046 0.143822
v -0.244892 0.033656 0.124316
v -0.239404 0.048575 0.120360
v -0.225627 0.047923 0.135459
v -0.233890 0.048660 0.120322
v -0.213047 0.045317 0.145664
v -0.243572 0.047583 0.111360
v -0.177645 0.046267 0.115748
v -0.237387 0.074530 0.076485
v -0.230577 0.076850 0.074728
v -0.238091 0.090797 0.049210
v -0.233912 0.093071 0.049104
v -0.236408 0.106804 0.029621
v -0.233005 0.108868 0.030840
v -0.228152 0.117783 0.013692
v -0.225351 0.119538 0.015997
v -0.214144 0.129284 0.000693
v -0.212574 0.130782 0.003992
v -0.199449 0.141013 -0.003834
v -0.199552 0.142162 0.000089
v -0.199861 0.138358 0.003427
v -0.211388 0.127781 0.007492
v -0.223230 0.117475 0.018139
v -0.230134 0.107662 0.031549
v -0.230659 0.092602 0.048287
v -0.201980 0.107770 -0.004741
v -0.217477 0.101003 -0.000176
v -0.202706 0.103632 0.002753
v -0.215916 0.097389 0.006676
v -0.231253 0.091176 0.012698
v -0.227279 0.087756 0.018018
v -0.239343 0.080249 0.028022
v -0.233664 0.076960 0.031318
v -0.242802 0.069071 0.042948
v -0.248841 0.044914 0.080740
v -0.245303 0.050637 0.058181
v -0.246357 0.024660 0.068436
v -0.246569 0.008970 0.082749
v -0.239782 0.048982 0.056707
v -0.241455 0.023534 0.066552
v -0.236124 0.065730 0.044276
v -0.242802 0.069071 0.042948
v -0.240243 0.016650 0.074131
v -0.243726 0.006706 0.106480
v -0.254915 0.006760 0.112271
v -0.122509 0.395923 0.106482
v -0.124786 0.387670 0.112103
v -0.131822 0.394269 0.110429
v -0.128359 0.400201 0.107130
v -0.152336 0.350484 0.092357
v -0.141822 0.324180 0.098623
v -0.154101 0.399159 0.093572
v -0.136497 0.418828 0.106689
v -0.138172 0.461210 0.103220
v -0.130884 0.431389 0.103821
v -0.151062 0.340865 0.088815
v -0.149758 0.451588 0.087969
v -0.139291 0.482618 0.101174
v -0.132086 0.463480 0.102102
v -0.134065 0.485601 0.101941
v -0.142125 0.491015 0.088560
v -0.146619 0.487720 0.088822
v -0.156469 0.459016 0.066616
v -0.147813 0.495931 0.069294
v -0.152330 0.493335 0.067999
v -0.136212 0.493095 0.068768
v -0.131730 0.489701 0.082132
v -0.147312 0.498886 0.049776
v -0.151550 0.496654 0.046928
v -0.141804 0.496414 0.030804
v -0.137720 0.498806 0.033480
v -0.136272 0.494833 0.054345
v -0.156450 0.466870 0.039130
v -0.145104 0.469878 0.018485
v -0.136858 0.475910 0.020803
v -0.129536 0.476045 0.034971
v -0.130910 0.455311 0.024706
v -0.137533 0.458268 0.013125
v -0.128262 0.454526 0.009217
v -0.130641 0.450484 0.004589
v -0.144866 0.453153 0.010321
v -0.117874 0.450999 0.007857
v -0.114917 0.443915 0.003151
v -0.149958 0.417977 -0.000529
v -0.151345 0.412400 0.004687
v -0.145428 0.464076 0.018521
v -0.142003 0.412479 -0.005583
v -0.117920 0.450488 0.021196
v -0.124972 0.451895 0.021935
v -0.141917 0.473164 0.017713
v -0.105565 0.467547 0.013123
v -0.104817 0.468388 0.027904
v -0.091832 0.485208 0.020921
v -0.095045 0.482635 0.034653
v -0.103938 0.462954 0.008603
v -0.089212 0.481131 0.016764
v -0.091832 0.485208 0.020921
v -0.104583 0.455804 0.007217
v -0.074220 0.471867 0.031491
v -0.075812 0.476327 0.034696
v -0.068545 0.466209 0.048507
v -0.070761 0.471722 0.051003
v -0.091832 0.485208 0.020921
v -0.082923 0.478438 0.043594
v -0.079636 0.475414 0.054997
v -0.083591 0.439286 0.027712
v -0.076246 0.428916 0.049085
v -0.066852 0.461916 0.069448
v -0.069936 0.467792 0.070860
v -0.070786 0.459134 0.089426
v -0.075367 0.466872 0.091359
v -0.084105 0.446055 0.093450
v -0.081894 0.433256 0.091887
v -0.078851 0.421379 0.072103
v -0.080012 0.472502 0.071148
v -0.098716 0.418019 0.098002
v -0.081673 0.470551 0.086973
v -0.098796 0.373448 0.079382
v -0.100008 0.402282 0.098399
v -0.115496 0.394751 0.104776
v -0.116588 0.386927 0.107219
v -0.122509 0.395923 0.106482
v -0.124786 0.387670 0.112103
v -0.121357 0.341296 0.088447
v -0.141822 0.324180 0.098623
v -0.126095 0.335199 0.087730
v -0.143989 0.318691 0.093995
v -0.131426 0.410216 -0.005365
v -0.130563 0.405034 -0.001366
v -0.107302 0.448578 0.007359
v -0.142840 0.406045 -0.003363
v -0.129394 0.492607 0.044765
v -0.154101 0.399159 0.093572
v -0.161380 0.394508 0.094838
v -0.154501 0.447170 0.088050
v -0.149758 0.451588 0.087969
v -0.152336 0.350484 0.092357
v -0.155503 0.342944 0.098203
v -0.156469 0.459016 0.066616
v -0.162491 0.456837 0.068618
v -0.160725 0.465426 0.036576
v -0.156450 0.466870 0.039130
v -0.177063 0.411566 0.079686
v -0.183326 0.425091 0.053032
v -0.181975 0.358798 0.090581
v -0.200763 0.370138 0.067017
v -0.173853 0.429632 0.025595
v -0.145428 0.464076 0.018521
v -0.151345 0.412400 0.004687
v -0.168081 0.387307 -0.001088
v -0.142840 0.406045 -0.003363
v -0.202912 0.377800 0.038580
v -0.190680 0.377882 0.015581
v -0.207791 0.342752 0.047267
v -0.201316 0.347969 0.025082
v -0.198351 0.336163 0.070187
v -0.207722 0.316439 0.042524
v -0.200345 0.306086 0.022540
v -0.189450 0.335345 0.009256
v -0.167614 0.362431 -0.002847
v -0.200278 0.303925 0.055880
v -0.206104 0.288916 0.037263
v -0.153389 0.364491 -0.011661
v -0.184584 0.333212 0.009475
v -0.195998 0.301820 0.023427
v -0.166141 0.359448 0.000740
v -0.206104 0.288916 0.037263
v -0.203076 0.284183 0.036353
v -0.151396 0.360239 -0.004759
v -0.135878 0.353545 -0.013622
v -0.129378 0.374322 -0.012878
v -0.104904 0.355871 -0.007804
v -0.122434 0.319722 -0.014238
v -0.095788 0.404650 0.004267
v -0.130563 0.405034 -0.001366
v -0.107302 0.448578 0.007359
v -0.081971 0.434894 0.022297
v -0.077177 0.381036 0.033192
v -0.083244 0.342472 0.015651
v -0.071729 0.419730 0.047236
v -0.083591 0.439286 0.027712
v -0.076246 0.428916 0.049085
v -0.075594 0.412757 0.071857
v -0.078851 0.421379 0.072103
v -0.098796 0.373448 0.079382
v -0.091434 0.369062 0.078570
v -0.121357 0.341296 0.088447
v -0.118356 0.334699 0.091025
v -0.081468 0.367348 0.061708
v -0.080742 0.335692 0.040991
v -0.091384 0.312244 0.024238
v -0.097119 0.306497 0.047368
v -0.103671 0.291860 0.020465
v -0.113785 0.284888 0.039568
v -0.118765 0.275492 0.020135
v -0.093914 0.335906 0.071307
v -0.111072 0.307424 0.063130
v -0.101156 0.319055 0.000660
v -0.119697 0.291754 0.002371
v -0.126095 0.335199 0.087730
v -0.128687 0.319932 -0.010715
v -0.125195 0.291377 0.003825
v -0.137918 0.351274 -0.008637
v -0.116467 0.307699 0.061426
v -0.117442 0.333002 0.077204
v -0.109331 0.334778 0.079486
v -0.119071 0.285567 0.040392
v -0.118765 0.275492 0.020135
v -0.123613 0.274518 0.021288
v -0.187280 0.324347 0.075933
v -0.170190 0.349493 0.091287
v -0.161791 0.346671 0.086866
v -0.151062 0.340865 0.088815
v -0.182739 0.321290 0.074100
v -0.195776 0.300144 0.054484
v -0.206104 0.288916 0.037263
v -0.203076 0.284183 0.036353
v -0.154965 0.192402 0.041672
v -0.167088 0.148001 0.046860
v -0.171381 0.151077 0.068057
v -0.158883 0.196645 0.065549
v -0.187862 0.156815 0.080216
v -0.176868 0.200912 0.081984
v -0.146456 0.233234 0.062700
v -0.165285 0.240587 0.086117
v -0.144089 0.225991 0.038145
v -0.133000 0.257386 0.030424
v -0.133254 0.270217 0.063731
v -0.153065 0.284226 0.090570
v -0.187123 0.282270 0.076422
v -0.191433 0.241756 0.075088
v -0.202131 0.264986 0.046427
v -0.204287 0.235789 0.050986
v -0.197457 0.202191 0.073179
v -0.206638 0.199417 0.052333
v -0.206413 0.158315 0.072548
v -0.216424 0.156233 0.053190
v -0.195776 0.300144 0.054484
v -0.203076 0.284183 0.036353
v -0.182739 0.321290 0.074100
v -0.119071 0.285567 0.040392
v -0.116467 0.307699 0.061426
v -0.197980 0.232611 0.026973
v -0.202766 0.197111 0.030330
v -0.178083 0.227591 0.012736
v -0.184916 0.192786 0.017188
v -0.163627 0.190928 0.023297
v -0.154202 0.225300 0.016606
v -0.154965 0.192402 0.041672
v -0.144089 0.225991 0.038145
v -0.133000 0.257386 0.030424
v -0.143794 0.263007 0.007323
v -0.171699 0.261467 0.003091
v -0.195466 0.267467 0.019042
v -0.166075 0.296428 -0.007870
v -0.195998 0.301820 0.023427
v -0.125195 0.291377 0.003825
v -0.123613 0.274518 0.021288
v -0.184584 0.333212 0.009475
v -0.128687 0.319932 -0.010715
v -0.167088 0.148001 0.046860
v -0.175016 0.148206 0.030503
v -0.193255 0.151025 0.021889
v -0.210744 0.154345 0.033129
v -0.203346 0.100927 0.019174
v -0.185678 0.096147 0.035170
v -0.176096 0.093430 0.048988
v -0.217055 0.102859 0.033394
v -0.230659 0.092602 0.048287
v -0.217703 0.111831 0.070442
v -0.230577 0.076850 0.074728
v -0.221255 0.085171 0.085035
v -0.203503 0.090248 0.092008
v -0.210231 0.065644 0.121588
v -0.195686 0.059934 0.120189
v -0.188438 0.082664 0.089653
v -0.180927 0.074085 0.080691
v -0.189166 0.047896 0.123173
v -0.223369 0.061024 0.118303
v -0.198618 0.117565 0.080757
v -0.178434 0.110768 0.069942
v -0.176096 0.093430 0.048988
v -0.196596 0.047521 0.138106
v -0.213047 0.045317 0.145664
v -0.225627 0.047923 0.135459
v -0.233890 0.048660 0.120322
v -0.143989 0.318691 0.093995
v -0.161791 0.346671 0.086866
v -0.151062 0.340865 0.088815
v -0.117442 0.333002 0.077204
v -0.126095 0.335199 0.087730
v -0.151396 0.360239 -0.004759
v -0.158804 0.328676 -0.011601
v -0.137918 0.351274 -0.008637
v -0.166141 0.359448 0.000740
v -0.235703 0.032416 0.159850
v -0.213759 0.031465 0.181293
v -0.230970 0.030272 0.196775
v -0.198182 0.029805 0.197283
v -0.191067 0.031394 0.160820
v -0.242076 0.031627 0.159813
v -0.248854 0.009011 0.158040
v -0.183965 0.030726 0.160868
v -0.177403 0.009072 0.161679
v -0.170655 0.031262 0.128411
v -0.178771 0.031997 0.127694
v -0.171286 0.043643 0.116293
v -0.177645 0.046267 0.115748
v -0.164942 0.042438 0.094820
v -0.170587 0.044571 0.084599
v -0.162502 0.009553 0.120505
v -0.164942 0.042438 0.094820
v -0.164244 0.004610 0.117764
v -0.170587 0.044571 0.084599
v -0.252660 0.033075 0.123701
v -0.258820 0.009393 0.114179
v -0.255104 0.043503 0.089773
v -0.254915 0.006760 0.112271
v -0.248841 0.044914 0.080740
v -0.251092 0.045139 0.111628
v -0.244892 0.033656 0.124316
v -0.243572 0.047583 0.111360
v -0.255104 0.043503 0.089773
v -0.248841 0.044914 0.080740
v -0.199059 0.008103 0.222635
v -0.233964 0.008720 0.221142
v -0.233964 0.008720 0.221142
v -0.230137 0.003112 0.221046
v -0.245161 0.005119 0.158116
v -0.248854 0.009011 0.158040
v -0.202296 0.002520 0.222494
v -0.181081 0.003689 0.161220
v -0.199059 0.008103 0.222635
v -0.177403 0.009072 0.161679
v -0.162502 0.009553 0.120505
v -0.164244 0.004610 0.117764
v -0.254915 0.006760 0.112271
v -0.176350 0.005139 0.109333
v -0.243726 0.006706 0.106480
v -0.258820 0.009393 0.114179
v -0.172899 0.007198 0.087009
v -0.246569 0.008970 0.082749
v -0.240243 0.016650 0.074131
v -0.177339 0.016731 0.076462
v -0.180702 0.017016 0.061260
v -0.239207 0.019576 0.058092
v -0.171093 0.022934 0.071576
v -0.176294 0.023393 0.070112
v -0.177339 0.016731 0.076462
v -0.172899 0.007198 0.087009
v -0.170587 0.044571 0.084599
v -0.169573 0.066999 0.047288
v -0.176350 0.005139 0.109333
v -0.164244 0.004610 0.117764
v -0.239782 0.048982 0.056707
v -0.241455 0.023534 0.066552
v -0.234511 0.041779 0.046943
v -0.227115 0.078320 0.035541
v -0.240002 0.022876 0.056511
v -0.239207 0.019576 0.058092
v -0.240243 0.016650 0.074131
v -0.219796 0.076016 0.027376
v -0.205405 0.087806 0.017633
v -0.186130 0.071824 0.029782
v -0.180489 0.076250 0.039954
v -0.179745 0.041730 0.051054
v -0.176472 0.047438 0.060762
v -0.176294 0.023393 0.070112
v -0.179779 0.019977 0.060464
v -0.180702 0.017016 0.061260
v -0.177339 0.016731 0.076462
v -0.128742 0.485985 0.095427
v -0.095045 0.482635 0.034653
v -0.095045 0.482635 0.034653
v -0.143989 0.318691 0.093995
v -0.123613 0.274518 0.021288
v -0.206836 0.108767 0.094955
v -0.200677 0.150263 0.090268
v -0.216713 0.130930 0.080774
v -0.220994 0.099349 0.086174
v -0.227626 0.117113 0.065129
v -0.231664 0.087595 0.077009
v -0.237328 0.097903 0.045105
v -0.239646 0.070877 0.064064
v -0.240777 0.077872 0.038525
v -0.201591 0.110395 0.097206
v -0.193620 0.156667 0.090786
v -0.189670 0.148337 0.090017
v -0.196137 0.107807 0.095355
v -0.181073 0.127569 0.079637
v -0.185851 0.095597 0.087491
v -0.174286 0.109907 0.063234
v -0.179189 0.083647 0.078278
v -0.173156 0.089718 0.047689
v -0.173743 0.066234 0.067197
v -0.169246 0.070588 0.041990
v -0.170096 0.055369 0.064106
v -0.172509 0.085682 0.031674
v -0.237316 0.094477 0.029069
v -0.244427 0.058576 0.061750
v -0.179645 0.098301 0.091316
v -0.185851 0.095597 0.087491
v -0.196137 0.107807 0.095355
v -0.192644 0.111435 0.101779
v -0.171923 0.086051 0.079944
v -0.179189 0.083647 0.078278
v -0.201591 0.110395 0.097206
v -0.200747 0.115182 0.104869
v -0.166203 0.068507 0.067109
v -0.173743 0.066234 0.067197
v -0.163264 0.060116 0.063993
v -0.167830 0.107744 0.066848
v -0.175716 0.125138 0.084637
v -0.174286 0.109907 0.063234
v -0.181073 0.127569 0.079637
v -0.187291 0.146786 0.096921
v -0.189670 0.148337 0.090017
v -0.193979 0.156985 0.098281
v -0.166055 0.088122 0.050764
v -0.173156 0.089718 0.047689
v -0.165276 0.084923 0.037383
v -0.172509 0.085682 0.031674
v -0.162249 0.072558 0.044774
v -0.169246 0.070588 0.041990
v -0.163264 0.060116 0.063993
v -0.170096 0.055369 0.064106
v -0.193979 0.156985 0.098281
v -0.193620 0.156667 0.090786
v -0.193979 0.156985 0.098281
v -0.203926 0.149198 0.097048
v -0.209253 0.112780 0.101293
v -0.223104 0.129524 0.085229
v -0.216713 0.130930 0.080774
v -0.200677 0.150263 0.090268
v -0.227626 0.117113 0.065129
v -0.235095 0.116373 0.067862
v -0.237328 0.097903 0.045105
v -0.245056 0.097439 0.046791
v -0.244898 0.094377 0.033617
v -0.237316 0.094477 0.029069
v -0.226579 0.103159 0.089697
v -0.206836 0.108767 0.094955
v -0.220994 0.099349 0.086174
v -0.238281 0.091522 0.077866
v -0.231664 0.087595 0.077009
v -0.246728 0.074512 0.062872
v -0.239646 0.070877 0.064064
v -0.251115 0.064891 0.060616
v -0.247960 0.080933 0.040650
v -0.240777 0.077872 0.038525
v -0.251115 0.064891 0.060616
v -0.244427 0.058576 0.061750
v -0.251115 0.064891 0.060616
v -0.244427 0.058576 0.061750
v -0.193979 0.156985 0.098281
v -0.193620 0.156667 0.090786
v -0.316246 1.217428 -0.195977
v -0.316491 1.215694 -0.194193
v -0.336745 1.243116 -0.195391
v -0.295994 1.198355 -0.193531
v -0.316491 1.215694 -0.194193
v -0.297901 1.195556 -0.190929
v -0.275657 1.179670 -0.190849
v -0.279326 1.175795 -0.188599
v -0.256513 1.161015 -0.188841
v -0.260653 1.156601 -0.186281
v -0.229458 1.135920 -0.185394
v -0.233883 1.131269 -0.182341
v 0.039491 0.911481 -0.129245
v 0.044646 0.916796 -0.133623
v -0.269565 1.147459 -0.195919
v -0.240980 1.120044 -0.192442
v -0.257324 1.116268 -0.210782
v -0.236712 1.097753 -0.207866
v 0.022994 0.884480 -0.161525
v 0.031916 0.899717 -0.141145
v 0.100744 0.850562 -0.124636
v 0.092817 0.827923 -0.148723
v 0.110098 0.811685 -0.146622
v 0.129267 0.820012 -0.122403
v 0.103565 0.872392 -0.121240
v 0.101016 0.865037 -0.116303
v 0.124273 0.797709 -0.145220
v 0.138438 0.806454 -0.123098
v 0.137510 0.782740 -0.144836
v 0.143043 0.790195 -0.129732
v 0.145758 0.774935 -0.138728
v 0.146232 0.771070 -0.145441
v -0.277406 1.135222 -0.213183
v -0.302252 1.164849 -0.213191
v -0.286642 1.171460 -0.194548
v -0.321500 1.199531 -0.207573
v 0.159469 0.786471 -0.107309
v 0.155112 0.774169 -0.112255
v 0.150791 0.794688 -0.095419
v 0.155934 0.798016 -0.097047
v 0.144028 0.814965 -0.101636
v 0.139634 0.812792 -0.101352
v 0.138897 0.826701 -0.100684
v 0.134586 0.825645 -0.100337
v 0.134157 0.838959 -0.098996
v 0.130039 0.840016 -0.097335
v 0.134703 0.845177 -0.098883
v 0.130195 0.846254 -0.097385
v 0.139826 0.859971 -0.106438
v 0.100305 0.861553 -0.112596
v 0.101174 0.866082 -0.111993
v 0.099785 0.862640 -0.115277
v 0.100053 0.849152 -0.120153
v 0.099621 0.849739 -0.123151
v 0.126552 0.818114 -0.118811
v 0.126501 0.817745 -0.115875
v 0.100201 0.866573 -0.114793
v 0.106953 0.876179 -0.117483
v 0.104599 0.875296 -0.119254
v 0.134964 0.804034 -0.118554
v 0.135210 0.802617 -0.115518
v 0.139648 0.787573 -0.125356
v 0.139950 0.785737 -0.123096
v 0.143678 0.773815 -0.136058
v 0.143959 0.771047 -0.134963
v 0.145764 0.769832 -0.146303
v 0.146242 0.766280 -0.147733
v 0.164307 0.754355 -0.129954
v 0.146242 0.766280 -0.147733
v 0.145758 0.774935 -0.138728
v 0.146232 0.771070 -0.145441
v 0.143043 0.790195 -0.129732
v 0.138438 0.806454 -0.123098
v 0.129267 0.820012 -0.122403
v 0.100744 0.850562 -0.124636
v 0.101016 0.865037 -0.116303
v 0.103565 0.872392 -0.121240
v 0.180012 0.741232 -0.140412
v 0.180153 0.746906 -0.137609
v 0.169524 0.757448 -0.129568
v 0.161263 0.770295 -0.118034
v 0.166869 0.771357 -0.124392
v 0.170568 0.773863 -0.130163
v 0.172854 0.760236 -0.135393
v 0.180153 0.746906 -0.137609
v 0.161264 0.774926 -0.116319
v 0.180153 0.746906 -0.137609
v 0.173976 0.762456 -0.146837
v 0.176191 0.763034 -0.141209
v 0.175355 0.782102 -0.142640
v 0.173552 0.776956 -0.136060
v 0.170568 0.773863 -0.130163
v 0.172854 0.760236 -0.135393
v 0.180153 0.746906 -0.137609
v 0.174982 0.786420 -0.140273
v 0.174675 0.790559 -0.146414
v 0.152626 0.778308 -0.150097
v 0.153846 0.797380 -0.147361
v 0.150681 0.779683 -0.148286
v 0.151362 0.797388 -0.145811
v 0.145764 0.769832 -0.146303
v 0.146242 0.766280 -0.147733
v 0.150725 0.815602 -0.142589
v 0.147838 0.814820 -0.141033
v 0.140074 0.829109 -0.139564
v 0.137809 0.827545 -0.138466
v 0.110534 0.857926 -0.138444
v 0.107870 0.856643 -0.137544
v 0.109200 0.870528 -0.131715
v 0.111861 0.871228 -0.132764
v 0.111203 0.874484 -0.129505
v 0.108408 0.873450 -0.129124
v 0.106953 0.876179 -0.117483
v 0.104599 0.875296 -0.119254
v 0.145739 0.859292 -0.124548
v 0.147886 0.854983 -0.128518
v 0.147642 0.856017 -0.121475
v 0.149436 0.851760 -0.125675
v 0.139826 0.859971 -0.106438
v 0.153380 0.841406 -0.133175
v 0.155263 0.840413 -0.129261
v 0.160104 0.829942 -0.137095
v 0.161673 0.829748 -0.132445
v 0.177918 0.816434 -0.135433
v 0.103565 0.872392 -0.121240
v 0.108312 0.871150 -0.129043
v 0.177310 0.816907 -0.141725
v 0.176494 0.800735 -0.137037
v 0.107128 0.855918 -0.135794
v 0.136070 0.825711 -0.134281
v 0.145655 0.812501 -0.135700
v 0.149183 0.795340 -0.140454
v 0.149529 0.778094 -0.145312
v 0.146232 0.771070 -0.145441
v 0.139826 0.859971 -0.106438
v 0.141671 0.855773 -0.107411
v 0.358481 0.655013 -0.072528
v 0.355964 0.617902 -0.092582
v 0.342854 0.628688 -0.085354
v 0.343262 0.653510 -0.073211
v 0.190276 0.792440 -0.102918
v 0.185616 0.784274 -0.102328
v 0.192177 0.767922 -0.106417
v 0.193494 0.753355 -0.112652
v 0.358250 0.619789 -0.096606
v 0.361070 0.657182 -0.077049
v 0.192660 0.794778 -0.107476
v 0.352707 0.616747 -0.094704
v 0.355141 0.618733 -0.098893
v 0.195327 0.748327 -0.121192
v 0.197783 0.750606 -0.125737
v 0.358250 0.619789 -0.096606
v 0.184055 0.777000 -0.106545
v 0.176288 0.754361 -0.125861
v 0.170081 0.762728 -0.114406
v 0.189236 0.753174 -0.110198
v 0.192730 0.747958 -0.122213
v 0.180277 0.757120 -0.132637
v 0.195417 0.750027 -0.127369
v 0.193494 0.753355 -0.112652
v 0.192177 0.767922 -0.106417
v 0.188001 0.765587 -0.104549
v 0.184055 0.777000 -0.106545
v 0.180080 0.774086 -0.103803
v 0.195327 0.748327 -0.121192
v 0.197783 0.750606 -0.125737
v 0.181755 0.780164 -0.098055
v 0.185616 0.784274 -0.102328
v 0.186474 0.788704 -0.095538
v 0.190276 0.792440 -0.102918
v 0.192042 0.796432 -0.096367
v 0.192660 0.794778 -0.107476
v 0.198077 0.803106 -0.100377
v 0.157418 0.797494 -0.091619
v 0.154983 0.814974 -0.086981
v 0.160561 0.779107 -0.099881
v 0.177504 0.772701 -0.101730
v 0.177463 0.766534 -0.109527
v 0.165468 0.766184 -0.109552
v 0.175619 0.766260 -0.107056
v 0.165845 0.771398 -0.115894
v 0.159469 0.786471 -0.107309
v 0.157418 0.797494 -0.091619
v 0.155288 0.816131 -0.094808
v 0.155934 0.798016 -0.097047
v 0.166486 0.765839 -0.111983
v 0.141060 0.832194 -0.096558
v 0.140414 0.831768 -0.100184
v 0.141610 0.845433 -0.101492
v 0.169344 0.767347 -0.113894
v 0.167852 0.768664 -0.116177
v 0.170760 0.768153 -0.123701
v 0.173423 0.759272 -0.125864
v 0.180277 0.757120 -0.132637
v 0.176820 0.762016 -0.132268
v 0.174102 0.770953 -0.129536
v 0.170568 0.773863 -0.130163
v 0.166869 0.771357 -0.124392
v 0.161264 0.774926 -0.116319
v 0.159583 0.826322 -0.087058
v 0.166249 0.842218 -0.088138
v 0.142594 0.846700 -0.099294
v 0.145361 0.856740 -0.104833
v 0.172447 0.852853 -0.091186
v 0.172447 0.852853 -0.091186
v 0.141610 0.845433 -0.101492
v 0.143656 0.854445 -0.106911
v 0.141671 0.855773 -0.107411
v 0.134703 0.845177 -0.098883
v 0.134157 0.838959 -0.098996
v 0.140414 0.831768 -0.100184
v 0.138897 0.826701 -0.100684
v 0.148259 0.815673 -0.099422
v 0.144028 0.814965 -0.101636
v 0.145361 0.856740 -0.104833
v 0.174850 0.849424 -0.103156
v 0.151372 0.854054 -0.114621
v 0.177390 0.841241 -0.118152
v 0.199884 0.803003 -0.110061
v 0.178785 0.834916 -0.128541
v 0.199995 0.800032 -0.119148
v 0.195455 0.796778 -0.111960
v 0.196070 0.793033 -0.120582
v 0.198425 0.794131 -0.127163
v 0.194631 0.785861 -0.125012
v 0.195374 0.786900 -0.130507
v 0.202408 0.777658 -0.129706
v 0.202631 0.776680 -0.124671
v 0.203349 0.764998 -0.134841
v 0.203948 0.762113 -0.130906
v 0.198381 0.752692 -0.132081
v 0.183921 0.760756 -0.139189
v 0.185796 0.775894 -0.141844
v 0.180277 0.757120 -0.132637
v 0.195417 0.750027 -0.127369
v 0.200506 0.752665 -0.130234
v 0.197783 0.750606 -0.125737
v 0.195895 0.788109 -0.133842
v 0.185183 0.799736 -0.142874
v 0.182952 0.818888 -0.136204
v 0.192315 0.778977 -0.135460
v 0.185474 0.782945 -0.144485
v 0.193159 0.780956 -0.137684
v 0.179192 0.782581 -0.139198
v 0.176494 0.800735 -0.137037
v 0.177918 0.816434 -0.135433
v 0.182952 0.818888 -0.136204
v 0.184398 0.780846 -0.143260
v 0.172801 0.830804 -0.125387
v 0.157610 0.846060 -0.125456
v 0.154721 0.843754 -0.125165
v 0.149634 0.852155 -0.115501
v 0.184117 0.779724 -0.139689
v 0.181111 0.779772 -0.139327
v 0.177443 0.773751 -0.135369
v 0.180527 0.765224 -0.138268
v 0.180277 0.757120 -0.132637
v 0.176820 0.762016 -0.132268
v 0.174102 0.770953 -0.129536
v 0.149634 0.852155 -0.115501
v 0.143656 0.854445 -0.106911
v 0.141671 0.855773 -0.107411
v 0.147642 0.856017 -0.121475
v 0.170568 0.773863 -0.130163
v 0.173552 0.776956 -0.136060
v 0.149436 0.851760 -0.125675
v 0.154721 0.843754 -0.125165
v 0.174982 0.786420 -0.140273
v 0.155263 0.840413 -0.129261
v 0.165501 0.830119 -0.129529
v 0.161673 0.829748 -0.132445
v -0.316246 1.217428 -0.195977
v -0.336745 1.243116 -0.195391
v -0.314465 1.217392 -0.197731
v -0.295994 1.198355 -0.193531
v -0.314465 1.217392 -0.197731
v -0.294198 1.198658 -0.197394
v -0.321500 1.199531 -0.207573
v -0.275657 1.179670 -0.190849
v -0.274757 1.179623 -0.196577
v -0.256513 1.161015 -0.188841
v -0.255471 1.160943 -0.195329
v -0.229458 1.135920 -0.185394
v -0.228136 1.136084 -0.192376
v 0.044646 0.916796 -0.133623
v 0.046754 0.917566 -0.141927
v -0.264492 1.151709 -0.204778
v -0.235712 1.124458 -0.201642
v -0.257324 1.116268 -0.210782
v -0.236712 1.097753 -0.207866
v 0.037770 0.904621 -0.151366
v 0.022994 0.884480 -0.161525
v 0.107128 0.855918 -0.135794
v 0.092817 0.827923 -0.148723
v 0.110098 0.811685 -0.146622
v 0.136070 0.825711 -0.134281
v 0.103565 0.872392 -0.121240
v 0.108312 0.871150 -0.129043
v 0.124273 0.797709 -0.145220
v 0.145655 0.812501 -0.135700
v 0.137510 0.782740 -0.144836
v 0.149183 0.795340 -0.140454
v 0.149529 0.778094 -0.145312
v 0.146232 0.771070 -0.145441
v -0.277406 1.135222 -0.213183
v -0.302252 1.164849 -0.213191
v -0.281841 1.175482 -0.202931
v 0.141671 0.855773 -0.107411
v 0.139826 0.859971 -0.106438
v 0.146242 0.766280 -0.147733
v 0.354467 0.638417 -0.105631
v 0.360549 0.621744 -0.100589
v 0.363659 0.659351 -0.081570
v 0.354874 0.663239 -0.093487
v 0.195455 0.796778 -0.111960
v 0.196070 0.793033 -0.120582
v 0.202631 0.776680 -0.124671
v 0.203948 0.762113 -0.130906
v 0.358250 0.619789 -0.096606
v 0.361070 0.657182 -0.077049
v 0.192660 0.794778 -0.107476
v 0.357511 0.620773 -0.103093
v 0.355141 0.618733 -0.098893
v 0.200506 0.752665 -0.130234
v 0.197783 0.750606 -0.125737
v 0.358250 0.619789 -0.096606
v 0.194631 0.785861 -0.125012
v 0.192660 0.794778 -0.107476
v 0.198077 0.803106 -0.100377
v 0.172447 0.852853 -0.091186
v -0.629474 0.324138 0.583229
v -0.627002 0.324353 0.583535
v -0.646767 0.309849 0.607253
v -0.615541 0.340440 0.565340
v -0.627002 0.324353 0.583535
v -0.611523 0.339309 0.566257
v -0.601783 0.356973 0.547810
v -0.596911 0.353954 0.548555
v -0.588307 0.372178 0.530312
v -0.582757 0.368760 0.531150
v -0.569894 0.394104 0.506765
v -0.563827 0.390585 0.507917
v -0.393453 0.624711 0.302711
v -0.400936 0.628470 0.300739
v -0.580210 0.355442 0.522658
v -0.560147 0.378401 0.497127
v -0.566120 0.355749 0.488819
v -0.552395 0.372666 0.471437
v -0.389472 0.592741 0.270993
v -0.390369 0.611298 0.290550
v -0.350492 0.672554 0.244717
v -0.346115 0.652268 0.217783
v -0.334263 0.666216 0.202543
v -0.328701 0.694485 0.216479
v -0.366030 0.679886 0.258899
v -0.356936 0.678388 0.258987
v -0.324203 0.677426 0.189431
v -0.319600 0.700398 0.204201
v -0.313847 0.687230 0.175403
v -0.311371 0.699411 0.188054
v -0.305088 0.695912 0.171634
v -0.306141 0.693074 0.164489
v -0.579948 0.339586 0.506602
v -0.600148 0.321735 0.534332
v -0.596133 0.344285 0.544836
v -0.621667 0.311984 0.566686
v -0.297033 0.722585 0.194696
v -0.289750 0.714755 0.185726
v -0.295255 0.720739 0.211359
v -0.299514 0.725266 0.210115
v -0.314124 0.715330 0.221858
v -0.311680 0.711128 0.222551
v -0.322151 0.712904 0.231587
v -0.320551 0.708948 0.232962
v -0.330199 0.711206 0.241976
v -0.329521 0.708297 0.245434
v -0.335105 0.712719 0.245530
v -0.334469 0.709375 0.249051
v -0.351955 0.716627 0.247013
v -0.351873 0.678685 0.259771
v -0.355187 0.680403 0.262530
v -0.354271 0.677307 0.258774
v -0.346607 0.673518 0.247260
v -0.348799 0.672002 0.245712
v -0.324698 0.693159 0.218948
v -0.322638 0.694234 0.220782
v -0.357133 0.678489 0.261278
v -0.367187 0.685032 0.262376
v -0.367257 0.682063 0.261581
v -0.314515 0.698680 0.207327
v -0.311613 0.699914 0.208483
v -0.306235 0.697670 0.190908
v -0.303463 0.698552 0.191261
v -0.302336 0.694916 0.173667
v -0.299529 0.695171 0.172665
v -0.305623 0.692114 0.163346
v -0.303744 0.691424 0.160048
v -0.285945 0.712950 0.157930
v -0.303744 0.691424 0.160048
v -0.305088 0.695912 0.171634
v -0.306141 0.693074 0.164489
v -0.311371 0.699411 0.188054
v -0.319600 0.700398 0.204201
v -0.328701 0.694485 0.216479
v -0.350492 0.672554 0.244717
v -0.356936 0.678388 0.258987
v -0.366030 0.679886 0.258899
v -0.283888 0.720949 0.136482
v -0.286693 0.723077 0.141742
v -0.288815 0.718305 0.157915
v -0.290955 0.717421 0.176914
v -0.296333 0.720134 0.170853
v -0.302252 0.721582 0.166835
v -0.294943 0.719443 0.154177
v -0.286693 0.723077 0.141742
v -0.293576 0.718825 0.180854
v -0.286693 0.723077 0.141742
v -0.303722 0.716265 0.147105
v -0.301074 0.720592 0.150450
v -0.316865 0.722253 0.161137
v -0.308619 0.722426 0.163372
v -0.302252 0.721582 0.166835
v -0.294943 0.719443 0.154177
v -0.286693 0.723077 0.141742
v -0.318798 0.723529 0.165496
v -0.325718 0.721463 0.163825
v -0.315462 0.698143 0.162964
v -0.329014 0.703317 0.175703
v -0.315211 0.697317 0.165827
v -0.327770 0.701687 0.177795
v -0.305623 0.692114 0.163346
v -0.303744 0.691424 0.160048
v -0.340105 0.705211 0.191125
v -0.338185 0.703094 0.192914
v -0.347576 0.698876 0.205593
v -0.345391 0.697018 0.206347
v -0.365858 0.677099 0.235534
v -0.363961 0.674829 0.236480
v -0.371577 0.680535 0.248236
v -0.373099 0.682635 0.246842
v -0.373623 0.683841 0.251304
v -0.372223 0.681303 0.252090
v -0.367187 0.685032 0.262376
v -0.367257 0.682063 0.261581
v -0.363080 0.714728 0.231637
v -0.362345 0.714419 0.225446
v -0.358893 0.717156 0.231045
v -0.358290 0.716446 0.224871
v -0.351955 0.716627 0.247013
v -0.355118 0.715395 0.211913
v -0.352242 0.718515 0.213263
v -0.349312 0.718147 0.199636
v -0.346563 0.721380 0.202105
v -0.339930 0.732804 0.185505
v -0.366030 0.679886 0.258899
v -0.370348 0.680889 0.250820
v -0.344011 0.729832 0.181670
v -0.328332 0.728422 0.175638
v -0.362247 0.674755 0.237563
v -0.341207 0.696818 0.208864
v -0.332870 0.702873 0.196121
v -0.322649 0.701506 0.181182
v -0.312022 0.697205 0.167412
v -0.306141 0.693074 0.164489
v -0.351955 0.716627 0.247013
v -0.349479 0.717297 0.243081
v -0.197792 0.895808 0.059634
v -0.180269 0.879763 0.024686
v -0.182756 0.872463 0.041447
v -0.195078 0.881535 0.064461
v -0.303023 0.753127 0.188751
v -0.295635 0.747867 0.186201
v -0.286035 0.749620 0.170972
v -0.278466 0.746057 0.157451
v -0.184468 0.880530 0.022087
v -0.202552 0.896695 0.056736
v -0.307913 0.753841 0.186011
v -0.180219 0.875795 0.023854
v -0.184616 0.876646 0.021140
v -0.279872 0.743540 0.147793
v -0.284716 0.744315 0.144998
v -0.184468 0.880530 0.022087
v -0.292236 0.743644 0.179587
v -0.285013 0.725409 0.155893
v -0.283930 0.725651 0.171338
v -0.276305 0.743151 0.160778
v -0.279863 0.740727 0.147924
v -0.291774 0.726763 0.151214
v -0.284940 0.741436 0.144485
v -0.278466 0.746057 0.157451
v -0.286035 0.749620 0.170972
v -0.282538 0.746216 0.172577
v -0.292236 0.743644 0.179587
v -0.287783 0.740679 0.181373
v -0.279872 0.743540 0.147793
v -0.284716 0.744315 0.144998
v -0.289332 0.745427 0.188292
v -0.295635 0.747867 0.186201
v -0.295153 0.752031 0.193194
v -0.303023 0.753127 0.188751
v -0.302453 0.757946 0.194948
v -0.307913 0.753841 0.186011
v -0.310900 0.762859 0.193678
v -0.296025 0.728681 0.212967
v -0.306712 0.731056 0.227567
v -0.286897 0.725368 0.195024
v -0.285113 0.738956 0.183037
v -0.284937 0.734859 0.173979
v -0.283148 0.723946 0.178637
v -0.283000 0.734128 0.176279
v -0.291122 0.722587 0.177188
v -0.297033 0.722585 0.194696
v -0.296025 0.728681 0.212967
v -0.312371 0.728406 0.222702
v -0.299514 0.725266 0.210115
v -0.284469 0.723848 0.176332
v -0.324278 0.717357 0.236832
v -0.326042 0.715269 0.234329
v -0.337755 0.717970 0.241061
v -0.287169 0.725911 0.174741
v -0.289391 0.723861 0.174548
v -0.293886 0.723426 0.167842
v -0.288523 0.723586 0.159978
v -0.291774 0.726763 0.151214
v -0.294972 0.724547 0.155787
v -0.300030 0.724572 0.164101
v -0.302252 0.721582 0.166835
v -0.296333 0.720134 0.170853
v -0.293576 0.718825 0.180854
v -0.316292 0.736960 0.232387
v -0.330324 0.745050 0.238379
v -0.337557 0.719930 0.242938
v -0.349162 0.721808 0.243941
v -0.341337 0.751113 0.240066
v -0.341337 0.751113 0.240066
v -0.337755 0.717970 0.241061
v -0.348384 0.719083 0.241830
v -0.349479 0.717297 0.243081
v -0.335105 0.712719 0.245530
v -0.330199 0.711206 0.241976
v -0.326042 0.715269 0.234329
v -0.322151 0.712904 0.231587
v -0.313890 0.720147 0.222093
v -0.314124 0.715330 0.221858
v -0.349162 0.721808 0.243941
v -0.346139 0.748000 0.228749
v -0.353696 0.722940 0.233110
v -0.349029 0.743066 0.212453
v -0.316874 0.760635 0.186167
v -0.350471 0.739217 0.200921
v -0.320011 0.756667 0.178057
v -0.312542 0.754902 0.182955
v -0.314853 0.751451 0.174499
v -0.319978 0.751143 0.169631
v -0.311681 0.747270 0.167747
v -0.315898 0.745923 0.164253
v -0.309026 0.751156 0.156448
v -0.305253 0.753204 0.159270
v -0.302252 0.747990 0.144978
v -0.297684 0.749641 0.145748
v -0.290254 0.742665 0.141597
v -0.299045 0.728026 0.147349
v -0.312820 0.731039 0.153746
v -0.291774 0.726763 0.151214
v -0.284940 0.741436 0.144485
v -0.289390 0.745315 0.141998
v -0.284716 0.744315 0.144998
v -0.318926 0.745262 0.162448
v -0.332164 0.733810 0.167460
v -0.342971 0.737436 0.184381
v -0.312240 0.739951 0.157353
v -0.319928 0.730805 0.156241
v -0.315246 0.740142 0.156644
v -0.315661 0.727164 0.162245
v -0.328332 0.728422 0.175638
v -0.339930 0.732804 0.185505
v -0.342971 0.737436 0.184381
v -0.317398 0.729990 0.156280
v -0.344566 0.734410 0.203098
v -0.354705 0.723032 0.218305
v -0.352344 0.720175 0.218313
v -0.352507 0.720721 0.232078
v -0.314331 0.730977 0.158202
v -0.313768 0.728407 0.159704
v -0.306172 0.725717 0.160361
v -0.301583 0.726022 0.152025
v -0.291774 0.726763 0.151214
v -0.294972 0.724547 0.155787
v -0.300030 0.724572 0.164101
v -0.352507 0.720721 0.232078
v -0.348384 0.719083 0.241830
v -0.349479 0.717297 0.243081
v -0.358893 0.717156 0.231045
v -0.302252 0.721582 0.166835
v -0.308619 0.722426 0.163372
v -0.358290 0.716446 0.224871
v -0.352344 0.720175 0.218313
v -0.318798 0.723529 0.165496
v -0.352242 0.718515 0.213263
v -0.345588 0.726059 0.202792
v -0.346563 0.721380 0.202105
v -0.629474 0.324138 0.583229
v -0.646767 0.309849 0.607253
v -0.630725 0.325047 0.581268
v -0.615541 0.340440 0.565340
v -0.630725 0.325047 0.581268
v -0.618332 0.340579 0.562111
v -0.621667 0.311984 0.566686
v -0.601783 0.356973 0.547810
v -0.605309 0.355521 0.543441
v -0.588307 0.372178 0.530312
v -0.592286 0.370537 0.525348
v -0.569894 0.394104 0.506765
v -0.574391 0.392555 0.501485
v -0.400936 0.628470 0.300739
v -0.406805 0.627201 0.294581
v -0.589539 0.357182 0.516977
v -0.569831 0.380207 0.491231
v -0.566120 0.355749 0.488819
v -0.552395 0.372666 0.471437
v -0.401132 0.613305 0.283996
v -0.389472 0.592741 0.270993
v -0.362247 0.674755 0.237563
v -0.346115 0.652268 0.217783
v -0.334263 0.666216 0.202543
v -0.341207 0.696818 0.208864
v -0.366030 0.679886 0.258899
v -0.370348 0.680889 0.250820
v -0.324203 0.677426 0.189431
v -0.332870 0.702873 0.196121
v -0.313847 0.687230 0.175403
v -0.322649 0.701506 0.181182
v -0.312022 0.697205 0.167412
v -0.306141 0.693074 0.164489
v -0.579948 0.339586 0.506602
v -0.600148 0.321735 0.534332
v -0.604959 0.345931 0.539461
v -0.349479 0.717297 0.243081
v -0.351955 0.716627 0.247013
v -0.303744 0.691424 0.160048
v -0.204106 0.876444 0.028447
v -0.188698 0.881335 0.019553
v -0.207310 0.897583 0.053838
v -0.216427 0.885516 0.051461
v -0.312542 0.754902 0.182955
v -0.314853 0.751451 0.174499
v -0.305253 0.753204 0.159270
v -0.297684 0.749641 0.145748
v -0.184468 0.880530 0.022087
v -0.202552 0.896695 0.056736
v -0.307913 0.753841 0.186011
v -0.189051 0.877442 0.018476
v -0.184616 0.876646 0.021140
v -0.289390 0.745315 0.141998
v -0.284716 0.744315 0.144998
v -0.184468 0.880530 0.022087
v -0.311681 0.747270 0.167747
v -0.307913 0.753841 0.186011
v -0.310900 0.762859 0.193678
v -0.341337 0.751113 0.240066
v -0.285665 0.991822 0.164737
v -0.282513 0.995998 0.166483
v -0.283297 0.991572 0.168533
v -0.280474 1.001846 0.165306
v -0.289570 0.995425 0.156139
v -0.280162 0.984192 0.163512
v -0.274728 0.984657 0.171460
v -0.274665 0.991805 0.166317
v -0.272965 0.997756 0.164547
v -0.272652 1.012903 0.169131
v -0.280866 1.017736 0.153060
v -0.292291 1.005735 0.144432
v -0.285113 0.989006 0.152433
v -0.288371 1.000531 0.139015
v -0.265062 1.009265 0.168164
v -0.292016 1.017279 0.136387
v -0.288320 1.012199 0.130537
v -0.293953 1.020312 0.131209
v -0.293652 1.024962 0.128260
v -0.296173 1.021493 0.126957
v -0.287336 1.030659 0.133717
v -0.277652 1.034571 0.145620
v -0.282188 1.030065 0.126793
v -0.271149 1.034756 0.140193
v -0.290364 1.022846 0.119615
v -0.295443 1.014879 0.117709
v -0.290664 1.014734 0.125104
v -0.263295 1.034595 0.152289
v -0.270106 1.034082 0.157488
v -0.266128 1.036899 0.161491
v -0.263277 1.036425 0.166187
v -0.263124 1.040144 0.163694
v -0.265688 1.027126 0.169327
v -0.257280 1.025478 0.168148
v -0.254055 1.037511 0.164245
v -0.254410 1.045015 0.158203
v -0.259251 1.038014 0.155951
v -0.274665 0.991805 0.166317
v -0.280162 0.984192 0.163512
v -0.274728 0.984657 0.171460
v -0.285113 0.989006 0.152433
v -0.272965 0.997756 0.164547
v -0.290664 1.014734 0.125104
v -0.290364 1.022846 0.119615
v -0.295443 1.014879 0.117709
v -0.282188 1.030065 0.126793
v -0.288320 1.012199 0.130537
v -0.259251 1.038014 0.155951
v -0.254055 1.037511 0.164245
v -0.254410 1.045015 0.158203
v -0.257280 1.025478 0.168148
v -0.263295 1.034595 0.152289
v -0.293670 1.007724 0.115973
v -0.271037 1.013014 0.146616
v -0.293221 0.984317 0.133817
v -0.279775 0.977720 0.159162
v -0.261211 0.991797 0.177158
v -0.248403 1.018302 0.177262
v -0.248853 1.041709 0.159417
v -0.262298 1.048308 0.134072
v -0.280862 1.034229 0.116077
v -0.259800 1.007613 0.139249
v -0.282433 1.002324 0.108606
v -0.281984 0.978916 0.126451
v -0.268538 0.972319 0.151795
v -0.249974 0.986397 0.169791
v -0.237167 1.012901 0.169895
v -0.237616 1.036308 0.152050
v -0.251061 1.042907 0.126705
v -0.269626 1.028828 0.108710
v -0.279775 0.977720 0.159162
v -0.261211 0.991797 0.177158
v -0.249974 0.986397 0.169791
v -0.268538 0.972319 0.151795
v -0.293221 0.984317 0.133817
v -0.281984 0.978916 0.126451
v -0.293670 1.007724 0.115973
v -0.282433 1.002324 0.108606
v -0.280862 1.034229 0.116077
v -0.269626 1.028828 0.108710
v -0.262298 1.048308 0.134072
v -0.251061 1.042907 0.126705
v -0.248853 1.041709 0.159417
v -0.237616 1.036308 0.152050
v -0.248403 1.018302 0.177262
v -0.237167 1.012901 0.169895
v -0.261211 0.991797 0.177158
v -0.249974 0.986397 0.169791
v -0.260581 0.999754 0.116596
v -0.271917 1.002707 0.117008
v -0.271619 0.987172 0.128853
v -0.260352 0.987831 0.125686
v -0.253504 0.984471 0.138595
v -0.262697 0.982794 0.145672
v -0.244049 0.991641 0.147760
v -0.250375 0.992137 0.157615
v -0.237525 1.005142 0.147813
v -0.241877 1.009726 0.157684
v -0.237755 1.017063 0.138724
v -0.242174 1.025262 0.145840
v -0.244603 1.020423 0.125815
v -0.251098 1.029640 0.129020
v -0.254057 1.013255 0.116649
v -0.263417 1.020297 0.117078
v -0.249117 1.002479 0.132246
v -0.267865 1.000596 0.168960
v -0.259408 1.018100 0.169028
v -0.258414 1.030769 0.161256
v -0.260995 1.036345 0.153232
v -0.268583 1.037914 0.140507
v -0.251098 1.029640 0.129020
v -0.280842 1.028618 0.128624
v -0.289300 1.011116 0.128554
v -0.289002 0.995659 0.140340
v -0.280123 0.991302 0.157077
v -0.262697 0.982794 0.145672
v -0.262697 0.982794 0.145672
v -0.280123 0.991302 0.157077
v -0.251098 1.029640 0.129020
v -0.268583 1.037914 0.140507
v -0.274855 1.014849 0.149120
v -0.267865 1.000596 0.168960
v -0.280123 0.991302 0.157077
v -0.289002 0.995659 0.140340
v -0.289300 1.011116 0.128554
v -0.280842 1.028618 0.128624
v -0.268583 1.037914 0.140507
v -0.260995 1.036345 0.153232
v -0.258414 1.030769 0.161256
v -0.259408 1.018100 0.169028
v -0.313827 0.932132 0.133222
v -0.311762 0.939124 0.124371
v -0.300013 0.952740 0.139002
v -0.327055 0.924524 0.115597
v -0.311615 0.918745 0.139535
v -0.308682 0.932399 0.141643
v -0.284130 0.930085 0.173144
v -0.326075 0.916960 0.118787
v -0.325579 0.928715 0.110928
v -0.343369 0.916310 0.092886
v -0.297606 0.952949 0.135828
v -0.290271 0.966107 0.145408
v -0.286620 0.966661 0.142532
v -0.281540 0.966558 0.150356
v -0.286159 0.966190 0.155419
v -0.298256 0.949192 0.147210
v -0.283061 0.944902 0.174435
v -0.266939 0.956515 0.192084
v -0.252363 0.950599 0.206559
v -0.259300 0.956699 0.191506
v -0.274248 0.985369 0.161322
v -0.274176 0.994393 0.154846
v -0.276463 0.995716 0.158161
v -0.276750 0.987866 0.163690
v -0.271155 0.992522 0.168943
v -0.271358 0.999479 0.163359
v -0.275334 0.982484 0.169902
v -0.272826 0.980436 0.167150
v -0.278357 0.967025 0.177088
v -0.269883 0.962401 0.195597
v -0.286897 0.949930 0.177241
v -0.266939 0.956515 0.192084
v -0.283061 0.944902 0.174435
v -0.259300 0.956699 0.191506
v -0.300005 0.950305 0.155888
v -0.315053 0.936214 0.140305
v -0.308682 0.932399 0.141643
v -0.313827 0.932132 0.133222
v -0.298256 0.949192 0.147210
v -0.254684 0.969453 0.189197
v -0.263018 0.982609 0.191274
v -0.251611 0.980148 0.186044
v -0.269123 0.987476 0.175997
v -0.258862 0.984876 0.171517
v -0.261424 0.990215 0.163696
v -0.261985 0.996957 0.157898
v -0.286159 0.966190 0.155419
v -0.277844 0.971660 0.166095
v -0.273375 0.970964 0.159581
v -0.268843 0.977430 0.161753
v -0.281540 0.966558 0.150356
v -0.268843 0.977430 0.161753
v -0.267696 0.982538 0.159757
v -0.271831 0.985756 0.164870
v -0.269540 0.991795 0.150158
v -0.274248 0.985369 0.161322
v -0.271831 0.985756 0.164870
v -0.274176 0.994393 0.154846
v -0.272826 0.980436 0.167150
v -0.292266 0.943246 0.141107
v -0.294731 0.950201 0.135539
v -0.308401 0.929524 0.129664
v -0.283926 0.963058 0.141249
v -0.276755 0.961694 0.149387
v -0.281540 0.966558 0.150356
v -0.286620 0.966661 0.142532
v -0.297606 0.952949 0.135828
v -0.311762 0.939124 0.124371
v -0.325579 0.928715 0.110928
v -0.324016 0.923063 0.113604
v -0.343369 0.916310 0.092886
v -0.326075 0.916960 0.118787
v -0.311615 0.918745 0.139535
v -0.302648 0.929499 0.137687
v -0.284130 0.930085 0.173144
v -0.274755 0.940910 0.168990
v -0.257392 0.951926 0.185825
v -0.252363 0.950599 0.206559
v -0.259300 0.956699 0.191506
v -0.259540 0.987583 0.147067
v -0.263390 0.989209 0.147775
v -0.263485 0.980196 0.154266
v -0.259660 0.979652 0.152486
v -0.253961 0.984258 0.157670
v -0.254301 0.991282 0.152177
v -0.258160 0.974229 0.158643
v -0.262030 0.975248 0.160072
v -0.257386 0.965281 0.166039
v -0.266918 0.966408 0.158932
v -0.268843 0.977430 0.161753
v -0.267696 0.982538 0.159757
v -0.269540 0.991795 0.150158
v -0.260954 0.980528 0.157739
v -0.251727 0.979114 0.164592
v -0.250609 0.953137 0.182960
v -0.268846 0.941255 0.165407
v -0.257392 0.951926 0.185825
v -0.274755 0.940910 0.168990
v -0.259300 0.956699 0.191506
v -0.254684 0.969453 0.189197
v -0.243729 0.973339 0.178629
v -0.300196 0.929073 0.130565
v -0.282809 0.942040 0.144614
v -0.251611 0.980148 0.186044
v -0.258862 0.984876 0.171517
v -0.261424 0.990215 0.163696
v -0.292266 0.943246 0.141107
v -0.308401 0.929524 0.129664
v -0.276755 0.961694 0.149387
v -0.302648 0.929499 0.137687
v -0.273375 0.970964 0.159581
v -0.268843 0.977430 0.161753
v -0.281540 0.966558 0.150356
v -0.261985 0.996957 0.157898
v -0.263485 0.980196 0.154266
v -0.263390 0.989209 0.147775
v -0.260954 0.980528 0.157739
v -0.262030 0.975248 0.160072
v -0.213940 1.023487 0.218606
v -0.216841 1.012995 0.214998
v -0.227952 1.023101 0.197335
v -0.207876 1.008757 0.235629
v -0.203038 1.033440 0.221063
v -0.214367 1.031498 0.212853
v -0.210922 1.062466 0.187760
v -0.201723 1.014020 0.237305
v -0.209689 1.003080 0.233176
v -0.201156 0.989320 0.256278
v -0.226309 1.020020 0.195406
v -0.237440 1.025400 0.182524
v -0.235679 1.022510 0.179289
v -0.235646 1.030056 0.173807
v -0.238549 1.034976 0.177611
v -0.226349 1.031999 0.196184
v -0.223798 1.059390 0.180896
v -0.232206 1.072994 0.159671
v -0.225051 1.088657 0.147008
v -0.229131 1.072437 0.152675
v -0.252112 1.035112 0.158621
v -0.258231 1.026289 0.155784
v -0.261203 1.029060 0.156992
v -0.255940 1.036635 0.159679
v -0.259171 1.040337 0.152169
v -0.263835 1.032968 0.150282
v -0.252335 1.044154 0.159772
v -0.248792 1.042133 0.158579
v -0.241965 1.055513 0.167726
v -0.255837 1.048570 0.151474
v -0.251819 1.036053 0.144743
v -0.256380 1.028542 0.143292
v -0.248220 1.045110 0.143593
v -0.253230 1.064641 0.146065
v -0.239487 1.074619 0.159692
v -0.230497 1.060585 0.182145
v -0.223798 1.059390 0.180896
v -0.230363 1.039963 0.196383
v -0.219911 1.029066 0.217355
v -0.214367 1.031498 0.212853
v -0.213940 1.023487 0.218606
v -0.226349 1.031999 0.196184
v -0.237805 1.066541 0.143767
v -0.245071 1.060428 0.137165
v -0.229131 1.072437 0.152675
v -0.232206 1.072994 0.159671
v -0.238549 1.034976 0.177611
v -0.242853 1.043650 0.166690
v -0.238690 1.037649 0.163597
v -0.243103 1.037872 0.156703
v -0.235646 1.030056 0.173807
v -0.243103 1.037872 0.156703
v -0.246572 1.034482 0.153897
v -0.252430 1.038410 0.155862
v -0.252827 1.022592 0.153073
v -0.252112 1.035112 0.158621
v -0.252430 1.038410 0.155862
v -0.258231 1.026289 0.155784
v -0.248792 1.042133 0.158579
v -0.217090 1.027931 0.193689
v -0.222669 1.020562 0.193872
v -0.208514 1.020879 0.215049
v -0.231095 1.022350 0.178364
v -0.229202 1.030578 0.171421
v -0.235646 1.030056 0.173807
v -0.235679 1.022510 0.179289
v -0.226309 1.020020 0.195406
v -0.216841 1.012995 0.214998
v -0.209689 1.003080 0.233176
v -0.204836 1.007296 0.233637
v -0.201156 0.989320 0.256278
v -0.201723 1.014020 0.237305
v -0.203038 1.033440 0.221063
v -0.208333 1.028598 0.208896
v -0.210922 1.062466 0.187760
v -0.215492 1.055399 0.175451
v -0.222659 1.068406 0.153412
v -0.225051 1.088657 0.147008
v -0.229131 1.072437 0.152675
v -0.244280 1.020927 0.145898
v -0.247445 1.021105 0.148713
v -0.241349 1.029939 0.151564
v -0.238850 1.028421 0.148474
v -0.241976 1.032073 0.140896
v -0.246778 1.024770 0.139099
v -0.235161 1.035900 0.148512
v -0.237996 1.036945 0.151501
v -0.229012 1.045588 0.150444
v -0.231927 1.038398 0.159527
v -0.243103 1.037872 0.156703
v -0.246572 1.034482 0.153897
v -0.252827 1.022592 0.153073
v -0.241553 1.033182 0.148730
v -0.238441 1.040208 0.140069
v -0.220213 1.065356 0.147056
v -0.212447 1.051910 0.170311
v -0.215492 1.055399 0.175451
v -0.205053 1.021925 0.207614
v -0.213168 1.031698 0.185109
v -0.233942 1.055370 0.133419
v -0.237805 1.066541 0.143767
v -0.229131 1.072437 0.152675
v -0.222659 1.068406 0.153412
v -0.245071 1.060428 0.137165
v -0.248220 1.045110 0.143593
v -0.251819 1.036053 0.144743
v -0.217090 1.027931 0.193689
v -0.208514 1.020879 0.215049
v -0.229202 1.030578 0.171421
v -0.208333 1.028598 0.208896
v -0.238690 1.037649 0.163597
v -0.243103 1.037872 0.156703
v -0.235646 1.030056 0.173807
v -0.256380 1.028542 0.143292
v -0.241349 1.029939 0.151564
v -0.247445 1.021105 0.148713
v -0.241553 1.033182 0.148730
v -0.237996 1.036945 0.151501
v -0.276554 1.079195 0.082261
v -0.267576 1.078781 0.089384
v -0.276142 1.058867 0.097611
v -0.265808 1.099809 0.080515
v -0.281526 1.078715 0.068155
v -0.282185 1.071355 0.080191
v -0.301128 1.038350 0.067848
v -0.268381 1.099920 0.072659
v -0.260913 1.099106 0.084647
v -0.251655 1.125270 0.079587
v -0.272265 1.057931 0.097518
v -0.277989 1.043969 0.107060
v -0.273882 1.041729 0.106928
v -0.278994 1.034286 0.104589
v -0.285492 1.036472 0.104913
v -0.282967 1.055185 0.092827
v -0.301782 1.032597 0.081589
v -0.311358 1.008275 0.086386
v -0.318766 0.991644 0.075185
v -0.307749 1.001764 0.084570
v -0.285968 1.018178 0.119394
v -0.279954 1.017996 0.128730
v -0.283901 1.018325 0.130241
v -0.289126 1.018721 0.122192
v -0.291648 1.010436 0.124552
v -0.286575 1.010751 0.131885
v -0.294275 1.016646 0.115968
v -0.290758 1.016115 0.113641
v -0.302170 1.021010 0.101190
v -0.315721 1.007774 0.092417
v -0.305864 1.033400 0.087118
v -0.311358 1.008275 0.086386
v -0.301782 1.032597 0.081589
v -0.307749 1.001764 0.084570
v -0.291606 1.053029 0.093391
v -0.283505 1.076333 0.085704
v -0.282185 1.071355 0.080191
v -0.276554 1.079195 0.082261
v -0.282967 1.055185 0.092827
v -0.303692 0.994904 0.095787
v -0.308868 0.997557 0.110382
v -0.299498 0.990322 0.105544
v -0.297317 1.007398 0.118389
v -0.289098 1.000915 0.113641
v -0.282937 1.004630 0.120314
v -0.277815 1.005402 0.127561
v -0.285492 1.036472 0.104913
v -0.291874 1.023469 0.106713
v -0.284114 1.022287 0.105575
v -0.284233 1.015598 0.110297
v -0.278994 1.034286 0.104589
v -0.284233 1.015598 0.110297
v -0.281912 1.013880 0.115098
v -0.288238 1.014577 0.118717
v -0.273812 1.016514 0.125520
v -0.285968 1.018178 0.119394
v -0.288238 1.014577 0.118717
v -0.279954 1.017996 0.128730
v -0.290758 1.016115 0.113641
v -0.275006 1.054044 0.086207
v -0.270859 1.056328 0.094148
v -0.271128 1.076587 0.078704
v -0.271645 1.040920 0.102901
v -0.276209 1.031893 0.098756
v -0.278994 1.034286 0.104589
v -0.273882 1.041729 0.106928
v -0.272265 1.057931 0.097518
v -0.267576 1.078781 0.089384
v -0.260913 1.099106 0.084647
v -0.262769 1.098348 0.078522
v -0.251655 1.125270 0.079587
v -0.268381 1.099920 0.072659
v -0.281526 1.078715 0.068155
v -0.276150 1.068455 0.076235
v -0.301128 1.038350 0.067848
v -0.293477 1.028605 0.076144
v -0.301811 1.003686 0.080127
v -0.318766 0.991644 0.075185
v -0.307749 1.001764 0.084570
v -0.266978 1.010192 0.119147
v -0.269168 1.012812 0.121659
v -0.275205 1.013005 0.112338
v -0.272037 1.010508 0.110988
v -0.274454 1.002172 0.113280
v -0.269518 1.002553 0.120703
v -0.277100 1.008391 0.104708
v -0.279963 1.010926 0.106563
v -0.283616 1.007456 0.095113
v -0.280948 1.018218 0.099550
v -0.284233 1.015598 0.110297
v -0.281912 1.013880 0.115098
v -0.273812 1.016514 0.125520
v -0.277360 1.009349 0.111585
v -0.279920 0.999037 0.106984
v -0.296447 0.998510 0.079781
v -0.287814 1.024724 0.075284
v -0.301811 1.003686 0.080127
v -0.293477 1.028605 0.076144
v -0.307749 1.001764 0.084570
v -0.303692 0.994904 0.095787
v -0.289579 0.988286 0.097736
v -0.268647 1.069192 0.075963
v -0.274410 1.044765 0.082118
v -0.299498 0.990322 0.105544
v -0.289098 1.000915 0.113641
v -0.282937 1.004630 0.120314
v -0.275006 1.054044 0.086207
v -0.271128 1.076587 0.078704
v -0.276209 1.031893 0.098756
v -0.276150 1.068455 0.076235
v -0.284114 1.022287 0.105575
v -0.284233 1.015598 0.110297
v -0.278994 1.034286 0.104589
v -0.277815 1.005402 0.127561
v -0.275205 1.013005 0.112338
v -0.269168 1.012812 0.121659
v -0.277360 1.009349 0.111585
v -0.279963 1.010926 0.106563
vn 0.2096 0.9393 -0.2718
vn 0.4987 0.8571 0.1291
vn 0.2402 0.9225 -0.3023
vn 0.4783 0.8675 0.1368
vn 0.6593 0.6660 0.3490
vn 0.6297 0.7013 0.3342
vn 0.7343 0.4319 0.5238
vn 0.7161 0.4707 0.5154
vn 0.1158 0.9715 -0.2068
vn 0.3606 0.9236 0.1301
vn 0.4242 0.8098 -0.4053
vn 0.6726 0.7110 -0.2050
vn 0.4318 0.8053 -0.4063
vn 0.6724 0.7090 -0.2128
vn -0.2561 0.8929 0.3704
vn -0.3635 0.9178 0.1594
vn 0.5318 0.7831 0.3225
vn 0.7854 0.6189 -0.0074
vn 0.7288 0.6839 0.0345
vn -0.1858 0.8177 0.5448
vn 0.8223 0.5296 0.2082
vn -0.0990 0.7063 0.7010
vn 0.6637 0.5542 0.5024
vn 0.8598 0.4850 0.1596
vn 0.9368 0.2822 0.2069
vn 0.8861 0.3415 0.3134
vn -0.0237 0.5384 0.8424
vn 0.9447 0.1951 0.2636
vn 0.9367 0.2516 0.2435
vn 0.7326 0.2897 0.6160
vn 0.7285 0.2475 0.6388
vn 0.7229 0.1260 0.6794
vn -0.7373 0.3857 0.5546
vn -0.7422 0.4000 0.5377
vn -0.7064 0.3546 0.6126
vn -0.6530 0.3541 0.6695
vn 0.0094 0.4513 0.8923
vn 0.6585 0.3491 0.6667
vn 0.0446 0.4275 0.9029
vn 0.6707 0.3334 0.6626
vn -0.6020 0.3362 0.7243
vn -0.5981 0.3068 0.7403
vn -0.7435 0.4303 0.5120
vn -0.5795 0.8150 -0.0084
vn 0.2592 0.7034 -0.6618
vn 0.2644 0.6896 -0.6742
vn -0.1106 0.8399 -0.5314
vn -0.2341 0.6538 -0.7195
vn 0.1580 0.5407 -0.8262
vn 0.1291 0.5771 -0.8064
vn -0.6629 0.7351 -0.1423
vn -0.7655 0.5855 -0.2670
vn 0.0095 0.3818 -0.9242
vn -0.3184 0.3805 -0.8682
vn 0.0749 0.3735 -0.9246
vn 0.0540 0.1339 -0.9895
vn -0.0331 0.1861 -0.9820
vn -0.0677 0.7698 -0.6346
vn -0.0614 0.7570 -0.6505
vn -0.1696 0.5084 -0.8443
vn -0.1756 0.5519 -0.8152
vn -0.2638 0.2027 -0.9431
vn -0.3118 0.2493 -0.9169
vn -0.3790 0.0519 -0.9239
vn -0.3336 0.1161 -0.9355
vn 0.0419 0.0635 -0.9971
vn -0.3651 -0.0594 -0.9291
vn -0.0578 0.0819 -0.9950
vn -0.8933 0.2828 -0.3493
vn -0.8414 0.4019 -0.3611
vn -0.8522 0.3528 0.3863
vn -0.8137 0.3707 0.4478
vn -0.8194 0.3051 0.4853
vn -0.8959 0.3340 0.2929
vn -0.9145 0.2515 0.3169
vn -0.9131 0.2281 0.3379
vn 0.8004 -0.2626 -0.5389
vn 0.9511 -0.1876 -0.2454
vn 0.9489 -0.2297 -0.2166
vn 0.8028 -0.2202 -0.5542
vn 0.7896 -0.3207 -0.5232
vn 0.9258 -0.3016 -0.2277
vn 0.7889 -0.3480 -0.5065
vn 0.9223 -0.3442 -0.1760
vn 0.9424 -0.3344 -0.0116
vn 0.9197 -0.3895 -0.0491
vn 0.9877 -0.1559 -0.0135
vn 0.9743 -0.2243 -0.0190
vn 0.9554 -0.2331 0.1811
vn 0.9354 -0.2920 0.1993
vn 0.9192 -0.3771 0.1134
vn 0.9078 -0.3275 0.2621
vn 0.8945 -0.2914 0.3392
vn 0.8720 -0.3089 0.3798
vn 0.8643 -0.3027 0.4017
vn 0.5571 -0.3628 -0.7470
vn 0.5459 -0.3000 -0.7823
vn 0.5169 -0.3983 -0.7578
vn 0.3745 -0.4124 -0.8305
vn 0.4129 -0.4515 -0.7910
vn 0.3649 -0.3347 -0.8688
vn 0.3572 -0.2722 -0.8935
vn 0.5679 -0.2544 -0.7828
vn 0.1562 -0.3637 -0.9183
vn 0.1321 -0.4105 -0.9023
vn 0.2386 -0.4539 -0.8585
vn 0.0474 -0.4420 -0.8957
vn -0.0044 -0.4170 -0.9089
vn -0.0180 -0.4191 -0.9077
vn -0.0407 -0.4146 -0.9091
vn 0.2969 0.9146 0.2745
vn 0.5540 0.6977 -0.4541
vn 0.6413 0.6993 0.3157
vn 0.7297 0.6545 0.1981
vn 0.7882 0.2007 -0.5817
vn 0.4591 0.8884 -0.0083
vn 0.8718 0.4893 0.0243
vn 0.9827 0.1559 0.1000
vn 0.9763 0.1825 0.1159
vn 0.5638 0.8047 -0.1858
vn 0.9144 0.4000 -0.0612
vn 0.9969 -0.0462 0.0632
vn 0.6781 0.7324 -0.0613
vn 0.9395 0.3262 0.1041
vn 0.9680 -0.1037 0.2284
vn 0.6715 0.7393 -0.0501
vn 0.9299 0.3607 0.0715
vn 0.9609 -0.1551 0.2293
vn 0.6682 0.6091 -0.4271
vn 0.9162 -0.3984 0.0436
vn 0.9332 0.3077 -0.1858
vn 0.9974 0.0674 -0.0253
vn 0.6067 0.6048 -0.5159
vn 0.9488 -0.0723 0.3075
vn 0.7949 0.3882 0.4664
vn 0.7731 0.6271 -0.0952
vn 0.6006 0.7954 0.0810
vn 0.3471 0.8835 -0.3147
vn 0.5213 0.7963 -0.3068
vn 0.2971 0.9308 -0.2128
vn 0.7366 0.4720 0.4845
vn 0.8190 -0.0003 -0.5739
vn 0.2367 0.0631 -0.9695
vn 0.0162 0.4867 -0.8734
vn -0.0807 0.6401 -0.7641
vn 0.3018 0.0845 -0.9496
vn 0.2647 0.4173 -0.8694
vn -0.2434 0.7522 -0.6123
vn -0.3053 0.7272 -0.6148
vn 0.0962 0.7904 -0.6050
vn 0.3061 0.5039 -0.8077
vn 0.2173 0.8706 -0.4414
vn 0.3143 0.0520 -0.9479
vn 0.1785 0.7470 -0.6404
vn 0.1608 0.4093 -0.8981
vn 0.1041 0.0908 -0.9904
vn 0.1922 0.7395 -0.6451
vn 0.1965 0.3507 -0.9156
vn 0.0449 -0.0781 -0.9959
vn 0.4858 0.7030 -0.5194
vn 0.2318 -0.4649 -0.8545
vn 0.4896 0.1698 -0.8553
vn 0.5169 0.5861 -0.6239
vn 0.1611 0.3455 -0.9245
vn 0.2163 -0.0559 -0.9747
vn -0.0777 -0.1966 -0.9774
vn -0.2928 0.1001 -0.9509
vn 0.1116 0.6118 -0.7831
vn 0.4465 0.7502 -0.4877
vn 0.0602 0.9519 -0.3003
vn 0.1618 0.9859 -0.0437
vn -0.5052 0.7187 -0.4777
vn -0.3274 0.9412 -0.0828
vn -0.2337 0.9713 0.0452
vn -0.6757 0.4231 -0.6037
vn -0.8830 0.4474 0.1420
vn 0.4670 0.8827 -0.0534
vn -0.3675 0.1855 -0.9113
vn -0.7283 0.1927 0.6576
vn -0.7225 0.2123 0.6579
vn -0.6976 0.2402 0.6750
vn -0.7494 0.1585 0.6428
vn -0.7569 0.1467 0.6369
vn -0.7526 0.1447 0.6424
vn -0.6879 0.2271 0.6893
vn -0.3478 -0.7490 0.5639
vn -0.0080 -0.9842 0.1767
vn -0.5211 -0.5026 0.6898
vn -0.0608 -0.9879 0.1429
vn -0.1793 -0.9744 0.1360
vn -0.2106 -0.9700 0.1213
vn -0.1709 -0.9671 0.1887
vn -0.1537 -0.9697 0.1898
vn -0.0643 -0.9754 0.2108
vn -0.0636 -0.9765 0.2057
vn -0.0127 -0.9356 0.3527
vn -0.0188 -0.9270 0.3745
vn -0.0419 -0.8115 0.5828
vn -0.0059 -0.8328 0.5536
vn -0.0008 -0.7662 0.6426
vn 0.0159 -0.7691 0.6390
vn -0.5049 -0.5625 0.6547
vn -0.4702 -0.6470 0.6002
vn -0.1656 -0.8993 0.4048
vn -0.1766 -0.9150 0.3629
vn -0.1656 -0.8892 0.4265
vn -0.7410 -0.4013 0.5384
vn -0.8528 -0.5208 -0.0401
vn -0.5950 -0.6258 0.5043
vn -0.9773 -0.1875 0.0990
vn -0.7178 -0.6791 0.1536
vn -0.2671 -0.9157 0.3002
vn -0.4396 -0.8967 0.0519
vn -0.6684 -0.6627 0.3376
vn -0.9760 -0.1119 -0.1869
vn -0.8690 -0.3490 -0.3507
vn -0.6505 -0.6745 -0.3492
vn -0.5345 -0.8281 -0.1692
vn -0.7036 -0.5338 -0.4691
vn -0.6858 -0.4402 -0.5796
vn -0.9413 -0.1337 -0.3099
vn -0.9606 -0.1220 -0.2497
vn -0.9559 -0.1618 -0.2453
vn -0.6600 -0.5550 -0.5063
vn -0.8518 -0.3016 -0.4283
vn -0.6751 -0.5755 -0.4616
vn -0.9335 -0.2062 -0.2935
vn -0.6384 -0.3668 -0.6767
vn -0.5993 -0.6313 0.4922
vn -0.4855 -0.6317 0.6043
vn -0.3494 -0.6304 0.6932
vn -0.4263 -0.1278 0.8955
vn -0.1851 -0.4157 0.8905
vn -0.0976 -0.8345 0.5423
vn 0.0811 -0.7144 0.6950
vn -0.0962 -0.0391 0.9946
vn 0.1441 -0.1724 0.9744
vn 0.1812 -0.5306 0.8280
vn 0.2655 -0.3453 0.9002
vn 0.3252 -0.1731 0.9297
vn 0.2252 -0.1082 0.9683
vn -0.0015 -0.2008 0.9796
vn 0.1589 -0.1607 0.9741
vn 0.2398 -0.2209 0.9454
vn 0.2562 -0.1939 0.9470
vn 0.1234 -0.1781 0.9762
vn 0.0405 -0.1546 0.9871
vn 0.0221 -0.1351 0.9906
vn -0.0859 0.1580 0.9837
vn 0.0352 -0.9684 0.2469
vn 0.0525 -0.9673 0.2479
vn 0.1469 -0.9564 0.2523
vn -0.0743 -0.9683 0.2386
vn -0.0488 -0.9920 0.1164
vn -0.1096 -0.9638 0.2429
vn -0.0174 -0.9919 0.1255
vn -0.1144 -0.9620 0.2478
vn -0.0841 -0.9898 0.1147
vn -0.0808 -0.9926 0.0901
vn -0.0750 -0.9863 0.1466
vn -0.0785 -0.9861 0.1461
vn -0.2053 -0.9770 0.0581
vn -0.2451 -0.9680 0.0545
vn -0.4649 -0.8853 -0.0068
vn -0.4126 -0.9105 -0.0284
vn -0.5109 -0.8566 -0.0719
vn -0.5016 -0.8608 -0.0858
vn -0.2754 -0.9523 0.1316
vn -0.4539 -0.8860 0.0950
vn -0.7454 -0.6535 0.1315
vn -0.7825 -0.6154 0.0944
vn -0.8415 -0.5234 0.1341
vn -0.8426 -0.5158 0.1545
vn -0.8412 -0.5088 0.1830
vn -0.8421 -0.4961 0.2115
vn 0.6883 -0.3108 -0.6555
vn 0.5266 -0.4545 -0.7184
vn 0.7819 -0.3183 -0.5360
vn 0.9358 0.1092 -0.3351
vn 0.7880 -0.3612 -0.4986
vn 0.9231 0.1472 -0.3554
vn 0.9192 0.0500 -0.3907
vn 0.8067 -0.3359 -0.4862
vn 0.7065 -0.4926 -0.5081
vn 0.6542 -0.4982 -0.5690
vn 0.1860 -0.4551 -0.8708
vn 0.9017 -0.0761 -0.4256
vn 0.8820 -0.0638 -0.4668
vn 0.9431 0.0498 -0.3288
vn 0.9447 0.0233 -0.3271
vn 0.9402 0.0212 -0.3399
vn 0.9404 0.0091 -0.3399
vn 0.9380 0.0079 -0.3465
vn 0.9392 0.0011 -0.3434
vn 0.9397 -0.0005 -0.3421
vn 0.9277 -0.1843 -0.3246
vn 0.9125 -0.2821 -0.2962
vn 0.8862 -0.3739 -0.2736
vn 0.8968 -0.3606 -0.2566
vn 0.9275 -0.2488 -0.2789
vn 0.9279 -0.2590 -0.2682
vn -0.9732 -0.2210 0.0630
vn -0.6907 -0.4654 -0.5535
vn -0.9625 0.0245 0.2703
vn -0.7692 -0.5454 -0.3329
vn -0.9044 0.1262 0.4077
vn -0.9103 0.1225 0.3955
vn -0.9166 0.1252 0.3797
vn -0.9193 0.1040 0.3796
vn -0.9210 0.0935 0.3782
vn -0.9175 0.0708 0.3914
vn -0.9136 0.0639 0.4015
vn -0.9054 -0.0536 0.4212
vn -0.8992 -0.0860 0.4289
vn -0.8864 -0.1628 0.4333
vn -0.8839 -0.1656 0.4373
vn -0.8939 -0.1171 0.4326
vn -0.8887 -0.1289 0.4400
vn -0.9518 -0.2221 0.2115
vn -0.8957 0.1529 0.4176
vn -0.9274 -0.2704 0.2584
vn -0.7533 -0.6574 0.0205
vn -0.8057 -0.5893 -0.0599
vn -0.8713 -0.4539 0.1866
vn -0.9053 0.1107 0.4101
vn -0.8683 0.2307 0.4391
vn 0.0470 -0.9746 0.2189
vn 0.1691 -0.9748 0.1458
vn 0.1794 -0.9739 0.1393
vn 0.0292 -0.9730 0.2291
vn -0.4528 -0.2881 -0.8438
vn -0.4046 -0.2643 -0.8755
vn -0.3673 -0.2422 -0.8980
vn -0.4673 -0.3066 -0.8292
vn -0.4517 -0.3435 -0.8234
vn -0.4378 -0.3831 -0.8134
vn -0.4094 -0.4540 -0.7914
vn -0.4079 -0.4694 -0.7831
vn -0.3764 -0.5948 -0.7103
vn -0.3792 -0.6062 -0.6990
vn -0.3370 -0.7395 -0.5827
vn -0.3386 -0.7449 -0.5749
vn -0.3372 -0.7576 -0.5588
vn -0.3385 -0.7566 -0.5594
vn -0.3074 -0.8176 -0.4868
vn -0.3137 -0.8097 -0.4959
vn -0.1601 -0.9443 -0.2875
vn -0.1580 -0.9443 -0.2885
vn -0.3628 -0.6010 -0.7121
vn -0.3603 -0.6328 -0.6854
vn -0.3594 -0.5988 -0.7157
vn -0.3591 -0.6308 -0.6879
vn -0.3782 -0.5362 -0.7546
vn -0.3808 -0.5374 -0.7525
vn -0.3418 -0.6104 -0.7145
vn -0.3278 -0.6168 -0.7156
vn 0.2016 0.9282 0.3126
vn 0.1539 0.9449 0.2891
vn 0.2008 0.9294 0.3096
vn 0.1525 0.9449 0.2898
vn 0.2314 0.8944 0.3827
vn 0.2288 0.8934 0.3867
vn 0.2747 0.8578 0.4345
vn 0.2817 0.8580 0.4294
vn 0.4121 0.5745 0.7072
vn 0.4219 0.5760 0.7001
vn 0.4869 0.2349 0.8413
vn 0.5029 0.2441 0.8292
vn 0.5282 0.2429 0.8136
vn 0.5420 0.2479 0.8030
vn 0.5460 0.2383 0.8032
vn 0.5413 0.2355 0.8072
vn 0.4941 0.2139 0.8427
vn 0.4625 0.2010 0.8636
vn -0.9359 -0.0260 0.3512
vn -0.9273 0.0068 0.3742
vn -0.9267 0.0003 0.3757
vn -0.9217 0.0305 0.3867
vn -0.9120 0.0873 0.4008
vn -0.9117 0.0888 0.4011
vn -0.2886 -0.9154 0.2806
vn -0.3427 -0.8877 0.3075
vn -0.2544 -0.9316 0.2596
vn -0.3466 -0.8812 0.3214
vn 0.1078 -0.9881 0.1098
vn 0.4328 -0.9006 -0.0403
vn 0.8783 -0.3424 -0.3338
vn 0.9108 -0.0834 -0.4044
vn 0.6754 0.6432 -0.3606
vn 0.6892 0.6106 -0.3902
vn 0.4204 0.8883 -0.1848
vn 0.4273 0.8889 -0.1653
vn -0.8681 0.0907 0.4880
vn -0.8698 0.0922 0.4848
vn -0.8714 0.0938 0.4814
vn -0.8661 0.0887 0.4920
vn 0.8107 0.2882 0.5097
vn 0.7950 0.2813 0.5374
vn 0.8226 0.2768 0.4967
vn 0.8286 0.2799 0.4849
vn 0.8442 0.2621 0.4676
vn 0.8440 0.2634 0.4673
vn 0.3088 -0.1892 -0.9321
vn 0.6164 0.1297 -0.7767
vn 0.3319 -0.3938 -0.8572
vn 0.5221 -0.4088 -0.7485
vn 0.7510 -0.3303 -0.5718
vn 0.9392 -0.1377 -0.3145
vn 0.9833 0.0915 -0.1571
vn 0.9233 0.2568 -0.2857
vn 0.6783 0.4159 -0.6057
vn 0.4920 0.5670 -0.6606
vn 0.2711 0.5877 -0.7623
vn 0.2018 0.4073 -0.8907
vn 0.2986 0.2146 -0.9299
vn 0.6929 -0.0217 -0.7207
vn 0.6540 -0.0674 -0.7535
vn 0.7762 -0.0526 -0.6283
vn -0.1349 0.0874 -0.9870
vn -0.0496 0.3511 -0.9350
vn 0.6923 -0.0072 -0.7216
vn 0.2635 0.6319 -0.7289
vn -0.1307 -0.1046 -0.9859
vn -0.4448 -0.0727 -0.8927
vn -0.4243 0.1150 -0.8982
vn -0.3071 0.4426 -0.8425
vn 0.0494 0.7548 -0.6541
vn -0.0175 -0.3261 -0.9452
vn 0.5402 -0.0617 -0.8393
vn -0.0310 -0.4863 -0.8733
vn 0.2206 -0.4489 -0.8659
vn -0.7709 -0.2455 -0.5877
vn -0.4269 -0.2559 -0.8673
vn -0.9936 0.0787 -0.0814
vn 0.0611 -0.5953 -0.8012
vn 0.1554 -0.4130 -0.8974
vn 0.0121 -0.4032 -0.9150
vn 0.3296 -0.2714 -0.9043
vn 0.2096 -0.2167 -0.9535
vn -0.2038 -0.5307 -0.8227
vn -0.3527 -0.6319 -0.6901
vn -0.5745 -0.7436 -0.3421
vn -0.6584 -0.7467 -0.0941
vn -0.4911 -0.7775 -0.3927
vn -0.6590 -0.7486 0.0732
vn -0.6162 -0.6822 0.3937
vn -0.6338 -0.6556 0.4104
vn -0.2442 -0.4124 -0.8777
vn -0.6354 -0.5972 -0.4894
vn -0.2676 -0.3281 -0.9059
vn -0.6711 -0.5263 -0.5221
vn 0.1293 -0.1769 -0.9757
vn 0.6119 0.1746 -0.7714
vn 0.6222 0.1127 -0.7747
vn 0.0641 -0.1536 -0.9860
vn -0.6993 -0.6411 0.3163
vn -0.7829 -0.5785 0.2288
vn -0.6497 -0.5262 0.5486
vn -0.5593 -0.6212 0.5489
vn -0.7005 -0.4879 0.5209
vn -0.5606 -0.6224 0.5462
vn -0.5739 -0.6685 0.4730
vn 0.5826 0.1928 -0.7895
vn 0.0475 -0.1436 -0.9885
vn 0.5576 0.2177 -0.8011
vn -0.6807 -0.5221 -0.5139
vn -0.7957 -0.5489 0.2560
vn -0.7975 -0.5485 0.2513
vn -0.7187 -0.4536 0.5270
vn -0.7291 -0.4578 0.5088
vn 0.8532 0.4517 -0.2609
vn 0.8671 0.4305 -0.2508
vn 0.8902 0.3818 -0.2485
vn 0.8820 0.4129 0.2272
vn 0.8547 0.4745 0.2105
vn 0.5880 0.2856 0.7568
vn 0.5698 0.3558 0.7408
vn 0.0493 0.0402 0.9980
vn 0.0130 -0.0059 0.9999
vn 0.0303 -0.1217 0.9921
vn 0.6269 0.2156 0.7487
vn 0.9063 0.3377 0.2542
vn 0.4617 -0.0065 0.8870
vn 0.8705 0.1999 0.4498
vn 0.6965 0.0697 0.7142
vn 0.2827 -0.0989 0.9541
vn 0.9040 0.2910 -0.3132
vn 0.9660 0.2574 -0.0257
vn 0.9117 0.0902 -0.4009
vn 0.9816 0.1525 -0.1147
vn 0.6615 -0.0360 -0.7491
vn 0.9911 0.0532 0.1223
vn 0.9835 0.1205 -0.1349
vn 0.5439 0.2488 -0.8014
vn 0.4360 0.1603 -0.8856
vn 0.4127 0.0331 -0.9102
vn 0.5899 0.3323 -0.7359
vn 0.7218 0.3121 -0.6177
vn 0.7978 0.1413 -0.5861
vn 0.9700 0.2328 0.0705
vn 0.9350 0.3534 -0.0288
vn 0.4507 0.6579 0.6033
vn 0.7360 0.6137 0.2859
vn -0.1830 0.6647 0.7244
vn 0.8309 0.5485 -0.0938
vn 0.6592 -0.0729 -0.7484
vn 0.6769 0.7202 0.1522
vn 0.7137 0.6694 -0.2063
vn 0.6987 -0.0720 -0.7118
vn 0.7395 -0.0062 -0.6732
vn 0.5420 0.7369 -0.4039
vn 0.5744 0.8180 0.0312
vn 0.3791 0.8970 -0.2273
vn -0.1894 0.7665 0.6137
vn 0.4377 0.6110 0.6596
vn -0.1205 0.8161 0.5653
vn 0.3341 0.4842 0.8087
vn 0.1767 0.2921 0.9399
vn 0.0353 0.8346 0.5497
vn 0.0238 0.2298 0.9730
vn 0.1086 0.7938 0.5984
vn -0.0768 -0.3043 0.9495
vn 0.9526 -0.0095 0.3040
vn -0.0112 -0.2625 0.9649
vn -0.1448 -0.3243 0.9348
vn -0.2495 -0.3540 0.9013
vn -0.1500 -0.3227 0.9345
vn -0.0200 -0.2273 0.9736
vn -0.1962 -0.2140 0.9569
vn -0.2195 -0.1450 0.9648
vn -0.2317 -0.1038 0.9672
vn -0.2052 -0.1220 0.9711
vn 0.0596 0.0374 0.9975
vn 0.5901 0.3997 0.7015
vn 0.8699 0.4734 0.1386
vn -0.3313 0.1585 0.9301
vn -0.4182 0.2016 0.8857
vn -0.2248 0.5374 0.8128
vn -0.3538 0.4582 0.8154
vn -0.0142 0.6413 0.7672
vn -0.1281 0.1840 0.9746
vn -0.2428 -0.3159 -0.9172
vn -0.8316 -0.0868 0.5485
vn -0.9786 0.0540 0.1984
vn -0.8607 -0.2044 0.4664
vn -0.9336 0.0748 0.3504
vn -0.5289 -0.5567 0.6406
vn -0.9925 -0.0297 -0.1182
vn -0.8960 -0.3660 0.2514
vn -0.9241 0.0522 -0.3787
vn -0.8940 -0.4405 0.0823
vn -0.9152 0.2237 -0.3353
vn -0.8948 -0.4397 -0.0772
vn -0.9386 0.2605 -0.2260
vn -0.8757 -0.3567 -0.3256
vn -0.7960 -0.3223 -0.5123
vn -0.9818 0.1244 -0.1436
vn -0.1199 -0.7755 -0.6199
vn -0.2476 0.6501 -0.7184
vn 0.0628 0.6486 -0.7585
vn 0.0696 0.6210 -0.7807
vn -0.1905 0.7016 -0.6866
vn 0.5142 0.5165 -0.6847
vn 0.1239 0.6019 -0.7889
vn 0.6749 0.6659 -0.3179
vn 0.2653 0.7847 -0.5602
vn 0.6306 0.7422 0.2268
vn -0.2649 0.5533 -0.7897
vn -0.2593 0.6690 -0.6966
vn -0.5654 0.7340 -0.3763
vn 0.1016 0.9769 -0.1879
vn -0.6180 0.7844 -0.0529
vn -0.0321 0.9661 0.2561
vn -0.6858 0.6622 0.3018
vn -0.2254 0.8089 0.5431
vn -0.3672 0.5814 0.7260
vn -0.8106 0.3811 0.4445
vn 0.1233 0.5103 0.8511
vn -0.5782 0.2972 0.7599
vn -0.9555 0.1985 0.2182
vn -0.5536 0.1113 0.8253
vn -0.8947 0.0811 0.4392
vn -0.5887 -0.0090 0.8083
vn -0.8489 0.0973 0.5194
vn -0.6668 0.0685 0.7421
vn -0.8188 0.2170 0.5315
vn -0.7104 0.0759 0.6997
vn -0.7541 0.2857 0.5914
vn -0.6724 0.3296 0.6627
vn -0.7394 0.0255 0.6728
vn -0.6051 0.2663 0.7503
vn -0.7201 -0.1095 0.6852
vn -0.5282 0.3371 0.7793
vn -0.7986 -0.0686 0.5980
vn -0.4878 0.4980 0.7170
vn -0.8792 0.0629 0.4722
vn -0.8766 -0.4615 0.1361
vn -0.7215 -0.5715 0.3908
vn -0.4800 -0.3653 0.7976
vn -0.7455 -0.3629 0.5591
vn -0.9448 -0.2726 -0.1815
vn -0.9828 0.0916 0.1601
vn -0.7206 0.4428 0.5335
vn -0.7382 0.6254 0.2529
vn -0.9640 0.2301 -0.1334
vn -0.7870 0.4252 -0.4470
vn -0.5397 0.8419 0.0005
vn -0.4074 0.5884 -0.6984
vn -0.2206 0.9528 -0.2086
vn 0.1148 0.5850 -0.8029
vn 0.0770 0.8385 -0.5394
vn -0.0287 0.2037 -0.9786
vn -0.4978 -0.0576 -0.8654
vn -0.7956 -0.1894 -0.5755
vn 0.3188 0.8711 -0.3735
vn 0.3309 0.6612 -0.6734
vn 0.3041 0.3594 -0.8822
vn 0.2852 0.7180 -0.6349
vn 0.2274 0.7610 -0.6076
vn 0.2016 0.9104 -0.3614
vn 0.1322 0.9074 -0.3988
vn -0.3483 -0.0535 0.9358
vn -0.0827 -0.1138 0.9901
vn -0.4800 -0.3652 0.7976
vn 0.0232 0.1802 0.9833
vn 0.3758 0.6936 0.6145
vn -0.6716 0.6583 0.3401
vn -0.1696 0.7938 0.5840
vn -0.6317 0.7648 0.1264
vn -0.3988 0.6548 0.6420
vn -0.9475 0.2468 -0.2033
vn -0.9503 0.2668 0.1602
vn -0.9588 -0.1321 -0.2514
vn -0.9904 0.0999 -0.0958
vn -0.9414 -0.1359 -0.3088
vn -0.9271 -0.0390 -0.3728
vn -0.8870 0.1726 -0.4282
vn -0.8914 0.0017 -0.4533
vn -0.8783 0.0813 -0.4712
vn -0.8510 0.2504 -0.4617
vn -0.6784 0.7231 0.1295
vn -0.6018 0.7979 -0.0362
vn -0.0455 0.9550 0.2932
vn 0.1496 0.8334 0.5321
vn -0.0790 0.8610 0.5024
vn 0.2187 0.8016 0.5564
vn 0.1495 0.7481 0.6465
vn -0.7178 0.6326 0.2908
vn -0.1633 0.6210 0.7666
vn 0.1424 0.6519 0.7448
vn 0.0924 0.6100 0.7870
vn -0.2396 0.6113 0.7542
vn 0.9266 0.0698 0.3696
vn -0.0653 -0.9673 -0.2452
vn 0.1671 -0.8231 -0.5428
vn 0.4329 -0.8957 0.1018
vn 0.3684 -0.7326 -0.5723
vn -0.2174 -0.9454 0.2427
vn 0.0177 -0.8058 0.5919
vn 0.3702 -0.5977 0.7111
vn 0.7358 -0.4805 0.4772
vn 0.8931 -0.4059 0.1940
vn 0.8927 -0.4470 -0.0578
vn 0.6993 -0.5965 -0.3939
vn 0.8198 0.4657 -0.3332
vn 0.7289 0.4192 -0.5412
vn 0.7723 0.4136 -0.4821
vn 0.7965 0.4901 -0.3541
vn 0.8477 0.5303 0.0155
vn 0.8318 0.5547 -0.0191
vn 0.7644 0.5388 0.3542
vn 0.7317 0.5346 0.4229
vn 0.4356 0.3997 0.8065
vn 0.4496 0.4141 0.7914
vn 0.6300 0.4953 0.5981
vn 0.4898 0.4188 0.7647
vn 0.4717 0.4826 0.7380
vn 0.4768 0.3503 0.8062
vn 0.3506 0.3426 0.8716
vn 0.1130 0.2629 0.9582
vn 0.0035 0.1985 0.9801
vn -0.1907 0.1041 0.9761
vn -0.3057 0.0557 0.9505
vn -0.6519 -0.1299 0.7471
vn -0.6496 -0.1324 0.7486
vn -0.8628 -0.2829 0.4189
vn -0.8906 -0.3228 0.3202
vn -0.9156 -0.3514 0.1955
vn -0.8993 -0.4369 0.0195
vn -0.8777 -0.3978 -0.2671
vn -0.7851 -0.4630 -0.4114
vn -0.5137 -0.2933 -0.8063
vn -0.5124 -0.3099 -0.8009
vn -0.6017 -0.4518 -0.6587
vn -0.6974 -0.5445 -0.4660
vn -0.6297 -0.4651 -0.6222
vn -0.2287 -0.1634 -0.9597
vn -0.1716 -0.1074 -0.9793
vn 0.0932 0.0566 -0.9940
vn 0.1349 0.1001 -0.9858
vn 0.2723 0.1793 -0.9453
vn 0.2376 0.1400 -0.9612
vn -0.7949 -0.5613 -0.2306
vn -0.7236 -0.5417 -0.4277
vn -0.8325 -0.0080 0.5540
vn -0.8899 0.3699 0.2668
vn -0.9201 -0.0090 0.3916
vn -0.8785 0.2411 0.4124
vn -0.8998 0.4211 0.1137
vn -0.9969 -0.0654 0.0440
vn -0.9129 0.3819 0.1442
vn -0.9540 -0.1996 -0.2235
vn -0.9327 0.1073 0.3444
vn -0.9389 -0.2952 -0.1769
vn -0.5895 -0.7443 0.3139
vn -0.5378 -0.7380 0.4076
vn -0.6026 -0.7965 -0.0490
vn -0.5380 -0.7751 -0.3313
vn -0.1614 -0.9866 0.0249
vn -0.2567 -0.9597 0.1143
vn -0.1370 -0.9749 -0.1753
vn -0.1562 -0.9408 -0.3009
vn -0.8293 -0.5475 -0.1121
vn -0.8157 -0.3165 0.4843
vn -0.7037 -0.4745 0.5288
vn -0.7030 -0.4788 0.5259
vn -0.2433 -0.6983 -0.6732
vn 0.0405 -0.9237 -0.3809
vn -0.0065 -0.5332 -0.8460
vn -0.0014 0.3225 -0.9466
vn 0.2008 0.4577 -0.8661
vn 0.0841 0.9040 -0.4191
vn 0.1072 0.8201 -0.5621
vn -0.0854 0.8588 -0.5051
vn 0.4127 0.4761 -0.7765
vn 0.2150 -0.3904 -0.8952
vn 0.7329 -0.2612 -0.6282
vn 0.1245 -0.6509 -0.7489
vn 0.7559 -0.4235 -0.4992
vn -0.0780 -0.7828 -0.6174
vn -0.1342 0.2873 -0.9484
vn 0.0348 0.7445 -0.6667
vn -0.0942 0.6067 -0.7894
vn -0.0150 0.6706 -0.7417
vn 0.9853 -0.1500 0.0813
vn 0.9736 0.0542 -0.2217
vn 0.9616 -0.1433 0.2341
vn 0.9916 0.1284 0.0145
vn 0.9139 -0.1644 0.3711
vn 0.9153 0.1782 0.3611
vn 0.7130 0.0660 0.6981
vn 0.1809 0.5305 0.8281
vn 0.2541 0.4456 0.8584
vn 0.8228 0.4318 0.3694
vn -0.4117 0.6661 0.6220
vn -0.0764 0.4869 0.8701
vn -0.4082 0.7108 0.5728
vn -0.4106 0.3715 0.8327
vn -0.3991 0.3291 0.8558
vn -0.5729 0.6146 0.5422
vn -0.4906 0.1993 0.8483
vn -0.5523 0.4838 0.6789
vn 0.7954 -0.3047 0.5239
vn 0.4411 -0.1663 0.8819
vn 0.6606 -0.5074 0.5533
vn 0.1379 -0.4256 0.8943
vn 0.4493 -0.7198 0.5292
vn 0.0082 -0.5041 0.8636
vn 0.3433 -0.7737 0.5324
vn 0.1797 0.3173 0.9311
vn -0.3438 0.0199 0.9388
vn 0.7425 0.4884 0.4584
vn 0.5404 0.8035 -0.2498
vn 0.6138 0.6853 -0.3919
vn 0.0548 0.7223 -0.6894
vn -0.1324 0.7314 -0.6690
vn 0.4778 0.6221 -0.6203
vn 0.1493 0.7983 -0.5835
vn 0.3053 0.8712 -0.3845
vn -0.2953 -0.0970 0.9505
vn 0.2009 0.8409 -0.5026
vn -0.2585 -0.1082 0.9599
vn -0.4585 -0.4504 -0.7661
vn -0.3653 -0.4683 -0.8045
vn -0.6925 -0.4994 -0.5207
vn 0.5870 0.4325 0.6844
vn 0.7458 -0.2572 -0.6145
vn 0.6790 -0.6511 -0.3392
vn 0.8275 -0.4729 -0.3028
vn 0.7255 -0.2640 -0.6356
vn 0.5466 -0.4332 -0.7166
vn 0.6701 -0.4929 -0.5550
vn -0.0134 -0.4690 -0.8831
vn 0.1543 -0.1223 -0.9804
vn 0.7435 -0.2989 -0.5982
vn 0.5027 -0.7390 -0.4485
vn 0.8658 -0.4343 -0.2484
vn 0.8615 -0.5077 0.0127
vn 0.8112 -0.1633 0.5615
vn 0.9868 -0.1175 0.1112
vn 0.7800 -0.0683 0.6221
vn 0.5975 -0.0829 0.7976
vn 0.4523 0.1250 -0.8831
vn 0.6579 0.4243 -0.6222
vn 0.8370 -0.0126 -0.5470
vn 0.6045 0.1202 -0.7875
vn -0.2048 -0.2225 -0.9532
vn -0.4273 -0.5475 -0.7195
vn -0.5678 -0.4802 -0.6686
vn -0.2873 -0.1569 -0.9449
vn -0.5911 0.1975 -0.7820
vn -0.7083 0.2862 -0.6452
vn -0.6683 0.5347 -0.5171
vn -0.5279 0.4605 -0.7136
vn -0.8167 0.2246 -0.5316
vn -0.3558 0.4323 -0.8285
vn -0.4225 0.5007 -0.7556
vn -0.8539 -0.0856 -0.5134
vn -0.6891 0.6680 -0.2809
vn -0.8163 0.5731 0.0718
vn -0.1253 0.9617 0.2437
vn -0.0712 0.9878 -0.1384
vn -0.1366 0.7255 -0.6745
vn -0.4144 0.8061 -0.4225
vn 0.0173 0.3250 -0.9455
vn 0.2270 0.4027 -0.8867
vn -0.0085 0.6673 -0.7448
vn 0.3432 0.6524 -0.6758
vn 0.5307 0.4311 -0.7297
vn 0.2308 0.8719 -0.4319
vn -0.0266 0.7254 -0.6878
vn -0.1181 0.7279 -0.6755
vn -0.1318 0.7307 -0.6698
vn 0.4264 0.7863 -0.4472
vn 0.1657 0.8727 -0.4593
vn 0.1684 0.8684 -0.4664
vn 0.3889 0.2323 -0.8915
vn 0.2764 0.2296 -0.9332
vn -0.3174 -0.4283 0.8461
vn 0.6088 -0.1692 0.7751
vn 0.3773 -0.7937 0.4773
vn -0.2868 0.6548 0.6992
vn -0.0269 0.8426 0.5379
vn -0.4623 -0.2969 0.8355
vn -0.6493 0.3197 0.6900
vn -0.5199 -0.4024 0.7535
vn -0.8542 0.0581 0.5167
vn -0.7919 0.5974 -0.1264
vn -0.8215 0.5666 -0.0633
vn -0.6311 0.7733 0.0617
vn 0.1853 0.9071 0.3779
vn 0.2116 0.9770 -0.0254
vn -0.3919 0.9154 0.0921
vn 0.0682 0.9357 -0.3462
vn 0.9861 0.1576 -0.0527
vn 0.9349 0.0200 -0.3543
vn -0.1934 0.7777 -0.5981
vn 0.7625 -0.1138 -0.6369
vn -0.8324 0.4848 0.2684
vn -0.6471 0.7596 -0.0655
vn -0.2622 0.7852 -0.5610
vn 0.2504 0.3181 -0.9144
vn -0.8302 0.4855 0.2740
vn 0.7967 -0.5719 -0.1954
vn 0.8019 -0.4701 -0.3686
vn 0.8957 -0.4360 -0.0872
vn 0.9053 -0.4235 0.0327
vn 0.9349 0.0035 0.3550
vn 0.6787 -0.6648 0.3122
vn -0.5606 -0.4558 0.6914
vn -0.5970 -0.5673 0.5673
vn -0.1352 -0.8766 0.4618
vn 0.1162 -0.7966 0.5932
vn -0.9040 0.4175 0.0917
vn -0.4677 -0.4324 0.7709
vn 0.4262 -0.6989 0.5743
vn -0.1663 -0.9860 0.0103
vn 0.6827 -0.6216 0.3842
vn -0.8216 0.2862 0.4931
vn -0.9075 0.1922 -0.3735
vn -0.7920 -0.4112 -0.4513
vn -0.5753 -0.5727 -0.5840
vn -0.7319 0.2785 -0.6219
vn -0.4455 -0.0320 -0.8947
vn -0.1661 -0.8658 -0.4720
vn -0.1664 -0.9860 0.0104
vn -0.9984 0.0265 -0.0491
vn 0.0074 -0.7791 -0.6269
vn 0.0842 -0.9170 -0.3899
vn 0.1200 0.7355 -0.6669
vn -0.4234 0.5442 -0.7243
vn -0.0791 0.1704 -0.9822
vn -0.3135 0.6117 -0.7263
vn -0.7362 0.6123 -0.2881
vn -0.7333 0.6731 -0.0963
vn -0.8425 0.2313 0.4865
vn -0.4394 0.5954 -0.6727
vn -0.5933 -0.3048 0.7451
vn -0.6448 -0.2910 0.7068
vn -0.5809 -0.3158 0.7502
vn -0.4818 -0.3921 0.7837
vn -0.6208 -0.5016 0.6026
vn -0.4486 -0.3501 0.8223
vn -0.2957 -0.8235 0.4842
vn 0.1793 -0.6107 0.7713
vn 0.1642 -0.9001 0.4036
vn 0.6280 -0.6889 0.3620
vn -0.6664 -0.7187 0.1982
vn -0.6178 0.5383 0.5732
vn -0.4602 0.1408 0.8766
vn -0.4306 0.7943 0.4286
vn -0.4421 0.4407 0.7812
vn -0.4678 -0.0414 0.8829
vn -0.4454 0.1183 0.8875
vn -0.7016 0.0636 0.7097
vn -0.5155 -0.1181 0.8487
vn -0.8901 0.4082 0.2029
vn -0.3686 -0.0586 0.9277
vn -0.3416 0.1652 0.9252
vn -0.5893 0.1219 0.7986
vn -0.4969 0.2451 0.8325
vn -0.8359 -0.2880 0.4673
vn -0.8446 -0.2881 -0.4512
vn -0.8161 0.3172 -0.4831
vn -0.4376 -0.3508 0.8279
vn -0.2683 -0.1654 0.9490
vn -0.3000 0.9517 -0.0657
vn -0.3039 0.9304 -0.2051
vn -0.3551 0.0080 -0.9348
vn -0.0779 -0.0171 -0.9968
vn -0.3877 0.9206 0.0471
vn -0.5619 0.7499 -0.3493
vn -0.4224 0.4810 -0.7682
vn -0.2543 0.5223 -0.8140
vn 0.2665 0.0916 -0.9595
vn 0.3142 0.1442 -0.9383
vn 0.6588 0.3275 -0.6773
vn 0.6195 0.2467 -0.7452
vn 0.9232 0.3424 0.1747
vn 0.7432 0.3196 -0.5877
vn 0.5129 0.1481 -0.8456
vn 0.8611 0.4842 0.1551
vn 0.5784 0.1660 0.7987
vn 0.5325 0.2834 0.7976
vn 0.3250 0.0899 0.9414
vn 0.3105 0.1635 0.9364
vn 0.8879 0.0627 0.4558
vn 0.6077 0.1227 0.7846
vn 0.3119 0.1969 0.9295
vn 0.5341 0.6041 0.5915
vn 0.1389 0.5361 0.8326
vn 0.9716 0.2252 0.0726
vn 0.6905 0.4778 0.5431
vn 0.9777 0.0405 0.2063
vn 0.0151 0.5995 0.8002
vn -0.2636 0.5054 0.8216
vn 0.1984 0.0840 0.9765
vn 0.7139 -0.1560 0.6827
vn -0.3023 0.3790 0.8746
vn -0.4093 0.1189 0.9046
vn -0.5713 0.1469 0.8075
vn 0.9479 -0.0314 -0.3170
vn 0.9932 0.1084 0.0414
vn 0.9047 -0.2788 0.3221
vn 0.9608 -0.1170 -0.2513
vn 0.8653 -0.4727 -0.1665
vn 0.6908 -0.6850 -0.2314
vn 0.8119 -0.5360 -0.2313
vn 0.8714 -0.2739 -0.4071
vn 0.7857 -0.5606 -0.2615
vn 0.8328 -0.0224 -0.5531
vn 0.6684 -0.7308 -0.1382
vn 0.7745 -0.6168 0.1405
vn 0.8148 -0.5089 -0.2778
vn 0.7478 -0.1435 -0.6482
vn 0.7830 -0.5909 -0.1945
vn 0.8988 -0.3879 0.2044
vn 0.6090 -0.7310 -0.3079
vn 0.3627 -0.9268 -0.0976
vn 0.6880 0.0969 -0.7192
vn 0.6736 -0.1794 -0.7170
vn 0.2953 -0.3672 -0.8820
vn 0.5559 0.0648 -0.8288
vn 0.2892 -0.2040 -0.9353
vn 0.0560 -0.6576 -0.7513
vn 0.1202 -0.3936 -0.9114
vn -0.1332 -0.4297 -0.8931
vn -0.3144 -0.5152 -0.7973
vn -0.4664 -0.4241 -0.7763
vn -0.2387 -0.1818 -0.9539
vn -0.3246 -0.2964 -0.8982
vn -0.8456 0.2592 -0.4666
vn -0.4780 -0.3881 -0.7880
vn -0.9248 0.2942 -0.2411
vn -0.8172 -0.4603 -0.3468
vn 0.4583 -0.8294 -0.3193
vn 0.4554 -0.8903 -0.0026
vn 0.8573 -0.4909 0.1555
vn 0.3706 -0.8969 0.2414
vn 0.8116 -0.5539 0.1856
vn 0.6997 -0.6888 0.1894
vn 0.2860 -0.8508 0.4409
vn 0.6482 -0.6988 0.3025
vn 0.5754 -0.6432 0.5052
vn -0.6602 -0.6519 0.3730
vn -0.6735 -0.7304 0.1139
vn -0.9635 0.2643 -0.0418
vn -0.9710 0.2139 0.1067
vn -0.6018 -0.5903 0.5379
vn 0.2577 -0.7572 0.6002
vn -0.7212 0.6701 -0.1756
vn -0.7719 0.6231 -0.1261
vn -0.5941 0.8022 -0.0593
vn -0.7418 0.6696 -0.0376
vn -0.8658 0.4974 -0.0540
vn -0.8538 0.5165 0.0653
vn -0.9481 0.1698 0.2689
vn -0.5213 -0.4523 -0.7237
vn 0.2736 -0.8553 -0.4400
vn -0.7861 -0.1820 -0.5907
vn -0.8508 0.0704 -0.5207
vn -0.9986 -0.0000 -0.0520
vn -0.8501 0.0588 -0.5233
vn -0.2508 -0.0434 -0.9671
vn -0.6197 -0.5306 -0.5783
vn -0.9114 0.2879 -0.2942
vn -0.1126 0.1205 -0.9863
vn 0.0074 -0.7790 -0.6269
vn -0.1330 -0.9260 -0.3534
vn -0.1221 0.4583 -0.8804
vn -0.0765 0.3720 -0.9251
vn 0.2225 -0.0942 -0.9704
vn 0.6511 -0.2666 -0.7106
vn -0.4754 -0.1874 0.8596
vn -0.3799 0.1246 0.9166
vn 0.3120 -0.3474 0.8843
vn 0.6173 -0.6671 0.4171
vn -0.3459 0.0046 0.9383
vn 0.2396 0.1793 0.9542
vn 0.7236 -0.1988 0.6610
vn 0.8496 0.1280 0.5116
vn 0.9175 -0.3166 0.2406
vn 0.9403 0.3305 -0.0809
vn -0.0393 0.9973 0.0614
vn 0.0837 0.9801 -0.1800
vn -0.5158 0.8566 0.0099
vn -0.4389 0.8955 0.0739
vn -0.6621 0.6992 0.2698
vn -0.2823 0.7466 0.6024
vn 0.9032 0.3169 -0.2895
vn -0.1406 0.9100 -0.3899
vn 0.9332 0.1276 -0.3359
vn -0.5521 0.8237 -0.1289
vn 0.9836 -0.1566 -0.0901
vn 0.9531 -0.2587 -0.1572
vn 0.9613 -0.2468 -0.1226
vn 0.9895 -0.0927 -0.1108
vn -0.4320 0.7881 -0.4385
vn -0.8521 0.2466 0.4616
vn 0.3461 0.3239 -0.8805
vn -0.0708 0.8221 -0.5650
vn 0.9654 -0.2132 -0.1505
vn 0.7053 -0.6934 -0.1474
vn 0.2735 -0.9518 -0.1388
vn 0.7349 -0.6781 0.0103
vn 0.2938 -0.9334 0.2058
vn 0.6921 -0.7182 0.0722
vn 0.3258 -0.8524 0.4091
vn 0.6515 -0.7311 0.2025
vn 0.5843 -0.6796 0.4435
vn -0.0519 -0.8188 -0.5717
vn -0.5843 -0.5528 0.5942
vn -0.7038 -0.6438 0.3004
vn -0.9570 -0.0608 0.2836
vn -0.9008 0.1246 0.4161
vn -0.9167 -0.3896 -0.0884
vn -0.8584 0.1983 -0.4731
vn 0.2151 -0.7511 0.6241
vn -0.5210 -0.4255 0.7399
vn -0.8418 0.3285 0.4284
vn -0.7311 0.6122 0.3011
vn 0.1362 0.9708 0.1977
vn 0.9612 0.2757 -0.0135
vn 0.8840 0.2200 0.4126
vn 0.2636 0.9483 -0.1769
vn 0.9572 0.1529 -0.2456
vn 0.9849 -0.1669 -0.0449
vn 0.9815 -0.1505 0.1182
vn 0.9700 0.0634 -0.2349
vn 0.9838 -0.1561 -0.0876
vn 0.1605 0.8608 -0.4830
vn 0.9208 -0.2529 0.2970
vn 0.6395 0.1013 0.7621
vn 0.7071 -0.5903 0.3893
vn -0.1503 0.7894 0.5953
vn -0.2877 0.9570 0.0383
vn -0.5383 0.7880 0.2988
vn -0.7903 0.5194 0.3250
vn -0.2427 0.9047 -0.3503
vn -0.2146 0.9640 -0.1570
vn -0.0871 0.8582 -0.5059
vn 0.5595 0.5247 -0.6416
vn -0.2699 0.8458 -0.4602
vn 0.6118 -0.7213 0.3248
vn -0.9504 0.2914 0.1089
vn -0.5657 0.6555 0.5002
vn -0.8847 0.4532 0.1093
vn -0.8052 0.5915 -0.0427
vn -0.4283 0.8672 0.2541
vn 0.3397 0.4801 0.8088
vn 0.5355 0.6484 0.5412
vn -0.2724 0.9586 -0.0827
vn 0.6071 0.7739 0.1805
vn 0.8115 0.5119 0.2820
vn 0.7362 0.3628 0.5713
vn 0.7321 0.6415 -0.2292
vn 0.9259 0.3742 0.0509
vn 0.9512 0.2464 -0.1856
vn 0.9939 0.0351 0.1042
vn -0.3355 0.8464 -0.4137
vn 0.3854 0.6773 -0.6267
vn -0.8211 0.5192 -0.2370
vn -0.7191 0.6655 -0.2000
vn 0.6955 0.1582 0.7009
vn -0.3985 0.8240 -0.4028
vn -0.8098 0.5181 -0.2754
vn -0.9956 0.0887 0.0315
vn 0.5807 -0.7370 0.3459
vn 0.8866 -0.3067 0.3463
vn 0.9180 -0.2582 0.3009
vn 0.5943 -0.7516 0.2861
vn 0.9063 -0.2022 0.3711
vn 0.7230 -0.6857 0.0847
vn 0.9267 -0.2930 0.2352
vn 0.7955 -0.5822 -0.1680
vn -0.0237 -0.5959 -0.8027
vn 0.0570 -0.6659 -0.7438
vn -0.6095 -0.3731 -0.6995
vn -0.7779 -0.4120 -0.4745
vn 0.6924 -0.5234 -0.4967
vn -0.6206 -0.1152 -0.7756
vn -0.3898 -0.9187 -0.0638
vn -0.7779 -0.4121 -0.4744
vn -0.8474 -0.4589 -0.2670
vn -0.8105 -0.5480 -0.2071
vn 0.2297 -0.9706 0.0721
vn -0.4004 -0.9129 0.0790
vn -0.3404 -0.9180 0.2037
vn 0.5055 -0.7353 0.4514
vn 0.7978 -0.4445 0.4074
vn -0.7843 -0.6184 -0.0495
vn -0.7800 -0.6246 0.0387
vn 0.5991 -0.7996 -0.0415
vn -0.8103 -0.0794 0.5806
vn -0.7627 -0.2571 0.5935
vn -0.9594 0.0337 0.2800
vn -0.6678 -0.6104 -0.4259
vn -0.9461 0.3086 -0.0987
vn -0.4924 -0.3437 -0.7997
vn -0.8098 0.5186 -0.2743
vn -0.7704 0.5618 0.3015
vn -0.7604 0.4176 0.4975
vn -0.6443 0.7235 0.2478
vn -0.5294 0.8241 -0.2015
vn -0.2555 -0.0213 -0.9666
vn -0.0651 0.2835 -0.9568
vn -0.2497 -0.9604 0.1233
vn -0.1949 -0.8200 -0.5382
vn 0.1141 -0.1011 -0.9883
vn 0.0395 -0.1510 -0.9877
vn -0.0358 -0.5061 -0.8617
vn -0.7009 0.2330 0.6741
vn -0.6458 0.2611 0.7175
vn -0.5040 0.3061 0.8076
vn -0.7736 -0.2243 0.5927
vn -0.1461 0.3709 0.9171
vn 0.7487 -0.5143 -0.4184
vn 0.6825 -0.7293 -0.0472
vn 0.5984 -0.6741 -0.4331
vn 0.7739 -0.6319 -0.0408
vn 0.5266 -0.8422 -0.1155
vn 0.4206 -0.7991 -0.4296
vn 0.7704 -0.3870 -0.5066
vn 0.7517 -0.4904 -0.4410
vn 0.5631 -0.6946 0.4477
vn 0.5219 -0.5287 0.6695
vn 0.4440 -0.5326 0.7206
vn 0.3133 -0.7043 0.6370
vn 0.8911 -0.3899 0.2321
vn 0.5214 -0.4131 0.7466
vn 0.0123 -0.2381 0.9712
vn 0.2816 -0.4508 0.8471
vn 0.1499 -0.0163 0.9886
vn 0.7519 -0.5989 -0.2756
vn 0.9040 0.2225 -0.3650
vn 0.7400 0.2418 0.6277
vn -0.0722 0.6344 0.7696
vn -0.1661 -0.2346 0.9578
vn -0.5077 0.0547 0.8598
vn -0.3115 0.0582 0.9485
vn -0.2530 0.1719 0.9521
vn -0.0332 -0.0457 0.9984
vn -0.3216 0.0927 0.9423
vn -0.1270 0.0313 0.9914
vn -0.4935 0.0218 0.8695
vn -0.2805 0.2042 0.9379
vn 0.5272 -0.3488 0.7749
vn 0.6679 -0.5686 0.4802
vn 0.3824 -0.7583 -0.5280
vn 0.4553 -0.8903 -0.0026
vn 0.1264 -0.6934 -0.7094
vn 0.2734 -0.9518 -0.1388
vn -0.1107 -0.8935 -0.4353
vn -0.1664 -0.9860 0.0103
vn -0.1468 -0.9887 -0.0311
vn -0.1572 -0.9022 0.4017
vn 0.7033 0.0284 -0.7103
vn -0.9256 -0.0669 0.3726
vn 0.6955 -0.3992 0.5974
vn 0.4118 -0.4231 0.8071
vn 0.3882 -0.5552 0.7356
vn 0.6521 -0.3167 0.6888
vn 0.0365 -0.3552 0.9341
vn 0.7950 -0.5168 0.3177
vn 0.6073 -0.7503 0.2612
vn -0.3697 -0.4165 0.8306
vn -0.3892 -0.6363 0.6660
vn -0.7328 -0.2101 0.6473
vn -0.7492 -0.3311 0.5737
vn -0.1798 -0.9081 -0.3783
vn -0.9067 -0.3977 0.1404
vn 0.6931 -0.5110 -0.5084
vn 0.7741 -0.4341 -0.4608
vn 0.2039 -0.3249 -0.9235
vn -0.5400 0.0084 -0.8416
vn -0.5227 0.0277 -0.8520
vn 0.7970 -0.4512 -0.4015
vn -0.8046 0.5932 0.0283
vn -0.9401 0.2174 0.2626
vn -0.8924 0.2780 0.3555
vn -0.8494 0.4938 -0.1862
vn -0.0880 0.9557 -0.2809
vn -0.0478 0.8107 -0.5835
vn -0.4947 0.8691 0.0049
vn -0.9881 0.1277 0.0856
vn -0.8291 0.2838 -0.4818
vn -0.7890 0.0664 -0.6108
vn -0.4373 0.2878 -0.8520
vn 0.8033 0.5077 -0.3113
vn 0.7140 0.6976 -0.0594
vn 0.9825 0.1864 -0.0000
vn 0.9195 0.3022 0.2515
vn 0.8394 0.3940 0.3744
vn 0.2574 0.9658 0.0316
vn 0.3182 0.2874 -0.9034
vn -0.5034 -0.0163 -0.8639
vn -0.3640 -0.2160 -0.9060
vn -0.5228 0.0339 -0.8518
vn -0.2840 -0.1429 -0.9481
vn -0.3224 -0.2229 -0.9200
vn 0.8844 -0.0694 -0.4615
vn 0.9306 -0.1932 -0.3108
vn 0.6306 -0.4311 -0.6453
vn 0.6898 -0.4797 -0.5422
vn 0.5693 -0.3254 -0.7550
vn 0.4383 0.3952 -0.8073
vn 0.3797 0.4155 -0.8266
vn 0.3822 0.4146 -0.8258
vn 0.3234 0.4328 -0.8415
vn 0.6052 -0.5760 0.5495
vn 0.3750 -0.5070 0.7761
vn 0.3081 -0.6023 0.7364
vn 0.6135 -0.4938 0.6163
vn 0.6101 -0.4195 0.6721
vn 0.6048 -0.7346 0.3077
vn 0.3525 -0.9012 0.2523
vn -0.3326 -0.2318 0.9141
vn -0.4182 -0.3510 0.8378
vn -0.2793 -0.1942 0.9404
vn -0.7372 0.3382 0.5850
vn -0.8337 0.2548 0.4899
vn -0.8300 0.5025 0.2421
vn -0.7513 0.5526 0.3607
vn -0.6707 0.5954 0.4424
vn -0.8943 0.4441 -0.0542
vn -0.9878 0.1381 -0.0727
vn -0.0107 -0.6240 0.7814
vn -0.7648 -0.0560 0.6419
vn 0.3826 -0.7758 -0.5017
vn 0.4104 -0.7900 -0.4554
vn 0.3850 -0.8278 -0.4081
vn 0.3827 -0.8317 -0.4023
vn -0.6114 0.1418 -0.7785
vn -0.6448 0.1217 -0.7546
vn -0.7375 0.0484 -0.6736
vn -0.7478 0.0434 -0.6625
vn -0.2380 0.9388 -0.2491
vn 0.0357 0.7281 -0.6846
vn -0.2816 0.8310 -0.4798
vn 0.1765 0.9133 -0.3670
vn -0.1666 0.9860 -0.0105
vn -0.3695 0.3735 -0.8509
vn -0.4803 0.5668 -0.6693
vn 0.8130 0.1681 -0.5575
vn 0.8596 0.4494 -0.2432
vn 0.9999 -0.0075 0.0141
vn 0.9591 -0.1658 -0.2296
vn 0.9717 0.1159 0.2057
vn 0.6722 -0.3425 -0.6564
vn 0.7223 -0.4898 -0.4882
vn 0.5122 0.8574 -0.0505
vn 0.2375 0.0758 -0.9684
vn 0.4243 -0.5963 -0.6815
vn 0.3975 -0.6955 -0.5986
vn 0.0002 -0.2924 -0.9563
vn -0.5864 0.0448 -0.8088
vn -0.6774 0.1219 -0.7254
vn 0.3484 -0.2271 -0.9094
vn 0.1397 -0.0607 -0.9883
vn 0.1455 -0.0653 -0.9872
vn -0.0702 0.1029 -0.9922
vn 0.6092 -0.5861 0.5341
vn 0.4552 -0.4380 0.7752
vn 0.3550 -0.5372 0.7651
vn 0.6413 -0.4957 0.5857
vn 0.6620 -0.4150 0.6242
vn 0.5293 -0.7900 0.3093
vn 0.2647 -0.9123 0.3125
vn -0.1445 -0.0248 0.9892
vn -0.2607 -0.1473 0.9541
vn -0.0810 0.0043 0.9967
vn -0.5232 0.5512 0.6499
vn -0.6507 0.4566 0.6067
vn -0.6455 0.6827 0.3424
vn -0.5507 0.7327 0.3997
vn -0.4571 0.7678 0.4489
vn -0.7906 0.6064 0.0848
vn -0.9493 0.3031 0.0832
vn 0.1123 -0.4958 0.8612
vn -0.5914 0.2073 0.7792
vn 0.1545 -0.8967 -0.4149
vn 0.1828 -0.9065 -0.3805
vn 0.1543 -0.9516 -0.2659
vn 0.1511 -0.9563 -0.2504
vn -0.7165 0.1281 -0.6857
vn -0.7716 0.1335 -0.6219
vn -0.8878 0.0663 -0.4553
vn -0.8993 0.0641 -0.4326
vn -0.2339 0.7618 -0.6042
vn 0.2109 0.7707 -0.6013
vn 0.0189 0.5579 -0.8297
vn -0.1337 0.9084 -0.3962
vn 0.0229 0.9766 -0.2137
vn -0.3646 0.3333 -0.8695
vn -0.4404 0.5186 -0.7329
vn 0.6522 -0.0219 -0.7577
vn 0.8158 0.2274 -0.5317
vn 0.8379 -0.3450 -0.4230
vn 0.9659 -0.1608 -0.2029
vn 0.9965 -0.0122 -0.0826
vn 0.5064 -0.4386 -0.7424
vn 0.5333 -0.6057 -0.5905
vn 0.5993 0.6921 -0.4022
vn 0.1804 0.0457 -0.9825
vn 0.2437 -0.6485 -0.7211
vn 0.1877 -0.7615 -0.6204
vn 0.1316 -0.5240 -0.8415
vn 0.0175 -0.1215 -0.9924
vn -0.5938 0.0568 -0.8026
vn -0.6762 0.1184 -0.7271
vn -0.4584 -0.0905 -0.8841
vn 0.0538 -0.2841 -0.9573
vn -0.0508 -0.1798 -0.9824
vn -0.0459 -0.1847 -0.9817
vn -0.1473 -0.0789 -0.9859
vn 0.7220 -0.6221 0.3028
vn 0.6701 -0.4541 0.5872
vn 0.5581 -0.5580 0.6141
vn 0.7874 -0.5124 0.3427
vn 0.8197 -0.4357 0.3719
vn 0.5546 -0.8257 0.1032
vn 0.3408 -0.9071 0.2470
vn 0.1583 -0.0138 0.9873
vn -0.0255 -0.1799 0.9834
vn 0.2352 0.0200 0.9717
vn -0.2893 0.5795 0.7619
vn -0.4433 0.4834 0.7548
vn -0.5132 0.7007 0.4957
vn -0.3865 0.7511 0.5353
vn -0.2751 0.7856 0.5541
vn -0.7255 0.6225 0.2935
vn -0.8767 0.3196 0.3595
vn 0.2539 -0.5649 0.7851
vn -0.4179 0.1182 0.9008
vn -0.0155 -0.9056 -0.4239
vn 0.1045 -0.8863 -0.4512
vn 0.1450 -0.9006 -0.4098
vn 0.1452 -0.9045 -0.4010
vn -0.8893 0.1791 -0.4209
vn -0.9006 0.1785 -0.3964
vn -0.9361 0.1516 -0.3175
vn -0.9393 0.1503 -0.3083
vn -0.3989 0.7971 -0.4533
vn 0.0783 0.7853 -0.6141
vn -0.1744 0.6311 -0.7558
vn -0.1794 0.9201 -0.3481
vn -0.0070 0.9685 -0.2490
vn -0.6906 0.3992 -0.6030
vn -0.7153 0.5372 -0.4469
vn 0.4721 -0.0488 -0.8802
vn 0.6668 0.2002 -0.7179
vn 0.7042 -0.3940 -0.5906
vn 0.8686 -0.2087 -0.4495
vn 0.9354 -0.0494 -0.3501
vn 0.3039 -0.5747 -0.7598
vn 0.3906 -0.6677 -0.6338
vn 0.4610 0.6804 -0.5696
vn -0.2747 -0.1193 -0.9541
vn 0.0312 -0.7762 -0.6297
vn -0.0344 -0.8815 -0.4709
vn -0.3720 -0.5512 -0.7468
vn -0.8932 0.0970 -0.4392
vn -0.8458 -0.0246 -0.5329
vn -0.9178 0.1781 -0.3548
vn -0.1260 -0.1077 -0.9862
vn -0.1779 -0.0559 -0.9825
vn -0.1751 -0.0587 -0.9828
vn -0.2248 -0.0079 -0.9744
vn -0.6713 -0.0942 0.7352
vn -0.6022 -0.4051 0.6879
vn -0.5358 -0.3794 0.7543
vn -0.7152 -0.1578 0.6808
vn -0.7608 -0.2240 0.6091
vn -0.4927 0.1316 0.8602
vn -0.2345 0.0658 0.9699
vn 0.2521 0.7968 0.5492
vn -0.0137 0.7481 0.6635
vn -0.2043 -0.9152 0.3474
vn -0.0498 -0.8983 0.4365
vn -0.2663 -0.9120 0.3119
vn 0.3010 -0.9187 -0.2557
vn 0.1599 -0.9339 -0.3198
vn 0.3516 -0.7561 -0.5519
vn 0.2545 -0.7761 -0.5769
vn 0.1276 -0.7881 -0.6022
vn 0.5638 -0.6049 -0.5624
vn 0.8052 -0.5185 -0.2879
vn 0.8111 0.4178 -0.4094
vn 0.8678 0.1981 -0.4558
vn -0.0016 0.5927 0.8054
vn 0.0024 0.5659 0.8245
vn 0.9578 0.0903 -0.2727
vn 0.9632 0.0690 -0.2599
vn 0.3077 -0.9417 0.1360
vn -0.1921 -0.6280 0.7541
vn 0.1136 0.4249 -0.8981
vn 0.1694 -0.2110 -0.9627
vn -0.1866 0.2341 -0.9541
vn 0.2795 -0.0284 -0.9597
vn -0.0539 -0.3865 -0.9207
vn 0.4775 0.5887 -0.6522
vn 0.6536 0.2018 -0.7295
vn 0.7718 0.6034 -0.2006
vn 0.8545 0.3572 -0.3772
vn -0.4946 0.8396 -0.2247
vn -0.7952 0.5378 -0.2800
vn -0.8577 0.4838 0.1738
vn -0.7151 0.6569 0.2388
vn -0.9524 0.2895 0.0955
vn -0.0164 0.9972 0.0731
vn -0.1927 0.8806 0.4329
vn 0.5236 0.8199 0.2316
vn 0.2982 0.8238 0.4822
vn -0.6745 0.2731 -0.6859
vn 0.0652 0.9978 -0.0083
vn 0.2634 0.9485 -0.1760
vn 0.3262 0.9169 -0.2298
vn 0.5199 0.7554 -0.3988
vn -0.2399 0.8445 -0.4788
vn -0.1782 0.7978 -0.5760
vn -0.1481 0.8186 -0.5549
vn -0.1189 0.7411 -0.6608
vn -0.2487 0.8293 -0.5003
vn -0.1824 0.7272 -0.6617
vn 0.6117 -0.7898 -0.0457
vn 0.6136 -0.7896 -0.0047
vn 0.7925 0.0182 -0.6095
vn -0.9334 0.3044 -0.1900
vn -0.8284 0.5570 0.0589
vn -0.4708 0.8748 -0.1140
vn -0.7869 0.5540 -0.2717
vn -0.6674 0.6680 0.3290
vn -0.4043 0.8296 0.3851
vn -0.4596 0.7330 -0.5015
vn -0.2337 0.9281 0.2898
vn -0.0921 0.9954 -0.0277
vn -0.0246 0.8832 -0.4683
vn 0.8895 -0.1010 0.4457
vn 0.5798 0.5802 0.5721
vn 0.5536 0.4768 0.6827
vn 0.8756 -0.0275 0.4823
vn 0.8703 -0.2879 0.3996
vn 0.7677 -0.2661 0.5830
vn 0.8559 -0.2090 0.4729
vn 0.5895 0.3732 0.7163
vn -0.0891 0.8394 0.5361
vn -0.0581 0.8924 0.4476
vn -0.3028 0.8905 0.3397
vn -0.2881 0.8598 0.4216
vn 0.8690 -0.3609 0.3386
vn -0.0551 0.8736 0.4835
vn -0.3449 0.6564 0.6709
vn -0.6949 -0.6930 -0.1920
vn -0.8809 0.0790 -0.4667
vn -0.5385 -0.4870 -0.6877
vn -0.9002 -0.4318 -0.0561
vn -0.6730 0.5766 -0.4632
vn -0.8237 0.0683 -0.5630
vn -0.6279 -0.6097 0.4837
vn -0.5318 -0.7295 0.4300
vn -0.8376 0.4828 0.2555
vn -0.9566 -0.0443 0.2879
vn -0.4743 0.4633 0.7486
vn -0.5431 -0.7757 0.3214
vn -0.6677 0.7246 0.1704
vn -0.3550 0.4529 0.8178
vn -0.3137 0.5131 0.7989
vn -0.4104 0.8846 0.2213
vn -0.3643 0.8841 -0.2927
vn -0.5222 0.7542 -0.3981
vn -0.5535 0.7284 -0.4038
vn -0.4376 -0.8979 0.0471
vn -0.6872 -0.4606 0.5619
vn -0.0309 -0.9645 0.2621
vn 0.4757 -0.8206 0.3168
vn 0.0457 -0.8872 -0.4592
vn 0.5211 -0.6691 -0.5299
vn -0.0154 -0.7758 -0.6308
vn -0.7554 -0.5375 0.3748
vn 0.7411 -0.6542 0.1511
vn 0.4728 -0.3523 0.8076
vn 0.9268 -0.3673 0.0786
vn 0.8809 -0.3216 -0.3473
vn 0.7435 -0.4996 -0.4445
vn 0.7220 -0.5232 -0.4528
vn 0.3659 -0.3899 0.8450
vn 0.3467 -0.4588 0.8181
vn 0.7875 -0.0326 0.6155
vn 0.3963 0.6190 0.6781
vn 0.3270 0.5013 0.8011
vn 0.7504 0.0606 0.6583
vn 0.7975 -0.2129 0.5645
vn 0.6297 -0.1828 0.7551
vn 0.7533 -0.1540 0.6394
vn 0.3210 0.4617 0.8269
vn -0.3410 0.7967 0.4989
vn -0.2321 0.8533 0.4668
vn -0.4672 0.8244 0.3195
vn -0.4067 0.8358 0.3688
vn 0.8104 -0.2969 0.5050
vn -0.1802 0.8591 0.4790
vn -0.4234 0.7210 0.5485
vn -0.6008 -0.7358 -0.3124
vn -0.7760 0.0196 -0.6304
vn -0.3310 -0.5103 -0.7938
vn -0.8593 -0.4676 -0.2073
vn -0.6069 0.5295 -0.5927
vn -0.6890 0.0331 -0.7240
vn -0.6845 -0.6342 0.3596
vn -0.6139 -0.6974 0.3698
vn -0.9116 0.4088 0.0431
vn -0.9937 -0.0626 0.0927
vn -0.6207 0.4679 0.6292
vn -0.5980 -0.7730 0.2117
vn -0.7367 0.6752 0.0376
vn -0.5671 0.4331 0.7005
vn -0.5281 0.5046 0.6830
vn -0.4953 0.8596 0.1258
vn -0.3695 0.8497 -0.3762
vn -0.4668 0.7292 -0.5004
vn -0.4915 0.7052 -0.5110
vn -0.3550 -0.9325 -0.0674
vn -0.7285 -0.5498 0.4086
vn 0.0124 -0.9690 0.2466
vn 0.5091 -0.7943 0.3316
vn 0.2270 -0.8530 -0.4700
vn 0.6934 -0.5945 -0.4071
vn 0.2302 -0.7627 -0.6044
vn -0.7519 -0.6342 0.1802
vn 0.7480 -0.6196 0.2379
vn 0.3715 -0.3365 0.8653
vn 0.8811 -0.3424 0.3263
vn 0.9461 -0.2700 -0.1787
vn 0.8529 -0.4234 -0.3056
vn 0.8323 -0.4547 -0.3170
vn 0.3973 -0.3035 0.8661
vn 0.3711 -0.4751 0.7978
vn 0.6927 0.2989 0.6564
vn 0.1658 0.7837 0.5986
vn 0.0978 0.6887 0.7185
vn 0.6821 0.3188 0.6581
vn 0.7778 0.1034 0.6200
vn 0.6228 0.0432 0.7812
vn 0.6753 0.1838 0.7143
vn 0.1156 0.6356 0.7633
vn -0.5664 0.7517 0.3379
vn -0.5028 0.8155 0.2866
vn -0.7072 0.6957 0.1255
vn -0.6744 0.7075 0.2111
vn 0.8071 0.0597 0.5874
vn -0.4665 0.8187 0.3348
vn -0.6744 0.5831 0.4529
vn -0.2941 -0.9249 -0.2410
vn -0.6774 -0.2971 -0.6729
vn -0.0947 -0.6904 -0.7172
vn -0.6320 -0.7524 -0.1858
vn -0.6603 0.2528 -0.7072
vn -0.5809 -0.2823 -0.7635
vn -0.4022 -0.8199 0.4075
vn -0.3057 -0.8637 0.4007
vn -0.9858 0.1678 -0.0074
vn -0.9166 -0.3962 0.0544
vn -0.8053 0.2651 0.5304
vn -0.2972 -0.8971 0.3270
vn -0.8959 0.4348 -0.0910
vn -0.6909 0.3946 0.6058
vn -0.6960 0.3790 0.6099
vn -0.6895 0.7167 -0.1046
vn -0.5353 0.6688 -0.5160
vn -0.6004 0.4843 -0.6363
vn -0.6161 0.4511 -0.6457
vn -0.0109 -0.9998 0.0189
vn -0.4898 -0.7877 0.3737
vn 0.3187 -0.9030 0.2883
vn 0.6741 -0.5658 0.4749
vn 0.4956 -0.8143 -0.3021
vn 0.8494 -0.4521 -0.2723
vn 0.4570 -0.7529 -0.4736
vn -0.4583 -0.8620 0.2166
vn 0.8622 -0.3234 0.3900
vn 0.3722 -0.1215 0.9202
vn 0.9282 -0.0103 0.3719
vn 0.9972 -0.0065 -0.0748
vn 0.9655 -0.2049 -0.1606
vn 0.9566 -0.2372 -0.1693
vn 0.3606 -0.1256 0.9242
vn 0.4017 -0.3722 0.8367
vn 0.9702 -0.1266 0.2067
vn 0.7288 0.6161 0.2986
vn 0.7185 0.5764 0.3893
vn 0.9560 -0.0550 0.2883
vn 0.9060 -0.3279 0.2676
vn 0.8109 -0.2720 0.5181
vn 0.9447 -0.1550 0.2892
vn 0.6887 0.5375 0.4866
vn 0.0498 0.9440 0.3262
vn 0.0599 0.9680 0.2439
vn -0.1982 0.9543 0.2236
vn -0.1381 0.9413 0.3080
vn 0.9056 -0.3858 0.1765
vn 0.1220 0.9404 0.3173
vn -0.0878 0.8573 0.5072
vn -0.7576 -0.6411 0.1228
vn -0.9677 0.1010 -0.2311
vn -0.7061 -0.5812 -0.4046
vn -0.9235 -0.3110 0.2244
vn -0.7399 0.5368 -0.4055
vn -0.9233 0.0289 -0.3830
vn -0.5535 -0.4554 0.6973
vn -0.4978 -0.5648 0.6581
vn -0.7182 0.5991 0.3539
vn -0.8838 0.1119 0.4543
vn -0.2656 0.5762 0.7730
vn -0.5250 -0.6332 0.5687
vn -0.5449 0.8170 0.1885
vn -0.1382 0.5793 0.8033
vn -0.1155 0.6082 0.7854
vn -0.2836 0.9522 0.1135
vn -0.3432 0.8553 -0.3881
vn -0.5556 0.7215 -0.4132
vn -0.5835 0.7010 -0.4100
vn -0.4691 -0.8595 0.2032
vn -0.6286 -0.3970 0.6688
vn -0.0237 -0.9068 0.4209
vn 0.4868 -0.8291 0.2750
vn -0.0760 -0.9576 -0.2781
vn 0.3717 -0.8064 -0.4599
vn -0.1499 -0.8967 -0.4165
vn -0.6793 -0.4325 0.5928
vn 0.7058 -0.7030 0.0875
vn 0.6245 -0.2914 0.7246
vn 0.8859 -0.4630 0.0297
vn 0.7545 -0.4745 -0.4535
vn 0.5752 -0.6647 -0.4768
vn 0.5517 -0.6863 -0.4740
vn 0.6482 -0.2740 0.7105
vn 0.5785 -0.4326 0.6915
vn -0.8226 0.5685 0.0103
vn -0.6013 0.4027 -0.6901
vn -0.5973 0.3571 -0.7181
vn -0.8079 0.5854 0.0677
vn -0.8324 0.5511 -0.0583
vn -0.5969 0.3104 -0.7399
vn -0.7702 0.6015 0.2121
vn -0.6590 0.6992 0.2773
vn -0.7884 0.5909 0.1707
vn 0.0291 0.0389 -0.9988
vn 0.1499 0.0378 -0.9880
vn -0.0245 -0.0156 -0.9996
vn 0.2773 -0.0031 -0.9608
vn 0.3544 0.0198 -0.9349
vn 0.1955 -0.0174 -0.9805
vn 0.8284 -0.5600 -0.0099
vn 0.3474 -0.6607 0.6654
vn 0.5593 -0.7980 0.2245
vn 0.6047 -0.3477 0.7166
vn 0.9085 -0.2236 -0.3531
vn 0.8790 -0.4631 0.1134
vn -0.1236 -0.9267 0.3549
vn 0.0872 -0.8440 0.5292
vn 0.2055 -0.6376 -0.7424
vn 0.2772 -0.6193 -0.7346
vn -0.3290 -0.3859 -0.8619
vn -0.0321 -0.4178 -0.9080
vn 0.4947 -0.4806 -0.7241
vn 0.4447 -0.2179 -0.8688
vn -0.0523 -0.8783 0.4753
vn -0.1532 -0.8760 0.4574
vn 0.7476 0.1155 -0.6541
vn 0.8618 -0.0360 -0.5059
vn 0.8682 -0.0518 -0.4934
vn -0.0077 0.0002 1.0000
vn -0.0685 -0.5600 0.8256
vn -0.1546 0.4054 0.9010
vn 0.1005 0.0018 0.9949
vn -0.0472 -0.9614 0.2711
vn -0.7402 0.0525 0.6703
vn -0.8207 0.0598 0.5682
vn -0.9898 0.1018 0.1000
vn -0.9441 0.1970 0.2644
vn -0.6869 0.3321 0.6464
vn -0.7093 0.5875 0.3896
vn -0.0509 -0.9440 0.3260
vn -0.0427 -0.9350 0.3521
vn -0.3092 0.7194 0.6220
vn -0.2265 0.6211 0.7503
vn -0.2224 0.6075 0.7626
vn -0.8448 0.3756 -0.3811
vn -0.9290 0.3236 -0.1794
vn -0.9151 0.0843 0.3942
vn -0.3350 0.4804 -0.8105
vn -0.0579 0.4741 -0.8786
vn -0.9628 0.1250 -0.2394
vn -0.0114 0.2941 -0.9557
vn -0.9323 -0.0709 -0.3546
vn -0.9338 -0.2134 0.2872
vn -0.9071 -0.1658 0.3869
vn -0.0389 0.1020 -0.9940
vn -0.9540 -0.2104 0.2136
vn -0.7633 -0.0187 -0.6458
vn 0.5688 0.0720 -0.8193
vn 0.6154 0.1141 -0.7799
vn 0.4734 0.3559 -0.8057
vn 0.5310 0.0831 -0.8433
vn -0.3600 0.0620 -0.9309
vn -0.5817 0.0362 -0.8126
vn 0.5267 0.3443 -0.7772
vn 0.5746 0.2875 -0.7663
vn -0.9212 0.0943 0.3774
vn -0.9142 0.1220 0.3866
vn 0.5938 -0.3317 0.7331
vn 0.9544 0.0015 0.2985
vn 0.5906 -0.1573 0.7915
vn 0.9533 -0.1889 0.2356
vn 0.9424 0.1072 0.3169
vn 0.5813 -0.0360 0.8129
vn 0.7098 0.0516 0.7025
vn 0.2880 0.7340 0.6151
vn 0.0033 -0.1796 0.9837
vn 0.0252 -0.3544 0.9348
vn 0.4188 -0.0065 0.9081
vn -0.0192 -0.0847 0.9962
vn 0.6151 0.4176 -0.6688
vn 0.1274 0.9822 -0.1377
vn -0.0980 0.9892 -0.1089
vn -0.1985 0.9801 -0.0059
vn -0.3267 0.9437 0.0523
vn -0.4184 0.8740 0.2471
vn -0.4184 0.8740 0.2470
vn -0.9052 0.1128 0.4097
vn -0.8305 0.1402 0.5391
vn -0.8770 0.1269 0.4635
vn -0.9353 0.2845 -0.2105
vn -0.9425 0.2507 -0.2211
vn -0.9225 0.3684 -0.1153
vn -0.8446 0.5349 0.0214
vn -0.7828 0.1048 0.6133
vn -0.7964 0.5863 0.1485
vn -0.4694 -0.3495 0.8109
vn 0.0471 -0.4751 0.8787
vn -0.3991 -0.3622 0.8424
vn 0.5952 -0.4395 0.6728
vn 0.9364 -0.3127 0.1591
vn 0.8650 -0.3444 0.3649
vn 0.6080 -0.4192 0.6742
vn 0.2490 -0.4597 0.8525
vn 0.9396 -0.0919 -0.3297
vn 0.9356 -0.1272 -0.3292
vn 0.7261 0.3889 -0.5671
vn 0.6634 0.4242 -0.6164
vn 0.0389 0.7325 -0.6797
vn 0.1865 0.7897 -0.5844
vn 0.0119 0.5572 -0.8303
vn 0.6367 0.4149 -0.6500
vn -0.0010 0.4729 -0.8811
vn 0.0063 0.4409 -0.8976
vn 0.2049 0.5022 -0.8401
vn -0.9053 0.1128 0.4096
vn -0.9635 0.2672 -0.0152
vn -0.5238 -0.7416 -0.4192
vn -0.9375 -0.3467 -0.0295
vn -0.7352 -0.3312 -0.5915
vn -0.6690 -0.7430 0.0183
vn -0.2242 -0.3507 -0.9093
vn -0.1204 -0.7431 -0.6582
vn -0.8342 -0.3608 0.4171
vn -0.5836 -0.7399 0.3347
vn -0.2666 0.0923 -0.9594
vn -0.7729 0.0931 -0.6277
vn -0.1432 0.1853 -0.9722
vn -0.7504 0.2192 -0.6236
vn -0.9656 0.2597 0.0147
vn -0.9932 0.0913 -0.0717
vn -0.9234 0.1094 0.3679
vn 0.1893 0.1286 -0.9735
vn 0.2567 -0.3621 -0.8961
vn 0.2276 -0.7377 -0.6356
vn -0.7435 0.5004 0.4436
vn -0.4631 0.3445 0.8166
vn -0.3946 0.6650 0.6341
vn -0.0260 0.4428 0.8962
vn -0.4689 0.7800 0.4144
vn -0.4752 0.7785 0.4100
vn 0.8475 -0.2206 -0.4827
vn 0.7087 -0.6254 -0.3265
vn 0.9968 -0.0413 0.0680
vn 0.9429 0.2986 -0.1477
vn 0.6898 0.3785 -0.6172
vn 0.8221 0.5446 -0.1658
vn 0.6349 0.6712 -0.3826
vn 0.2923 0.5528 -0.7804
vn 0.3863 0.7985 -0.4617
vn 0.3464 0.7951 -0.4978
vn -0.2185 0.2049 -0.9541
vn -0.9771 0.2109 -0.0271
vn 0.0126 -0.9998 0.0133
vn 0.0110 -0.9999 0.0120
vn 0.0227 -0.9995 0.0217
vn 0.0223 -0.9995 0.0212
vn 0.4484 -0.8139 0.3695
vn 0.4055 -0.8488 0.3392
vn 0.7043 -0.4025 0.5848
vn 0.7181 -0.3730 0.5876
vn 0.3581 -0.0138 0.9336
vn -0.2897 -0.1739 0.9412
vn -0.1466 -0.5843 0.7982
vn 0.2001 0.2750 0.9404
vn -0.1065 -0.0778 0.9913
vn 0.1471 -0.0554 0.9876
vn -0.2690 -0.0714 0.9605
vn 0.3214 -0.0276 0.9466
vn 0.7685 -0.0052 0.6398
vn 0.7879 0.0255 0.6153
vn -0.4704 -0.0860 0.8783
vn -0.6026 -0.1321 0.7871
vn 0.9941 0.0240 0.1060
vn 0.9993 -0.0280 -0.0259
vn 0.9461 -0.0456 -0.3205
vn 0.8823 -0.0799 -0.4639
vn 0.8197 -0.0883 -0.5660
vn 0.7918 -0.0417 -0.6094
vn -0.7006 -0.1309 0.7015
vn -0.6567 -0.1870 0.7306
vn 0.7964 -0.0504 -0.6027
vn 0.7232 0.0026 -0.6906
vn 0.7095 0.0020 -0.7047
vn -0.6591 -0.1868 0.7285
vn -0.9040 0.3640 0.2244
vn 0.1104 0.8081 0.5786
vn -0.1393 0.7556 0.6401
vn -0.7251 0.4341 0.5346
vn 0.1783 0.8034 0.5682
vn -0.5183 0.4511 0.7265
vn 0.4062 0.7344 0.5437
vn 0.5475 0.7559 0.3590
vn 0.4590 0.8015 0.3834
vn -0.8789 0.4298 0.2070
vn -0.3971 0.7090 0.5828
vn -0.8255 -0.3906 -0.4075
vn -0.8217 -0.5050 -0.2643
vn -0.8704 -0.4924 0.0030
vn -0.8537 -0.4648 0.2347
vn 0.3220 0.6534 0.6851
vn -0.2382 -0.8586 -0.4540
vn -0.3706 -0.8339 -0.4089
vn -0.5023 -0.8075 -0.3092
vn -0.1947 -0.8721 -0.4489
vn -0.1084 0.6439 0.7574
vn -0.6194 -0.7306 -0.2875
vn -0.6527 -0.6982 -0.2941
vn -0.9039 -0.2591 0.3404
vn -0.7941 -0.4971 -0.3498
vn -0.8808 -0.4306 0.1966
vn -0.6073 0.1084 0.7870
vn -0.5770 0.1842 0.7957
vn -0.7264 -0.5582 -0.4009
vn -0.5981 -0.7297 -0.3314
vn -0.6606 -0.1369 0.7382
vn -0.8715 -0.4285 0.2385
vn -0.8346 -0.5394 -0.1116
vn -0.2506 0.5670 0.7846
vn 0.0560 0.7789 0.6247
vn -0.0760 0.6862 0.7234
vn 0.1184 0.9716 0.2049
vn -0.0216 0.9889 -0.1469
vn -0.0637 0.9216 0.3829
vn -0.2413 0.4205 0.8746
vn -0.0676 0.6835 0.7268
vn 0.2656 0.9389 0.2190
vn 0.4075 0.8395 0.3594
vn 0.7097 0.6864 -0.1585
vn 0.4192 0.8943 -0.1566
vn 0.7931 0.4411 -0.4199
vn 0.6521 0.7266 -0.2162
vn -0.0524 0.9984 0.0203
vn 0.2218 0.9708 0.0911
vn -0.1333 0.9844 -0.1149
vn 0.7526 0.4662 -0.4650
vn -0.3109 0.4484 0.8380
vn 0.6762 0.6937 -0.2480
vn 0.4605 0.8687 0.1827
vn 0.7593 0.5300 -0.3777
vn 0.4623 0.8315 0.3080
vn 0.6527 0.4516 -0.6083
vn 0.5743 0.8078 0.1328
vn 0.3559 0.4633 -0.8116
vn 0.5385 0.8426 -0.0066
vn 0.0040 0.4271 -0.9042
vn 0.5553 0.7974 -0.2363
vn 0.0293 0.5054 -0.8624
vn 0.4992 0.7489 -0.4359
vn 0.7327 0.6570 0.1774
vn 0.5784 0.7712 0.2659
vn 0.4238 0.7683 0.4796
vn 0.3710 0.7753 0.5112
vn 0.2417 0.8065 0.5396
vn -0.5819 -0.3564 -0.7310
vn -0.4215 -0.4990 -0.7572
vn -0.4856 -0.8705 -0.0799
vn -0.4780 -0.8650 -0.1530
vn -0.4632 -0.8383 -0.2876
vn -0.4493 -0.8308 -0.3285
vn 0.1350 -0.4454 -0.8851
vn -0.3693 -0.7971 -0.4778
vn 0.6398 0.1120 -0.7603
vn 0.2245 0.0779 -0.9714
vn 0.6484 0.1064 -0.7539
vn 0.1469 -0.2825 -0.9480
vn 0.1339 -0.3959 -0.9085
vn 0.6031 -0.2138 -0.7685
vn -0.3638 -0.4669 -0.8060
vn -0.2560 -0.5715 -0.7797
vn -0.3829 -0.6920 -0.6120
vn -0.3741 -0.7132 -0.5928
vn -0.3459 -0.7124 -0.6106
vn 0.0922 -0.5011 -0.8605
vn -0.2689 -0.5947 -0.7577
vn -0.4358 0.3800 0.8159
vn 0.4669 0.3950 0.7911
vn 0.8707 0.0388 0.4903
vn 0.4393 0.2800 0.8536
vn 0.8596 -0.0421 0.5092
vn 0.9707 -0.2392 0.0233
vn 0.9580 -0.2518 -0.1372
vn 0.9951 -0.0980 0.0095
vn 0.8931 0.0756 0.4436
vn 0.9255 0.0399 0.3766
vn 0.5517 0.1438 0.8216
vn 0.8626 -0.3613 -0.3542
vn 0.9623 -0.0062 -0.2720
vn 0.9608 0.1994 0.1929
vn 0.6359 0.0916 0.7663
vn 0.6746 0.6501 0.3497
vn 0.4717 0.8772 0.0895
vn 0.9105 0.3393 -0.2362
vn 0.8147 -0.0068 -0.5799
vn 0.3635 0.9316 0.0087
vn 0.7721 0.4135 -0.4826
vn -0.0117 0.9740 0.2264
vn 0.0628 0.9753 0.2116
vn 0.2064 0.9783 -0.0169
vn 0.4749 0.5440 -0.6917
vn -0.1806 0.6676 -0.7223
vn -0.4247 0.9051 0.0201
vn -0.1194 0.9304 0.3465
vn 0.5024 0.1041 -0.8583
vn 0.1302 0.2249 -0.9656
vn -0.8858 0.4637 -0.0165
vn -0.8727 0.3351 0.3550
vn -0.6150 0.6795 0.4001
vn -0.6665 0.7020 -0.2510
vn -0.3272 0.9401 -0.0957
vn -0.5226 0.5644 -0.6390
vn -0.0327 0.3657 -0.9302
vn -0.2159 0.8129 -0.5409
vn -0.8534 0.2458 -0.4597
vn 0.1365 0.0994 -0.9856
vn 0.3517 -0.1675 -0.9210
vn 0.4869 -0.0231 -0.8732
vn -0.4999 0.0345 -0.8654
vn 0.4374 0.8720 -0.2198
vn -0.0633 0.9440 0.3238
vn -0.4885 0.4872 -0.7238
vn 0.2485 0.6296 -0.7362
vn 0.6376 0.5442 -0.5452
vn 0.6120 0.5793 -0.5384
vn 0.6018 0.5760 -0.5533
vn -0.5327 0.4648 -0.7072
vn -0.7643 0.5625 -0.3152
vn -0.5117 0.8221 -0.2495
vn -0.4567 0.8141 0.3587
vn -0.9501 0.2216 0.2197
vn -0.8364 0.1433 0.5290
vn -0.4500 0.7367 0.5047
vn -0.9354 0.1103 -0.3359
vn 0.0115 0.9695 0.2448
vn -0.1269 0.9399 0.3171
vn -0.9893 -0.0795 0.1226
vn -0.8164 -0.1867 0.5465
vn -0.6215 0.0948 0.7776
vn -0.3373 0.6895 0.6409
vn -0.1176 0.0352 0.9924
vn -0.0487 0.5683 0.8214
vn 0.3821 -0.0489 0.9228
vn -0.0421 -0.1693 0.9847
vn -0.4868 -0.2561 0.8351
vn -0.0915 0.9206 0.3797
vn 0.2981 0.0095 0.9545
vn -0.9868 -0.0901 -0.1342
vn -0.8984 -0.3883 -0.2051
vn -0.9303 -0.1218 -0.3461
vn -0.4118 -0.3283 -0.8501
vn -0.1419 0.9023 0.4071
vn -0.1804 -0.3336 0.9253
vn 0.0262 -0.1534 0.9878
vn 0.4279 0.2168 0.8774
vn 0.1971 -0.1364 0.9708
vn 0.3955 0.3298 0.8572
vn 0.2498 -0.1140 0.9616
vn -0.0485 -0.4208 0.9058
vn -0.1794 -0.5258 0.8315
vn -0.2643 -0.5816 0.7694
vn -0.2557 -0.5734 0.7784
vn -0.5483 0.6975 0.4613
vn 0.7410 0.0184 0.6713
vn 0.9423 0.2935 0.1607
vn 0.8845 0.4640 0.0490
vn 0.8873 0.0040 0.4612
vn -0.1427 0.0431 0.9888
vn 0.3270 -0.6810 0.6552
vn 0.5298 0.8479 0.0191
vn 0.7508 0.6314 -0.1940
vn 0.3742 0.7026 -0.6052
vn 0.3833 0.8913 -0.2422
vn 0.9722 0.1863 -0.1421
vn 0.7264 0.3405 -0.5970
vn 0.9724 -0.1563 0.1733
vn 0.9328 0.0776 -0.3520
vn 0.1684 0.3720 -0.9128
vn -0.0027 0.4434 -0.8963
vn -0.2167 0.4373 -0.8728
vn -0.2199 0.2785 -0.9349
vn -0.4976 0.4169 -0.7606
vn 0.5674 0.2054 -0.7974
vn 0.0948 0.2058 -0.9740
vn 0.7348 -0.0657 -0.6751
vn 0.2898 0.0225 -0.9568
vn 0.9539 -0.2448 -0.1735
vn 0.7040 -0.1424 -0.6958
vn -0.1128 -0.2426 -0.9635
vn -0.3099 -0.1163 -0.9436
vn -0.4001 -0.2919 -0.8687
vn 0.8548 -0.5189 -0.0106
vn 0.6658 -0.1412 -0.7326
vn -0.4203 -0.2562 -0.8705
vn -0.6423 -0.2544 -0.7230
vn -0.4273 -0.4178 -0.8018
vn -0.6696 -0.6459 -0.3667
vn -0.1388 -0.3055 -0.9420
vn -0.1045 -0.2723 -0.9565
vn -0.1500 -0.8144 -0.5606
vn -0.4959 -0.1551 -0.8544
vn -0.7456 0.2481 -0.6185
vn -0.9609 0.1311 -0.2437
vn -0.7430 -0.2164 -0.6334
vn -0.9569 0.2294 -0.1783
vn -0.7535 0.3758 -0.5395
vn -0.8908 0.3438 -0.2972
vn -0.8588 0.4614 0.2226
vn -0.8461 0.0471 0.5310
vn -0.9422 -0.0325 0.3334
vn -0.6930 0.2466 0.6774
vn -0.6432 0.6635 0.3823
vn -0.5367 0.5049 0.6761
vn -0.1068 0.0914 0.9901
vn -0.1704 0.3232 0.9309
vn 0.4739 -0.0174 0.8804
vn 0.1215 -0.1216 0.9851
vn 0.7932 0.1273 0.5955
vn 0.5022 -0.6018 0.6209
vn -0.4470 -0.1300 0.8851
vn -0.6107 -0.2103 0.7635
vn -0.7876 -0.3412 0.5131
vn -0.3408 -0.5089 0.7905
vn -0.7644 -0.4979 0.4096
vn -0.0278 -0.8005 0.5987
vn -0.5576 -0.8199 0.1299
vn -0.1201 -0.3723 0.9203
vn 0.3465 -0.6726 0.6538
vn -0.9816 -0.1870 0.0385
vn -0.7783 -0.5138 -0.3610
vn 0.5716 -0.7908 0.2189
vn 0.0879 -0.8946 0.4381
vn 0.3132 -0.8760 0.3667
vn -0.2863 -0.3122 -0.9058
vn -0.5163 -0.5697 -0.6395
vn 0.0967 -0.4711 -0.8768
vn 0.6377 -0.6882 0.3460
vn 0.3259 -0.8397 0.4345
vn 0.2456 -0.9259 0.2871
vn -0.3181 -0.9470 0.0435
vn 0.7756 -0.5293 0.3439
vn 0.6182 -0.7516 0.2300
vn 0.2497 -0.9667 0.0557
vn -0.0262 -0.9438 0.3295
vn 0.5630 -0.6324 0.5320
vn 0.6614 -0.7015 0.2654
vn 0.7906 -0.6078 0.0744
vn 0.8075 -0.5871 0.0571
vn -0.5320 -0.1929 0.8245
vn -0.1617 -0.1387 0.9771
vn -0.2333 -0.1934 0.9530
vn -0.5159 -0.1296 0.8468
vn 0.6254 -0.0955 0.7744
vn 0.5854 -0.1640 0.7940
vn -0.3129 -0.2465 0.9173
vn 0.5374 -0.2147 0.8155
vn -0.5467 -0.2169 0.8088
vn -0.5680 -0.3244 0.7564
vn -0.2855 -0.3023 0.9094
vn 0.5533 -0.1917 0.8106
vn 0.9991 -0.0398 0.0107
vn 0.9984 -0.0566 0.0093
vn 0.7686 -0.0677 -0.6362
vn 0.7636 -0.0171 -0.6455
vn 0.9995 -0.0313 -0.0100
vn 0.7694 0.0529 -0.6366
vn 0.9990 0.0441 0.0062
vn 0.7428 0.1075 -0.6609
vn 0.9289 -0.0109 -0.3701
vn 0.6051 -0.0739 -0.7927
vn 0.9854 -0.0642 0.1578
vn -0.5072 -0.3702 0.7782
vn -0.1382 -0.3094 0.9408
vn 0.1766 -0.0395 -0.9835
vn 0.1990 0.0675 -0.9777
vn -0.5383 -0.1108 -0.8354
vn -0.5943 -0.0321 -0.8036
vn -0.9829 -0.1689 -0.0726
vn -0.9664 -0.2248 -0.1248
vn -0.9130 -0.1923 0.3598
vn -0.9054 -0.2442 0.3473
vn -0.9047 -0.3469 0.2473
vn -0.9348 -0.2862 -0.2101
vn -0.5435 -0.1832 -0.8191
vn 0.1329 -0.0890 -0.9871
vn -0.4910 -0.1176 -0.8632
vn 0.0810 0.0058 -0.9967
vn -0.8929 -0.3106 -0.3259
vn -0.8847 -0.4474 0.1307
vn -0.0727 0.0548 -0.9958
vn -0.7868 -0.0898 -0.6106
vn -0.9323 -0.1537 0.3275
vn -0.9939 -0.1097 0.0141
vn -0.6668 0.0230 -0.7449
vn 0.1319 0.0668 -0.9890
vn -0.6911 0.0630 -0.7200
vn -0.9950 -0.0157 0.0985
vn -0.9599 -0.0363 0.2779
vn 0.0536 0.1685 -0.9842
vn 0.4670 0.2318 -0.8534
vn 0.9520 0.2552 -0.1690
vn 0.7935 0.4464 -0.4136
vn 0.8109 0.5618 -0.1637
vn 0.5974 0.6504 0.4691
vn 0.4566 0.8194 0.3464
vn -0.0164 0.6651 0.7466
vn -0.0627 0.4371 0.8972
vn -0.2956 0.4010 0.8671
vn -0.2157 0.5478 0.8083
vn 0.6857 0.7146 -0.1386
vn 0.7240 0.2027 0.6593
vn -0.1993 0.0002 0.9799
vn -0.4728 -0.0420 0.8802
vn 0.1311 0.7441 0.6551
vn 0.4826 0.7976 0.3618
vn 0.6704 0.7420 -0.0014
vn 0.7168 0.6405 -0.2757
vn 0.5607 -0.2526 0.7886
vn 0.9167 -0.0945 0.3883
vn 0.7665 0.1272 0.6295
vn -0.0284 -0.4140 0.9098
vn -0.0789 -0.4805 0.8734
vn -0.4683 0.3061 -0.8288
vn -0.4655 0.1170 -0.8773
vn -0.6498 0.2414 -0.7207
vn -0.2585 0.2500 -0.9331
vn 0.1076 0.9914 -0.0740
vn 0.0256 0.9996 0.0101
vn 0.5664 0.8156 -0.1185
vn -0.0262 0.8267 0.5620
vn -0.0307 0.9982 0.0523
vn 0.5757 0.7391 -0.3497
vn 0.8217 0.2433 -0.5153
vn -0.2299 0.7939 0.5629
vn -0.3581 0.3161 0.8785
vn -0.1782 0.6320 0.7542
vn 0.2265 0.9338 0.2769
vn -0.1082 0.7265 0.6786
vn 0.0833 0.8801 0.4675
vn -0.2214 0.9529 0.2074
vn -0.2201 0.9549 0.1991
vn -0.6920 0.0590 0.7194
vn -0.8611 -0.1204 0.4939
vn -0.8855 -0.2077 0.4156
vn -0.9175 -0.2965 0.2649
vn 0.7530 0.5558 -0.3523
vn 0.4882 -0.1337 -0.8624
vn 0.3338 -0.2292 -0.9144
vn -0.0492 -0.4549 -0.8892
vn 0.0948 -0.3973 -0.9128
vn 0.6424 0.7223 -0.2561
vn 0.3585 0.9266 0.1131
vn 0.4201 0.9074 -0.0139
vn 0.1442 0.9510 -0.2736
vn 0.1381 0.9524 -0.2719
vn 0.2266 0.7489 0.6227
vn 0.6671 0.7380 0.1011
vn 0.8860 -0.4600 -0.0592
vn 0.3406 -0.9184 -0.2012
vn 0.6169 -0.6881 -0.3820
vn 0.6891 -0.6931 0.2117
vn 0.3024 -0.6572 0.6904
vn -0.1787 -0.8736 0.4526
vn 0.0871 -0.3379 0.9372
vn -0.3227 -0.5311 0.7835
vn -0.3241 -0.4577 0.8279
vn -0.1522 -0.8960 0.4171
vn 0.1985 -0.9726 -0.1214
vn -0.0082 -1.0000 -0.0025
vn -0.0092 -1.0000 -0.0034
vn 0.4472 -0.8438 -0.2967
vn -0.2567 -0.9443 -0.2061
vn -0.2462 -0.9484 -0.1998
vn -0.3191 -0.9092 -0.2674
vn -0.3120 -0.9203 -0.2362
vn -0.0088 -0.9998 0.0202
vn -0.0907 -0.9911 -0.0976
vn 0.2835 -0.0579 -0.9572
vn 0.5446 -0.1950 -0.8157
vn 0.2850 -0.0564 -0.9569
vn 0.1359 0.0708 -0.9882
vn 0.5787 -0.0236 -0.8152
vn 0.5676 -0.3365 -0.7514
vn 0.5653 -0.3271 -0.7572
vn -0.0151 0.0856 -0.9962
vn -0.6654 0.1494 -0.7314
vn -0.9759 0.0193 0.2172
vn -0.9226 -0.0349 0.3842
vn -0.8724 -0.1088 0.4766
vn -0.8676 -0.1014 0.4868
vn -0.8198 -0.2354 0.5220
vn -0.8358 -0.2095 0.5075
vn -0.7900 -0.3025 0.5334
vn -0.7686 -0.3310 0.5474
vn 0.0932 0.9654 0.2434
vn -0.4567 0.8140 0.3588
vn 0.2459 0.8951 0.3718
vn 0.0512 0.9782 0.2014
vn 0.9452 -0.2491 -0.2110
vn -0.6268 -0.3795 0.6806
vn -0.9704 -0.2029 -0.1309
vn -0.9754 -0.1975 0.0982
vn -0.9468 -0.2684 0.1778
vn -0.9229 -0.1892 -0.3352
vn -0.8797 -0.2262 0.4184
vn -0.8475 -0.2728 0.4553
vn -0.7633 -0.2183 0.6081
vn -0.7645 -0.2873 0.5771
vn -0.7390 -0.2269 0.6343
vn -0.7628 -0.1520 -0.6286
vn -0.6995 -0.1511 -0.6985
vn -0.3353 -0.0768 -0.9390
vn -0.2141 -0.0985 -0.9718
vn 0.0957 -0.0284 -0.9950
vn 0.1666 -0.0830 -0.9825
vn 0.3879 0.0162 -0.9216
vn 0.4000 -0.0875 -0.9123
vn 0.5550 -0.0965 -0.8262
vn 0.4816 -0.2436 -0.8419
vn 0.5708 -0.1813 -0.8008
vn 0.4790 -0.3367 -0.8107
vn 0.6791 -0.1770 -0.7124
vn -0.7098 -0.2145 0.6710
vn -0.7415 -0.3395 0.5788
vn 0.2815 -0.3404 0.8971
vn 0.6051 -0.7538 0.2561
vn 0.4649 -0.3814 0.7990
vn 0.6426 -0.6292 0.4373
vn 0.1097 -0.3014 0.9472
vn 0.5877 -0.5415 0.6012
vn 0.4581 -0.8210 0.3408
vn 0.7416 -0.2682 0.6149
vn 0.0476 -0.0620 0.9969
vn 0.5765 -0.3411 0.7425
vn 0.6120 -0.2104 0.7623
vn 0.6030 -0.1806 0.7770
vn -0.7262 0.4002 0.5590
vn -0.4965 0.4156 0.7621
vn -0.7695 0.6382 -0.0239
vn -0.7544 0.6283 0.1902
vn -0.1988 0.4026 0.8935
vn -0.6930 0.5307 0.4880
vn -0.6682 0.5971 0.4439
vn -0.7081 0.4582 0.5373
vn -0.6054 0.7931 -0.0671
vn -0.9226 0.3399 0.1825
vn -0.9405 0.3336 -0.0640
vn -0.8528 -0.3253 0.4085
vn -0.7884 -0.6097 -0.0822
vn -0.7834 -0.3686 0.5004
vn -0.6898 -0.7199 0.0768
vn -0.6023 0.4780 0.6393
vn -0.6930 0.5307 0.4881
vn 0.7044 0.1723 0.6885
vn 0.7904 0.5844 -0.1834
vn 0.8702 -0.3484 0.3483
vn 0.6712 0.5936 -0.4440
vn 0.0290 0.7476 -0.6636
vn 0.3073 0.7220 -0.6199
vn -0.1850 0.7779 -0.6006
vn 0.4281 0.6346 -0.6434
vn -0.2165 0.8680 -0.4470
vn 0.4188 0.6336 -0.6505
vn -0.0820 0.9602 -0.2670
vn -0.0752 0.9605 -0.2678
vn 0.9548 -0.2352 0.1817
vn 0.3972 -0.7920 0.4636
vn 0.5787 -0.6356 0.5110
vn 0.9894 -0.1391 -0.0405
vn 0.7652 -0.4879 0.4200
vn 0.9889 0.0616 -0.1353
vn 0.8809 -0.2408 0.4073
vn 0.8630 -0.0677 0.5006
vn 0.2295 -0.3040 -0.9246
vn 0.7129 0.2305 -0.6623
vn -0.1082 -0.7013 -0.7046
vn -0.2119 -0.5625 -0.7992
vn -0.2751 -0.4112 -0.8690
vn -0.2550 -0.4125 -0.8745
vn 0.3237 -0.3458 -0.8807
vn -0.0828 -0.6735 -0.7346
vn 0.9889 0.0616 -0.1352
vn 0.3237 -0.3457 -0.8807
vn 0.7467 0.3841 -0.5431
vn 0.8736 -0.0334 0.4856
vn 0.8809 -0.2408 0.4074
vn 0.3469 0.7496 -0.5637
vn 0.3995 0.7282 -0.5569
vn -0.4448 0.4406 -0.7797
vn 0.1565 0.0974 -0.9829
vn 0.0802 0.1384 -0.9871
vn -0.2159 0.4593 -0.8616
vn 0.2300 0.0940 -0.9686
vn 0.0458 0.4774 -0.8775
vn 0.3298 0.5136 -0.7921
vn 0.4771 0.0538 -0.8772
vn 0.7140 0.0574 -0.6978
vn 0.6181 0.5280 -0.5824
vn 0.8897 0.0117 -0.4564
vn 0.8241 0.4891 -0.2856
vn 0.9196 0.3869 0.0677
vn 0.9821 -0.0578 -0.1793
vn 0.8786 0.2947 0.3757
vn 0.9960 -0.0872 0.0186
vn -0.5583 0.3441 -0.7549
vn -0.6360 0.5300 -0.5609
vn -0.3281 0.5776 -0.7475
vn 0.6910 0.7020 -0.1727
vn 0.4754 0.7463 -0.4660
vn 0.7654 0.6103 0.2043
vn 0.6947 0.4831 0.5329
vn -0.7891 0.3946 -0.4708
vn 0.9834 0.0248 -0.1800
vn 0.9988 -0.0146 0.0470
vn 0.9871 0.1062 -0.1195
vn 0.8900 0.1218 -0.4394
vn 0.8988 0.0582 -0.4344
vn 0.7411 0.0904 -0.6652
vn 0.7292 0.0798 -0.6797
vn 0.5267 0.1427 -0.8380
vn 0.4836 0.1180 -0.8673
vn 0.2949 0.1874 -0.9370
vn 0.2347 0.2084 -0.9495
vn 0.9831 -0.0122 0.1826
vn 0.8730 0.1029 0.4768
vn 0.9291 -0.2547 0.2681
vn 0.0663 0.2393 -0.9687
vn 0.1418 0.1740 -0.9745
vn 0.0664 0.2293 -0.9711
vn -0.0964 0.2324 -0.9678
vn 0.0219 0.1780 -0.9838
vn -0.2289 0.1851 -0.9557
vn 0.0966 0.0021 -0.9953
vn 0.0583 0.0910 -0.9941
vn -0.6415 0.2764 -0.7156
vn 0.0009 0.0646 -0.9979
vn -0.6169 0.0514 -0.7853
vn -0.0086 -0.1198 -0.9928
vn -0.1263 -0.5974 -0.7919
vn -0.6593 -0.5594 -0.5024
vn -0.8438 0.3270 -0.4256
vn -0.8744 -0.2475 -0.4174
vn 0.0705 -0.5204 -0.8510
vn 0.2478 -0.9688 0.0040
vn 0.1042 -0.9939 0.0362
vn -0.5823 -0.8074 0.0950
vn -0.3063 -0.8884 0.3420
vn -0.7603 -0.6071 0.2309
vn 0.5908 -0.7712 -0.2371
vn -0.0170 -0.9807 -0.1946
vn -0.1112 -0.9653 0.2361
vn 0.8275 -0.5345 -0.1721
vn 0.8506 -0.4618 0.2514
vn 0.3963 -0.3054 -0.8658
vn 0.6053 -0.7796 -0.1608
vn 0.3577 -0.5463 -0.7574
vn 0.5147 -0.8530 -0.0858
vn 0.3695 -0.6153 -0.6963
vn 0.3965 -0.9176 0.0294
vn 0.3838 -0.6627 -0.6431
vn 0.1603 -0.9818 0.1016
vn 0.3688 -0.7404 -0.5619
vn -0.0217 -0.9952 0.0957
vn 0.3650 -0.7682 -0.5259
vn -0.2917 -0.9544 0.0634
vn 0.3458 -0.8087 -0.4759
vn -0.1539 -0.9768 -0.1492
vn 0.5470 -0.7047 -0.4519
vn -0.0470 -0.9310 -0.3620
vn 0.6546 -0.6557 -0.3762
vn 0.6258 -0.6875 -0.3683
vn 0.0094 -0.7961 -0.6051
vn 0.1006 -0.7130 -0.6939
vn 0.5507 -0.6904 -0.4690
vn 0.0020 -0.6239 -0.7815
vn -0.4321 -0.8879 -0.1575
vn -0.0586 0.6487 -0.7588
vn 0.2256 0.7153 -0.6614
vn 0.5908 -0.0152 0.8066
vn 0.7633 -0.2993 0.5726
vn 0.2850 0.1808 0.9413
vn 0.4192 0.1102 0.9012
vn 0.5299 0.3156 0.7872
vn -0.2412 0.5137 0.8234
vn -0.1021 0.7630 0.6382
vn -0.2741 0.2472 0.9294
vn -0.6344 0.5068 0.5837
vn -0.6335 0.2350 0.7372
vn -0.3281 -0.0220 0.9444
vn -0.3986 -0.8365 0.3760
vn 0.4963 0.1274 0.8588
vn 0.4966 -0.0911 0.8632
vn 0.8852 -0.2324 0.4030
vn 0.9142 -0.2104 0.3462
vn 0.7002 -0.7011 -0.1348
vn 0.7471 -0.5594 -0.3589
vn 0.3633 -0.6072 -0.7066
vn 0.3706 -0.8295 -0.4179
vn -0.3986 -0.8365 0.3761
vn 0.3038 -0.9491 -0.0833
vn -0.8038 0.2636 0.5333
vn -0.7068 0.5141 0.4859
vn -0.5425 0.6829 0.4892
vn -0.9224 0.1837 0.3398
vn -0.6240 0.6053 0.4942
vn -0.9339 0.3225 0.1546
vn -0.4852 0.7054 0.5168
vn -0.6652 0.2921 0.6872
vn -0.4700 0.6300 0.6183
vn -0.5032 0.1925 0.8425
vn -0.4079 0.6563 0.6347
vn -0.3094 0.2270 0.9234
vn -0.8814 -0.2807 0.3799
vn -0.9777 -0.2099 0.0061
vn -0.7009 -0.3291 0.6328
vn -0.1945 -0.3494 0.9166
vn -0.4917 -0.3419 0.8008
vn -0.9282 -0.1615 -0.3352
vn -0.5629 0.5364 0.6288
vn -0.3562 0.1881 0.9153
vn -0.7212 0.3168 0.6161
vn -0.3443 0.0140 0.9387
vn -0.7141 0.1806 0.6763
vn -0.2575 -0.0577 0.9645
vn -0.6947 0.1500 0.7035
vn -0.1519 -0.0731 0.9857
vn -0.5562 0.0368 0.8302
vn 0.1583 -0.3536 0.9219
vn 0.2921 -0.3263 0.8990
vn 0.3892 -0.2896 0.8745
vn 0.0196 -0.3578 0.9336
vn 0.1117 -0.2092 0.9715
vn 0.4014 -0.2687 0.8756
vn -0.8240 0.1659 0.5418
vn -0.8119 0.0697 0.5797
vn -0.9997 -0.0263 -0.0014
vn -0.8334 -0.0146 0.5525
vn -0.4307 0.3592 0.8279
vn -0.8832 -0.1012 -0.4580
vn -0.8688 -0.0381 -0.4937
vn -0.8405 -0.0667 -0.5377
vn -0.8283 -0.0996 -0.5514
vn -0.8175 -0.0414 -0.5744
vn -0.8213 -0.0428 -0.5689
vn -0.3492 -0.0088 0.9370
vn 0.3062 0.2679 0.9135
vn -0.5980 0.4394 -0.6703
vn -0.9803 0.0799 -0.1809
vn -0.7525 0.4438 -0.4865
vn -0.9610 0.1199 -0.2490
vn -0.9905 0.0766 -0.1145
vn -0.8501 0.4628 -0.2511
vn -0.8717 0.4874 0.0507
vn -0.9880 0.0311 0.1514
vn -0.8974 0.0402 0.4394
vn -0.7774 0.4864 0.3990
vn -0.7235 -0.0141 0.6901
vn -0.5594 0.4468 0.6981
vn -0.2453 0.3428 0.9068
vn -0.4896 -0.0847 0.8678
vn 0.0702 0.2587 0.9634
vn -0.3262 -0.1341 0.9357
vn -0.5273 0.3521 -0.7733
vn -0.9573 0.0691 -0.2806
vn -0.4664 0.2797 -0.8392
vn -0.9426 0.0503 -0.3302
vn -0.5366 0.0526 -0.8422
vn -0.9309 -0.1338 -0.3400
vn -0.6927 -0.6060 -0.3911
vn -0.2435 -0.5532 -0.7967
vn -0.4239 0.6463 0.6345
vn -0.0724 0.5578 0.8268
vn 0.2769 0.4447 0.8518
vn -0.1234 0.3421 -0.9315
vn -0.0981 -0.2358 -0.9668
vn -0.1664 0.4182 -0.8930
vn -0.3334 0.5315 -0.7787
vn -0.6094 0.5631 -0.5581
vn -0.6949 0.6490 -0.3097
vn -0.7210 0.6929 -0.0060
vn -0.6355 0.7032 0.3189
vn 0.4823 -0.5885 -0.6489
vn 0.4422 -0.8770 -0.1879
vn 0.2992 -0.7941 -0.5290
vn 0.0196 -0.9952 0.0961
vn 0.2791 -0.9594 -0.0402
vn -0.0589 -0.9735 0.2211
vn -0.8154 -0.5339 -0.2240
vn -0.9707 -0.0140 -0.2399
vn -0.9388 0.1591 -0.3054
vn -0.8288 0.1760 -0.5312
vn -0.8830 0.2171 -0.4162
vn -0.9402 0.2129 -0.2659
vn -0.9414 0.2125 -0.2620
vn -0.9680 0.1580 -0.1951
vn -0.9763 0.1920 -0.1001
vn -0.9851 0.1666 -0.0419
vn -0.9828 0.0997 0.1554
vn -0.9686 0.1591 0.1911
vn -0.8878 0.0740 0.4541
vn -0.8767 0.1209 0.4656
vn -0.7050 0.0438 0.7079
vn -0.6989 0.1239 0.7044
vn -0.4924 0.0088 0.8703
vn -0.4301 0.1060 0.8965
vn -0.2813 -0.0503 0.9583
vn -0.1463 -0.0277 0.9889
vn 0.1600 0.0908 0.9829
vn -0.0356 -0.2695 0.9623
vn 0.3003 -0.3135 0.9008
vn 0.5911 -0.0351 0.8058
vn 0.7839 0.2328 0.5756
vn 0.7195 0.1302 0.6822
vn 0.5632 0.3200 0.7618
vn 0.8393 0.5417 0.0465
vn 0.6046 0.7878 0.1177
vn 0.9633 0.2634 0.0512
vn 0.7378 0.5450 -0.3983
vn 0.8983 0.2614 -0.3533
vn 1.0000 -0.0017 -0.0012
vn 0.5189 -0.8099 -0.2736
vn 0.6510 0.1244 0.7488
vn 0.5733 -0.1377 0.8077
vn 0.0793 -0.2433 0.9667
vn 0.0531 -0.2018 0.9780
vn -0.3463 -0.7236 0.5970
vn -0.5710 -0.5677 0.5930
vn -0.7802 -0.6180 0.0966
vn -0.4890 -0.8511 0.1913
vn -0.5850 -0.7028 0.4048
vn -0.6631 -0.7422 -0.0972
vn -0.5288 -0.7102 0.4647
vn -0.5559 -0.8052 -0.2065
vn -0.2989 -0.9369 -0.1813
vn -0.5575 -0.6616 0.5014
vn -0.6010 -0.7095 0.3679
vn -0.0692 -0.9756 -0.2082
vn -0.5973 -0.7830 0.1735
vn 0.1625 -0.9529 -0.2561
vn -0.6357 -0.7581 0.1458
vn 0.1142 -0.9935 0.0035
vn -0.6396 -0.7558 0.1399
vn 0.0640 -0.9821 0.1769
vn -0.7060 -0.6957 0.1323
vn -0.0715 -0.9287 0.3639
vn -0.7645 -0.6369 0.0995
vn -0.2321 -0.8684 0.4383
vn -0.8218 -0.5645 0.0775
vn -0.3368 -0.7938 0.5064
vn -0.9420 -0.3257 0.0814
vn -0.4264 -0.5534 0.7155
vn -0.7250 -0.6350 -0.2669
vn 0.0131 -0.8812 -0.4726
vn -0.4043 -0.7863 0.4672
vn -0.1581 -0.9829 -0.0948
vn -0.0363 -0.4753 0.8791
vn 0.7562 0.2818 -0.5906
vn 0.6807 0.5172 -0.5188
vn 0.6096 0.2007 -0.7669
vn 0.6312 0.6868 -0.3605
vn 0.6765 0.6025 -0.4236
vn 0.4579 0.3340 -0.8239
vn 0.6379 0.7117 -0.2943
vn 0.8600 0.3063 -0.4081
vn 0.7334 0.6357 -0.2409
vn 0.9601 0.2045 -0.1910
vn 0.7233 0.6705 -0.1651
vn 0.9698 0.2428 0.0241
vn 0.6611 -0.2624 -0.7029
vn 0.3322 -0.1871 -0.9245
vn 0.8418 -0.3110 -0.4411
vn 0.9340 -0.3319 0.1321
vn 0.9310 -0.3217 -0.1724
vn -0.0052 -0.1383 -0.9904
vn 0.7709 0.5527 -0.3167
vn 0.9778 0.2072 -0.0316
vn 0.8123 0.3335 -0.4785
vn 0.9993 0.0338 -0.0130
vn 0.8497 0.2370 -0.4711
vn 0.9980 -0.0174 0.0608
vn 0.8875 0.1812 -0.4238
vn 0.9814 -0.0560 0.1836
vn 0.9669 0.0599 -0.2478
vn 0.8234 -0.3388 0.4551
vn 0.7573 -0.3193 0.5697
vn 0.7011 -0.2849 0.6537
vn 0.8805 -0.3412 0.3292
vn 0.8832 -0.1975 0.4255
vn 0.6977 -0.2642 0.6659
vn 0.7814 0.1902 -0.5944
vn 0.8274 0.0632 -0.5580
vn 0.8011 0.0297 -0.5978
vn 0.3353 -0.0159 -0.9420
vn 0.9041 0.4063 -0.1325
vn -0.1426 -0.0807 -0.9865
vn -0.1993 -0.0136 -0.9799
vn -0.2324 -0.0526 -0.9712
vn -0.2437 -0.0861 -0.9660
vn -0.2790 -0.0328 -0.9597
vn -0.2797 -0.0327 -0.9595
vn 0.9845 0.1626 -0.0659
vn -0.1403 -0.9628 0.2311
vn 0.7521 0.2799 0.5967
vn 0.7183 -0.0878 0.6901
vn 0.6837 -0.0853 0.7248
vn 0.7697 -0.1290 0.6253
vn 0.6520 -0.0512 0.7565
vn 0.8467 -0.1404 0.5133
vn 0.8856 -0.1250 0.4473
vn 0.9163 -0.1325 0.3780
vn 0.8775 -0.0836 0.4722
vn 0.8557 -0.0914 0.5093
vn 0.7133 -0.0686 0.6975
vn 0.5763 -0.0901 0.8122
vn 0.5771 -0.0657 0.8140
vn 0.4220 -0.0730 0.9036
vn 0.1977 -0.1014 0.9750
vn 0.1554 -0.0946 0.9833
vn 0.0546 -0.1455 0.9878
vn 0.1300 -0.1364 0.9821
vn 0.2055 -0.1501 0.9671
vn 0.3365 -0.1356 0.9319
vn 0.4139 -0.0925 0.9056
vn 0.4581 -0.0887 0.8845
vn 0.4977 -0.0536 0.8657
vn -0.4877 0.5497 -0.6782
vn 0.0449 -0.4343 -0.8996
vn -0.4577 -0.5890 -0.6660
vn -0.3106 0.4905 -0.8142
vn 0.2835 -0.1494 -0.9473
vn -0.3628 0.4630 -0.8087
vn 0.1992 -0.1953 -0.9603
vn -0.4569 0.4815 -0.7479
vn -0.0966 -0.3008 -0.9488
vn -0.5612 0.5329 -0.6333
vn 0.1219 -0.3462 -0.9302
vn -0.5712 0.6696 -0.4748
vn -0.1953 0.9469 -0.2556
vn -0.6727 0.4870 -0.5570
vn -0.0656 0.8624 -0.5020
vn -0.6527 0.4579 -0.6035
vn -0.9846 -0.1663 -0.0535
vn -0.8532 -0.4457 -0.2708
vn -0.9683 -0.2122 -0.1320
vn -0.5636 0.4801 -0.6723
vn -0.8567 -0.3117 -0.4110
vn -0.4212 0.5352 -0.7322
vn -0.9108 -0.3617 -0.1988
vn -0.8438 0.4049 -0.3523
vn -0.0379 0.8235 -0.5660
vn -0.7947 0.5665 -0.2180
vn -0.1545 0.7083 -0.6888
vn -0.7173 -0.6895 -0.1002
vn -0.7865 -0.6057 0.1205
vn -0.8955 -0.3473 0.2784
vn -0.7127 -0.6912 0.1195
vn -0.1988 -0.9330 -0.3001
vn 0.3641 -0.6752 -0.6414
vn 0.5669 -0.3252 -0.7569
vn 0.4514 -0.4593 -0.7650
vn 0.1578 -0.6763 -0.7195
vn 0.3863 -0.5872 -0.7113
vn 0.6175 -0.2094 -0.7582
vn 0.6117 -0.2098 -0.7628
vn -0.8621 -0.4792 0.1647
vn -0.4699 0.8560 -0.2154
vn -0.6131 0.7029 -0.3606
vn -0.5851 0.7331 -0.3467
vn -0.5374 0.8165 -0.2111
vn -0.5051 0.8367 -0.2117
vn -0.1478 0.7398 -0.6564
vn -0.2588 0.9655 0.0292
vn -0.0113 0.8889 0.4580
vn 0.0046 0.8971 0.4418
vn -0.3000 0.9528 0.0460
vn 0.1124 0.7016 0.7036
vn 0.1132 0.7349 0.6686
vn 0.2250 0.4665 0.8554
vn 0.2274 0.5041 0.8332
vn -0.1599 0.9866 -0.0328
vn 0.0490 0.9434 0.3281
vn -0.4754 0.8611 0.1801
vn -0.3971 0.7741 0.4931
vn -0.4797 0.8573 0.1870
vn -0.4043 0.7724 0.4899
vn 0.5090 0.8494 -0.1393
vn 0.3599 0.8753 -0.3231
vn 0.1472 0.8087 0.5695
vn -0.2674 0.6825 0.6802
vn -0.2017 0.7404 0.6412
vn 0.6354 0.7721 -0.0013
vn -0.0914 0.5863 0.8049
vn 0.7358 0.6611 0.1469
vn 0.2425 0.5833 0.7752
vn -0.1540 0.5473 0.8226
vn -0.1565 0.3498 0.9237
vn -0.0343 0.3994 0.9161
vn 0.8229 0.4935 0.2818
vn -0.1141 0.2610 0.9586
vn -0.1253 0.3175 0.9399
vn 0.2991 0.3204 0.8988
vn 0.3184 0.2770 0.9066
vn 0.3484 0.1535 0.9247
vn 0.8276 0.2954 -0.4772
vn 0.8152 0.3100 -0.4892
vn 0.8662 0.2642 -0.4241
vn 0.8974 0.2655 -0.3525
vn 0.8488 0.4074 0.3371
vn 0.3795 0.3709 0.8476
vn 0.8429 0.3861 0.3747
vn 0.3695 0.3565 0.8581
vn 0.9262 0.2493 -0.2830
vn 0.9371 0.2195 -0.2716
vn 0.7944 0.3411 -0.5025
vn 0.2829 0.7628 -0.5815
vn -0.6539 0.7537 -0.0667
vn -0.6684 0.7409 -0.0660
vn -0.3785 0.8521 -0.3614
vn -0.5169 0.6655 -0.5384
vn -0.7774 0.5910 -0.2151
vn -0.7451 0.6238 -0.2359
vn 0.1868 0.6827 -0.7064
vn 0.1013 0.5311 -0.8412
vn -0.8211 0.4251 -0.3808
vn -0.6412 0.3935 -0.6588
vn -0.8478 0.4224 -0.3205
vn -0.9176 0.1853 -0.3517
vn -0.8724 0.2296 -0.4315
vn -0.4955 0.7909 -0.3591
vn -0.5135 0.7795 -0.3588
vn -0.6677 0.5322 -0.5205
vn -0.6354 0.5736 -0.5169
vn -0.7449 0.2247 -0.6282
vn -0.6985 0.2658 -0.6644
vn -0.6938 0.0641 -0.7173
vn -0.7173 0.1323 -0.6841
vn -0.9253 0.1145 -0.3616
vn -0.7125 -0.0453 -0.7002
vn -0.8828 0.1243 -0.4530
vn 0.0527 0.2231 -0.9734
vn 0.0306 0.3466 -0.9375
vn 0.7160 0.2610 -0.6475
vn 0.7586 0.2790 -0.5888
vn 0.7901 0.2116 -0.5753
vn 0.6460 0.2431 -0.7236
vn 0.6690 0.1582 -0.7262
vn 0.6860 0.1340 -0.7152
vn -0.8285 -0.1682 0.5342
vn -0.6130 -0.0949 0.7844
vn -0.8401 -0.1251 0.5277
vn -0.5889 -0.1384 0.7962
vn -0.8144 -0.2277 0.5338
vn -0.5956 -0.2114 0.7749
vn -0.8009 -0.2557 0.5415
vn -0.5500 -0.2565 0.7948
vn -0.4066 -0.2530 0.8779
vn -0.4363 -0.3079 0.8455
vn -0.4123 -0.0715 0.9082
vn -0.4174 -0.1404 0.8978
vn -0.2273 -0.1603 0.9605
vn -0.2074 -0.2215 0.9529
vn -0.2863 -0.3034 0.9088
vn -0.1417 -0.2622 0.9546
vn -0.0630 -0.2310 0.9709
vn -0.0182 -0.2524 0.9675
vn 0.0053 -0.2478 0.9688
vn -0.9314 -0.2785 0.2344
vn -0.9545 -0.2152 0.2065
vn -0.9282 -0.3166 0.1954
vn -0.9401 -0.3390 0.0370
vn -0.9220 -0.3765 0.0904
vn -0.9654 -0.2608 0.0084
vn -0.9801 -0.1981 -0.0121
vn -0.9600 -0.1679 0.2239
vn -0.9310 -0.3049 -0.2007
vn -0.9107 -0.3536 -0.2135
vn -0.9160 -0.3898 -0.0952
vn -0.8743 -0.3918 -0.2864
vn -0.8635 -0.3710 -0.3415
vn -0.8571 -0.3743 -0.3540
vn -0.8490 -0.3716 -0.3755
vn 0.2056 0.9221 0.3278
vn -0.5797 0.7629 0.2862
vn -0.0545 0.7032 0.7089
vn 0.0916 0.7350 0.6719
vn -0.8272 0.2939 0.4790
vn -0.1192 0.9232 0.3654
vn -0.2823 0.5592 0.7795
vn -0.2822 0.2330 0.9306
vn -0.2631 0.2583 0.9296
vn -0.3295 0.8572 0.3958
vn -0.3843 0.4779 0.7898
vn -0.3372 0.0349 0.9408
vn -0.2659 0.7889 0.5540
vn -0.2485 0.3988 0.8828
vn -0.1790 -0.0327 0.9833
vn -0.2526 0.7947 0.5520
vn -0.2718 0.4339 0.8590
vn -0.1793 -0.0844 0.9802
vn -0.6068 0.6829 0.4068
vn -0.3507 -0.3215 0.8796
vn -0.5130 0.3936 0.7628
vn -0.4098 0.1522 0.8994
vn -0.6642 0.6778 0.3154
vn -0.0964 -0.0069 0.9953
vn 0.1452 0.4309 0.8907
vn -0.3424 0.6937 0.6336
vn -0.1002 0.8383 0.5359
vn -0.3564 0.9236 0.1413
vn -0.4243 0.8512 0.3090
vn -0.2395 0.9618 0.1329
vn 0.1912 0.5085 0.8396
vn -0.8476 0.0962 0.5219
vn -0.9765 0.1292 -0.1725
vn -0.7692 0.5275 -0.3606
vn -0.6188 0.6670 -0.4151
vn -0.9826 0.1550 -0.1020
vn -0.8680 0.4806 -0.1249
vn -0.4075 0.7575 -0.5100
vn -0.3874 0.7275 -0.5662
vn -0.5311 0.8238 -0.1983
vn -0.8162 0.5738 -0.0675
vn -0.4231 0.9057 -0.0265
vn -0.9868 0.1380 -0.0846
vn -0.5976 0.7906 -0.1333
vn -0.8483 0.4761 -0.2318
vn -0.9396 0.1682 -0.2980
vn -0.6084 0.7838 -0.1245
vn -0.8837 0.4202 -0.2060
vn -0.9347 -0.0005 -0.3555
vn -0.6125 0.7655 0.1971
vn -0.9144 -0.3902 -0.1080
vn -0.9614 0.2574 0.0971
vn -0.7294 0.6568 0.1912
vn -0.8838 0.4017 -0.2401
vn -0.9822 0.0130 -0.1873
vn -0.8791 -0.1513 -0.4521
vn -0.7487 0.1205 -0.6519
vn -0.7142 0.6558 -0.2447
vn -0.5643 0.8076 0.1713
vn -0.2253 0.9669 -0.1198
vn -0.0269 0.9969 0.0737
vn -0.1836 0.6957 -0.6945
vn 0.1257 0.9130 -0.3882
vn 0.2082 0.9449 -0.2525
vn -0.2556 0.3933 -0.8831
vn 0.5114 0.3643 -0.7783
vn -0.1642 0.9202 0.3553
vn -0.6764 0.1974 -0.7096
vn 0.9035 0.0990 -0.4169
vn 0.9031 0.1189 -0.4126
vn 0.8957 0.0637 -0.4401
vn 0.9111 0.1480 -0.3847
vn 0.8922 0.0517 -0.4486
vn 0.8954 0.0499 -0.4424
vn 0.9194 0.1351 -0.3694
vn 0.5956 -0.8017 -0.0508
vn 0.0890 -0.9887 0.1203
vn 0.0784 -0.9952 0.0588
vn 0.7979 -0.5772 -0.1737
vn 0.1196 -0.9914 -0.0533
vn 0.1189 -0.9890 -0.0881
vn 0.1653 -0.9859 -0.0253
vn 0.1594 -0.9872 -0.0089
vn 0.1431 -0.9863 0.0816
vn 0.1381 -0.9872 0.0802
vn 0.2560 -0.9491 0.1835
vn 0.2783 -0.9423 0.1862
vn 0.4876 -0.8391 0.2410
vn 0.4451 -0.8558 0.2634
vn 0.5298 -0.7934 0.2996
vn 0.5198 -0.7946 0.3136
vn 0.7548 -0.6337 -0.1694
vn 0.6846 -0.7124 -0.1543
vn 0.3664 -0.9284 0.0617
vn 0.3311 -0.9429 0.0358
vn 0.3872 -0.9194 0.0697
vn 0.7526 -0.4871 -0.4432
vn 0.6475 -0.6970 -0.3080
vn 0.2580 -0.5881 -0.7666
vn 0.4603 -0.2733 -0.8447
vn 0.3705 -0.7431 -0.5573
vn 0.3091 -0.9483 -0.0720
vn 0.1509 -0.9319 -0.3297
vn 0.5205 -0.7323 -0.4391
vn 0.2035 -0.1845 -0.9615
vn -0.0071 -0.4036 -0.9149
vn -0.1166 -0.7093 -0.6952
vn -0.0091 -0.8610 -0.5085
vn -0.1948 -0.5680 -0.7996
vn -0.2958 -0.4680 -0.8327
vn 0.0754 -0.1974 -0.9774
vn 0.1391 -0.1904 -0.9718
vn 0.1380 -0.2298 -0.9634
vn -0.2476 -0.5837 -0.7733
vn -0.0813 -0.3513 -0.9327
vn -0.2023 -0.6075 -0.7681
vn 0.0817 -0.2697 -0.9595
vn -0.3977 -0.3863 -0.8322
vn 0.6379 -0.7025 -0.3155
vn 0.6960 -0.6985 -0.1665
vn 0.7286 -0.6848 -0.0147
vn 0.9772 -0.2090 -0.0380
vn 0.8559 -0.4734 0.2082
vn 0.4708 -0.8648 0.1747
vn 0.5499 -0.7375 0.3921
vn 0.9473 -0.1023 0.3036
vn 0.8210 -0.2084 0.5315
vn 0.6466 -0.5525 0.5259
vn 0.6939 -0.3645 0.6210
vn 0.7108 -0.1895 0.6773
vn 0.7883 -0.1383 0.5996
vn 0.8789 -0.2628 0.3981
vn 0.8178 -0.1933 0.5420
vn 0.7551 -0.2449 0.6082
vn 0.7498 -0.2187 0.6244
vn 0.8264 -0.2187 0.5188
vn 0.8708 -0.2051 0.4467
vn 0.8886 -0.1802 0.4219
vn 0.9474 0.1025 0.3033
vn 0.1376 -0.9727 0.1868
vn 0.1318 -0.9703 0.2031
vn 0.1731 -0.9814 0.0831
vn 0.0996 -0.9516 0.2906
vn 0.0491 -0.9969 0.0608
vn 0.1953 -0.9792 0.0546
vn 0.2009 -0.9782 0.0530
vn 0.0455 -0.9947 0.0920
vn 0.0629 -0.9977 0.0264
vn 0.0389 -0.9990 0.0198
vn 0.0887 -0.9950 0.0461
vn 0.0896 -0.9951 0.0424
vn 0.0580 -0.9924 -0.1082
vn 0.0711 -0.9866 -0.1471
vn 0.1068 -0.9202 -0.3765
vn 0.0650 -0.9396 -0.3362
vn 0.0681 -0.8922 -0.4465
vn 0.0516 -0.8949 -0.4432
vn 0.1542 -0.9784 -0.1377
vn 0.1979 -0.9253 -0.3234
vn 0.3632 -0.7211 -0.5899
vn 0.3463 -0.6829 -0.6433
vn 0.4129 -0.5981 -0.6868
vn 0.4326 -0.5917 -0.6802
vn 0.4587 -0.5859 -0.6681
vn 0.4861 -0.5748 -0.6583
vn -0.8950 -0.2199 0.3880
vn -0.8228 -0.2250 0.5219
vn -0.9002 -0.3735 0.2238
vn -0.6662 0.2035 0.7175
vn -0.7943 -0.2691 0.5446
vn -0.6769 0.2411 0.6955
vn -0.8169 -0.4134 0.4023
vn -0.7813 -0.4063 0.4739
vn -0.7884 -0.2430 0.5652
vn -0.7152 0.1458 0.6835
vn -0.9063 -0.3954 -0.1491
vn -0.7501 0.0205 0.6610
vn -0.7792 0.0331 0.6259
vn -0.6679 0.1446 0.7301
vn -0.6690 0.1183 0.7338
vn -0.6791 0.1165 0.7247
vn -0.6802 0.1045 0.7256
vn -0.6853 0.1034 0.7209
vn -0.6835 0.0965 0.7236
vn -0.6826 0.0949 0.7246
vn -0.6760 -0.0899 0.7314
vn -0.6516 -0.1899 0.7344
vn -0.6277 -0.2846 0.7246
vn -0.6152 -0.2712 0.7403
vn -0.6391 -0.1563 0.7531
vn -0.6302 -0.1669 0.7583
vn 0.4227 -0.3050 -0.8534
vn -0.2722 -0.4948 -0.8253
vn -0.0457 -0.5917 -0.8048
vn 0.6276 -0.0696 -0.7754
vn 0.7385 0.0299 -0.6735
vn 0.7294 0.0264 -0.6836
vn 0.7177 0.0293 -0.6958
vn 0.7169 0.0080 -0.6971
vn 0.7155 -0.0025 -0.6986
vn 0.7245 -0.0254 -0.6888
vn 0.7317 -0.0325 -0.6809
vn 0.7374 -0.1497 -0.6586
vn 0.7396 -0.1818 -0.6481
vn 0.7326 -0.2573 -0.6301
vn 0.7351 -0.2602 -0.6260
vn 0.7385 -0.2125 -0.6399
vn 0.7423 -0.2244 -0.6313
vn 0.5502 -0.3116 -0.7747
vn 0.7463 0.0568 -0.6632
vn 0.5801 -0.3595 -0.7309
vn 0.2638 -0.7186 -0.6435
vn 0.2153 -0.6519 -0.7271
vn 0.4781 -0.5340 -0.6973
vn 0.7399 0.0143 -0.6725
vn 0.7612 0.1354 -0.6342
vn 0.1071 -0.9766 0.1865
vn -0.0082 -0.9630 0.2695
vn 0.1236 -0.9769 0.1742
vn -0.0181 -0.9609 0.2764
vn -0.6177 -0.2843 -0.7332
vn -0.6640 -0.2550 -0.7029
vn -0.6000 -0.3047 -0.7397
vn -0.6977 -0.2288 -0.6789
vn -0.6037 -0.3404 -0.7209
vn -0.6030 -0.3792 -0.7018
vn -0.5995 -0.4484 -0.6629
vn -0.5937 -0.4640 -0.6574
vn -0.5490 -0.5897 -0.5923
vn -0.5385 -0.6018 -0.5898
vn -0.4588 -0.7365 -0.4971
vn -0.4514 -0.7423 -0.4952
vn -0.4383 -0.7557 -0.4867
vn -0.4382 -0.7547 -0.4882
vn -0.3886 -0.8163 -0.4273
vn -0.3939 -0.8085 -0.4372
vn -0.2736 -0.9396 -0.2059
vn -0.2753 -0.9394 -0.2044
vn -0.5567 -0.5946 -0.5801
vn -0.5356 -0.6272 -0.5654
vn -0.5381 -0.6250 -0.5655
vn -0.5612 -0.5919 -0.5785
vn -0.5845 -0.5294 -0.6149
vn -0.5817 -0.5309 -0.6163
vn -0.5676 -0.6022 -0.5614
vn -0.5746 -0.6072 -0.5487
vn 0.2791 0.9258 0.2548
vn 0.2779 0.9395 0.2004
vn 0.2791 0.9393 0.1994
vn 0.2768 0.9271 0.2528
vn 0.3290 0.8913 0.3120
vn 0.3335 0.8899 0.3112
vn 0.3565 0.8560 0.3743
vn 0.3491 0.8571 0.3787
vn 0.5307 0.5725 0.6249
vn 0.5205 0.5753 0.6310
vn 0.5979 0.2344 0.7665
vn 0.5813 0.2455 0.7758
vn 0.5569 0.2472 0.7929
vn 0.5422 0.2538 0.8010
vn 0.5400 0.2446 0.8053
vn 0.5454 0.2413 0.8027
vn 0.5948 0.2142 0.7748
vn 0.6253 0.1978 0.7549
vn 0.6876 -0.1212 -0.7159
vn 0.7077 -0.0891 -0.7009
vn 0.7187 -0.0658 -0.6922
vn 0.7083 -0.0956 -0.6994
vn 0.7322 -0.0089 -0.6810
vn 0.7325 -0.0074 -0.6807
vn 0.2997 -0.9488 -0.0995
vn 0.3478 -0.9271 -0.1400
vn 0.3625 -0.9216 -0.1384
vn 0.2658 -0.9611 -0.0755
vn -0.0183 -0.9796 0.2001
vn -0.2765 -0.8581 0.4327
vn -0.6774 -0.2506 0.6916
vn -0.7347 0.0128 0.6783
vn -0.5460 0.7143 0.4378
vn -0.5810 0.6844 0.4405
vn -0.2657 0.9284 0.2599
vn -0.2506 0.9285 0.2738
vn 0.7952 -0.0062 -0.6063
vn 0.7930 -0.0046 -0.6092
vn 0.7979 -0.0082 -0.6027
vn 0.7907 -0.0030 -0.6122
vn 0.1710 0.3306 0.9282
vn 0.1535 0.3209 0.9346
vn 0.2018 0.3212 0.9252
vn 0.1406 0.3251 0.9352
vn 0.1172 0.3094 0.9437
vn 0.1171 0.3104 0.9434
vn -0.9687 0.2238 0.1076
vn -0.9962 0.0066 0.0874
vn -0.7760 0.3754 0.5068
vn -0.9554 -0.0892 0.2816
vn -0.8268 -0.1389 0.5450
vn -0.5661 -0.1243 0.8149
vn -0.3432 -0.0110 0.9392
vn -0.3698 0.2024 0.9068
vn -0.5189 0.5322 0.6690
vn -0.4554 0.7204 0.5231
vn -0.4790 0.8239 0.3027
vn -0.6507 0.7402 0.1695
vn -0.7917 0.5755 0.2048
vn -0.8074 0.2048 0.5534
vn -0.8483 0.1954 0.4922
vn -0.7601 0.1222 0.6382
vn -0.7801 0.5717 -0.2540
vn -0.6457 0.7584 -0.0893
vn -0.8049 0.2208 0.5508
vn -0.4266 0.8468 0.3178
vn -0.8610 0.4090 -0.3022
vn -0.6743 0.4451 -0.5892
vn -0.6166 0.5965 -0.5138
vn -0.4611 0.8369 -0.2949
vn -0.2540 0.9540 0.1590
vn -0.9550 0.1755 -0.2391
vn -0.8884 0.2562 0.3809
vn -0.9574 0.0076 -0.2886
vn -0.9995 -0.0036 -0.0316
vn -0.4161 0.2057 -0.8858
vn -0.7487 0.2723 -0.6044
vn 0.2189 0.2809 -0.9345
vn -0.9651 -0.1386 -0.2223
vn -0.9945 0.0547 -0.0891
vn -0.9685 0.0894 -0.2322
vn -0.9829 0.1487 0.1085
vn -0.9693 0.2458 -0.0054
vn -0.8836 -0.0183 -0.4679
vn -0.7787 -0.1513 -0.6089
vn -0.4642 -0.3750 -0.8024
vn -0.2363 -0.4827 -0.8433
vn -0.5496 -0.3929 -0.7373
vn -0.0940 -0.5614 -0.8222
vn 0.2028 -0.6669 -0.7170
vn 0.2330 -0.6522 -0.7214
vn -0.8670 0.1007 -0.4880
vn -0.5146 -0.1724 -0.8399
vn -0.8549 0.1759 -0.4880
vn -0.4963 -0.1065 -0.8616
vn -0.9531 0.2906 -0.0848
vn -0.7448 0.4087 0.5275
vn -0.7775 0.3687 0.5095
vn -0.9400 0.3133 -0.1347
vn 0.1756 -0.5821 -0.7939
vn 0.1462 -0.4707 -0.8701
vn 0.4146 -0.6031 -0.6815
vn 0.3500 -0.7014 -0.6208
vn 0.4224 -0.5440 -0.7250
vn 0.3490 -0.6984 -0.6248
vn 0.2692 -0.6990 -0.6626
vn -0.7577 0.4355 0.4861
vn -0.9337 0.3242 -0.1523
vn -0.7583 0.4583 0.4637
vn 0.1679 -0.4536 -0.8752
vn 0.4136 -0.5304 -0.7400
vn 0.1875 -0.4685 -0.8633
vn -0.4777 -0.1055 -0.8722
vn 0.4125 -0.5718 -0.7092
vn -0.8647 0.1821 -0.4682
vn -0.2675 0.3643 0.8920
vn -0.2679 0.3565 0.8951
vn -0.2667 0.2771 0.9231
vn 0.1410 0.0901 0.9859
vn 0.1534 0.1867 0.9704
vn 0.6160 -0.2227 0.7556
vn 0.6409 -0.1177 0.7586
vn 0.8693 -0.4511 0.2022
vn 0.8580 -0.4817 0.1781
vn 0.7954 -0.5884 0.1453
vn 0.5651 -0.2980 0.7694
vn 0.1197 -0.0046 0.9928
vn 0.6466 -0.5116 0.5658
vn 0.2516 -0.1960 0.9478
vn 0.4663 -0.4129 0.7824
vn 0.7102 -0.5939 0.3781
vn -0.3771 0.2345 0.8960
vn -0.1597 0.0647 0.9850
vn -0.5416 0.1073 0.8337
vn -0.2817 0.0084 0.9595
vn -0.8343 0.2138 0.5082
vn -0.1205 -0.1847 0.9754
vn -0.3118 -0.0075 0.9501
vn -0.7240 0.5047 0.4703
vn -0.8044 0.4903 0.3354
vn -0.8742 0.3982 0.2780
vn -0.6432 0.5339 0.5489
vn -0.5810 0.4346 0.6881
vn -0.6486 0.2623 0.7145
vn -0.0830 0.0043 0.9965
vn -0.1079 0.1617 0.9809
vn 0.6930 0.2023 0.6920
vn 0.3230 0.2712 0.9067
vn 0.9637 0.2480 0.0993
vn -0.8464 0.1791 0.5015
vn -0.0565 0.3792 0.9236
vn -0.8248 0.1540 0.5440
vn 0.2730 0.4390 0.8560
vn -0.0676 0.5525 0.8308
vn -0.7743 0.1866 0.6047
vn -0.1701 0.7321 0.6597
vn 0.2428 0.5930 0.7677
vn 0.0934 0.8123 0.5757
vn 0.9071 0.4062 0.1105
vn 0.7249 0.1450 0.6734
vn 0.8685 0.4618 0.1803
vn 0.8258 -0.0229 0.5635
vn 0.8952 -0.2260 0.3840
vn 0.8249 0.4570 0.3328
vn 0.9368 -0.2681 0.2246
vn 0.8318 0.3852 0.3996
vn 0.7111 -0.7029 -0.0189
vn 0.0285 -0.3128 0.9494
vn 0.7249 -0.6865 0.0565
vn 0.7065 -0.7018 -0.0915
vn 0.6922 -0.6929 -0.2018
vn 0.7082 -0.6995 -0.0955
vn 0.7502 -0.6585 0.0597
vn 0.7865 -0.6085 -0.1060
vn 0.8274 -0.5513 -0.1073
vn 0.8479 -0.5177 -0.1143
vn 0.8335 -0.5465 -0.0817
vn 0.8621 -0.4462 0.2399
vn 0.6223 -0.0743 0.7792
vn 0.0831 0.2002 0.9762
vn 0.9596 -0.1773 -0.2186
vn 0.9589 -0.2472 -0.1393
vn 0.9918 0.1197 0.0454
vn 0.9926 0.0711 -0.0983
vn 0.9435 0.1962 0.2671
vn 0.9572 -0.2813 0.0674
vn 0.6467 -0.1917 -0.7382
vn 0.4388 0.1177 -0.8908
vn 0.5690 0.0558 -0.8205
vn 0.5330 -0.2518 -0.8078
vn 0.4522 -0.6924 -0.5623
vn 0.1309 0.1987 -0.9713
vn 0.2855 -0.2820 -0.9159
vn -0.0572 0.3820 -0.9224
vn 0.1241 -0.2686 -0.9552
vn 0.0603 0.5100 -0.8581
vn -0.0157 -0.1780 -0.9839
vn 0.1562 0.4977 -0.8532
vn -0.2111 0.0045 -0.9775
vn -0.3788 0.1069 -0.9193
vn 0.1785 0.3455 -0.9213
vn -0.8392 -0.3485 -0.4176
vn -0.2845 0.9435 -0.1701
vn -0.3995 0.9085 0.1224
vn -0.2494 0.9635 -0.0974
vn -0.4302 0.8952 0.1163
vn -0.5038 0.6855 0.5256
vn -0.4595 0.8736 0.1601
vn -0.1713 0.6119 0.7722
vn -0.2115 0.8980 0.3858
vn 0.3429 0.4159 0.8423
vn -0.3832 0.8960 -0.2244
vn -0.2370 0.9558 -0.1741
vn 0.1509 0.9369 -0.3154
vn 0.2204 0.8896 0.4000
vn 0.4693 0.8049 -0.3632
vn 0.6483 0.7135 0.2656
vn 0.7225 0.5448 -0.4257
vn 0.8759 0.4745 0.0874
vn 0.9717 0.2197 -0.0865
vn 0.7648 0.2716 -0.5842
vn 0.9247 0.0040 0.3807
vn 0.9464 -0.0152 -0.3225
vn 0.5630 0.2323 -0.7931
vn 0.9074 -0.1929 -0.3734
vn 0.6476 0.0236 -0.7617
vn 0.8484 -0.2968 -0.4384
vn 0.7136 -0.0327 -0.6998
vn 0.8402 -0.1908 -0.5076
vn 0.7663 0.0610 -0.6395
vn 0.8184 -0.1528 -0.5540
vn 0.8298 0.0820 -0.5520
vn 0.8852 0.0763 -0.4589
vn 0.7798 -0.1710 -0.6023
vn 0.9168 -0.0221 -0.3987
vn 0.7298 -0.2966 -0.6160
vn 0.9515 0.0189 -0.3070
vn 0.6858 -0.2037 -0.6987
vn 0.9573 0.1641 -0.2380
vn 0.6609 -0.0219 -0.7502
vn 0.1396 -0.3172 -0.9380
vn 0.2791 -0.5619 -0.7787
vn 0.5208 -0.4504 -0.7252
vn 0.6627 -0.6118 -0.4319
vn 0.6627 -0.6117 -0.4320
vn -0.0396 0.0079 -0.9992
vn 0.4219 0.1617 -0.8921
vn 0.8352 0.2359 -0.4968
vn 0.6699 0.5464 -0.5027
vn 0.2218 0.4241 -0.8780
vn -0.0112 0.7106 -0.7035
vn 0.4936 0.8189 -0.2928
vn -0.2544 0.9069 -0.3359
vn 0.2802 0.9599 0.0099
vn -0.4773 0.8665 0.1463
vn -0.1306 0.9678 0.2152
vn -0.7570 0.6427 -0.1178
vn -0.6525 0.4416 -0.6158
vn -0.3827 0.2408 -0.8920
vn -0.0317 0.8772 0.4791
vn -0.3871 0.8351 0.3908
vn -0.6924 0.6753 0.2539
vn -0.3179 0.8735 0.3686
vn -0.2581 0.9085 0.3287
vn 0.0249 0.9250 0.3791
vn 0.0083 0.9518 0.3066
vn 0.8368 -0.5466 0.0321
vn 0.9227 -0.3210 0.2133
vn 0.8763 -0.4350 -0.2070
vn 0.7336 0.2358 0.6374
vn 0.7140 0.5149 -0.4745
vn 0.8847 0.4527 0.1117
vn 0.9160 0.3699 -0.1551
vn 0.5993 0.6867 -0.4115
vn 0.1834 0.4495 -0.8743
vn 0.4769 0.2976 -0.8270
vn -0.0013 0.1809 -0.9835
vn 0.2255 0.3154 -0.9218
vn -0.0558 0.2054 -0.9771
vn -0.0755 0.3217 -0.9438
vn -0.0529 0.5200 -0.8525
vn -0.1416 0.3984 -0.9062
vn -0.1427 0.4743 -0.8687
vn -0.0821 0.5910 -0.8025
vn 0.5798 0.6849 -0.4412
vn 0.4467 0.8087 -0.3827
vn 0.6739 0.6965 0.2465
vn 0.7868 0.4303 0.4425
vn 0.8254 0.5174 0.2258
vn 0.7725 0.3870 0.5035
vn 0.8419 0.3105 0.4414
vn 0.6861 0.5433 -0.4838
vn 0.9715 0.2033 0.1216
vn 0.8818 0.1882 0.4324
vn 0.9145 0.1477 0.3766
vn 0.9725 0.2301 0.0352
vn 0.1207 -0.2694 0.9554
vn -0.5991 -0.7183 -0.3536
vn -0.3831 -0.9007 0.2048
vn -0.8499 -0.5048 -0.1512
vn -0.8930 -0.4452 0.0661
vn -0.1272 -0.8953 -0.4270
vn 0.1867 -0.9748 -0.1221
vn 0.2996 -0.9057 0.2999
vn 0.0372 -0.7487 0.6618
vn -0.2460 -0.5631 0.7889
vn -0.4807 -0.4780 0.7352
vn -0.7710 -0.4407 0.4598
vn -0.3343 0.4979 0.8002
vn -0.4797 0.5323 0.6975
vn -0.2867 0.4960 0.8197
vn -0.4692 0.5238 0.7110
vn 0.0024 0.3908 0.9205
vn 0.0236 0.3946 0.9186
vn 0.3027 0.2740 0.9129
vn 0.4152 0.1856 0.8906
vn 0.7412 -0.0165 0.6711
vn 0.7511 -0.0889 0.6542
vn 0.5704 -0.0509 0.8198
vn 0.6976 -0.1251 0.7055
vn 0.6990 -0.0439 0.7138
vn 0.7493 -0.0848 0.6567
vn 0.7841 -0.1974 0.5884
vn 0.9130 -0.2171 0.3453
vn 0.9334 -0.2237 0.2806
vn 0.9635 -0.2663 0.0276
vn 0.9556 -0.2878 -0.0630
vn 0.7987 -0.2927 -0.5257
vn 0.8471 -0.2842 -0.4491
vn 0.6083 -0.2460 -0.7546
vn 0.3915 -0.2507 -0.8854
vn 0.3917 -0.2384 -0.8887
vn 0.0986 -0.2209 -0.9703
vn -0.0497 -0.1100 -0.9927
vn -0.3354 -0.0716 -0.9394
vn -0.6338 0.1362 -0.7614
vn -0.6943 0.1842 -0.6957
vn -0.6005 0.0391 -0.7986
vn -0.4363 -0.1220 -0.8915
vn -0.5479 0.0195 -0.8363
vn -0.8552 0.3238 -0.4047
vn -0.8597 0.2853 -0.4237
vn -0.8792 0.4752 -0.0332
vn -0.8847 0.4640 -0.0452
vn -0.8351 0.5293 0.1497
vn -0.8670 0.4902 0.0896
vn -0.1973 -0.2278 -0.9535
vn -0.4057 -0.1581 -0.9002
vn 0.6998 -0.1407 -0.7004
vn 0.6157 0.3496 -0.7062
vn 0.6956 0.2420 -0.6764
vn 0.5595 -0.0703 -0.8258
vn 0.5180 0.4557 -0.7239
vn 0.2527 0.0479 -0.9664
vn 0.5313 0.4100 -0.7414
vn -0.0482 0.0520 -0.9975
vn 0.5963 0.0966 -0.7969
vn -0.0488 0.0164 -0.9987
vn 0.1143 -0.7513 -0.6500
vn 0.2140 -0.8061 -0.5517
vn -0.2432 -0.6026 -0.7601
vn -0.4749 -0.4836 -0.7352
vn -0.3182 -0.8733 -0.3688
vn -0.1316 -0.8873 -0.4421
vn -0.5574 -0.7336 -0.3887
vn -0.6024 -0.6727 -0.4297
vn -0.0496 -0.2720 -0.9610
vn 0.5131 -0.3655 -0.7766
vn 0.4356 -0.5829 -0.6859
vn 0.4329 -0.5845 -0.6863
vn -0.7802 -0.2898 -0.5544
vn -0.6756 -0.6348 -0.3749
vn -0.9345 -0.1225 -0.3344
vn -0.7168 0.6942 -0.0661
vn -0.6459 0.7407 0.1847
vn -0.0168 0.9615 0.2743
vn -0.1856 0.9503 0.2497
vn -0.0692 0.9937 0.0878
vn -0.6248 0.6734 0.3952
vn -0.9912 -0.0077 -0.1324
vn -0.8973 -0.1220 0.4243
vn -0.9265 -0.2516 -0.2798
vn -0.8682 -0.3246 0.3753
vn -0.7843 -0.4187 -0.4578
vn -0.6135 0.7662 -0.1913
vn -0.2691 0.9531 0.1388
vn -0.4119 0.9102 -0.0430
vn -0.3482 0.9357 0.0569
vn -0.3634 -0.3786 0.8512
vn -0.5205 -0.0533 0.8522
vn -0.1926 -0.3894 0.9007
vn -0.2757 -0.0616 0.9593
vn -0.0498 -0.4401 0.8965
vn 0.0838 -0.1436 0.9861
vn 0.3943 -0.3557 0.8474
vn 0.8814 0.0356 0.4710
vn 0.8718 -0.0470 0.4877
vn 0.2720 0.0388 0.9615
vn 0.9170 0.3827 -0.1120
vn 0.9827 0.0884 0.1625
vn 0.8451 0.5048 -0.1758
vn 0.9882 0.0492 -0.1447
vn 0.9852 -0.0361 -0.1679
vn 0.8732 0.3907 -0.2915
vn 0.9469 -0.1219 -0.2977
vn 0.9126 0.2371 -0.3330
vn 0.0921 -0.6257 0.7746
vn 0.5905 -0.5696 0.5717
vn 0.1165 -0.7812 0.6133
vn 0.6259 -0.7497 0.2148
vn 0.1406 -0.9128 0.3834
vn 0.6233 -0.7793 0.0653
vn 0.1981 -0.9365 0.2892
vn 0.8556 -0.1881 0.4822
vn 0.8904 -0.4154 -0.1861
vn 0.3788 0.1151 0.9183
vn -0.0126 0.6953 0.7186
vn -0.2229 0.6750 0.7033
vn -0.2957 0.9435 0.1497
vn -0.2539 0.9669 -0.0244
vn -0.4314 0.7286 0.5320
vn -0.1862 0.9427 0.2769
vn -0.0447 0.8901 0.4535
vn 0.7832 -0.5909 -0.1933
vn 0.7810 -0.5993 -0.1755
vn -0.1141 0.9299 0.3497
vn 0.5560 -0.0406 0.8302
vn -0.6990 0.1248 -0.7041
vn -0.7703 0.0921 -0.6310
vn -0.4945 -0.2260 -0.8393
vn -0.9918 -0.1257 0.0215
vn -0.8263 -0.5103 0.2384
vn -0.9965 -0.0833 0.0006
vn -0.8800 -0.3423 0.3292
vn -0.9575 -0.2556 -0.1338
vn -0.9282 -0.3704 0.0354
vn -0.6459 -0.3599 -0.6733
vn -0.7661 -0.0347 -0.6418
vn -0.9987 0.0025 0.0500
vn -0.8155 -0.5758 0.0583
vn -0.8399 -0.2487 0.4824
vn -0.5738 -0.3824 0.7243
vn -0.2399 -0.0406 0.9699
vn -0.6523 0.1331 0.7462
vn 0.0576 -0.0799 0.9951
vn 0.3029 -0.1955 0.9328
vn -0.8762 0.2329 -0.4218
vn -0.7407 0.6238 0.2495
vn -0.9313 0.3277 0.1589
vn -0.9489 0.2787 -0.1480
vn -0.5281 -0.1298 -0.8392
vn -0.3137 -0.5021 -0.8059
vn -0.1495 -0.4928 -0.8572
vn -0.4300 -0.1741 -0.8859
vn -0.0649 0.1513 -0.9864
vn 0.0888 0.1698 -0.9815
vn 0.2259 0.4073 -0.8849
vn -0.0755 0.3527 -0.9327
vn 0.2902 0.1013 -0.9516
vn -0.2171 0.3397 -0.9151
vn -0.0870 0.2686 -0.9593
vn 0.3205 -0.1811 -0.9298
vn 0.4900 0.5215 -0.6985
vn 0.6729 0.2978 -0.6772
vn 0.6023 0.7827 0.1567
vn 0.1709 0.8689 -0.4645
vn -0.3742 0.4314 -0.8209
vn 0.2138 0.6866 -0.6949
vn -0.6196 0.2868 -0.7307
vn -0.7572 0.2935 -0.5835
vn -0.5430 0.3371 -0.7691
vn -0.9178 0.3971 -0.0012
vn -0.9389 0.3195 0.1280
vn -0.5135 0.8516 0.1056
vn -0.4515 0.8866 -0.1004
vn -0.3224 0.9346 -0.1502
vn -0.3027 0.9385 -0.1663
vn -0.7460 0.5250 0.4097
vn -0.7473 0.6214 0.2352
vn -0.7856 0.5803 0.2145
vn -0.8711 0.2910 -0.3955
vn -0.7645 0.2865 -0.5774
vn 0.7209 -0.5774 0.3832
vn -0.0806 -0.8253 0.5590
vn 0.1673 -0.3056 0.9373
vn 0.9388 0.2971 0.1742
vn 0.6684 0.6670 0.3292
vn 0.8450 -0.4035 0.3510
vn 0.9915 0.1300 -0.0054
vn 0.8595 -0.3752 0.3470
vn 0.9878 -0.0207 -0.1540
vn 0.5891 0.4720 -0.6559
vn 0.6492 0.4407 -0.6200
vn 0.6159 0.6728 -0.4099
vn 0.3178 0.8649 0.3885
vn 0.0775 0.9621 0.2613
vn 0.5128 0.8153 -0.2691
vn -0.1871 0.9624 -0.1970
vn -0.6797 0.2410 0.6928
vn -0.9409 0.1647 0.2961
vn -0.2587 0.7280 -0.6350
vn -0.9962 0.0005 0.0876
vn 0.7807 0.4288 -0.4546
vn 0.4705 0.6906 -0.5493
vn -0.1960 0.7487 -0.6332
vn -0.8040 0.3222 -0.4999
vn 0.8036 0.4627 -0.3742
vn -0.7889 -0.4487 0.4198
vn -0.9118 -0.2901 0.2908
vn -0.8017 -0.2596 0.5384
vn -0.6754 -0.3008 0.6733
vn -0.3080 0.0065 0.9514
vn -0.3732 -0.6449 0.6670
vn 0.8134 -0.4834 0.3235
vn 0.7376 -0.6702 0.0828
vn 0.2016 -0.8919 0.4048
vn 0.1296 -0.8308 0.5413
vn 0.7428 0.2170 -0.6334
vn 0.8619 -0.4025 0.3084
vn 0.0425 -0.8794 0.4741
vn -0.0781 -0.9958 -0.0479
vn -0.3594 -0.6333 0.6854
vn 0.9341 0.0454 -0.3542
vn 0.3964 0.1445 -0.9066
vn 0.0928 -0.4406 -0.8929
vn -0.1262 -0.5602 -0.8187
vn 0.1535 0.2596 -0.9534
vn -0.2882 -0.1522 -0.9454
vn -0.4241 -0.8133 -0.3984
vn 0.6510 -0.1261 -0.7485
vn -0.5762 -0.7037 -0.4157
vn -0.5267 -0.8326 -0.1713
vn -0.4001 0.7976 -0.4514
vn -0.0416 0.4962 -0.8672
vn -0.5225 0.1330 -0.8422
vn -0.0801 0.5532 -0.8292
vn 0.4612 0.4867 -0.7419
vn 0.5945 0.6119 -0.5216
vn 0.9809 0.1939 0.0160
vn -0.0173 0.5182 -0.8551
vn 0.9219 -0.1338 0.3636
vn 0.9615 -0.2364 0.1400
vn 0.8799 -0.4064 0.2462
vn 0.7929 -0.5096 0.3340
vn 0.8207 -0.5550 0.1361
vn 0.7424 -0.5697 0.3526
vn 0.4795 -0.7746 0.4124
vn 0.3484 -0.5982 0.7217
vn 0.1360 -0.7475 0.6502
vn -0.0216 -0.6249 0.7804
vn 0.7127 -0.5649 -0.4158
vn 0.7266 0.6490 0.2257
vn 0.6606 0.5770 0.4803
vn 0.5522 0.7997 0.2358
vn 0.7846 0.6120 0.0990
vn 0.9499 0.1976 0.2420
vn 0.9824 -0.0318 -0.1839
vn 0.7582 -0.2135 -0.6160
vn 0.7663 -0.4725 -0.4354
vn 0.2685 0.0103 -0.9632
vn 0.8983 -0.4016 -0.1783
vn 0.9690 0.0868 0.2313
vn 0.9887 0.0916 0.1187
vn 0.8785 0.0549 0.4747
vn 0.4093 -0.3989 -0.8206
vn -0.3452 -0.0496 -0.9372
vn -0.2563 0.0905 -0.9623
vn 0.6832 -0.6203 -0.3853
vn 0.8399 -0.5210 -0.1522
vn 0.4132 0.7461 -0.5221
vn 0.2449 0.6032 -0.7591
vn -0.8062 0.1321 -0.5767
vn -0.9245 0.3264 -0.1971
vn 0.4450 0.8857 -0.1321
vn 0.2238 0.6663 -0.7113
vn -0.1343 0.4189 -0.8981
vn -0.2915 0.4687 -0.8338
vn -0.9736 0.2219 0.0537
vn -0.9868 0.1383 0.0847
vn -0.6930 0.4498 0.5634
vn -0.8439 0.3274 0.4251
vn -0.0899 0.2355 0.9677
vn -0.7616 0.3057 0.5715
vn -0.9550 0.1651 0.2464
vn 0.1175 0.2847 0.9514
vn 0.5944 -0.0872 0.7994
vn 0.7423 -0.1107 0.6609
vn 0.8088 -0.1882 0.5572
vn 0.8742 -0.2318 0.4267
vn -0.1612 0.2270 0.9605
vn 0.2649 0.2514 0.9309
vn 0.5233 0.2540 0.8134
vn 0.1189 0.2976 0.9472
vn 0.4838 0.2029 0.8513
vn -0.5130 0.2910 0.8075
vn -0.2708 -0.0212 0.9624
vn -0.4665 0.2703 0.8422
vn 0.2355 0.0185 0.9717
vn 0.4465 0.0369 0.8940
vn 0.1288 -0.2860 0.9496
vn -0.4084 -0.4461 0.7963
vn 0.5593 -0.1696 0.8114
vn 0.6165 -0.2407 0.7497
vn 0.7750 -0.1890 0.6030
vn -0.8761 0.1014 0.4713
vn -0.7139 -0.0622 0.6975
vn -0.7283 -0.4616 0.5065
vn -0.9108 -0.1809 0.3712
vn -0.8800 -0.4250 0.2123
vn -0.7408 -0.5968 0.3083
vn -0.9240 -0.3687 -0.1020
vn -0.9135 -0.2303 0.3354
vn -0.7679 -0.4215 0.4823
vn -0.9822 0.0403 0.1833
vn -0.5441 -0.5778 0.6084
vn -0.6177 -0.4542 0.6419
vn -0.8714 -0.2692 0.4102
vn -0.9976 -0.0282 0.0625
vn -0.8118 -0.4093 0.4165
vn -0.5287 -0.4998 0.6860
vn -0.7916 -0.5136 -0.3312
vn -0.4395 -0.8948 0.0785
vn -0.9749 0.1775 -0.1342
vn -0.9874 0.1566 -0.0239
vn -0.9397 0.0313 -0.3406
vn -0.9474 0.1882 -0.2590
vn -0.8715 0.0346 -0.4892
vn -0.7255 -0.2712 -0.6325
vn -0.7972 -0.1967 -0.5708
vn -0.5721 -0.2129 -0.7921
vn -0.3396 -0.1268 -0.9320
vn -0.2102 -0.2477 -0.9458
vn -0.4627 -0.0421 -0.8855
vn -0.4273 -0.2687 -0.8633
vn 0.4016 0.4610 -0.7913
vn -0.1853 0.0283 -0.9823
vn 0.5820 0.3309 -0.7428
vn 0.3002 -0.2975 -0.9063
vn -0.7740 -0.6060 -0.1833
vn -0.5584 -0.8157 0.1511
vn -0.6202 -0.3806 0.6860
vn -0.2859 -0.9334 0.2168
vn -0.6332 -0.5891 0.5020
vn -0.4788 -0.7488 0.4584
vn -0.1287 -0.9691 0.2103
vn -0.4195 -0.8117 0.4064
vn -0.2460 -0.8478 0.4698
vn 0.5847 -0.7197 -0.3744
vn 0.4737 -0.7202 -0.5068
vn 0.7900 0.2524 -0.5587
vn 0.8257 0.1958 -0.5291
vn 0.5626 -0.7508 -0.3461
vn -0.0170 -0.9708 0.2393
vn 0.6135 0.6968 -0.3715
vn 0.6391 0.6408 -0.4254
vn 0.6055 0.7224 -0.3339
vn 0.6244 0.6340 -0.4563
vn 0.6587 0.5171 -0.5466
vn 0.7949 0.4590 -0.3969
vn 0.8784 0.0432 -0.4759
vn -0.2081 -0.4120 -0.8871
vn -0.5903 -0.7890 -0.1705
vn 0.0899 -0.1393 -0.9862
vn 0.2431 0.0893 -0.9659
vn 0.6041 -0.0468 -0.7955
vn 0.2724 0.0379 -0.9614
vn -0.4558 -0.0385 -0.8893
vn 0.0171 -0.5227 -0.8524
vn 0.5047 0.2731 -0.8189
vn -0.5630 0.1916 -0.8039
vn -0.2809 -0.8948 -0.3471
vn -0.4346 0.4055 -0.8041
vn -0.5123 0.3302 -0.7928
vn -0.6647 -0.1456 -0.7328
vn -0.9772 0.2011 0.0688
vn 0.8116 -0.3956 0.4299
vn 0.9046 -0.0021 0.4263
vn 0.3077 -0.3574 0.8818
vn -0.2773 -0.7129 0.6441
vn 0.7847 -0.4703 0.4039
vn 0.4540 -0.4245 0.7834
vn 0.0118 -0.4666 0.8844
vn -0.2257 0.0113 0.9741
vn -0.5044 -0.4109 0.7594
vn -0.5798 0.3289 0.7454
vn 0.1552 0.9824 0.1041
vn 0.0726 0.9966 0.0394
vn 0.4846 0.8263 -0.2869
vn 0.4575 0.8595 -0.2281
vn 0.7163 0.6291 -0.3020
vn 0.6443 0.7369 0.2048
vn -0.5988 0.4543 0.6596
vn -0.0021 0.9461 -0.3237
vn -0.7783 0.1669 0.6053
vn 0.4073 0.8049 -0.4315
vn -0.6674 -0.2016 0.7169
vn -0.7154 -0.1724 0.6771
vn -0.7399 -0.1275 0.6605
vn -0.7761 -0.0028 0.6306
vn 0.0852 0.7991 -0.5952
vn 0.9530 0.1565 -0.2594
vn -0.8548 0.2558 -0.4515
vn -0.2391 0.8809 -0.4084
vn -0.7521 -0.1257 0.6470
vn -0.6721 -0.6661 0.3233
vn -0.4172 -0.9056 0.0761
vn -0.5451 -0.6431 0.5379
vn -0.2217 -0.9232 0.3139
vn -0.5062 -0.6718 0.5407
vn -0.0655 -0.9123 0.4043
vn -0.3655 -0.7406 0.5639
vn -0.1034 -0.7455 0.6584
vn -0.4708 -0.7636 -0.4418
vn 0.6847 -0.7101 -0.1644
vn 0.5403 -0.7363 -0.4074
vn 0.7707 -0.1597 -0.6168
vn 0.8817 -0.0192 -0.4715
vn 0.5113 -0.4717 -0.7184
vn 0.3733 0.0821 -0.9241
vn 0.2035 -0.8583 0.4711
vn 0.8020 -0.5973 0.0007
vn 0.8999 0.1980 -0.3886
vn 0.7707 0.5184 -0.3705
vn 0.3306 0.7669 0.5500
vn -0.7293 0.1707 0.6626
vn -0.1465 0.9663 0.2117
vn -0.4340 -0.2035 0.8777
vn -0.8129 0.2429 0.5294
vn -0.7794 -0.2203 0.5866
vn -0.7401 -0.2197 0.6356
vn -0.7527 0.1076 0.6495
vn -0.7897 -0.1278 0.6000
vn -0.2194 0.9724 0.0797
vn -0.6216 -0.4817 0.6178
vn -0.0723 -0.3012 0.9508
vn -0.4073 -0.7221 0.5592
vn 0.6249 0.4994 0.6001
vn 0.5590 0.8259 0.0739
vn 0.7254 0.6866 -0.0484
vn 0.8589 0.4457 -0.2522
vn -0.3352 -0.8124 0.4771
vn -0.5110 0.7521 0.4161
vn 0.0334 0.9980 0.0534
vn 0.1757 0.9724 -0.1533
vn 0.2781 0.9605 -0.0147
vn 0.0831 0.9933 -0.0799
vn 0.7814 0.2683 -0.5634
vn 0.9804 0.1961 0.0158
vn 0.7501 0.4638 -0.4714
vn 0.5570 0.7209 -0.4124
vn 0.6939 0.7194 0.0305
vn 0.5747 -0.2492 0.7795
vn 0.4589 0.1248 0.8797
vn 0.3193 0.9456 0.0624
vn 0.0855 0.5317 0.8426
vn -0.0113 0.1994 0.9798
vn 0.1754 -0.1850 0.9670
vn -0.5054 0.5725 0.6456
vn -0.4089 0.1855 0.8935
vn -0.7128 0.1783 0.6783
vn -0.5476 -0.0953 0.8313
vn 0.0610 0.9637 -0.2600
vn -0.6769 0.7327 0.0711
vn 0.4228 0.6857 -0.5925
vn 0.3945 0.8419 -0.3681
vn 0.0271 -0.4590 0.8880
vn 0.0773 0.9725 -0.2199
vn 0.4095 0.6641 -0.6255
vn 0.6623 0.2372 -0.7107
vn -0.2486 -0.8807 0.4032
vn -0.3245 -0.6003 0.7310
vn -0.3468 -0.8800 0.3246
vn -0.3474 -0.4606 0.8168
vn -0.3604 -0.5507 0.7529
vn -0.5994 -0.7364 0.3138
vn -0.4468 -0.5259 0.7237
vn -0.7792 -0.4941 0.3856
vn -0.8109 0.0583 -0.5823
vn -0.8235 -0.1206 -0.5543
vn -0.1214 0.2862 -0.9504
vn -0.0210 0.0395 -0.9990
vn -0.9569 -0.2097 0.2008
vn -0.1812 0.5061 -0.8432
vn -0.1300 -0.7199 -0.6818
vn -0.0210 0.0396 -0.9990
vn 0.1337 -0.2581 -0.9568
vn 0.1201 -0.1441 -0.9822
vn -0.4045 -0.9014 -0.1546
vn 0.0625 -0.8116 -0.5808
vn 0.2178 -0.8806 -0.4207
vn -0.0958 -0.8978 0.4299
vn -0.2691 -0.6388 0.7207
vn 0.3049 -0.4011 -0.8638
vn 0.4303 -0.4510 -0.7820
vn -0.6520 -0.7259 0.2189
vn 0.9385 -0.3391 0.0650
vn 0.9368 -0.3364 0.0959
vn 0.9675 -0.0547 -0.2470
vn 0.2060 -0.0798 -0.9753
vn 0.9154 0.2180 -0.3385
vn 0.0422 0.2705 -0.9618
vn 0.8236 0.3497 -0.4465
vn 0.9750 0.1528 0.1610
vn 0.9424 0.0612 0.3288
vn 0.9783 0.2013 0.0483
vn 0.7552 0.3932 -0.5245
vn -0.0565 0.4085 -0.9110
vn -0.1472 0.4674 -0.8717
vn 0.1439 -0.9887 0.0429
vn -0.2401 -0.3839 -0.8916
vn -0.5204 0.2255 -0.8236
vn -0.4757 0.1790 -0.8612
vn -0.4102 0.0517 -0.9105
vn 0.8901 -0.0869 0.4474
vn 0.8124 -0.1935 0.5501
vn 0.7823 -0.1299 0.6092
vn 0.9673 -0.2429 -0.0733
vn 0.6173 0.1685 0.7685
vn -0.9270 -0.2532 -0.2768
vn -0.8430 -0.5264 0.1108
vn -0.8438 -0.5241 0.1153
vn -0.9142 -0.3288 -0.2370
vn -0.8322 -0.5535 -0.0338
vn -0.8761 -0.4140 -0.2470
vn -0.9234 -0.1914 -0.3326
vn -0.7856 -0.6081 -0.1146
vn -0.4031 -0.8478 0.3444
vn -0.3948 -0.6515 0.6478
vn -0.3165 -0.6133 0.7236
vn -0.2180 -0.8974 0.3835
vn -0.8215 -0.4364 0.3669
vn -0.4657 -0.5053 0.7265
vn 0.1803 -0.5459 0.8182
vn -0.1126 -0.7928 0.5990
vn 0.0197 -0.3438 0.9388
vn -0.9791 -0.1029 -0.1754
vn -0.8373 0.5433 0.0609
vn -0.5330 0.2402 0.8113
vn 0.3097 0.4622 0.8309
vn 0.3446 -0.7215 0.6006
vn 0.7282 -0.3255 0.6032
vn 0.5639 -0.3137 0.7639
vn 0.5859 -0.2062 0.7837
vn 0.3279 -0.3377 0.8823
vn 0.5818 -0.2645 0.7691
vn 0.4061 -0.2806 0.8697
vn 0.6456 -0.3267 0.6903
vn 0.5419 -0.2582 0.7998
vn -0.4109 -0.5908 0.6943
vn -0.5601 -0.6227 0.5464
vn -0.8084 -0.4421 -0.3887
vn -0.5514 -0.7153 -0.4293
vn -0.4381 -0.8107 -0.3884
vn -0.1232 -0.9847 -0.1233
vn 0.2422 -0.9517 0.1887
vn -0.8796 0.1496 -0.4516
vn 0.8874 -0.2238 -0.4030
vn -0.0441 -0.6065 0.7938
vn 0.2883 -0.6287 0.7223
vn 0.0440 -0.5365 0.8427
vn 0.2495 -0.7295 0.6368
vn 0.6273 -0.5412 0.5601
vn -0.3135 -0.6932 0.6490
vn -0.2316 -0.8714 0.4325
vn 0.8360 -0.5151 0.1892
vn 0.7512 -0.6589 0.0386
vn 0.9603 -0.2410 -0.1406
vn 0.9187 -0.3131 -0.2408
vn -0.0773 -0.8271 -0.5567
vn 0.7028 -0.2731 -0.6569
vn -0.8436 -0.5363 0.0270
vn -0.8513 -0.5082 0.1301
vn -0.7525 -0.3185 -0.5765
vn 0.7027 -0.2732 -0.6569
vn -0.2733 0.1995 -0.9410
vn -0.2067 0.1390 -0.9685
vn -0.7525 -0.3185 -0.5764
vn -0.7946 -0.5831 0.1688
vn 0.5897 0.6940 -0.4130
vn 0.8750 0.3450 -0.3395
vn 0.8340 0.3124 -0.4548
vn 0.4353 0.6608 -0.6114
vn -0.1123 0.9936 -0.0110
vn -0.3715 0.8991 -0.2315
vn 0.3655 0.9203 -0.1392
vn 0.7397 0.2648 -0.6186
vn 0.2322 0.4794 -0.8463
vn 0.0986 0.2918 -0.9514
vn -0.3394 0.4919 -0.8018
vn -0.7778 0.4205 0.4672
vn -0.4986 0.5817 0.6426
vn -0.6736 0.0292 0.7385
vn -0.4430 0.1254 0.8877
vn -0.2811 0.2092 0.9366
vn -0.1226 0.8891 0.4409
vn -0.8695 0.3824 -0.3126
vn -0.2935 0.2144 -0.9316
vn -0.4472 -0.0208 -0.8942
vn -0.2690 0.2609 -0.9271
vn -0.4756 -0.0293 -0.8792
vn -0.5216 0.0490 -0.8518
vn -0.9494 -0.1498 0.2760
vn -0.8816 -0.2719 0.3859
vn -0.9035 -0.4111 -0.1212
vn -0.8906 -0.4548 -0.0060
vn -0.9381 -0.2808 -0.2026
vn -0.9212 0.3579 -0.1526
vn -0.8812 0.4108 -0.2338
vn -0.8791 0.4133 -0.2376
vn -0.8302 0.4604 -0.3144
vn -0.1127 -0.6814 0.7232
vn 0.1198 -0.6354 0.7629
vn -0.1426 -0.5853 0.7982
vn 0.2307 -0.7764 0.5865
vn -0.1325 -0.5719 0.8096
vn -0.3612 -0.8044 0.4718
vn -0.3451 -0.9337 0.0955
vn 0.7558 -0.4182 0.5038
vn 0.7490 -0.6464 0.1458
vn 0.7196 -0.4007 0.5671
vn 0.9723 0.1738 0.1562
vn 0.9988 0.0078 -0.0481
vn 0.9245 0.3660 -0.1069
vn 0.8978 0.4382 0.0442
vn 0.8896 0.4452 0.1017
vn 0.7651 0.4471 -0.4634
vn 0.6872 0.1799 -0.7038
vn 0.3762 -0.9109 0.1693
vn 0.9034 -0.3744 -0.2091
vn -0.8618 -0.3519 -0.3654
vn -0.8739 -0.4073 -0.2654
vn -0.8485 -0.4593 -0.2628
vn -0.8447 -0.4661 -0.2632
vn -0.1139 0.4944 -0.8618
vn -0.0567 0.5036 -0.8621
vn 0.0035 0.4471 -0.8945
vn 0.0115 0.4412 -0.8973
vn 0.1528 0.9390 -0.3081
vn -0.3315 0.7899 -0.5160
vn -0.3249 0.9270 -0.1873
vn -0.0062 0.8979 -0.4402
vn 0.2931 0.9551 0.0422
vn -0.2427 0.6527 -0.7177
vn -0.0902 0.7706 -0.6309
vn -0.9840 0.1696 -0.0543
vn -0.8662 0.4400 0.2368
vn -0.8734 -0.0773 0.4808
vn -0.9704 -0.1058 0.2172
vn -0.6576 0.0385 0.7524
vn -0.9884 -0.0406 -0.1465
vn -0.9765 -0.1806 -0.1174
vn -0.3553 0.8376 0.4150
vn -0.7686 0.4779 -0.4253
vn -0.9293 -0.1404 -0.3415
vn -0.8864 -0.2594 -0.3833
vn -0.7366 0.2527 -0.6273
vn -0.2300 0.4366 -0.8697
vn -0.1600 0.5077 -0.8466
vn -0.9050 0.3013 -0.3003
vn -0.7883 0.4600 -0.4087
vn -0.7834 0.4652 -0.4122
vn -0.6293 0.5971 -0.4975
vn -0.0656 -0.5863 0.8074
vn 0.2223 -0.4913 0.8422
vn -0.0647 -0.5083 0.8587
vn 0.2887 -0.6005 0.7457
vn -0.0471 -0.4574 0.8880
vn -0.2010 -0.7694 0.6063
vn -0.0907 -0.9338 0.3460
vn 0.8239 -0.1571 0.5445
vn 0.8590 -0.2972 0.4168
vn 0.7964 -0.1302 0.5906
vn 0.9201 0.3882 0.0526
vn 0.9418 0.3309 -0.0587
vn 0.7784 0.5866 -0.2236
vn 0.8167 0.5671 -0.1071
vn 0.8119 0.5837 -0.0034
vn 0.6727 0.5587 -0.4852
vn 0.7311 0.2353 -0.6404
vn 0.5108 -0.6078 0.6080
vn 0.9965 0.0340 0.0768
vn -0.5838 -0.7642 -0.2741
vn -0.6187 -0.7675 -0.1679
vn -0.2922 -0.9562 0.0160
vn -0.2352 -0.9711 0.0414
vn -0.0560 0.1363 -0.9891
vn 0.0099 0.2116 -0.9773
vn 0.4023 0.0875 -0.9113
vn 0.4599 0.0655 -0.8855
vn -0.1463 0.7929 -0.5915
vn -0.5273 0.8314 -0.1752
vn -0.1040 0.9230 -0.3704
vn -0.5441 0.6597 -0.5184
vn -0.0648 0.9913 -0.1143
vn -0.2774 0.3549 -0.8928
vn -0.0858 0.5189 -0.8505
vn -0.9958 0.0861 0.0316
vn -0.9269 0.2496 0.2801
vn -0.8992 -0.2625 0.3501
vn -0.8340 -0.0951 0.5435
vn -0.7669 0.0221 0.6413
vn -0.8701 -0.4716 -0.1434
vn -0.8458 -0.5246 -0.0966
vn -0.7540 0.6028 0.2611
vn -0.8501 0.1624 -0.5010
vn -0.5490 -0.6923 -0.4684
vn -0.7282 -0.5635 -0.3901
vn -0.7664 -0.0717 -0.6384
vn -0.5235 -0.7441 -0.4151
vn -0.0659 0.0259 -0.9975
vn 0.0119 0.1135 -0.9935
vn -0.2247 -0.1269 -0.9661
vn -0.7681 0.2714 -0.5799
vn -0.8284 0.2024 -0.5223
vn -0.8275 0.2036 -0.5233
vn -0.8785 0.1318 -0.4593
vn -0.4146 -0.5127 0.7519
vn -0.1768 -0.3515 0.9193
vn -0.4332 -0.3967 0.8093
vn -0.0664 -0.4715 0.8793
vn -0.4316 -0.3157 0.8450
vn -0.4517 -0.7280 0.5157
vn -0.1615 -0.8791 0.4485
vn 0.5157 -0.0017 0.8568
vn 0.6694 -0.2517 0.6990
vn 0.4232 0.0336 0.9054
vn 0.7796 0.5022 0.3741
vn 0.8717 0.4266 0.2412
vn 0.7877 0.6159 -0.0176
vn 0.7214 0.6804 0.1291
vn 0.6644 0.7162 0.2137
vn 0.7929 0.5016 -0.3461
vn 0.9366 0.1842 -0.2979
vn 0.3659 -0.6516 0.6645
vn 0.9324 -0.1085 0.3448
vn -0.3841 -0.8475 -0.3663
vn -0.5334 -0.8086 -0.2481
vn -0.3342 -0.9390 -0.0815
vn -0.3044 -0.9505 -0.0624
vn 0.3674 0.0759 -0.9269
vn 0.3625 0.1736 -0.9157
vn 0.6664 0.0121 -0.7455
vn 0.7061 -0.0193 -0.7079
vn -0.0145 0.7497 -0.6617
vn -0.3771 0.7444 -0.5511
vn 0.0408 0.8768 -0.4791
vn -0.3004 0.4869 -0.8202
vn -0.0277 0.9569 -0.2891
vn 0.1971 0.1282 -0.9720
vn -0.0225 0.6207 -0.7837
vn -0.8885 -0.0570 -0.4553
vn -0.9455 0.2396 -0.2206
vn -0.9507 -0.3056 -0.0532
vn -0.9714 -0.1162 0.2069
vn -0.9425 0.0751 0.3256
vn -0.7699 -0.4512 -0.4514
vn -0.7611 -0.5842 -0.2817
vn -0.6483 0.7312 -0.2123
vn -0.4323 -0.1454 -0.8899
vn -0.4915 -0.7131 -0.5000
vn -0.3878 -0.8215 -0.4181
vn -0.3055 -0.5090 -0.8047
vn 0.4415 -0.2087 -0.8726
vn 0.3065 -0.3747 -0.8750
vn 0.4097 0.0673 -0.9097
vn -0.7354 -0.5243 -0.4292
vn -0.4017 -0.1684 -0.9001
vn -0.4043 -0.1708 -0.8985
vn 0.1241 0.2706 -0.9547
vn 0.6718 -0.3939 0.6273
vn 0.4332 -0.6203 0.6539
vn 0.6721 -0.4839 0.5604
vn 0.4346 -0.5469 0.7155
vn 0.6537 -0.5630 0.5057
vn 0.6661 -0.0507 0.7441
vn 0.4827 -0.0215 0.8755
vn 0.3410 0.7695 0.5400
vn 0.4925 0.6641 0.5625
vn -0.2325 -0.8362 0.4967
vn -0.2839 -0.7659 0.5768
vn -0.1869 -0.8825 0.4316
vn -0.7902 -0.6124 -0.0220
vn -0.7062 -0.7034 -0.0804
vn -0.8333 -0.4482 -0.3238
vn -0.7736 -0.5353 -0.3391
vn -0.6731 -0.6321 -0.3840
vn -0.9299 -0.1301 -0.3441
vn -0.9986 0.0163 -0.0507
vn -0.5934 0.7650 -0.2505
vn -0.6337 0.7301 -0.2556
vn 0.4955 0.6120 0.6164
vn 0.4936 0.6051 0.6247
vn -0.7328 0.6644 -0.1468
vn -0.7486 0.6497 -0.1323
vn -0.6824 -0.6717 0.2882
vn 0.1266 -0.6223 0.7725
vn -0.1107 0.3103 -0.9442
vn -0.5118 -0.1668 -0.8428
vn -0.4777 0.0378 -0.8777
vn 0.0187 -0.0010 -0.9998
vn -0.4274 -0.4297 -0.7954
vn -0.2415 0.6855 -0.6868
vn -0.6239 0.4506 -0.6385
vn -0.3227 0.9265 -0.1937
vn -0.6332 0.7430 -0.2166
vn 0.8003 0.3650 -0.4758
vn 0.8578 -0.0501 -0.5115
vn 0.9952 -0.0808 -0.0552
vn 0.9920 0.1259 0.0124
vn 0.9438 -0.3081 -0.1193
vn 0.5889 0.7911 -0.1657
vn 0.7733 0.5966 0.2146
vn 0.1014 0.9844 0.1436
vn 0.3373 0.8677 0.3652
vn 0.5146 -0.2330 -0.8252
vn 0.2784 0.9432 -0.1811
vn 0.1717 0.9520 -0.2533
vn 0.1651 0.9520 -0.2576
vn 0.0582 0.9444 -0.3236
vn 0.1665 0.9362 -0.3095
vn 0.1672 0.9409 -0.2944
vn 0.1758 0.9362 -0.3042
vn 0.1880 0.9344 -0.3025
vn 0.1669 0.9322 -0.3212
vn 0.2040 0.9287 -0.3095
vn -0.5545 -0.7788 0.2932
vn -0.5317 -0.7845 0.3191
vn -0.9659 0.1875 0.1784
vn 0.6363 0.4559 -0.6223
vn 0.4376 0.6061 -0.6641
vn 0.1759 0.7266 -0.6642
vn 0.3448 0.9042 -0.2521
vn 0.6804 0.5675 -0.4636
vn 0.7479 0.6414 -0.1712
vn -0.0284 0.9391 -0.3425
vn 0.5967 0.7998 0.0649
vn 0.2872 0.9365 0.2015
vn -0.0497 0.9890 0.1390
vn -0.3410 -0.0249 0.9397
vn 0.0312 0.6208 0.7833
vn -0.2987 0.0273 0.9539
vn 0.1207 0.5110 0.8510
vn -0.3719 -0.2288 0.8996
vn -0.1530 -0.2461 0.9571
vn -0.2968 -0.1265 0.9465
vn 0.1279 0.4205 0.8982
vn 0.5081 0.8137 0.2824
vn 0.4238 0.8757 0.2314
vn 0.5151 0.8569 -0.0180
vn 0.5549 0.8308 0.0430
vn -0.4307 -0.2793 0.8582
vn 0.4449 0.8612 0.2456
vn 0.7592 0.6203 0.1971
vn 0.2925 -0.7588 -0.5820
vn 0.3174 0.0093 -0.9483
vn 0.5600 -0.5165 -0.6478
vn -0.1353 -0.5206 -0.8430
vn 0.2168 0.5210 -0.8256
vn 0.1893 0.0016 -0.9819
vn 0.7124 -0.6991 -0.0621
vn 0.5956 -0.8025 -0.0357
vn 0.8267 0.3668 -0.4266
vn 0.8689 -0.1566 -0.4696
vn 0.9166 0.3576 0.1789
vn 0.5308 -0.8395 -0.1162
vn 0.6888 0.6271 -0.3638
vn 0.8900 0.3368 0.3075
vn 0.8476 0.4223 0.3214
vn 0.5716 0.8053 -0.1574
vn 0.1480 0.8530 -0.5005
vn 0.1540 0.7140 -0.6830
vn 0.1677 0.6883 -0.7058
vn -0.4212 -0.8746 -0.2399
vn 0.2362 -0.9451 -0.2258
vn -0.7919 -0.6106 0.0131
vn -0.4940 -0.7566 -0.4283
vn -0.2143 -0.7918 0.5719
vn 0.0792 -0.9766 0.1998
vn 0.7975 -0.5952 -0.0986
vn 0.7262 -0.6506 -0.2220
vn -0.4808 -0.6020 0.6375
vn 0.1479 -0.3861 0.9105
vn -0.6235 -0.3050 0.7199
vn -0.8960 -0.2339 0.3774
vn -0.8798 -0.4206 0.2214
vn -0.8722 -0.4457 0.2015
vn 0.1907 -0.4980 0.8459
vn 0.2066 -0.4233 0.8821
vn -0.2290 -0.1751 0.9575
vn 0.2306 0.3548 0.9061
vn -0.2067 -0.1893 0.9599
vn 0.3663 0.2855 0.8856
vn -0.3227 -0.3350 0.8852
vn -0.1164 -0.4398 0.8905
vn -0.1682 -0.2685 0.9485
vn 0.4431 0.2591 0.8582
vn 0.7367 0.6321 0.2404
vn 0.6678 0.6824 0.2972
vn 0.7475 0.6642 -0.0085
vn 0.7704 0.6269 0.1166
vn -0.3697 -0.3359 0.8663
vn 0.6547 0.6330 0.4131
vn 0.8598 0.4338 0.2695
vn 0.1040 -0.6435 -0.7584
vn 0.2161 0.1857 -0.9585
vn 0.3885 -0.4206 -0.8198
vn -0.3597 -0.2778 -0.8908
vn 0.2180 0.6506 -0.7275
vn 0.0461 0.2167 -0.9752
vn 0.5435 -0.8002 -0.2537
vn 0.3894 -0.8622 -0.3239
vn 0.8167 0.3523 -0.4570
vn 0.7737 -0.1455 -0.6167
vn 0.9648 0.2440 0.0977
vn 0.3346 -0.8504 -0.4061
vn 0.7408 0.5556 -0.3774
vn 0.9557 0.2186 0.1970
vn 0.9365 0.2760 0.2162
vn 0.6588 0.7383 -0.1445
vn 0.2561 0.9099 -0.3264
vn 0.2222 0.8330 -0.5068
vn 0.2253 0.8165 -0.5316
vn -0.6649 -0.6703 -0.3295
vn -0.0700 -0.8646 -0.4976
vn -0.9003 -0.4323 0.0503
vn -0.7191 -0.5480 -0.4273
vn -0.3912 -0.8250 0.4080
vn -0.1393 -0.9883 -0.0619
vn 0.5757 -0.7216 -0.3845
vn 0.4824 -0.7161 -0.5045
vn -0.5312 -0.5948 0.6034
vn 0.1814 -0.5965 0.7819
vn -0.5689 -0.3320 0.7524
vn -0.8806 -0.1583 0.4467
vn -0.9210 -0.2965 0.2526
vn -0.9189 -0.3263 0.2215
vn 0.0630 -0.7495 0.6590
vn 0.1678 -0.5847 0.7937
vn 0.1973 -0.0962 0.9756
vn 0.6501 0.3739 0.6615
vn 0.2452 -0.1305 0.9607
vn 0.7345 0.2769 0.6195
vn 0.0829 -0.3125 0.9463
vn 0.2735 -0.4408 0.8549
vn 0.2695 -0.1701 0.9479
vn 0.7903 0.1988 0.5795
vn 0.8431 0.5335 -0.0677
vn 0.7876 0.6154 -0.0312
vn 0.7331 0.5957 -0.3281
vn 0.7968 0.5505 -0.2490
vn -0.0154 -0.2757 0.9611
vn 0.8117 0.5836 0.0228
vn 0.9248 0.3303 -0.1889
vn -0.3636 -0.6352 -0.6814
vn -0.2218 0.1053 -0.9694
vn -0.0885 -0.4813 -0.8721
vn -0.7350 -0.2674 -0.6231
vn -0.0973 0.5649 -0.8194
vn -0.4315 0.1516 -0.8893
vn 0.2096 -0.8402 -0.5002
vn 0.1232 -0.9052 -0.4066
vn 0.5833 0.2458 -0.7742
vn 0.3706 -0.2608 -0.8914
vn 0.9294 0.0376 -0.3671
vn 0.0502 -0.8959 -0.4413
vn 0.5995 0.5028 -0.6227
vn 0.9777 0.0771 -0.1953
vn 0.9761 0.0802 -0.2021
vn 0.5905 0.7170 -0.3704
vn 0.1522 0.8604 -0.4864
vn 0.0227 0.7845 -0.6197
vn 0.0130 0.7711 -0.6365
vn -0.7966 -0.6045 0.0091
vn -0.3538 -0.8548 -0.3796
vn -0.8318 -0.3217 0.4524
vn -0.8894 -0.4503 -0.0794
vn -0.2302 -0.7590 0.6090
vn -0.2612 -0.9596 0.1041
vn 0.2462 -0.7791 -0.5765
vn 0.1259 -0.7951 -0.5932
vn -0.2812 -0.5110 0.8123
vn 0.4261 -0.5600 0.7105
vn -0.2360 -0.1970 0.9516
vn -0.5648 -0.0249 0.8248
vn -0.7105 -0.2013 0.6743
vn -0.7272 -0.2263 0.6480
vn 0.3084 -0.7243 0.6166
vn 0.4359 -0.5944 0.6757
vn -0.5323 0.0059 0.8465
vn -0.1773 0.6734 0.7177
vn -0.4643 0.0483 0.8843
vn -0.1017 0.6203 0.7777
vn -0.4924 -0.2172 0.8428
vn -0.2513 -0.2235 0.9418
vn -0.4557 -0.0376 0.8894
vn -0.0175 0.5692 0.8220
vn 0.3665 0.8935 0.2595
vn 0.2972 0.9329 0.2036
vn 0.4516 0.8922 -0.0022
vn 0.4701 0.8779 0.0908
vn -0.5650 -0.2594 0.7833
vn 0.3057 0.9102 0.2796
vn 0.5784 0.7728 0.2611
vn 0.4755 -0.7580 -0.4465
vn 0.5085 -0.0207 -0.8608
vn 0.7229 -0.4934 -0.4837
vn 0.0834 -0.6210 -0.7794
vn 0.3154 0.4639 -0.8279
vn 0.3506 -0.0696 -0.9339
vn 0.7713 -0.6262 0.1139
vn 0.6651 -0.7338 0.1384
vn 0.8487 0.4410 -0.2917
vn 0.9416 -0.0832 -0.3264
vn 0.8438 0.4367 0.3120
vn 0.6238 -0.7815 0.0120
vn 0.6537 0.7023 -0.2820
vn 0.7739 0.4720 0.4223
vn 0.7620 0.4898 0.4237
vn 0.4395 0.8862 -0.1467
vn 0.1225 0.8372 -0.5330
vn 0.2175 0.6790 -0.7011
vn 0.2341 0.6550 -0.7184
vn -0.3092 -0.9220 -0.2332
vn 0.3161 -0.9320 -0.1774
vn -0.7173 -0.6950 -0.0505
vn -0.3532 -0.8476 -0.3961
vn -0.2799 -0.7754 0.5661
vn 0.1587 -0.9427 0.2936
vn 0.8347 -0.5506 0.0093
vn 0.8098 -0.5827 -0.0686
vn -0.5425 -0.6087 0.5790
vn 0.0213 -0.2804 0.9597
vn -0.6805 -0.3407 0.6488
vn -0.9178 -0.3267 0.2255
vn -0.8541 -0.5120 0.0919
vn -0.8414 -0.5347 0.0782
vn 0.0257 -0.4271 0.9038
vn 0.0187 -0.2699 0.9627
vn 0.8794 0.4534 -0.1450
vn 0.3690 0.5427 -0.7546
vn 0.8918 0.4517 -0.0271
vn 0.4153 0.4491 -0.7911
vn 0.8878 0.4028 -0.2226
vn 0.4324 0.3795 -0.8179
vn 0.8982 0.4285 0.0980
vn 0.8797 0.4469 0.1625
vn 0.8996 0.4349 0.0399
vn -0.3628 0.3436 -0.8662
vn -0.4656 0.3334 -0.8198
vn -0.2877 0.3014 -0.9090
vn -0.5553 0.3099 -0.7718
vn -0.5996 0.3231 -0.7321
vn -0.5087 0.3183 -0.7999
vn -0.8899 -0.4252 0.1652
vn -0.2487 -0.7758 0.5798
vn -0.4242 -0.4270 0.7986
vn -0.5018 -0.8473 0.1741
vn -0.9995 -0.0179 -0.0249
vn -0.8726 -0.3445 0.3464
vn 0.0572 -0.9978 0.0335
vn 0.1505 -0.9701 0.1903
vn -0.6868 -0.3780 -0.6208
vn -0.6271 -0.3560 -0.6928
vn -0.2268 -0.1782 -0.9575
vn -0.2769 -0.1726 -0.9453
vn -0.7819 -0.1279 -0.6101
vn -0.7060 0.1819 -0.6844
vn 0.1519 -0.9666 0.2063
vn 0.1483 -0.9667 0.2085
vn -0.8834 0.3546 -0.3063
vn -0.9546 0.2395 -0.1770
vn -0.9600 0.2244 -0.1677
vn 0.2052 -0.8099 0.5495
vn 0.3436 -0.3234 0.8817
vn 0.4874 0.0910 0.8684
vn 0.1638 -0.2423 0.9563
vn 0.9141 -0.2314 0.3329
vn 0.9244 -0.2030 0.3230
vn 0.9768 -0.0618 -0.2048
vn 0.9961 -0.0381 -0.0797
vn 0.9047 0.0146 0.4258
vn 0.8990 0.3065 0.3127
vn 0.6206 0.4587 0.6359
vn 0.5486 0.3497 0.7595
vn 0.5449 0.3351 0.7686
vn -0.0970 -0.9952 -0.0090
vn -0.1066 -0.9941 0.0204
vn -0.1076 -0.9934 0.0397
vn 0.2865 0.4148 -0.8636
vn 0.9326 0.0090 -0.3608
vn 0.5750 0.3129 -0.7559
vn -0.3181 0.5568 -0.7673
vn -0.5124 0.5781 -0.6349
vn 0.5323 0.1294 -0.8366
vn -0.6436 0.4138 -0.6439
vn 0.4053 -0.0448 -0.9131
vn 0.8298 -0.2866 -0.4789
vn 0.8914 -0.2371 -0.3863
vn -0.6599 0.2445 -0.7105
vn 0.7964 -0.2653 -0.5436
vn 0.0979 0.0508 -0.9939
vn -0.9740 0.1889 -0.1251
vn -0.9752 0.2128 -0.0611
vn -0.8560 0.4636 -0.2290
vn -0.9605 0.2204 -0.1696
vn -0.3811 0.1867 -0.9055
vn -0.1416 0.1355 -0.9806
vn -0.8957 0.4233 -0.1360
vn -0.9443 0.3228 -0.0635
vn 0.9301 0.0050 -0.3673
vn 0.9334 0.0384 -0.3568
vn 0.0492 -0.4192 0.9066
vn -0.4638 -0.0128 0.8858
vn -0.5339 -0.1960 0.8225
vn 0.1073 -0.2524 0.9617
vn -0.4417 0.0885 0.8928
vn 0.1430 -0.1356 0.9804
vn -0.0175 -0.0286 0.9994
vn 0.3061 0.6457 0.6996
vn 0.6726 -0.3166 0.6688
vn 0.6092 -0.4762 0.6341
vn 0.3288 -0.1249 0.9361
vn 0.7054 -0.2289 0.6708
vn -0.8494 0.5277 -0.0059
vn -0.0670 0.9951 0.0729
vn 0.3061 0.6456 0.6996
vn 0.1107 0.9919 -0.0627
vn -0.0670 0.9951 0.0728
vn 0.2576 0.9644 -0.0606
vn 0.3851 0.9162 -0.1111
vn 0.5694 0.8199 -0.0589
vn 0.5694 0.8199 -0.0590
vn 0.9335 0.0198 -0.3580
vn 0.9778 0.0580 -0.2011
vn 0.9553 0.0417 -0.2926
vn 0.5564 0.2719 -0.7852
vn 0.5499 0.2373 -0.8008
vn 0.6255 0.3677 -0.6881
vn 0.6845 0.5176 -0.5134
vn 0.9777 0.1085 -0.1800
vn 0.6630 0.5951 -0.4541
vn 0.8807 -0.4290 0.2010
vn 0.5275 -0.5741 0.6262
vn 0.8341 -0.4613 0.3025
vn -0.0020 -0.4923 0.8704
vn -0.5944 -0.2928 0.7490
vn -0.3867 -0.3383 0.8579
vn -0.0104 -0.4469 0.8945
vn 0.3603 -0.5243 0.7716
vn -0.9055 -0.0218 0.4238
vn -0.9095 -0.0473 0.4131
vn -0.8315 0.5457 0.1040
vn -0.8426 0.5290 0.1013
vn -0.4099 0.8437 -0.3466
vn -0.3757 0.8911 -0.2545
vn -0.5031 0.6916 -0.5182
vn -0.8432 0.5362 0.0388
vn -0.5525 0.5969 -0.5818
vn -0.5734 0.5676 -0.5908
vn -0.6645 0.6240 -0.4111
vn 0.9335 0.0198 -0.3581
vn 0.7163 0.2196 -0.6623
vn 0.0336 -0.7057 -0.7077
vn 0.6076 -0.3154 -0.7289
vn 0.4537 -0.7249 -0.5184
vn 0.0607 -0.2758 -0.9593
vn -0.5205 -0.2936 -0.8018
vn -0.4174 -0.7036 -0.5751
vn 0.8659 -0.3618 -0.3455
vn 0.6272 -0.7419 -0.2369
vn -0.5179 0.1608 -0.8402
vn 0.0707 0.1661 -0.9836
vn -0.6061 0.2467 -0.7562
vn 0.0660 0.2772 -0.9585
vn 0.6674 0.3020 -0.6807
vn 0.6176 0.1462 -0.7728
vn 0.8941 0.1308 -0.4283
vn -0.8392 0.1766 -0.5143
vn -0.8390 -0.3211 -0.4393
vn -0.6369 -0.7090 -0.3028
vn 0.8366 0.4975 -0.2295
vn 0.9209 0.3173 0.2263
vn 0.7523 0.6435 0.1410
vn 0.6866 0.3965 0.6093
vn 0.6470 0.7610 -0.0482
vn 0.6477 0.7600 -0.0540
vn -0.9393 -0.2114 0.2701
vn -0.7414 -0.6197 0.2573
vn -0.6753 -0.0089 0.7375
vn -0.7540 0.3145 0.5767
vn -0.9162 0.3871 0.1038
vn -0.6786 0.5229 0.5159
vn -0.7006 0.6775 0.2240
vn -0.7515 0.5885 -0.2981
vn -0.5665 0.8238 -0.0184
vn -0.5647 0.8219 -0.0748
vn -0.5333 0.2616 -0.8045
vn 0.6551 0.2280 -0.7203
vn -0.0193 -0.9991 -0.0365
vn -0.0191 -0.9991 -0.0381
vn -0.0198 -0.9991 -0.0368
vn -0.0208 -0.9996 -0.0208
vn -0.0211 -0.9996 -0.0210
vn -0.0526 -0.8433 0.5349
vn -0.0461 -0.8773 0.4776
vn -0.0608 -0.4564 0.8877
vn -0.0675 -0.4279 0.9013
vn 0.4518 -0.0363 0.8914
vn 0.8819 -0.2118 0.4212
vn 0.5581 0.2442 0.7930
vn 0.6710 -0.6193 0.4077
vn 0.7946 -0.1230 0.5946
vn 0.6224 -0.1015 0.7761
vn 0.4680 -0.0748 0.8805
vn 0.8829 -0.1127 0.4558
vn -0.0557 -0.0346 0.9979
vn -0.0656 -0.0140 0.9977
vn 0.9595 -0.1217 0.2541
vn 0.9838 -0.1554 0.0895
vn -0.5781 0.0140 0.8159
vn -0.7085 -0.0190 0.7055
vn -0.8866 -0.0246 0.4619
vn -0.9433 -0.0626 0.3260
vn -0.9774 -0.0660 0.2007
vn -0.9856 -0.0335 0.1656
vn 0.9881 -0.1491 -0.0370
vn 0.9794 -0.2014 0.0151
vn -0.9861 -0.0404 0.1613
vn -0.9988 0.0128 0.0477
vn -0.9997 0.0138 0.0220
vn 0.9793 -0.2016 0.0165
vn 0.7942 0.3470 -0.4988
vn 0.4086 0.7695 0.4909
vn 0.9115 0.3763 -0.1661
vn 0.6071 0.7008 0.3746
vn 0.3394 0.7899 0.5108
vn 0.8991 0.4192 0.1259
vn 0.1481 0.6799 0.7182
vn -0.0827 0.7507 0.6555
vn 0.0234 0.8069 0.5902
vn 0.7652 0.4303 -0.4788
vn 0.7306 0.6688 0.1379
vn 0.2482 -0.3506 -0.9030
vn 0.3396 -0.5016 -0.7956
vn 0.5811 -0.4963 -0.6450
vn 0.7431 -0.4627 -0.4834
vn 0.3412 0.6021 0.7218
vn -0.2152 -0.8369 -0.5033
vn -0.0737 -0.8149 -0.5748
vn 0.0999 -0.7852 -0.6111
vn -0.2464 -0.8367 -0.4892
vn 0.6521 0.6106 0.4494
vn 0.9016 0.3554 0.2465
vn 0.2094 -0.6986 -0.6842
vn 0.2290 -0.6665 -0.7094
vn 0.8562 -0.2595 -0.4468
vn 0.2715 -0.4610 -0.8449
vn 0.7592 0.5315 0.3757
vn 0.4376 0.7448 0.5037
vn 0.5981 0.6500 0.4688
vn 0.0930 0.9576 0.2728
vn -0.0780 0.9944 -0.0719
vn 0.3372 0.9071 0.2520
vn 0.8145 0.3810 0.4375
vn 0.5949 0.6479 0.4758
vn -0.0024 0.9279 0.3727
vn 0.0064 0.8147 0.5798
vn -0.5808 0.6910 0.4302
vn -0.3752 0.8981 0.2297
vn -0.8308 0.4529 0.3235
vn -0.5616 0.7352 0.3796
vn 0.0822 0.9963 0.0265
vn -0.0184 0.9640 0.2652
vn 0.0195 0.9880 -0.1529
vn -0.8279 0.4874 0.2777
vn 0.8360 0.4115 0.3629
vn -0.6229 0.6907 0.3673
vn -0.1552 0.8445 0.5125
vn -0.7970 0.5120 0.3204
vn -0.0950 0.8009 0.5912
vn -0.8783 0.4723 0.0741
vn -0.2678 0.8025 0.5332
vn -0.8204 0.5010 -0.2754
vn -0.3444 0.8404 0.4184
vn -0.6548 0.4706 -0.5914
vn -0.5238 0.7957 0.3041
vn -0.6365 0.5463 -0.5445
vn -0.6378 0.7638 0.0990
vn -0.3484 0.6359 0.6887
vn -0.1482 0.7231 0.6746
vn 0.0793 0.7545 0.6515
vn 0.1602 0.7479 0.6442
vn 0.2571 0.7719 0.5814
vn -0.1499 -0.3078 -0.9396
vn -0.2839 -0.4486 -0.8474
vn 0.2434 -0.8527 -0.4622
vn 0.1828 -0.8445 -0.5034
vn -0.5521 -0.4373 -0.7099
vn 0.0499 -0.8107 -0.5833
vn -0.7469 -0.4085 -0.5246
vn -0.1036 -0.7677 -0.6324
vn -0.9902 0.1330 -0.0425
vn -0.9908 0.1313 -0.0312
vn -0.8016 -0.2364 -0.5491
vn -0.7652 -0.3527 -0.5386
vn -0.9783 -0.1865 -0.0901
vn -0.3535 -0.4188 -0.8364
vn -0.4077 -0.5260 -0.7464
vn -0.2021 -0.6501 -0.7325
vn -0.1940 -0.6718 -0.7149
vn -0.1037 -0.7676 -0.6324
vn -0.2274 -0.6736 -0.7033
vn -0.7050 -0.4588 -0.5409
vn -0.3858 -0.5504 -0.7404
vn 0.2931 0.4102 0.8636
vn -0.1964 0.1168 0.9735
vn -0.2092 0.0780 0.9748
vn 0.3858 0.2450 0.8895
vn -0.6359 -0.0836 0.7673
vn -0.7743 -0.1206 0.6213
vn -0.6347 0.0028 0.7727
vn -0.2251 0.0831 0.9708
vn -0.3639 0.0735 0.9285
vn 0.2691 0.0925 0.9587
vn -0.8785 -0.2456 0.4098
vn -0.8674 0.0898 0.4895
vn -0.5327 0.2734 0.8009
vn 0.1248 0.0752 0.9893
vn -0.1528 0.6757 0.7212
vn -0.1708 0.9122 0.3725
vn -0.7727 0.4350 0.4622
vn -0.9757 0.0997 0.1952
vn -0.1899 0.9556 0.2252
vn -0.8374 0.5111 0.1939
vn 0.2383 0.9602 0.1456
vn 0.2351 0.9542 0.1852
vn -0.1282 0.9906 0.0478
vn -0.7713 0.6117 -0.1760
vn -0.3268 0.6543 -0.6820
vn 0.3513 0.8475 -0.3979
vn 0.3026 0.9495 0.0828
vn -0.9528 0.1908 -0.2360
vn -0.7566 0.2655 -0.5975
vn 0.6190 0.3503 -0.7029
vn 0.8591 0.2372 -0.4536
vn 0.7640 0.5973 -0.2442
vn 0.3236 0.6206 -0.7142
vn 0.2314 0.8984 -0.3734
vn -0.0508 0.5107 -0.8582
vn -0.6205 0.3655 -0.6938
vn -0.1667 0.7870 -0.5940
vn 0.2660 0.1545 -0.9515
vn -0.7850 0.1145 -0.6088
vn -0.9112 -0.1254 -0.3925
vn -0.9593 0.0653 -0.2746
vn -0.2678 -0.0109 -0.9634
vn -0.3604 0.9304 0.0668
vn 0.3611 0.9273 0.0985
vn -0.1396 0.4351 -0.8895
vn -0.6394 0.6532 -0.4056
vn -0.8007 0.5990 -0.0119
vn -0.7996 0.5988 -0.0446
vn -0.8045 0.5888 -0.0779
vn -0.0586 0.3950 -0.9168
vn 0.3799 0.4840 -0.7883
vn -0.3086 0.5746 -0.7580
vn 0.4369 -0.0113 -0.8994
vn 0.8639 0.1603 -0.4774
vn 0.6667 0.7370 -0.1112
vn 0.9774 0.0916 -0.1906
vn 0.7343 0.6782 0.0300
vn 0.5269 0.8473 -0.0666
vn 0.3747 0.9238 0.0781
vn 0.4299 0.8918 0.1408
vn 0.7997 -0.1665 -0.5768
vn 0.9559 -0.2381 -0.1718
vn 0.9932 0.0849 0.0794
vn 0.7161 0.6784 0.1644
vn 0.8118 0.0263 0.5833
vn 0.6647 0.5633 0.4909
vn 0.3461 -0.0525 0.9367
vn 0.6862 -0.2153 0.6948
vn 0.9233 -0.3111 0.2251
vn 0.4210 0.8926 0.1613
vn 0.3560 -0.0101 0.9345
vn 0.4157 0.8963 0.1542
vn 0.7420 -0.3427 0.5762
vn 0.6013 -0.1949 0.7749
vn 0.2784 0.2246 0.9338
vn 0.5420 -0.1135 0.8327
vn 0.3919 0.3284 0.8594
vn 0.5340 -0.0549 0.8437
vn 0.6542 -0.3693 0.6600
vn 0.6870 -0.5305 0.4966
vn 0.6962 -0.5908 0.4076
vn 0.6942 -0.6040 0.3914
vn 0.4329 -0.4870 -0.7586
vn 0.3785 -0.2233 -0.8983
vn 0.5722 -0.2182 -0.7906
vn -0.3477 -0.3626 -0.8647
vn 0.6774 0.7173 -0.1631
vn 0.1207 0.0724 0.9900
vn -0.4706 0.3785 0.7971
vn -0.1920 0.1133 0.9748
vn -0.4974 0.5462 0.6739
vn 0.8138 0.0709 0.5768
vn 0.1911 -0.6356 0.7479
vn -0.2606 0.9009 0.3469
vn -0.5879 0.7179 0.3727
vn -0.6258 0.7542 -0.1991
vn -0.3431 0.9383 0.0437
vn -0.7377 0.2893 0.6100
vn -0.9035 0.4199 0.0854
vn -0.5399 -0.0393 0.8408
vn -0.8925 0.1766 0.4151
vn -0.7447 0.3954 -0.5376
vn -0.5966 0.4545 -0.6614
vn -0.4359 0.4117 -0.8003
vn -0.4948 0.2553 -0.8306
vn -0.1663 0.3605 -0.9178
vn -0.9496 0.2653 -0.1668
vn -0.7483 0.2161 -0.6271
vn -0.9979 0.0260 0.0598
vn -0.8856 0.0658 -0.4598
vn -0.8042 -0.1321 0.5795
vn -0.9982 -0.0516 0.0299
vn -0.6361 -0.2422 -0.7326
vn -0.4745 -0.1402 -0.8690
vn -0.3736 -0.3273 -0.8680
vn -0.6435 -0.4164 0.6423
vn -0.9983 -0.0543 -0.0231
vn -0.3577 -0.2930 -0.8867
vn -0.0990 -0.3181 -0.9429
vn -0.3186 -0.4546 -0.8318
vn 0.1409 -0.7145 -0.6853
vn -0.6083 -0.3080 -0.7315
vn -0.6394 -0.2708 -0.7196
vn -0.3720 -0.8193 -0.4363
vn -0.2856 -0.2009 -0.9370
vn 0.0935 0.1688 -0.9812
vn 0.5020 0.0250 -0.8645
vn 0.0382 -0.2931 -0.9553
vn 0.5621 0.1186 -0.8185
vn 0.1656 0.2930 -0.9417
vn 0.4425 0.2387 -0.8644
vn 0.8058 0.3477 -0.4793
vn 0.9740 -0.0445 -0.2220
vn 0.8922 -0.1334 -0.4316
vn 0.9874 0.1546 -0.0347
vn 0.7894 0.5710 -0.2252
vn 0.9030 0.4255 0.0597
vn 0.7734 0.0598 0.6310
vn 0.8108 0.2919 0.5074
vn 0.1792 0.1143 0.9772
vn 0.5591 -0.0587 0.8270
vn -0.1344 0.2886 0.9480
vn 0.0381 -0.5196 0.8536
vn 0.9316 -0.1677 0.3224
vn 0.9559 -0.2712 0.1129
vn 0.8822 -0.4350 -0.1803
vn 0.7582 -0.5539 0.3441
vn 0.7772 -0.5879 -0.2243
vn 0.3780 -0.8056 0.4562
vn 0.4049 -0.8804 -0.2470
vn 0.7139 -0.3660 0.5969
vn 0.1708 -0.6360 0.7525
vn 0.6885 -0.2993 -0.6606
vn 0.2317 -0.5959 -0.7689
vn -0.3237 -0.6809 0.6570
vn -0.4812 -0.3322 -0.8113
vn -0.1541 -0.6177 -0.7712
vn -0.7386 -0.4460 -0.5055
vn -0.2526 -0.6141 0.7477
vn -0.0305 -0.8418 0.5389
vn 0.1725 -0.8859 0.4307
vn 0.0126 -0.8016 0.5978
vn -0.0456 -0.8947 0.4443
vn 0.0125 -0.8016 0.5978
vn 0.1664 -0.9779 -0.1265
vn -0.3351 -0.4402 0.8330
vn -0.3266 -0.6702 0.6665
vn -0.2214 -0.9349 0.2773
vn 0.2502 -0.9136 0.3207
vn -0.0625 -0.5695 0.8196
vn -0.3282 -0.6235 0.7096
vn -0.5462 -0.5132 0.6621
vn -0.5684 -0.4905 0.6606
vn 0.9427 -0.2631 0.2054
vn 0.8042 -0.1650 0.5711
vn 0.9552 -0.1934 0.2239
vn 0.8300 -0.2288 0.5087
vn 0.1169 -0.0306 0.9927
vn 0.1536 -0.0969 0.9834
vn 0.8540 -0.2934 0.4296
vn 0.1975 -0.1579 0.9675
vn 0.9386 -0.2928 0.1825
vn 0.9058 -0.3989 0.1430
vn 0.8234 -0.3444 0.4510
vn 0.1836 -0.1363 0.9735
vn -0.6850 0.0758 0.7246
vn -0.6833 0.0656 0.7271
vn -0.9932 0.0328 0.1118
vn -0.9907 0.0854 0.1061
vn -0.6973 0.0906 0.7110
vn -0.9833 0.1502 0.1030
vn -0.6785 0.1506 0.7190
vn -0.9784 0.1917 0.0770
vn -0.9076 0.1011 0.4074
vn -0.9935 0.0062 -0.1133
vn -0.5720 0.0483 0.8188
vn 0.8760 -0.4359 0.2063
vn 0.7437 -0.3348 0.5787
vn -0.8337 -0.0066 -0.5522
vn -0.8336 0.1009 -0.5431
vn -0.2415 -0.1654 -0.9562
vn -0.1710 -0.0930 -0.9809
vn 0.6097 -0.2812 -0.7411
vn 0.5551 -0.3388 -0.7597
vn 0.8707 -0.3011 -0.3889
vn 0.8503 -0.3556 -0.3879
vn 0.7673 -0.4586 -0.4483
vn 0.4666 -0.3948 -0.7915
vn -0.2291 -0.2407 -0.9432
vn -0.8081 -0.0622 -0.5858
vn -0.2920 -0.1630 -0.9424
vn -0.7715 0.0273 -0.6357
vn 0.3541 -0.4077 -0.8416
vn 0.6643 -0.5483 -0.5080
vn -0.6605 0.0582 -0.7486
vn 0.0960 -0.1727 -0.9803
vn 0.8642 -0.2514 -0.4359
vn 0.6835 -0.2116 -0.6986
vn -0.0852 -0.0325 -0.9958
vn -0.8013 0.0972 -0.5903
vn -0.0553 0.0664 -0.9963
vn 0.7466 -0.0421 -0.6639
vn 0.8529 -0.0570 -0.5189
vn -0.7456 0.2049 -0.6341
vn -0.9372 0.2651 -0.2267
vn -0.7663 0.2806 0.5780
vn -0.8359 0.4369 0.3321
vn -0.6642 0.5357 0.5215
vn -0.0556 0.5999 0.7981
vn -0.0497 0.7867 0.6153
vn 0.5664 0.6295 0.5319
vn 0.7112 0.3894 0.5852
vn 0.8463 0.3631 0.3898
vn 0.7517 0.5106 0.4174
vn -0.5520 0.7023 0.4495
vn -0.0211 0.2073 0.9781
vn 0.8402 -0.0315 0.5414
vn 0.9618 -0.0830 0.2608
vn 0.3902 0.7129 0.5826
vn -0.0601 0.7662 0.6398
vn -0.4418 0.7242 0.5295
vn -0.6750 0.6356 0.3746
vn 0.1541 -0.1899 0.9696
vn -0.3618 0.0074 0.9322
vn -0.0652 0.2073 0.9761
vn 0.6353 -0.4119 0.6533
vn 0.6382 -0.4566 0.6199
vn -0.2452 0.2600 -0.9340
vn -0.0481 0.1734 -0.9837
vn -0.2988 0.0731 -0.9515
vn -0.4699 0.2298 -0.8523
vn -0.1012 0.9924 0.0707
vn -0.4515 0.8130 0.3677
vn 0.0164 0.9975 0.0686
vn 0.4497 0.7987 0.3999
vn 0.0853 0.9947 0.0575
vn -0.6297 0.7463 0.2158
vn -0.9308 0.2557 0.2611
vn 0.5876 0.7693 0.2506
vn 0.8937 0.2808 0.3500
vn 0.6897 0.5962 0.4109
vn 0.0712 0.9145 0.3983
vn 0.5877 0.6934 0.4169
vn 0.3068 0.8537 0.4208
vn 0.3268 0.9447 0.0255
vn 0.3200 0.9472 0.0209
vn 0.9985 0.0535 0.0146
vn 0.9442 -0.1304 -0.3024
vn 0.9253 -0.1841 -0.3316
vn 0.8097 -0.2934 -0.5083
vn -0.7491 0.5679 0.3410
vn -0.9667 -0.0995 -0.2359
vn -0.9023 -0.1891 -0.3873
vn -0.6279 -0.4088 -0.6623
vn -0.7423 -0.3527 -0.5698
vn -0.6051 0.7217 0.3362
vn -0.1100 0.9191 0.3784
vn -0.2730 0.8961 0.3500
vn -0.2760 0.9606 -0.0341
vn -0.2706 0.9620 -0.0373
vn 0.3186 0.7146 0.6228
vn -0.3622 0.7236 0.5876
vn -0.6605 -0.4678 0.5873
vn -0.4026 -0.9126 0.0718
vn -0.3349 -0.7112 0.6181
vn -0.7174 -0.6777 0.1611
vn 0.2809 -0.6941 0.6628
vn 0.4337 -0.8903 0.1391
vn 0.6155 -0.3824 0.6892
vn 0.7832 -0.5584 0.2735
vn 0.8257 -0.4720 0.3088
vn 0.3830 -0.9147 0.1286
vn -0.2484 -0.9685 0.0181
vn -0.0208 -0.9982 -0.0565
vn -0.0206 -0.9982 -0.0570
vn -0.5426 -0.8354 0.0874
vn 0.0009 -0.9274 -0.3742
vn -0.0014 -0.9319 -0.3627
vn -0.0002 -0.8878 -0.4603
vn 0.0173 -0.9004 -0.4346
vn -0.0032 -0.9991 -0.0431
vn -0.0332 -0.9828 -0.1814
vn 0.7331 -0.4185 -0.5362
vn 0.1480 -0.6997 -0.6989
vn 0.1894 -0.5165 -0.8351
vn 0.9870 -0.1605 0.0105
vn 0.9925 0.0804 0.0922
vn 0.9795 0.1618 0.1200
vn 0.7575 -0.4227 -0.4974
vn 0.4741 -0.5166 -0.7130
vn -0.8952 -0.0155 -0.4453
vn -0.8964 -0.0135 -0.4431
vn -0.9727 -0.1594 -0.1688
vn -0.8122 0.1180 -0.5713
vn -0.9894 0.0168 -0.1443
vn -0.9503 -0.2881 -0.1177
vn -0.9490 -0.2935 -0.1148
vn -0.7115 0.1336 -0.6899
vn -0.0679 0.1909 -0.9793
vn 0.8116 0.0341 -0.5832
vn 0.9037 -0.0236 -0.4274
vn 0.9513 -0.0926 -0.2939
vn 0.9572 -0.0833 -0.2773
vn 0.9378 -0.2455 -0.2456
vn 0.9370 -0.2405 -0.2533
vn 0.9160 -0.3423 -0.2095
vn 0.9158 -0.3428 -0.2090
vn 0.2367 0.9439 0.2301
vn 0.3115 0.9500 0.0236
vn 0.3018 0.9218 0.2433
vn -0.8258 -0.1355 0.5474
vn 0.8875 -0.4577 0.0537
vn 0.5597 -0.1902 -0.8066
vn 0.7240 -0.1934 -0.6622
vn 0.3388 -0.1771 -0.9240
vn 0.7685 -0.2588 -0.5852
vn 0.8939 -0.2321 -0.3836
vn 0.9004 -0.2703 -0.3408
vn 0.9719 -0.1997 -0.1244
vn 0.9483 -0.2714 -0.1648
vn 0.9808 -0.1868 -0.0552
vn 0.0545 -0.1284 -0.9902
vn -0.0486 -0.1291 -0.9904
vn -0.4419 -0.0492 -0.8957
vn -0.5687 -0.0576 -0.8206
vn -0.7922 0.0125 -0.6101
vn -0.8245 -0.0670 -0.5619
vn -0.9414 0.0265 -0.3363
vn -0.9451 -0.0814 -0.3165
vn -0.9852 -0.0978 -0.1411
vn -0.9572 -0.1958 -0.2129
vn -0.9745 -0.1801 -0.1341
vn -0.9430 -0.2561 -0.2125
vn -0.9790 -0.2036 0.0118
vn 0.9825 -0.1822 0.0397
vn 0.9320 -0.3371 -0.1336
vn 0.4469 -0.3844 0.8077
vn -0.2374 -0.7670 0.5961
vn -0.1306 -0.6661 0.7344
vn 0.2627 -0.4138 0.8717
vn 0.6371 -0.3234 0.6996
vn 0.0292 -0.5871 0.8090
vn -0.0768 -0.8356 0.5439
vn -0.0605 -0.2880 0.9557
vn 0.7094 -0.1241 0.6938
vn 0.1475 -0.3871 0.9102
vn 0.1056 -0.3135 0.9437
vn 0.9096 0.3927 -0.1359
vn 0.9117 0.3735 0.1714
vn 0.5316 0.6401 -0.5547
vn 0.6878 0.6061 -0.3994
vn 0.7990 0.3550 0.4853
vn 0.8607 0.4883 -0.1438
vn 0.8163 0.5561 -0.1563
vn 0.8727 0.4664 -0.1448
vn 0.3732 0.8079 -0.4560
vn 0.7562 0.3750 -0.5362
vn 0.5944 0.3948 -0.7006
vn 0.8796 -0.3021 -0.3676
vn 0.4640 -0.5764 -0.6727
vn 0.8656 -0.4722 0.1666
vn 0.5196 -0.7375 0.4314
vn 0.9042 0.4264 0.0252
vn 0.8607 0.4883 -0.1437
vn 0.0347 0.1501 0.9881
vn -0.6524 0.5859 0.4808
vn -0.3431 -0.3729 0.8621
vn -0.7692 0.6027 0.2122
vn -0.4886 0.7681 -0.4139
vn -0.6545 0.7363 -0.1717
vn -0.2912 0.8071 -0.5137
vn -0.7450 0.6608 -0.0913
vn -0.1608 0.8910 -0.4247
vn -0.7783 0.6134 -0.1343
vn -0.6812 0.4342 -0.5895
vn -0.4724 0.4134 -0.7784
vn -0.5196 -0.2631 0.8129
vn 0.0530 -0.8188 0.5716
vn -0.0324 -0.6699 0.7418
vn -0.7002 -0.1598 0.6958
vn -0.2248 -0.5240 0.8215
vn -0.7833 0.0215 0.6213
vn -0.3076 -0.2851 0.9078
vn -0.2260 -0.1235 0.9663
vn -0.8562 -0.2353 -0.4599
vn -0.4524 -0.5103 -0.7314
vn -0.8303 -0.3557 -0.4290
vn -0.4927 -0.6297 -0.6006
vn -0.2452 -0.0863 0.9656
vn -0.6396 0.7616 -0.1042
vn -0.6681 0.7414 -0.0634
vn 0.5916 0.5362 0.6021
vn -0.4925 -0.3286 0.8059
vn 0.5401 0.5654 0.6234
vn 0.3700 0.4900 0.7893
vn -0.5584 -0.3805 0.7371
vn -0.1040 0.0737 0.9918
vn 0.2297 0.3321 0.9148
vn -0.1374 -0.0202 0.9903
vn 0.2115 0.3344 0.9184
vn -0.1573 -0.0262 0.9872
vn 0.1956 0.3992 0.8958
vn -0.1738 -0.0103 0.9847
vn -0.1779 0.0262 0.9837
vn 0.2120 0.4906 0.8452
vn -0.5379 -0.4479 0.7142
vn -0.5277 -0.4736 0.7051
vn -0.5746 -0.5295 0.6241
vn -0.5615 -0.5408 0.6263
vn -0.5466 -0.5353 0.6440
vn -0.5224 -0.4911 0.6971
vn -0.5373 -0.4903 0.6862
vn -0.5491 -0.5112 0.6612
vn -0.5739 -0.5097 0.6410
vn -0.6057 -0.4941 0.6237
vn 0.1984 0.4981 0.8441
vn -0.2766 -0.0956 0.9562
vn -0.6024 -0.5129 0.6116
vn -0.6603 -0.4748 0.5819
vn -0.7223 -0.4862 0.4918
vn -0.7668 -0.4180 0.4872
vn -0.7685 -0.5174 0.3765
vn -0.7614 -0.5836 0.2823
vn -0.5832 -0.5139 0.6291
vn -0.6003 -0.4482 0.6624
vn -0.5355 -0.4004 0.7436
vn -0.5606 -0.4181 0.7148
vn 0.5256 -0.4707 0.7087
vn -0.1752 -0.3229 0.9301
vn -0.1483 -0.6554 0.7406
vn 0.3454 -0.0762 0.9353
vn 0.0191 0.1245 0.9920
vn -0.4853 -0.1658 0.8585
vn 0.0957 -0.0671 0.9931
vn -0.3381 -0.2665 0.9026
vn 0.3355 -0.0708 0.9394
vn -0.1790 -0.1756 0.9680
vn 0.3807 0.1549 0.9116
vn -0.0265 0.2161 0.9760
vn 0.0226 0.5258 0.8503
vn -0.8114 -0.0869 0.5781
vn -0.6015 0.3550 0.7157
vn -0.9883 0.1268 -0.0846
vn -0.8614 -0.4095 0.3007
vn -0.8977 -0.2617 -0.3545
vn -0.7284 -0.5544 -0.4024
vn -0.8051 -0.5307 0.2649
vn -0.9570 0.2895 0.0197
vn -0.3348 0.5744 0.7469
vn -0.7665 0.5533 0.3260
vn -0.8700 -0.3165 -0.3779
vn -0.8826 -0.3985 0.2494
vn -0.9444 -0.0910 -0.3159
vn -0.8918 -0.3972 0.2165
vn -0.9515 0.0347 -0.3058
vn -0.8680 -0.4789 0.1311
vn -0.9746 0.0747 -0.2111
vn -0.9861 -0.0728 -0.1492
vn -0.2850 -0.7706 0.5701
vn -0.6370 -0.7583 0.1386
vn -0.7951 0.4083 -0.4484
vn -0.7581 0.5406 -0.3648
vn -0.8135 0.1013 -0.5727
vn -0.7321 -0.1817 -0.6565
vn -0.5745 -0.4598 -0.6771
vn -0.7541 -0.1393 -0.6419
vn -0.8498 0.1240 -0.5123
vn -0.9207 0.3567 -0.1585
vn 0.4770 -0.8672 -0.1430
vn 0.2150 -0.4391 0.8723
vn 0.5759 -0.2437 0.7804
vn 0.5790 -0.3511 0.7359
vn 0.7946 -0.0898 0.6004
vn 0.8561 -0.0358 0.5155
vn 0.8289 0.1411 0.5413
vn 0.7512 0.3149 0.5801
vn 0.5989 -0.3360 0.7269
vn 0.9205 0.1521 -0.3598
vn 0.4770 -0.8672 -0.1429
vn 0.5258 -0.0912 -0.8457
vn 0.9930 0.1058 0.0518
vn 1.0000 0.0016 0.0007
vn 0.9331 0.0262 0.3586
vn 0.8873 -0.0097 0.4611
vn 0.8281 0.1404 0.5427
vn 0.7503 0.3142 0.5817
vn 0.9996 -0.0003 0.0273
vn 0.6897 0.0466 -0.7226
vn -0.2374 0.0495 -0.9701
vn -0.2172 0.1682 -0.9615
vn -0.7880 0.1717 -0.5912
vn -0.7468 0.0746 -0.6608
vn -0.7459 0.2663 -0.6105
vn -0.6550 0.2047 -0.7274
vn -0.1870 0.1846 -0.9649
vn -0.6696 -0.1486 -0.7277
vn -0.0848 0.0732 -0.9937
vn -0.5220 -0.3815 -0.7629
vn -0.1343 0.2001 -0.9705
vn -0.6869 -0.0863 -0.7216
vn -0.6788 0.3860 -0.6247
vn -0.0140 0.5809 -0.8138
vn 0.0524 0.9031 -0.4263
vn -0.6417 0.5536 -0.5307
vn 0.1525 0.9828 -0.1042
vn -0.3993 0.8609 -0.3152
vn 0.6250 0.7633 -0.1635
vn 0.6689 0.5359 -0.5152
vn 0.8352 0.5376 0.1157
vn 0.9091 0.4113 -0.0658
vn 0.4522 0.8863 0.0996
vn 0.5604 0.4873 -0.6697
vn 0.8082 0.5311 -0.2543
vn 0.4198 0.5784 -0.6995
vn 0.7066 0.6757 -0.2100
vn 0.9063 0.4169 -0.0699
vn -0.7754 0.4784 -0.4121
vn -0.9123 0.0717 -0.4031
vn 0.6944 0.4174 -0.5861
vn 0.9913 -0.0805 -0.1045
vn -0.8583 -0.2252 -0.4611
vn -0.6681 -0.5384 -0.5136
vn -0.8423 -0.2742 -0.4640
vn -0.9277 0.0056 -0.3733
vn -0.9340 0.2919 -0.2058
vn -0.8978 0.4236 -0.1209
vn 0.6807 0.1322 0.7205
vn 0.5068 0.0323 0.8615
vn -0.3627 -0.6383 0.6790
vn 0.4488 -0.7589 0.4719
vn -0.1925 -0.2091 0.9588
vn 0.2246 0.4657 0.8559
vn -0.2492 -0.0933 0.9640
vn -0.4636 -0.3849 0.7981
vn -0.5564 -0.5259 0.6433
vn 0.8864 -0.2652 0.3794
vn 0.7868 0.2431 0.5673
vn 0.4486 0.6779 0.5824
vn -0.2062 -0.9784 0.0117
vn -0.0169 -0.8995 -0.4366
vn -0.6249 -0.7706 -0.1254
vn -0.4605 -0.6684 -0.5841
vn 0.4281 -0.8871 -0.1727
vn -0.4367 -0.3792 0.8158
vn -0.5967 -0.7761 -0.2040
vn -0.0197 -0.6976 0.7162
vn -0.7541 -0.4857 0.4421
vn -0.1117 -0.9936 -0.0156
vn -0.2273 -0.8498 -0.4755
vn 0.0486 -0.9253 -0.3760
vn 0.3638 -0.6832 0.6332
vn 0.4151 -0.0265 0.9094
vn 0.0913 -0.2124 0.9729
vn 0.6703 -0.1639 0.7237
vn 0.5383 -0.4643 0.7033
vn 0.1095 -0.9843 0.1384
vn 0.3837 -0.8918 -0.2399
vn 0.4360 -0.5006 0.7479
vn 0.8396 -0.4688 0.2743
vn 0.5399 -0.4051 0.7378
vn 0.8221 -0.5504 0.1461
vn 0.6508 -0.3207 0.6882
vn 0.7905 -0.5978 0.1330
vn 0.6723 -0.1928 0.7147
vn -0.4472 -0.3278 0.8322
vn -0.5462 -0.2488 0.7998
vn -0.7030 -0.4855 0.5197
vn 0.2752 -0.6128 0.7408
vn -0.1247 -0.6895 0.7135
vn -0.6277 -0.7482 0.2148
vn 0.2115 -0.8567 0.4706
vn -0.8051 -0.5778 -0.1337
vn -0.9577 -0.2878 -0.0028
vn -0.9889 -0.1446 -0.0337
vn -0.9889 -0.1446 -0.0338
vn -0.8570 -0.3688 0.3600
vn -0.9012 -0.2702 0.3389
vn -0.4229 -0.8485 -0.3181
vn -0.8155 -0.1348 0.5629
vn -0.5735 -0.2195 0.7892
vn -0.9814 0.1015 0.1629
vn -0.4547 -0.8883 0.0645
vn -0.7916 -0.5214 -0.3188
vn -0.7934 -0.4332 -0.4277
vn -0.8550 -0.3657 -0.3678
vn -0.6986 -0.4334 -0.5693
vn -0.7842 -0.2899 -0.5486
vn -0.6919 -0.4111 -0.5935
vn -0.4524 -0.6750 -0.5829
vn -0.5719 -0.7655 -0.2948
vn -0.5712 -0.6879 0.4478
vn -0.0156 0.2089 0.9778
vn -0.0884 0.0759 0.9932
vn -0.6825 0.3649 0.6333
vn -0.6048 0.4927 0.6256
vn -0.0697 0.9144 0.3988
vn 0.3943 0.0335 0.9184
vn -0.4300 0.3704 0.8234
vn -0.4602 0.5422 0.7030
vn 0.1753 0.4883 0.8548
vn 0.3458 0.1337 0.9288
vn 0.2653 0.0106 0.9641
vn 0.2622 0.0691 0.9625
vn -0.1586 -0.0808 0.9840
vn -0.4773 -0.1576 0.8645
vn -0.4309 -0.1864 0.8829
vn -0.0642 0.9457 -0.3185
vn 0.6361 0.7548 -0.1600
vn -0.0584 0.8878 -0.4565
vn 0.6521 0.6963 -0.2999
vn 0.9958 -0.0317 0.0857
vn 0.3594 0.5100 -0.7815
vn 0.9979 -0.0214 -0.0618
vn 0.7775 -0.5877 0.2239
vn 0.8532 -0.4575 0.2507
vn 0.9787 -0.0459 -0.1999
vn 0.9779 0.0938 0.1866
vn 0.9924 -0.0839 -0.0896
vn 0.8429 0.4173 -0.3396
vn 0.9181 0.3951 0.0308
vn 0.7610 -0.0433 -0.6473
vn 0.9170 -0.2196 -0.3331
vn 0.2743 -0.6702 -0.6896
vn -0.2217 -0.4619 -0.8588
vn 0.0596 0.1959 -0.9788
vn -0.1814 -0.8114 -0.5557
vn 0.0781 -0.9006 -0.4276
vn 0.5123 -0.6468 -0.5649
vn 0.3604 -0.9113 -0.1991
vn 0.9200 -0.0725 -0.3852
vn 0.1462 0.2260 -0.9631
vn 0.4683 0.4394 -0.7666
vn 0.6955 -0.0025 -0.7186
vn 0.0584 -0.1734 -0.9831
vn 0.7705 -0.3883 -0.5056
vn -0.3607 -0.2055 -0.9098
vn -0.4550 0.1333 -0.8804
vn 0.4683 0.4393 -0.7666
vn -0.4550 0.1333 -0.8805
vn -0.1777 0.3362 -0.9249
vn -0.5463 0.2262 -0.8065
vn -0.1795 -0.6445 -0.7433
vn -0.1015 0.2642 -0.9591
vn -0.5464 0.2262 -0.8064
vn -0.0110 0.5393 -0.8420
vn 0.3256 0.5338 -0.7804
vn -0.4843 0.5179 -0.7051
vn 0.0974 -0.4259 -0.8995
vn -0.5088 -0.2845 -0.8125
vn -0.6210 -0.2888 -0.7287
vn -0.6365 -0.1826 -0.7494
vn -0.6701 -0.4095 -0.6191
vn -0.7551 -0.2655 -0.5995
vn 0.2257 0.9197 -0.3214
vn 0.0590 0.9773 -0.2037
vn 0.5577 0.8087 0.1873
vn 0.8357 0.5442 0.0732
vn -0.2779 -0.5192 -0.8082
vn 0.8586 0.5076 -0.0718
vn 0.8351 0.5489 -0.0376
vn 0.2410 -0.0074 -0.9705
vn 0.6601 0.6051 -0.4451
vn 0.4146 0.5897 -0.6931
vn 0.4650 0.5642 -0.6822
vn 0.5960 0.5399 0.5944
vn 0.5715 0.5917 0.5685
vn 0.4231 0.4385 -0.7929
vn 0.6216 0.7008 0.3500
vn 0.6428 0.6994 -0.3123
vn 0.3527 0.3828 -0.8538
vn 0.3483 0.3434 -0.8722
vn 0.4231 0.4386 -0.7929
vn 0.6882 0.7164 0.1147
vn 0.6553 0.6443 -0.3942
vn 0.6795 0.7266 0.1011
vn 0.6438 0.6451 -0.4116
vn 0.6318 0.7633 0.1351
vn 0.6267 0.6610 -0.4126
vn 0.5702 0.7921 0.2176
vn 0.6106 0.6876 -0.3929
vn 0.3713 0.3141 -0.8738
vn 0.3790 0.2869 -0.8798
vn 0.3127 0.2143 -0.9254
vn 0.3269 0.2032 -0.9229
vn 0.3825 0.2672 -0.8844
vn 0.3449 0.2129 -0.9142
vn 0.3654 0.2668 -0.8918
vn 0.3477 0.2408 -0.9062
vn 0.3181 0.2382 -0.9176
vn 0.2815 0.2498 -0.9265
vn 0.5594 0.8011 0.2131
vn 0.5756 0.6193 -0.5340
vn 0.2810 0.2283 -0.9322
vn 0.2124 0.2572 -0.9427
vn 0.1146 0.2156 -0.9697
vn 0.0617 0.2764 -0.9591
vn 0.0144 0.1386 -0.9902
vn -0.0275 0.0312 -0.9991
vn 0.3059 0.2312 -0.9236
vn 0.2974 0.3040 -0.9051
vn 0.3774 0.3647 -0.8512
vn 0.8352 0.5376 0.1156
vn 0.8768 0.2979 0.3774
vn 0.0006 -0.2242 -0.9745
vn 0.5142 0.0964 -0.8522
vn 0.9153 0.3746 0.1482
vn 0.8744 -0.4023 -0.2713
vn 0.6670 0.5110 -0.5422
vn 0.5950 0.7760 0.2093
vn 0.5972 0.6158 -0.5140
vn 0.4539 0.3839 -0.8041
vn 0.3362 0.2219 -0.9153
vn 0.8857 -0.2658 0.3807
vn 0.4488 0.6780 0.5821
vn 0.2343 -0.6093 -0.7575
vn -0.0134 -0.8966 -0.4426
vn -0.1822 -0.3997 -0.8984
vn -0.4602 -0.6682 -0.5846
vn 0.4338 -0.8823 -0.1827
vn 0.4803 0.3892 -0.7860
vn 0.7663 -0.6181 0.1752
vn 0.9827 0.0672 0.1728
vn 0.8916 0.4501 0.0501
vn -0.1360 0.8578 0.4956
vn 0.8067 -0.1772 0.5639
vn -0.1396 0.8243 0.5486
vn 0.0411 0.7246 0.6879
vn 0.8146 -0.2722 0.5121
vn 0.5518 0.3109 0.7738
vn 0.2586 0.6230 0.7382
vn 0.6288 0.2661 0.7306
vn 0.2614 0.6081 0.7496
vn 0.6345 0.2454 0.7330
vn 0.1990 0.5947 0.7789
vn 0.6227 0.2320 0.7473
vn 0.5940 0.2334 0.7698
vn 0.0944 0.6034 0.7918
vn 0.8515 -0.2732 0.4476
vn 0.8651 -0.2715 0.4218
vn 0.8664 -0.3548 0.3515
vn 0.8750 -0.3439 0.3408
vn 0.8795 -0.3219 0.3504
vn 0.8735 -0.2721 0.4036
vn 0.8683 -0.2895 0.4028
vn 0.8713 -0.3134 0.3776
vn 0.8610 -0.3441 0.3747
vn 0.8423 -0.3773 0.3848
vn 0.0895 0.5917 0.8012
vn 0.6853 0.1155 0.7191
vn 0.8494 -0.3821 0.3641
vn 0.8092 -0.4398 0.3896
vn 0.7724 -0.5328 0.3457
vn 0.7226 -0.5632 0.4009
vn 0.7339 -0.6251 0.2657
vn 0.7285 -0.6667 0.1575
vn 0.8582 -0.3582 0.3677
vn 0.8285 -0.3503 0.4370
vn 0.8314 -0.2516 0.4955
vn 0.8311 -0.2888 0.4752
vn 0.8066 -0.1772 0.5638
vn 0.7305 0.6829 -0.0024
vn 0.8364 0.1600 0.5242
vn 0.9813 0.0571 0.1841
vn 0.5788 0.6716 0.4626
vn 0.4962 0.4304 0.7540
vn 0.7095 -0.1236 0.6938
vn 0.6384 0.4697 0.6098
vn 0.7963 0.0101 0.6048
vn 0.5795 0.6629 0.4741
vn 0.7434 0.1944 0.6399
vn 0.3771 0.7286 0.5718
vn 0.4207 0.3954 0.8165
vn 0.0937 0.4399 0.8931
vn 0.5221 -0.5165 0.6787
vn 0.2279 -0.2046 0.9519
vn -0.0223 -0.9073 0.4199
vn 0.6172 -0.7194 0.3186
vn 0.1122 -0.9931 -0.0336
vn 0.2903 -0.9050 -0.3109
vn 0.6820 -0.7044 0.1970
vn -0.0944 -0.8125 0.5753
vn 0.0389 0.0834 0.9958
vn -0.1427 -0.4774 0.8670
vn 0.1382 -0.9859 -0.0944
vn 0.5797 -0.7590 0.2964
vn 0.0026 -0.9938 0.1111
vn 0.5570 -0.7830 0.2769
vn -0.0899 -0.9765 0.1958
vn 0.5671 -0.8081 0.1594
vn -0.0618 -0.9536 0.2947
vn 0.0933 -0.9625 0.2547
vn 0.9869 -0.1523 0.0531
vn 0.7625 -0.6399 -0.0955
vn -0.4904 -0.8332 0.2556
vn -0.5492 -0.7457 0.3771
vn -0.3198 -0.9475 -0.0059
vn -0.1578 -0.9510 -0.2659
vn 0.0292 -0.8601 -0.5093
vn -0.1794 -0.9589 -0.2196
vn -0.2976 -0.9525 0.0643
vn -0.2594 -0.8398 0.4769
vn 0.5371 0.2389 -0.8090
vn 0.8437 0.4718 0.2562
vn 0.5884 0.7923 0.1617
vn 0.6457 0.7607 0.0658
vn 0.3306 0.9429 0.0395
vn 0.2292 0.9733 -0.0123
vn 0.1088 0.9866 0.1218
vn 0.0050 0.9589 0.2836
vn 0.6258 0.7776 0.0605
vn -0.4536 0.7137 -0.5337
vn 0.5372 0.2389 -0.8089
vn -0.5038 0.1257 -0.8546
vn -0.1787 0.9353 -0.3054
vn -0.1282 0.9051 -0.4055
vn 0.0762 0.9904 -0.1155
vn 0.1720 0.9840 -0.0471
vn 0.1103 0.9863 0.1227
vn 0.0066 0.9586 0.2846
vn -0.1107 0.9150 -0.3880
vn -0.5593 0.3444 -0.7540
vn -0.5924 -0.5918 -0.5466
vn -0.6833 -0.5517 -0.4783
vn -0.3908 -0.9204 0.0125
vn -0.3615 -0.9258 -0.1108
vn -0.4823 -0.8751 0.0386
vn -0.5156 -0.8489 -0.1161
vn -0.7020 -0.5232 -0.4832
vn -0.2346 -0.9175 -0.3210
vn -0.6447 -0.4596 -0.6109
vn -0.0913 -0.8344 -0.5436
vn -0.7251 -0.4741 -0.4995
vn -0.2763 -0.9222 -0.2705
vn -0.5937 -0.8014 0.0726
vn -0.9459 -0.2450 -0.2130
vn -0.9753 0.0193 0.2202
vn -0.6741 -0.7044 0.2222
vn -0.8572 0.2503 0.4501
vn -0.8176 -0.3515 0.4560
vn -0.7800 0.6197 0.0870
vn -0.8178 0.4839 -0.3116
vn -0.4613 0.8851 0.0615
vn -0.4804 0.8599 -0.1726
vn -0.6963 0.5867 0.4135
vn -0.8595 0.3142 -0.4031
vn -0.6787 0.7091 -0.1913
vn -0.9305 0.1923 -0.3117
vn -0.7494 0.6613 -0.0316
vn -0.4863 0.8572 -0.1695
vn -0.5263 -0.7900 0.3143
vn -0.1825 -0.9740 0.1343
vn -0.7702 0.4609 -0.4408
vn -0.1256 0.8426 -0.5237
vn 0.0156 -0.9948 -0.1003
vn 0.2008 -0.8920 -0.4049
vn 0.0448 -0.9887 -0.1431
vn -0.1123 -0.9864 0.1203
vn -0.2350 -0.8810 0.4107
vn -0.2923 -0.7936 0.5337
vn 0.3771 0.7285 0.5718
vn 0.2406 0.9204 0.3083
vn 0.4282 0.8052 0.4102
vn 0.9580 -0.1586 0.2388
vn 0.8252 0.4743 -0.3067
vn 0.7662 0.1735 0.6187
vn 0.1190 0.6157 0.7790
vn 0.6852 0.1425 0.7143
vn 0.8427 -0.1630 0.5132
vn 0.8726 -0.3304 0.3598
vn 0.3245 0.9108 -0.2554
vn 0.0493 0.9748 0.2176
vn -0.2413 0.7430 0.6243
vn 0.8049 -0.3351 -0.4897
vn 0.4489 -0.3293 -0.8307
vn 0.6118 -0.7356 -0.2907
vn 0.2344 -0.7529 -0.6149
vn 0.5412 0.1798 -0.8215
vn 0.8454 -0.1307 0.5179
vn 0.5653 -0.7421 -0.3602
vn 0.9835 0.1571 0.0899
vn 0.7451 -0.5827 0.3245
vn 0.7885 -0.2626 -0.5561
vn 0.4130 -0.5272 -0.7426
vn 0.4973 -0.2501 -0.8307
vn 0.8733 0.4733 -0.1152
vn 0.5152 0.7319 0.4459
vn 0.7412 0.4352 0.5111
vn 0.4795 0.8677 0.1315
vn 0.7207 0.6932 -0.0077
vn 0.8454 0.0002 -0.5341
vn 0.5100 0.1123 -0.8528
vn 0.7891 0.6127 0.0433
vn 0.4277 0.7949 -0.4303
vn 0.6946 0.7176 0.0509
vn 0.4172 0.7154 -0.5606
vn 0.5840 0.8115 0.0215
vn 0.4507 0.6742 -0.5850
vn 0.4963 0.8615 0.1072
vn 0.8161 -0.1256 0.5642
vn 0.7469 -0.2156 0.6291
vn 0.7851 -0.5056 0.3578
vn 0.8938 0.4469 0.0372
vn 0.9888 0.0624 0.1354
vn 0.7992 -0.5997 -0.0405
vn 0.9317 0.2438 -0.2694
vn 0.4778 -0.8717 -0.1084
vn 0.3474 -0.9123 0.2167
vn 0.2198 -0.9304 0.2932
vn 0.6166 -0.6900 0.3792
vn 0.5317 -0.7230 0.4411
vn 0.5316 -0.6416 -0.5529
vn 0.5488 -0.5355 0.6419
vn 0.7209 -0.2400 0.6501
vn 0.1430 -0.8073 0.5726
vn 0.7974 -0.5244 -0.2987
vn 0.3202 -0.9241 -0.2085
vn 0.1854 -0.9551 -0.2312
vn 0.1760 -0.9765 -0.1245
vn 0.0883 -0.9255 -0.3682
vn -0.0014 -0.9723 -0.2336
vn 0.0553 -0.9257 -0.3743
vn 0.2392 -0.7461 -0.6214
vn 0.4993 -0.7540 -0.4268
vn 0.8847 -0.4465 0.1339
vn 0.4255 0.4066 0.8085
vn 0.5489 0.3260 0.7697
vn 0.1801 -0.3089 0.9339
vn 0.0648 -0.2217 0.9730
vn -0.4724 0.2383 0.8486
vn 0.4758 0.7262 0.4961
vn 0.2581 -0.0041 0.9661
vn 0.0539 -0.0526 0.9972
vn 0.1069 0.5742 0.8117
vn 0.4092 0.7023 0.5825
vn 0.5378 0.6242 0.5666
vn 0.4911 0.6300 0.6016
vn 0.6759 0.2345 0.6987
vn 0.7051 -0.1134 0.6999
vn 0.7331 -0.0687 0.6766
vn -0.9293 -0.0363 0.3676
vn -0.4723 0.2383 0.8486
vn -0.7726 0.6300 0.0789
vn -0.9673 -0.0950 0.2351
vn -0.8125 0.5799 -0.0593
vn -0.0503 0.9298 -0.3647
vn -0.9181 0.0950 -0.3848
vn -0.1474 0.8747 -0.4618
vn 0.4991 0.7001 -0.5107
vn 0.4029 0.7995 -0.4455
vn -0.2087 0.7988 -0.5642
vn -0.0864 0.9732 -0.2131
vn -0.1142 0.8489 -0.5160
vn -0.6408 0.6929 -0.3305
vn -0.4100 0.9045 -0.1175
vn -0.4521 0.4249 -0.7843
vn -0.1439 0.6631 -0.7346
vn 0.0787 -0.1302 -0.9884
vn -0.1240 -0.6136 -0.7799
vn -0.7509 -0.3037 -0.5865
vn 0.3289 -0.5115 -0.7938
vn 0.4430 -0.2400 -0.8638
vn 0.1053 0.1382 -0.9848
vn 0.5529 0.1043 -0.8267
vn -0.2916 0.6680 -0.6847
vn -0.7762 -0.2145 -0.5929
vn -0.8673 0.1883 -0.4608
vn -0.5190 0.3436 -0.7827
vn -0.4621 -0.3644 -0.8085
vn -0.0959 0.4354 -0.8951
vn -0.3395 -0.7193 -0.6061
vn -0.5768 -0.7400 -0.3460
vn -0.8673 0.1884 -0.4609
vn -0.5768 -0.7400 -0.3461
vn -0.7989 -0.4749 -0.3691
vn -0.5939 -0.7787 -0.2023
vn 0.0840 -0.5581 -0.8255
vn -0.7724 -0.4309 -0.4666
vn -0.9304 -0.2597 -0.2588
vn -0.9319 0.0682 -0.3563
vn -0.7708 -0.6369 0.0162
vn -0.2176 -0.3351 -0.9167
vn -0.2000 -0.8271 -0.5253
vn -0.1315 -0.8960 -0.4242
vn -0.2257 -0.9016 -0.3691
vn 0.0361 -0.9158 -0.4000
vn -0.0550 -0.9623 -0.2662
vn -0.9473 0.2208 0.2321
vn -0.9008 0.1254 0.4158
vn -0.5961 0.7053 0.3836
vn -0.4914 0.8703 0.0341
vn -0.0414 -0.6532 -0.7560
vn -0.5528 0.8276 -0.0974
vn -0.5617 0.8264 -0.0395
vn -0.6087 -0.1680 -0.7754
vn -0.8290 0.5151 -0.2176
vn -0.9348 0.1925 -0.2986
vn -0.9145 0.2386 -0.3267
vn -0.1442 0.8594 0.4906
vn -0.1976 0.8351 0.5134
vn -0.8767 0.1367 -0.4613
vn -0.4213 0.8108 0.4064
vn -0.8214 0.5669 -0.0624
vn -0.8605 0.0403 -0.5079
vn -0.8399 0.0229 -0.5423
vn -0.8767 0.1367 -0.4612
vn -0.5827 0.7804 0.2269
vn -0.8288 0.5373 -0.1563
vn -0.5987 0.7684 0.2260
vn -0.8384 0.5199 -0.1636
vn -0.6014 0.7442 0.2906
vn -0.8495 0.5064 -0.1479
vn -0.5671 0.7253 0.3903
vn -0.8570 0.5032 -0.1116
vn -0.8207 0.0383 -0.5701
vn -0.8039 0.0386 -0.5935
vn -0.7656 -0.0507 -0.6413
vn -0.7573 -0.0386 -0.6519
vn -0.7918 0.0365 -0.6097
vn -0.7619 -0.0179 -0.6475
vn -0.7936 0.0178 -0.6082
vn -0.7794 -0.0081 -0.6264
vn -0.7804 -0.0393 -0.6240
vn -0.7902 -0.0740 -0.6083
vn -0.5760 0.7146 0.3969
vn -0.8837 0.4044 -0.2357
vn -0.7765 -0.0800 -0.6250
vn -0.7970 -0.1419 -0.5871
vn -0.7679 -0.2479 -0.5906
vn -0.8026 -0.2822 -0.5255
vn -0.7069 -0.3589 -0.6095
vn -0.6222 -0.4170 -0.6626
vn -0.7770 -0.0537 -0.6272
vn -0.8222 -0.0425 -0.5677
vn -0.8478 0.0603 -0.5269
vn -0.1275 0.9879 0.0881
vn -0.4096 -0.4212 -0.8092
vn -0.6542 0.1421 -0.7429
vn -0.3229 0.9453 -0.0471
vn 0.0427 0.6203 -0.7832
vn -0.8141 0.4682 -0.3435
vn -0.5619 0.7427 0.3644
vn -0.8709 0.4327 -0.2332
vn -0.8443 0.1516 -0.5140
vn -0.7684 -0.0243 -0.6395
vn 0.3258 0.9105 -0.2546
vn -0.2417 0.7430 0.6241
vn -0.0050 -0.1840 -0.9829
vn 0.4425 -0.3282 -0.8346
vn -0.2021 -0.5838 -0.7863
vn 0.2339 -0.7528 -0.6153
vn 0.5306 0.1818 -0.8279
vn -0.8409 0.1839 -0.5089
vn 0.4952 0.6659 -0.5580
vn -0.0742 0.9679 -0.2402
vn -0.4384 0.8967 -0.0606
vn -0.8945 -0.1722 0.4125
vn -0.5134 0.0271 0.8577
vn -0.3844 0.3811 0.8409
vn -0.4886 0.2064 0.8477
vn -0.9626 -0.1433 0.2299
vn -0.7301 -0.6033 0.3210
vn -0.3501 -0.0376 0.9360
vn 0.1810 0.4095 0.8942
vn 0.0623 -0.0369 0.9974
vn -0.4090 0.0940 0.9077
vn -0.7760 0.3729 0.5087
vn -0.9949 -0.0212 0.0986
vn -0.8347 -0.5497 -0.0338
vn -0.8841 -0.3735 -0.2809
vn 0.0460 -0.1657 0.9851
vn -0.9714 0.0388 0.2341
vn -0.8878 -0.4301 -0.1636
vn -0.9220 -0.1006 0.3740
vn -0.7392 0.6728 0.0301
vn -0.9917 0.1089 0.0683
vn -0.5994 0.7946 0.0962
vn -0.4914 0.8383 0.2364
vn -0.3090 0.9033 -0.2975
vn -0.1016 0.9909 -0.0880
vn -0.5921 0.6900 -0.4164
vn -0.9979 -0.0454 -0.0463
vn -0.7426 -0.6240 0.2431
vn -0.2111 0.9652 -0.1543
vn -0.6056 0.7477 0.2724
vn -0.7146 0.6908 0.1101
vn -0.3211 0.4389 0.8392
vn -0.4615 0.8092 0.3635
vn -0.3246 0.2555 0.9107
vn 0.1535 0.1223 0.9805
vn 0.1470 0.4781 0.8659
vn -0.3602 0.9040 0.2303
vn -0.5261 0.7371 -0.4242
vn 0.7760 -0.3729 -0.5087
vn 0.7760 -0.3730 -0.5087
vn -0.2272 -0.9176 0.3262
vn 0.0153 -0.7951 0.6062
vn -0.5768 -0.7461 -0.3328
vn -0.5884 -0.1375 -0.7968
vn -0.5885 -0.1375 -0.7968
vn -0.2555 0.5516 -0.7940
vn 0.2272 0.9176 -0.3262
vn 0.5768 0.7460 0.3328
vn 0.5768 0.7461 0.3328
vn 0.5884 0.1375 0.7968
vn 0.5885 0.1375 0.7968
vn 0.4567 -0.2241 0.8609
vn 0.2937 -0.3839 -0.8754
vn -0.3693 -0.8147 -0.4471
vn -0.3806 -0.2246 -0.8970
vn 0.3004 -0.7353 -0.6075
vn 0.5023 -0.8344 -0.2269
vn 0.1570 -0.9718 0.1760
vn 0.7810 -0.6230 0.0432
vn 0.4377 -0.6261 0.6453
vn 0.9733 -0.2250 0.0448
vn 0.7659 0.0242 0.6425
vn 0.9666 0.1264 -0.2231
vn 0.7640 0.6219 0.1717
vn 0.7647 0.2254 -0.6037
vn 0.4556 0.6773 -0.5776
vn 0.4860 0.0141 -0.8739
vn -0.0578 0.4435 -0.8944
vn 0.2511 -0.5495 0.7969
vn 0.5681 0.0796 0.8191
vn 0.6363 0.5698 0.5201
vn 0.5228 0.8506 0.0558
vn 0.4445 0.8916 -0.0860
vn 0.4310 0.9023 0.0062
vn -0.2598 0.5537 -0.7911
vn -0.5928 -0.1354 -0.7939
vn -0.5812 -0.7439 -0.3299
vn -0.4392 -0.8984 -0.0009
vn 0.0112 -0.7932 0.6088
vn -0.0193 0.7971 -0.6036
vn -0.7762 0.3726 0.5086
vn -0.7815 0.3495 0.5169
vn -0.7692 0.3588 0.5288
vn -0.7904 0.3538 0.5001
vn -0.7907 0.3693 0.4883
vn -0.7822 0.3869 0.4884
vn -0.7707 0.3960 0.4992
vn -0.7634 0.3943 0.5117
vn -0.7602 0.3874 0.5216
vn -0.7610 0.3750 0.5293
vn -0.8412 0.3392 0.4211
vn -0.7767 0.6297 0.0149
vn -0.7866 0.5745 0.2263
vn -0.8123 0.3738 0.4478
vn -0.8147 0.1028 0.5706
vn -0.8115 0.0776 0.5792
vn -0.7679 0.0032 0.6406
vn -0.8218 0.1277 0.5553
vn -0.7389 0.6006 0.3054
vn -0.8153 0.3557 0.4570
vn -0.5613 0.7290 -0.3917
vn -0.5898 0.8071 -0.0253
vn -0.3131 0.9241 -0.2193
vn -0.0695 0.9971 0.0318
vn -0.4899 0.8499 0.1942
vn -0.8245 0.4360 0.3607
vn -0.7554 -0.0026 0.6552
vn -0.6241 0.2731 0.7321
vn -0.5860 0.3474 0.7321
vn 0.0059 0.9277 0.3732
vn -0.8094 -0.4452 -0.3829
vn -0.9999 0.0130 -0.0107
vn -0.7910 -0.4555 -0.4084
vn -0.9977 -0.0622 0.0263
vn -0.2586 0.6846 0.6815
vn -0.1553 0.6155 0.7727
vn -0.9941 0.0709 0.0816
vn -0.8546 -0.0489 -0.5170
vn -0.8196 0.4389 0.3683
vn -0.3406 -0.0191 0.9400
vn -0.6930 -0.1826 0.6974
vn -0.1333 -0.5589 0.8185
vn -0.3878 -0.6567 0.6467
vn 0.3043 -0.1137 0.9458
vn -0.8050 0.5593 0.1982
vn -0.9930 0.0964 0.0682
vn -0.5114 -0.6746 0.5324
vn -0.9857 -0.0041 -0.1682
vn -0.6083 0.7540 -0.2479
vn 0.3855 0.0842 0.9189
vn -0.1097 0.6547 0.7479
vn 0.4260 0.6605 0.6182
vn -0.3170 0.7968 0.5144
vn 0.3478 0.8896 0.2960
vn 0.4536 0.7025 0.5485
vn 0.5043 0.5709 0.6479
vn -0.5909 0.8066 0.0171
vn -0.7213 0.6894 -0.0671
vn -0.4497 0.8087 -0.3792
vn -0.6255 0.6042 -0.4936
vn -0.2872 0.9381 -0.1938
vn -0.7538 0.1498 -0.6398
vn -0.8201 -0.3296 -0.4678
vn -0.8247 -0.3287 -0.4602
vn -0.7224 -0.5619 -0.4030
vn 0.7882 -0.3624 -0.4974
vn 0.7880 -0.3631 -0.4972
vn 0.7884 -0.3616 -0.4977
vn 0.7886 -0.3608 -0.4979
vn 0.6970 -0.2816 -0.6594
vn 0.7000 -0.4004 -0.5913
vn 0.5247 0.0075 -0.8513
vn 0.5662 0.2562 -0.7834
vn 0.7457 0.2593 -0.6137
vn 0.6169 0.6669 -0.4179
vn 0.4258 0.5689 -0.7036
vn 0.2276 0.3498 -0.9088
vn 0.6720 -0.1264 -0.7297
vn 0.7393 -0.1099 -0.6643
vn 0.7356 -0.3704 -0.5671
vn 0.7331 -0.3885 -0.5582
vn 0.6802 -0.5941 -0.4294
vn 0.6765 -0.6138 -0.4070
vn 0.6679 -0.6334 -0.3908
vn 0.6645 -0.6851 -0.2985
vn 0.6701 -0.6876 -0.2795
vn 0.8635 -0.4418 -0.2433
vn 0.8987 -0.3662 -0.2414
vn 0.8305 0.5313 -0.1674
vn 0.2033 -0.5653 -0.7995
vn -0.3947 -0.6446 -0.6548
vn -0.4245 -0.6317 -0.6486
vn 0.1885 -0.6324 -0.7514
vn 0.9871 0.0859 -0.1353
vn 0.9980 0.0612 0.0166
vn 0.2589 -0.6487 -0.7156
vn -0.2162 -0.3936 -0.8935
vn 0.6892 -0.3226 -0.6488
vn 0.4561 0.1674 -0.8740
vn -0.2644 -0.0854 -0.9606
vn -0.3925 -0.5351 -0.7481
vn -0.4958 -0.6708 -0.5516
vn -0.3851 -0.5400 -0.7484
vn 0.9327 0.1919 -0.3054
vn 0.8012 -0.5672 0.1908
vn 0.5835 -0.7996 -0.1419
vn 0.3498 -0.7912 0.5016
vn 0.2096 -0.9460 0.2474
vn 0.6187 -0.2649 0.7396
vn 0.6954 -0.0648 0.7157
vn 0.9918 0.1253 0.0258
vn 0.3166 -0.5215 -0.7923
vn 0.6389 -0.1441 -0.7557
vn 0.7834 0.4888 0.3839
vn 0.6776 0.7311 0.0798
vn 0.7470 0.5614 0.3561
vn 0.3432 0.3496 -0.8718
vn 0.0649 -0.5202 -0.8516
vn 0.6023 0.2336 -0.7633
vn 0.1454 -0.9834 0.1089
vn 0.2606 0.4657 -0.8457
vn 0.0878 0.2614 -0.9612
vn 0.4524 0.5800 -0.6775
vn 0.7390 0.4580 0.4940
vn -0.7634 0.3833 0.5198
vn -0.7632 0.3842 0.5196
vn -0.7636 0.3826 0.5201
vn -0.7630 0.3850 0.5193
vn -0.7491 0.2985 0.5913
vn -0.8679 -0.1743 0.4651
vn -0.8805 0.0441 0.4720
vn -0.7749 0.3142 0.5484
vn -0.5720 0.5106 0.6420
vn -0.5509 0.5262 0.6478
vn -0.4848 0.6069 0.6298
vn -0.5925 0.4887 0.6404
vn -0.9054 0.1123 0.4094
vn -0.7628 0.3282 0.5572
vn -0.7585 -0.5908 0.2749
vn -0.9370 -0.2631 0.2299
vn -0.8755 -0.4809 -0.0469
vn -0.9087 -0.2605 -0.3262
vn -0.9931 -0.0651 0.0974
vn -0.8108 0.2126 0.5453
vn -0.4787 0.6226 0.6190
vn -0.6875 0.6167 0.3834
vn -0.7371 0.5953 0.3198
vn -0.9095 0.0867 -0.4066
vn 0.1662 -0.2418 0.9560
vn -0.4117 -0.0204 0.9111
vn 0.1894 -0.2629 0.9461
vn -0.3547 0.0368 0.9342
vn -0.8865 0.4507 -0.1047
vn -0.8089 0.5588 -0.1827
vn -0.4841 0.0577 0.8731
vn -0.1628 -0.4858 0.8588
vn -0.8163 0.2198 0.5341
vn -0.9629 0.2597 -0.0731
vn -0.5791 0.3230 -0.7485
vn -0.4704 0.4569 -0.7550
vn -0.7175 0.0262 -0.6961
vn -0.8181 0.5240 -0.2369
vn -0.3731 0.9023 0.2162
vn -0.3060 0.7190 0.6240
vn 0.2406 0.8100 0.5348
vn -0.8670 0.0213 0.4978
vn -0.5030 0.0308 0.8637
vn 0.2407 0.7025 0.6697
vn -0.3485 -0.1661 0.9225
vn -0.8380 -0.4608 0.2922
vn -0.1655 0.8569 -0.4882
vn -0.5724 0.4016 -0.7149
vn -0.0325 0.9398 -0.3402
vn 0.2114 0.9439 0.2537
vn -0.9483 -0.2225 0.2263
vn -0.8757 -0.2697 0.4005
vn -0.7866 -0.6012 0.1406
vn -0.6478 -0.6523 0.3935
vn -0.8841 -0.4606 -0.0789
vn -0.2629 -0.6605 0.7033
vn 0.0834 -0.3567 0.9305
vn 0.0787 -0.3497 0.9335
vn 0.3086 -0.2263 0.9239
vn 0.7686 -0.3651 -0.5252
vn 0.7691 -0.3647 -0.5248
vn 0.7680 -0.3656 -0.5258
vn 0.7675 -0.3661 -0.5262
vn 0.7048 -0.5442 -0.4550
vn 0.7916 -0.4444 -0.4194
vn 0.4339 -0.8131 -0.3879
vn 0.2151 -0.8203 -0.5299
vn 0.2390 -0.6578 -0.7143
vn -0.2221 -0.5901 -0.7762
vn -0.1364 -0.8361 -0.5314
vn 0.0302 -0.9698 -0.2422
vn 0.5778 -0.6568 -0.4845
vn 0.5730 -0.5987 -0.5597
vn 0.7732 -0.4298 -0.4663
vn 0.7856 -0.4160 -0.4580
vn 0.9094 -0.2332 -0.3443
vn 0.9191 -0.2061 -0.3357
vn 0.9284 -0.1850 -0.3222
vn 0.9475 -0.0816 -0.3093
vn 0.9468 -0.0626 -0.3156
vn 0.8000 -0.0984 -0.5919
vn 0.7476 -0.1184 -0.6535
vn -0.0850 -0.3095 -0.9471
vn 0.7916 -0.5987 0.1222
vn 0.5808 -0.4411 0.6841
vn 0.5561 -0.4392 0.7056
vn 0.8313 -0.5332 0.1566
vn 0.3593 -0.1481 -0.9214
vn 0.3444 0.0045 -0.9388
vn 0.8644 -0.4939 0.0942
vn 0.4977 -0.7415 0.4500
vn 0.7346 -0.5221 -0.4332
vn 0.2728 -0.8819 -0.3846
vn 0.2267 -0.8958 0.3823
vn 0.5112 -0.5623 0.6500
vn 0.5561 -0.4391 0.7056
vn 0.5354 -0.3353 0.7752
vn 0.5186 -0.5612 0.6451
vn 0.2903 -0.3420 -0.8938
vn 0.7690 0.3531 -0.5328
vn 0.9721 0.1052 -0.2098
vn 0.8457 0.5144 0.1423
vn 0.7971 -0.6039 0.0009
vn 0.5870 -0.6768 -0.4443
vn 0.2833 -0.0054 -0.9590
vn 0.1444 0.7080 -0.6913
vn 0.2820 0.7887 -0.5463
vn 0.7034 0.7074 -0.0688
vn -0.2150 0.2298 -0.9492
vn -0.3878 -0.1322 -0.9122
vn -0.2857 0.1819 -0.9409
vn 0.0672 -0.9336 -0.3520
vn 0.7104 -0.6626 0.2374
vn 0.2439 -0.7943 -0.5564
vn 0.8894 0.3917 0.2358
vn -0.0746 -0.9430 -0.3244
vn 0.0656 -0.9951 -0.0742
vn -0.1426 -0.8141 -0.5629
vn -0.2355 0.3440 -0.9089
vn -0.7830 0.3806 0.4920
vn -0.7835 0.3801 0.4915
vn -0.7825 0.3810 0.4925
vn -0.7841 0.3797 0.4910
vn -0.7223 0.4738 0.5038
vn -0.3227 0.4901 0.8097
vn -0.5205 0.4329 0.7359
vn -0.7348 0.4281 0.5261
vn -0.8500 0.4616 0.2538
vn -0.8567 0.4628 0.2279
vn -0.8958 0.4225 0.1381
vn -0.8387 0.4664 0.2813
vn -0.5734 0.3530 0.7393
vn -0.7445 0.4324 0.5086
vn 0.1369 0.4303 0.8923
vn -0.2093 0.2905 0.9337
vn 0.0808 0.0895 0.9927
vn -0.0507 -0.2421 0.9689
vn -0.3698 0.1057 0.9231
vn -0.6596 0.4544 0.5987
vn -0.9042 0.4076 0.1276
vn -0.9198 0.1826 0.3474
vn -0.9039 0.1277 0.4082
vn -0.3331 -0.4201 0.8441
vn 0.0211 0.9860 -0.1652
vn -0.3934 0.8748 0.2827
vn 0.0517 0.9828 -0.1772
vn -0.4267 0.8806 0.2061
vn -0.7234 -0.2373 0.6483
vn -0.7657 -0.3427 0.5443
vn -0.4750 0.8172 0.3263
vn 0.1282 0.9620 0.2411
vn -0.6646 0.4463 0.5993
vn -0.9977 -0.0607 -0.0316
vn -0.9188 0.3892 -0.0662
vn -0.8064 -0.0376 -0.5902
vn -0.7524 0.2800 -0.5962
vn -0.7436 -0.5994 -0.2964
vn -0.5023 0.4643 0.7295
vn -0.4622 0.8140 0.3519
vn -0.6977 0.4376 -0.5673
vn -0.2436 0.9285 0.2802
vn -0.0135 0.4084 0.9127
vn -0.6849 -0.7177 -0.1259
vn -0.7244 -0.3845 0.5722
vn -0.3897 -0.8045 0.4482
vn -0.5934 -0.1542 0.7900
vn -0.1250 -0.6781 0.7243
vn -0.3145 -0.8139 0.4885
vn -0.3859 -0.8584 0.3380
vn -0.2487 0.2752 0.9287
vn -0.2251 0.4560 0.8611
vn 0.1706 0.3046 0.9371
vn 0.2031 0.5622 0.8016
vn 0.0676 0.0531 0.9963
vn 0.2824 0.8636 0.4177
vn 0.0952 0.9946 -0.0422
vn 0.0864 0.9954 -0.0409
vn 0.0740 0.9517 -0.2980
vn 0.7706 -0.3911 -0.5032
vn 0.7703 -0.3908 -0.5039
vn 0.7709 -0.3914 -0.5024
vn 0.7712 -0.3918 -0.5017
vn 0.8826 -0.2721 -0.3833
vn 0.8207 -0.2665 -0.5053
vn 0.9906 -0.1313 -0.0388
vn 0.9468 -0.2664 0.1804
vn 0.8639 -0.4901 0.1159
vn 0.6355 -0.5720 0.5187
vn 0.8191 -0.2654 0.5085
vn 0.9256 0.0511 0.3750
vn 0.9378 -0.2683 -0.2202
vn 0.9053 -0.3573 -0.2299
vn 0.8132 -0.3158 -0.4889
vn 0.8039 -0.3118 -0.5065
vn 0.6633 -0.2555 -0.7034
vn 0.6412 -0.2551 -0.7237
vn 0.6228 -0.2483 -0.7419
vn 0.5366 -0.2660 -0.8008
vn 0.5215 -0.2775 -0.8069
vn 0.5679 -0.5323 -0.6278
vn 0.5808 -0.5858 -0.5652
vn 0.4914 -0.8164 0.3035
vn 0.8099 0.2965 -0.5061
vn 0.4359 0.7867 -0.4372
vn 0.4184 0.8066 -0.4176
vn 0.7595 0.3105 -0.5716
vn 0.5222 -0.8360 -0.1684
vn 0.3878 -0.8971 -0.2119
vn 0.7551 0.2397 -0.6102
vn 0.7280 0.6498 -0.2185
vn 0.8695 -0.2575 -0.4215
vn 0.9848 -0.1092 0.1349
vn 0.7720 0.6282 0.0968
vn 0.5230 0.7890 -0.3226
vn 0.3005 0.8428 -0.4465
vn 0.5263 0.7839 -0.3293
vn 0.6567 -0.7534 -0.0333
vn 0.1448 -0.6095 -0.7795
vn 0.3599 -0.2224 -0.9061
vn -0.3230 -0.2699 -0.9071
vn -0.1481 -0.0036 -0.9890
vn -0.4291 -0.7505 -0.5027
vn -0.3749 -0.8667 -0.3291
vn 0.3771 -0.9140 -0.1500
vn 0.8493 0.1819 -0.4955
vn 0.9482 -0.2240 -0.2253
vn -0.0321 -0.9763 0.2138
vn 0.2049 -0.8366 0.5080
vn -0.0212 -0.9549 0.2962
vn 0.9384 -0.0643 0.3395
vn 0.8021 0.4247 -0.4199
vn 0.9428 -0.2992 0.1467
vn -0.0475 0.1171 -0.9920
vn 0.8821 -0.0362 0.4697
vn 0.9169 0.2192 0.3336
vn 0.8061 -0.3022 0.5088
vn -0.1511 -0.9712 0.1840
vn -0.7810 0.3547 0.5140
vn -0.7807 0.3543 0.5148
vn -0.7813 0.3550 0.5134
vn -0.7803 0.3540 0.5155
vt 0.715796 0.506605
vt 0.694433 0.485031
vt 0.689698 0.506953
vt 0.721863 0.485470
vt 0.707006 0.456951
vt 0.731197 0.461414
vt 0.721984 0.428886
vt 0.738883 0.435755
vt 0.754391 0.506136
vt 0.757084 0.484819
vt 0.795648 0.506000
vt 0.795830 0.483866
vt 0.801700 0.505879
vt 0.801231 0.483624
vt 0.813894 0.483427
vt 0.815392 0.505985
vt 0.763211 0.461293
vt 0.797479 0.462049
vt 0.802577 0.463396
vt 0.814666 0.463381
vt 0.803591 0.441882
vt 0.815180 0.442865
vt 0.768718 0.439295
vt 0.797388 0.442699
vt 0.797479 0.422229
vt 0.804075 0.422108
vt 0.815362 0.423001
vt 0.802366 0.406721
vt 0.796934 0.407175
vt 0.767372 0.403257
vt 0.739261 0.403786
vt 0.753362 0.385767
vt 0.825756 0.462579
vt 0.825756 0.483987
vt 0.825756 0.441368
vt 0.825756 0.423576
vt 0.815906 0.407357
vt 0.805785 0.406449
vt 0.816360 0.399444
vt 0.807858 0.397674
vt 0.825756 0.407206
vt 0.825756 0.397871
vt 0.825756 0.505909
vt 0.814999 0.528391
vt 0.802003 0.528240
vt 0.796299 0.528165
vt 0.757492 0.527408
vt 0.764089 0.550980
vt 0.797706 0.550057
vt 0.803394 0.548801
vt 0.815377 0.548392
vt 0.815952 0.569044
vt 0.804363 0.570163
vt 0.769974 0.572887
vt 0.798689 0.569180
vt 0.799279 0.589438
vt 0.805422 0.589620
vt 0.721469 0.527348
vt 0.694705 0.527968
vt 0.707853 0.556275
vt 0.730093 0.551842
vt 0.723118 0.583144
vt 0.737567 0.577395
vt 0.740124 0.607397
vt 0.777660 0.608138
vt 0.798447 0.610286
vt 0.756902 0.629410
vt 0.804605 0.610952
vt 0.817359 0.611920
vt 0.817162 0.588833
vt 0.825756 0.570330
vt 0.825756 0.549194
vt 0.825756 0.527817
vt 0.825756 0.588062
vt 0.825756 0.604144
vt 0.825756 0.612541
vt 0.448158 0.428099
vt 0.426054 0.409505
vt 0.428566 0.438190
vt 0.448143 0.398718
vt 0.448234 0.460415
vt 0.432424 0.468737
vt 0.448188 0.490462
vt 0.437507 0.502006
vt 0.415252 0.485833
vt 0.425615 0.508527
vt 0.402286 0.432335
vt 0.410864 0.454288
vt 0.382164 0.458993
vt 0.391317 0.481566
vt 0.406341 0.508527
vt 0.385992 0.508527
vt 0.364523 0.485515
vt 0.365900 0.508527
vt 0.350317 0.508527
vt 0.464074 0.468767
vt 0.467735 0.438039
vt 0.458854 0.502006
vt 0.481125 0.485833
vt 0.470731 0.508527
vt 0.485452 0.454122
vt 0.493879 0.432230
vt 0.469445 0.409082
vt 0.513895 0.458524
vt 0.505211 0.481778
vt 0.490036 0.508527
vt 0.510415 0.508527
vt 0.530946 0.484063
vt 0.530522 0.508527
vt 0.546105 0.508527
vt 0.734980 0.015734
vt 0.756357 0.020652
vt 0.755873 0.012224
vt 0.736659 0.024948
vt 0.757931 0.051803
vt 0.720471 0.015734
vt 0.721711 0.028095
vt 0.723966 0.051621
vt 0.737990 0.062348
vt 0.698654 0.015734
vt 0.698110 0.026522
vt 0.698972 0.051621
vt 0.674553 0.015734
vt 0.674372 0.026885
vt 0.675718 0.051621
vt 0.648803 0.015734
vt 0.645157 0.025780
vt 0.646277 0.051621
vt 0.625882 0.015734
vt 0.632342 0.061713
vt 0.632282 0.030622
vt 0.620572 0.043784
vt 0.593157 0.015734
vt 0.616653 0.073044
vt 0.578361 0.051621
vt 0.588014 0.029623
vt 0.544819 0.028262
vt 0.551280 0.015734
vt 0.546120 0.015734
vt 0.540704 0.015734
vt 0.551325 0.051621
vt 0.757764 0.082167
vt 0.778204 0.061849
vt 0.775693 0.025523
vt 0.791533 0.047733
vt 0.792895 0.031514
vt 0.777236 0.016657
vt 0.792925 0.021635
vt 0.817208 0.030667
vt 0.815332 0.021242
vt 0.816557 0.047733
vt 0.838873 0.022059
vt 0.840295 0.030531
vt 0.840007 0.047733
vt 0.862656 0.019729
vt 0.867982 0.027611
vt 0.868995 0.047733
vt 0.884412 0.014116
vt 0.884351 0.047733
vt 0.879843 0.025826
vt 0.889541 0.022664
vt 0.903778 0.021892
vt 0.890781 0.027672
vt 0.898301 0.047733
vt 0.916244 0.047733
vt 0.936427 0.017777
vt 0.939649 0.004509
vt 0.965308 0.024888
vt 0.963100 0.015250
vt 0.975415 0.043103
vt 0.979606 0.039518
vt 0.989652 0.043255
vt 0.974008 0.047733
vt 0.988698 0.047733
vt 0.992693 0.039382
vt 0.943991 0.047733
vt 0.536937 0.038323
vt 0.540054 0.051621
vt 0.532171 0.051621
vt 0.527284 0.039306
vt 0.435162 0.973012
vt 0.421773 0.991908
vt 0.441819 0.991908
vt 0.420123 0.979427
vt 0.405115 0.991908
vt 0.405766 0.981363
vt 0.374493 0.981681
vt 0.371982 0.991908
vt 0.346958 0.981469
vt 0.347881 0.991908
vt 0.322206 0.991908
vt 0.322675 0.980698
vt 0.298242 0.981787
vt 0.300224 0.991908
vt 0.268815 0.984192
vt 0.268876 0.991908
vt 0.480731 0.968851
vt 0.482608 0.991908
vt 0.510158 0.980365
vt 0.506240 0.991908
vt 0.510582 0.971650
vt 0.786435 0.685646
vt 0.769293 0.728931
vt 0.785966 0.730489
vt 0.763710 0.686190
vt 0.776026 0.681425
vt 0.785784 0.773592
vt 0.772773 0.770733
vt 0.782335 0.672392
vt 0.751153 0.692333
vt 0.749428 0.726586
vt 0.747688 0.762866
vt 0.759958 0.767389
vt 0.738520 0.757253
vt 0.730471 0.751776
vt 0.737960 0.710836
vt 0.736750 0.702333
vt 0.730426 0.705828
vt 0.730562 0.743334
vt 0.731439 0.727660
vt 0.726341 0.739219
vt 0.724994 0.709036
vt 0.726250 0.748962
vt 0.786616 0.665599
vt 0.790777 0.672468
vt 0.796934 0.681621
vt 0.809174 0.686629
vt 0.802668 0.729188
vt 0.798825 0.770839
vt 0.811731 0.767571
vt 0.821671 0.693029
vt 0.822442 0.727191
vt 0.824122 0.763093
vt 0.833472 0.757374
vt 0.841762 0.751685
vt 0.838782 0.723802
vt 0.835499 0.703650
vt 0.845802 0.748281
vt 0.850235 0.733954
vt 0.851188 0.719248
vt 0.847678 0.711078
vt 0.841929 0.707386
vt 0.848208 0.748841
vt 0.846922 0.749900
vt 0.013205 0.428190
vt 0.020467 0.419158
vt 0.013205 0.419158
vt 0.020467 0.428190
vt 0.112529 0.991908
vt 0.131169 0.981726
vt 0.114178 0.979608
vt 0.133014 0.991908
vt 0.162804 0.981469
vt 0.164241 0.991908
vt 0.188463 0.991908
vt 0.189598 0.981772
vt 0.214486 0.991908
vt 0.214455 0.980713
vt 0.238662 0.981742
vt 0.236332 0.991908
vt 0.099715 0.974358
vt 0.095554 0.991908
vt 0.079139 0.973057
vt 0.079245 0.991908
vt 0.052511 0.991908
vt 0.049062 0.974449
vt 0.025142 0.991908
vt 0.019015 0.979139
vt 0.172335 0.869860
vt 0.173243 0.873340
vt 0.185801 0.865185
vt 0.179416 0.848331
vt 0.215318 0.863173
vt 0.390273 0.848331
vt 0.373797 0.860465
vt 0.370091 0.863445
vt 0.215257 0.866759
vt 0.186360 0.868665
vt 0.166405 0.879543
vt 0.354780 0.879543
vt 0.161321 0.879543
vt 0.159249 0.848331
vt 0.136222 0.879543
vt 0.131002 0.848331
vt 0.108732 0.879543
vt 0.095902 0.848331
vt 0.080395 0.879543
vt 0.064569 0.848331
vt 0.048048 0.879543
vt 0.035355 0.848331
vt 0.036066 0.879543
vt 0.022298 0.848331
vt 0.019439 0.879543
vt 0.004975 0.848331
vt 0.185513 0.814215
vt 0.180460 0.804002
vt 0.175785 0.804002
vt 0.187616 0.810432
vt 0.167842 0.835925
vt 0.155103 0.804002
vt 0.134739 0.835925
vt 0.129444 0.804002
vt 0.100048 0.835925
vt 0.092559 0.804002
vt 0.068503 0.835925
vt 0.052814 0.804002
vt 0.031270 0.835925
vt 0.041179 0.804002
vt 0.020195 0.835925
vt 0.021632 0.804002
vt 0.005731 0.835925
vt 0.198312 0.819041
vt 0.194621 0.835925
vt 0.219100 0.821114
vt 0.218253 0.817150
vt 0.198887 0.815032
vt 0.386294 0.819177
vt 0.389895 0.822400
vt 0.403890 0.835925
vt 0.938272 0.239361
vt 0.915987 0.260875
vt 0.920026 0.263886
vt 0.934218 0.236350
vt 0.025732 0.924719
vt 0.008258 0.910346
vt 0.008258 0.924719
vt 0.025732 0.910346
vt 0.037806 0.924719
vt 0.037806 0.910346
vt 0.067565 0.924719
vt 0.067565 0.910346
vt 0.091394 0.924719
vt 0.091394 0.910346
vt 0.113755 0.924719
vt 0.113755 0.910346
vt 0.133756 0.924719
vt 0.133756 0.910346
vt 0.141411 0.910346
vt 0.141411 0.924719
vt 0.315217 0.924719
vt 0.315217 0.910346
vt 0.969378 0.956339
vt 0.984462 0.962194
vt 0.986535 0.956657
vt 0.970165 0.962194
vt 0.983948 0.927155
vt 0.973100 0.927155
vt 0.984462 0.993406
vt 0.970165 0.993406
vt 0.301888 0.889770
vt 0.068185 0.900633
vt 0.301888 0.900633
vt 0.068185 0.889770
vt 0.324839 0.900633
vt 0.324839 0.889770
vt 0.362345 0.889770
vt 0.362345 0.900633
vt 0.402982 0.889770
vt 0.402982 0.900633
vt 0.444119 0.889770
vt 0.444119 0.900633
vt 0.476344 0.889770
vt 0.476344 0.900633
vt 0.487525 0.889770
vt 0.487525 0.900633
vt 0.504575 0.889770
vt 0.504575 0.900633
vt 0.368941 0.804002
vt 0.574019 0.953677
vt 0.534441 0.989972
vt 0.574019 0.989972
vt 0.534441 0.953677
vt 0.626366 0.953677
vt 0.626366 0.989972
vt 0.637002 0.953677
vt 0.637002 0.989972
vt 0.703768 0.953677
vt 0.703768 0.989972
vt 0.774966 0.989972
vt 0.774966 0.953677
vt 0.840325 0.989972
vt 0.840325 0.953677
vt 0.276123 0.444893
vt 0.242127 0.470144
vt 0.250720 0.495531
vt 0.295776 0.486347
vt 0.274489 0.523126
vt 0.268361 0.522930
vt 0.595896 0.413454
vt 0.571689 0.411669
vt 0.590828 0.427903
vt 0.581447 0.437948
vt 0.570342 0.440959
vt 0.559555 0.437328
vt 0.551537 0.427252
vt 0.546574 0.413091
vt 0.549888 0.398945
vt 0.559101 0.389459
vt 0.571190 0.385147
vt 0.582824 0.389277
vt 0.592295 0.399051
vt 0.544169 0.422985
vt 0.561295 0.451867
vt 0.551204 0.440762
vt 0.540538 0.458449
vt 0.555425 0.474743
vt 0.571220 0.454848
vt 0.571462 0.479282
vt 0.530401 0.436904
vt 0.519886 0.442699
vt 0.533654 0.465817
vt 0.552248 0.482413
vt 0.570857 0.487436
vt 0.526240 0.413212
vt 0.543367 0.405935
vt 0.522912 0.393907
vt 0.534456 0.384557
vt 0.509023 0.410489
vt 0.513456 0.422032
vt 0.505241 0.413741
vt 0.523699 0.369821
vt 0.540916 0.369276
vt 0.534955 0.352785
vt 0.553307 0.356114
vt 0.551794 0.332270
vt 0.535242 0.324025
vt 0.523230 0.343980
vt 0.524016 0.318336
vt 0.509976 0.334570
vt 0.508252 0.362635
vt 0.491504 0.353693
vt 0.478069 0.340758
vt 0.496133 0.322799
vt 0.542868 0.296701
vt 0.534652 0.293675
vt 0.548087 0.266291
vt 0.540931 0.265232
vt 0.558345 0.300801
vt 0.572355 0.302707
vt 0.571704 0.334827
vt 0.560932 0.267789
vt 0.507117 0.309500
vt 0.517299 0.287881
vt 0.490687 0.300060
vt 0.480157 0.312390
vt 0.503607 0.282253
vt 0.456010 0.333344
vt 0.459278 0.358429
vt 0.572415 0.268092
vt 0.561885 0.252766
vt 0.572415 0.252796
vt 0.543382 0.252418
vt 0.529070 0.251555
vt 0.525560 0.262615
vt 0.512579 0.259377
vt 0.516240 0.250436
vt 0.582764 0.252796
vt 0.583808 0.267441
vt 0.586259 0.300332
vt 0.601448 0.295597
vt 0.596395 0.265535
vt 0.609709 0.293236
vt 0.603385 0.264778
vt 0.618272 0.262660
vt 0.626699 0.287926
vt 0.637214 0.309833
vt 0.618877 0.318457
vt 0.608710 0.324100
vt 0.633175 0.334297
vt 0.620360 0.344207
vt 0.636246 0.363285
vt 0.652283 0.354102
vt 0.591206 0.332376
vt 0.607788 0.353421
vt 0.587060 0.356432
vt 0.600041 0.371954
vt 0.571280 0.349729
vt 0.620421 0.367839
vt 0.608786 0.385495
vt 0.572082 0.376629
vt 0.561144 0.379595
vt 0.550795 0.388884
vt 0.580872 0.379897
vt 0.590661 0.387643
vt 0.599482 0.405481
vt 0.620360 0.394391
vt 0.616638 0.412637
vt 0.632827 0.411941
vt 0.627955 0.424226
vt 0.636095 0.415723
vt 0.612236 0.434106
vt 0.598513 0.422728
vt 0.621480 0.443471
vt 0.601100 0.458116
vt 0.591054 0.440536
vt 0.581054 0.451277
vt 0.586667 0.474168
vt 0.608090 0.466089
vt 0.590162 0.481975
vt 0.644870 0.402349
vt 0.641208 0.398037
vt 0.657245 0.393302
vt 0.653508 0.387235
vt 0.666731 0.380805
vt 0.670983 0.388158
vt 0.687943 0.381834
vt 0.689259 0.388354
vt 0.684539 0.360153
vt 0.626276 0.373997
vt 0.666293 0.341756
vt 0.688563 0.335447
vt 0.716522 0.366841
vt 0.663993 0.313555
vt 0.648258 0.323662
vt 0.652313 0.301694
vt 0.640694 0.282706
vt 0.631601 0.259438
vt 0.625761 0.250451
vt 0.614777 0.251691
vt 0.600571 0.252402
vt 0.593672 0.252644
vt 0.719397 0.388929
vt 0.729352 0.390563
vt 0.718958 0.394573
vt 0.729942 0.396434
vt 0.709411 0.392515
vt 0.706945 0.385783
vt 0.550720 0.252584
vt 0.416523 0.390609
vt 0.425449 0.393332
vt 0.425388 0.387477
vt 0.417340 0.396434
vt 0.427159 0.364965
vt 0.437265 0.389686
vt 0.439096 0.383044
vt 0.457523 0.385132
vt 0.458582 0.379080
vt 0.474044 0.386025
vt 0.475739 0.379247
vt 0.485891 0.391169
vt 0.489764 0.386070
vt 0.501338 0.396313
vt 0.497177 0.401109
vt 0.515620 0.372650
vt 0.393768 0.971802
vt 0.405735 0.964373
vt 0.397218 0.965084
vt 0.403466 0.971802
vt 0.397142 0.950817
vt 0.387308 0.965916
vt 0.372209 0.950167
vt 0.370318 0.963798
vt 0.358593 0.936338
vt 0.384252 0.971802
vt 0.369334 0.971166
vt 0.353933 0.970591
vt 0.355370 0.962769
vt 0.344855 0.971802
vt 0.344779 0.962210
vt 0.334491 0.971514
vt 0.335914 0.962679
vt 0.327895 0.963571
vt 0.326927 0.971181
vt 0.325474 0.936081
vt 0.317274 0.962210
vt 0.320225 0.971802
vt 0.307486 0.961468
vt 0.306563 0.971802
vt 0.292629 0.960303
vt 0.293884 0.973511
vt 0.281569 0.961151
vt 0.284595 0.971802
vt 0.272855 0.961968
vt 0.273157 0.971802
vt 0.261946 0.971802
vt 0.264942 0.960908
vt 0.252642 0.971802
vt 0.252748 0.959834
vt 0.238602 0.971802
vt 0.237392 0.962709
vt 0.223427 0.973481
vt 0.225969 0.963541
vt 0.235410 0.943162
vt 0.249313 0.942980
vt 0.272552 0.936384
vt 0.219963 0.937624
vt 0.217315 0.963556
vt 0.216589 0.971802
vt 0.207708 0.971802
vt 0.206876 0.961604
vt 0.197738 0.962376
vt 0.197344 0.971802
vt 0.186950 0.963344
vt 0.187253 0.970818
vt 0.168402 0.963828
vt 0.171140 0.971257
vt 0.168962 0.951150
vt 0.183637 0.936823
vt 0.199084 0.932586
vt 0.157842 0.971802
vt 0.153923 0.964827
vt 0.143968 0.948896
vt 0.145723 0.964963
vt 0.137599 0.965084
vt 0.149309 0.971802
vt 0.139248 0.971802
vt 0.294762 0.943343
vt 0.308424 0.941558
vt 0.341345 0.934296
vt 0.697444 0.677915
vt 0.675854 0.679942
vt 0.688563 0.693059
vt 0.690605 0.670259
vt 0.707263 0.696554
vt 0.707278 0.675630
vt 0.724374 0.692257
vt 0.724314 0.659880
vt 0.742015 0.681122
vt 0.753649 0.668050
vt 0.730456 0.647338
vt 0.758279 0.651121
vt 0.745071 0.633162
vt 0.727748 0.636733
vt 0.725887 0.616217
vt 0.719593 0.630106
vt 0.710939 0.633722
vt 0.701060 0.612178
vt 0.698957 0.643041
vt 0.678668 0.613872
vt 0.669092 0.624841
vt 0.710243 0.652906
vt 0.691362 0.653299
vt 0.667352 0.646340
vt 0.670045 0.664707
vt 0.688744 0.665433
vt 0.463106 0.951483
vt 0.464921 0.939606
vt 0.438793 0.936732
vt 0.462183 0.923433
vt 0.444330 0.962043
vt 0.426100 0.959955
vt 0.414132 0.946006
vt 0.412286 0.924326
vt 0.420063 0.915990
vt 0.434950 0.908985
vt 0.451184 0.910936
vt 0.365885 0.066130
vt 0.349273 0.043572
vt 0.356368 0.070775
vt 0.359213 0.040910
vt 0.377307 0.059973
vt 0.370061 0.037127
vt 0.387580 0.055086
vt 0.383314 0.031787
vt 0.397747 0.052771
vt 0.394857 0.029850
vt 0.388775 0.024948
vt 0.392739 0.019623
vt 0.390319 0.019290
vt 0.387989 0.009047
vt 0.398292 0.017323
vt 0.407324 0.024116
vt 0.408262 0.057537
vt 0.417476 0.030289
vt 0.418414 0.065223
vt 0.429367 0.035100
vt 0.429519 0.072833
vt 0.440578 0.064996
vt 0.440397 0.030153
vt 0.449656 0.058293
vt 0.450095 0.023405
vt 0.459656 0.053558
vt 0.463378 0.028473
vt 0.471261 0.054587
vt 0.474771 0.030425
vt 0.469611 0.023753
vt 0.465088 0.018775
vt 0.467962 0.018443
vt 0.487918 0.035055
vt 0.482925 0.058868
vt 0.499235 0.038292
vt 0.494802 0.063740
vt 0.508479 0.039911
vt 0.504787 0.067764
vt 0.459142 0.016612
vt 0.469385 0.008518
vt 0.558224 0.131262
vt 0.545470 0.121292
vt 0.544275 0.127873
vt 0.558375 0.125195
vt 0.531309 0.114983
vt 0.527179 0.120868
vt 0.514394 0.107100
vt 0.508645 0.110868
vt 0.508751 0.097614
vt 0.502034 0.101185
vt 0.538571 0.149674
vt 0.551733 0.157360
vt 0.523669 0.141172
vt 0.508373 0.133289
vt 0.532837 0.157587
vt 0.545046 0.164637
vt 0.516981 0.149024
vt 0.503289 0.140945
vt 0.499159 0.093348
vt 0.506678 0.090292
vt 0.499356 0.084618
vt 0.502109 0.076403
vt 0.488644 0.128357
vt 0.489325 0.137072
vt 0.473409 0.132926
vt 0.476874 0.100141
vt 0.460534 0.107827
vt 0.458673 0.101472
vt 0.472728 0.093590
vt 0.442833 0.107766
vt 0.443060 0.113909
vt 0.459354 0.141066
vt 0.444013 0.151535
vt 0.459989 0.151051
vt 0.444103 0.159977
vt 0.474317 0.142019
vt 0.489870 0.092107
vt 0.485770 0.085163
vt 0.427416 0.152080
vt 0.429867 0.141731
vt 0.414299 0.144334
vt 0.416265 0.133894
vt 0.400274 0.139054
vt 0.399517 0.129568
vt 0.383284 0.134152
vt 0.377867 0.113273
vt 0.384766 0.102804
vt 0.393254 0.102304
vt 0.372511 0.108719
vt 0.359757 0.122381
vt 0.356202 0.116587
vt 0.377746 0.099596
vt 0.344159 0.128705
vt 0.341920 0.123486
vt 0.330331 0.133047
vt 0.330180 0.127041
vt 0.384706 0.142624
vt 0.364553 0.143834
vt 0.369365 0.150764
vt 0.349333 0.152019
vt 0.353993 0.159962
vt 0.335899 0.159266
vt 0.341708 0.167164
vt 0.386597 0.097130
vt 0.379547 0.092637
vt 0.391166 0.097039
vt 0.396749 0.093983
vt 0.410108 0.101366
vt 0.413648 0.094528
vt 0.427809 0.102062
vt 0.426523 0.108916
vt 0.399971 0.086963
vt 0.386506 0.087039
vt 0.383344 0.079217
vt 0.494968 0.094165
vt 0.492759 0.100307
vt 0.407808 0.551433
vt 0.394313 0.566502
vt 0.400909 0.549406
vt 0.401741 0.570163
vt 0.411212 0.525048
vt 0.405811 0.521477
vt 0.421016 0.519011
vt 0.421803 0.523701
vt 0.389925 0.582539
vt 0.383768 0.577032
vt 0.376642 0.587804
vt 0.368290 0.585369
vt 0.378382 0.608879
vt 0.384857 0.604734
vt 0.398065 0.622859
vt 0.396234 0.630076
vt 0.417778 0.553022
vt 0.410365 0.610740
vt 0.397989 0.594930
vt 0.415448 0.582570
vt 0.433543 0.521901
vt 0.434451 0.516530
vt 0.447825 0.519026
vt 0.445934 0.524064
vt 0.456933 0.526485
vt 0.463106 0.523429
vt 0.462380 0.550813
vt 0.455995 0.552735
vt 0.466949 0.566411
vt 0.459324 0.569150
vt 0.469627 0.580300
vt 0.474650 0.575232
vt 0.482517 0.585822
vt 0.489628 0.583175
vt 0.482608 0.603115
vt 0.476344 0.600528
vt 0.467448 0.615733
vt 0.468658 0.622481
vt 0.446146 0.553234
vt 0.446479 0.582494
vt 0.461820 0.592510
vt 0.452954 0.607397
vt 0.429594 0.596292
vt 0.430063 0.603978
vt 0.413966 0.616368
vt 0.449641 0.613585
vt 0.430442 0.581087
vt 0.431516 0.552961
vt 0.266379 0.612677
vt 0.255577 0.609152
vt 0.264367 0.605354
vt 0.241250 0.621407
vt 0.239994 0.615975
vt 0.265184 0.626490
vt 0.242263 0.630514
vt 0.266062 0.650455
vt 0.243958 0.656189
vt 0.230024 0.632179
vt 0.231052 0.621694
vt 0.233367 0.608668
vt 0.239358 0.607140
vt 0.238541 0.595535
vt 0.232732 0.595308
vt 0.237861 0.585732
vt 0.249994 0.593478
vt 0.249480 0.583614
vt 0.238420 0.572917
vt 0.250206 0.572539
vt 0.228571 0.572781
vt 0.232550 0.561071
vt 0.238269 0.562796
vt 0.245743 0.565307
vt 0.228193 0.585701
vt 0.260297 0.573704
vt 0.260479 0.561494
vt 0.260812 0.584642
vt 0.261614 0.591632
vt 0.251220 0.602813
vt 0.263066 0.599862
vt 0.217027 0.574823
vt 0.216105 0.586049
vt 0.204924 0.583961
vt 0.205620 0.570617
vt 0.228132 0.594628
vt 0.217179 0.569286
vt 0.210749 0.564944
vt 0.203411 0.595475
vt 0.205227 0.559785
vt 0.224411 0.565700
vt 0.225485 0.609046
vt 0.216483 0.600301
vt 0.214350 0.607109
vt 0.219690 0.622859
vt 0.208903 0.620302
vt 0.203547 0.602510
vt 0.215862 0.594855
vt 0.200007 0.613585
vt 0.200370 0.606731
vt 0.207829 0.623283
vt 0.217844 0.631937
vt 0.207103 0.629455
vt 0.215681 0.656764
vt 0.230296 0.657429
vt 0.230916 0.680804
vt 0.246227 0.679624
vt 0.214410 0.678444
vt 0.266954 0.680804
vt 0.293703 0.680002
vt 0.294399 0.647111
vt 0.296350 0.618350
vt 0.320815 0.644948
vt 0.325051 0.611451
vt 0.341285 0.639683
vt 0.343206 0.609681
vt 0.356701 0.629652
vt 0.356807 0.612072
vt 0.346913 0.652785
vt 0.247831 0.694587
vt 0.266213 0.698642
vt 0.245531 0.712500
vt 0.262340 0.715889
vt 0.289709 0.699217
vt 0.285957 0.719081
vt 0.259541 0.732925
vt 0.282477 0.735300
vt 0.244306 0.731018
vt 0.316896 0.739884
vt 0.326322 0.722259
vt 0.309377 0.698279
vt 0.327956 0.698233
vt 0.260555 0.752820
vt 0.229903 0.752941
vt 0.227633 0.733091
vt 0.284020 0.752820
vt 0.310996 0.752820
vt 0.229872 0.711956
vt 0.211505 0.709338
vt 0.196633 0.733530
vt 0.173939 0.753047
vt 0.230523 0.696993
vt 0.221203 0.687159
vt 0.204712 0.681984
vt 0.196800 0.671500
vt 0.180309 0.729642
vt 0.178493 0.719868
vt 0.145436 0.753047
vt 0.155073 0.726797
vt 0.121834 0.727887
vt 0.140503 0.716146
vt 0.159597 0.704118
vt 0.119095 0.753047
vt 0.105252 0.733303
vt 0.105887 0.753047
vt 0.090698 0.739400
vt 0.092453 0.753047
vt 0.102045 0.708748
vt 0.091560 0.715571
vt 0.075947 0.724997
vt 0.076521 0.701304
vt 0.065417 0.708521
vt 0.089850 0.692393
vt 0.070515 0.683936
vt 0.109988 0.702121
vt 0.063541 0.689140
vt 0.052390 0.696902
vt 0.055310 0.680108
vt 0.063480 0.672317
vt 0.047155 0.686947
vt 0.042844 0.670335
vt 0.035960 0.674435
vt 0.099927 0.677098
vt 0.078594 0.678036
vt 0.069607 0.665509
vt 0.090819 0.668111
vt 0.077006 0.656870
vt 0.087384 0.648836
vt 0.063813 0.651272
vt 0.104753 0.654903
vt 0.103179 0.639441
vt 0.116054 0.673346
vt 0.094162 0.633676
vt 0.097975 0.617261
vt 0.113679 0.619470
vt 0.117688 0.643284
vt 0.110532 0.608456
vt 0.097143 0.605369
vt 0.070515 0.639955
vt 0.083526 0.638684
vt 0.128067 0.664117
vt 0.122878 0.618608
vt 0.124648 0.610922
vt 0.133922 0.646582
vt 0.136101 0.616777
vt 0.136555 0.599166
vt 0.151124 0.615733
vt 0.153394 0.605067
vt 0.154271 0.585928
vt 0.168871 0.601436
vt 0.165315 0.615597
vt 0.179567 0.610468
vt 0.164196 0.583735
vt 0.154453 0.572932
vt 0.165875 0.566064
vt 0.154453 0.568348
vt 0.144074 0.581934
vt 0.141956 0.563809
vt 0.136192 0.563855
vt 0.143272 0.552371
vt 0.136676 0.551433
vt 0.136418 0.581889
vt 0.145269 0.537636
vt 0.139429 0.537409
vt 0.140292 0.524897
vt 0.156087 0.542174
vt 0.154876 0.556139
vt 0.166526 0.554656
vt 0.167343 0.538695
vt 0.156162 0.534080
vt 0.148719 0.529254
vt 0.172925 0.554747
vt 0.173727 0.539103
vt 0.172774 0.567440
vt 0.170838 0.582464
vt 0.171322 0.591420
vt 0.173909 0.524987
vt 0.164211 0.529799
vt 0.189129 0.594219
vt 0.179840 0.589756
vt 0.191837 0.582766
vt 0.200521 0.593281
vt 0.202231 0.573779
vt 0.193501 0.610740
vt 0.195029 0.626399
vt 0.197480 0.611588
vt 0.179325 0.620892
vt 0.201913 0.654903
vt 0.192609 0.654661
vt 0.299709 0.598622
vt 0.274489 0.602389
vt 0.292462 0.594885
vt 0.296320 0.589242
vt 0.326125 0.593644
vt 0.345037 0.596307
vt 0.354568 0.599439
vt 0.288589 0.586927
vt 0.295019 0.583296
vt 0.286305 0.575898
vt 0.275427 0.578273
vt 0.275275 0.564006
vt 0.263686 0.563370
vt 0.263384 0.573946
vt 0.265487 0.589847
vt 0.274958 0.590618
vt 0.285972 0.562190
vt 0.273838 0.548226
vt 0.286441 0.547984
vt 0.263762 0.548513
vt 0.294565 0.573008
vt 0.293824 0.563491
vt 0.294565 0.549603
vt 0.289028 0.542023
vt 0.264307 0.538906
vt 0.265820 0.601300
vt 0.281902 0.540873
vt 0.272492 0.539194
vt 0.294202 0.541811
vt 0.174000 0.583750
vt 0.181564 0.573719
vt 0.174650 0.571404
vt 0.182064 0.563552
vt 0.174983 0.561888
vt 0.182548 0.549557
vt 0.175150 0.550163
vt 0.175225 0.544005
vt 0.192790 0.551645
vt 0.192442 0.564883
vt 0.203547 0.563522
vt 0.203487 0.551373
vt 0.191928 0.576851
vt 0.184061 0.541372
vt 0.192805 0.545488
vt 0.198494 0.543929
vt 0.203245 0.538120
vt 0.304656 0.565277
vt 0.314960 0.551343
vt 0.315640 0.564611
vt 0.304460 0.551706
vt 0.314944 0.537333
vt 0.322675 0.535275
vt 0.322222 0.551297
vt 0.313991 0.522915
vt 0.320421 0.521266
vt 0.303945 0.537999
vt 0.322736 0.563431
vt 0.317047 0.580073
vt 0.323840 0.578923
vt 0.305473 0.580981
vt 0.296910 0.564535
vt 0.297833 0.581284
vt 0.297077 0.537817
vt 0.297152 0.552266
vt 0.302236 0.522854
vt 0.308560 0.525532
vt 0.296078 0.522128
vt 0.325701 0.584264
vt 0.337941 0.583477
vt 0.327396 0.579846
vt 0.326776 0.563930
vt 0.339121 0.567728
vt 0.348047 0.585520
vt 0.350619 0.568923
vt 0.340044 0.554202
vt 0.350135 0.555488
vt 0.358426 0.554838
vt 0.359167 0.569967
vt 0.350075 0.541539
vt 0.357760 0.541841
vt 0.352601 0.526818
vt 0.360030 0.526591
vt 0.339696 0.539920
vt 0.346292 0.527983
vt 0.325989 0.539315
vt 0.325641 0.551615
vt 0.356777 0.587895
vt 0.339983 0.525547
vt 0.333281 0.522915
vt 0.323704 0.525260
vt 0.103860 0.545427
vt 0.095297 0.556986
vt 0.096280 0.544444
vt 0.102529 0.557788
vt 0.094949 0.573310
vt 0.101409 0.572221
vt 0.095978 0.592237
vt 0.105721 0.592963
vt 0.116902 0.578545
vt 0.118112 0.591950
vt 0.131305 0.587078
vt 0.131274 0.569831
vt 0.116387 0.574158
vt 0.116054 0.561464
vt 0.129353 0.556804
vt 0.115888 0.549799
vt 0.115222 0.538710
vt 0.107703 0.533717
vt 0.097218 0.529451
vt 0.127855 0.545306
vt 0.123074 0.534413
vt 0.135496 0.590210
vt 0.348970 0.676931
vt 0.338561 0.680018
vt 0.362118 0.669684
vt 0.361376 0.650697
vt 0.372269 0.665357
vt 0.369924 0.649940
vt 0.382693 0.661560
vt 0.387157 0.674147
vt 0.377565 0.678051
vt 0.395811 0.669881
vt 0.391408 0.658473
vt 0.382709 0.648049
vt 0.391121 0.647096
vt 0.356051 0.637550
vt 0.365144 0.635356
vt 0.392906 0.635991
vt 0.382134 0.632769
vt 0.372073 0.634100
vt 0.370333 0.681440
vt 0.358396 0.690669
vt 0.350090 0.696599
vt 0.317244 0.678853
vt 0.336791 0.709081
vt 0.061725 0.635552
vt 0.044553 0.638503
vt 0.051377 0.629667
vt 0.053343 0.647247
vt 0.041467 0.635068
vt 0.043676 0.621860
vt 0.061831 0.648715
vt 0.057958 0.651181
vt 0.053827 0.654192
vt 0.045506 0.653072
vt 0.035854 0.645568
vt 0.049985 0.657172
vt 0.054887 0.655508
vt 0.050817 0.657944
vt 0.039651 0.658231
vt 0.046883 0.660879
vt 0.048305 0.661908
vt 0.058684 0.652452
vt 0.058306 0.657898
vt 0.052390 0.659290
vt 0.050756 0.665040
vt 0.043797 0.664676
vt 0.041648 0.669457
vt 0.035234 0.662210
vt 0.029061 0.668338
vt 0.028229 0.653708
vt 0.021315 0.662467
vt 0.023418 0.650999
vt 0.013054 0.658927
vt 0.045022 0.665463
vt 0.057806 0.665009
vt 0.369047 0.235957
vt 0.377307 0.245700
vt 0.365930 0.247001
vt 0.379668 0.238302
vt 0.393390 0.247304
vt 0.362904 0.236154
vt 0.357972 0.247274
vt 0.376082 0.253371
vt 0.360620 0.256563
vt 0.380076 0.259196
vt 0.366823 0.264839
vt 0.350604 0.256200
vt 0.357231 0.265852
vt 0.358366 0.237803
vt 0.354538 0.246578
vt 0.348516 0.255761
vt 0.353343 0.265807
vt 0.584488 0.826333
vt 0.577741 0.823368
vt 0.592219 0.811234
vt 0.581962 0.834654
vt 0.592628 0.827543
vt 0.593052 0.838134
vt 0.571704 0.836440
vt 0.581402 0.837968
vt 0.570342 0.844307
vt 0.590071 0.841629
vt 0.601312 0.837060
vt 0.599345 0.826288
vt 0.611131 0.833051
vt 0.605700 0.822475
vt 0.596441 0.843006
vt 0.580857 0.842370
vt 0.588346 0.844670
vt 0.572506 0.846939
vt 0.596637 0.845623
vt 0.604323 0.841190
vt 0.612009 0.839496
vt 0.604247 0.843929
vt 0.611192 0.844171
vt 0.140019 0.486029
vt 0.150549 0.472428
vt 0.150035 0.478056
vt 0.158946 0.487013
vt 0.012434 0.516439
vt 0.022706 0.509964
vt 0.021814 0.520524
vt 0.016670 0.506530
vt 0.028728 0.496121
vt 0.011965 0.522415
vt 0.021254 0.528044
vt 0.029197 0.512370
vt 0.029409 0.525835
vt 0.035536 0.510433
vt 0.037352 0.521583
vt 0.046096 0.516515
vt 0.042011 0.507301
vt 0.046550 0.520358
vt 0.037488 0.528785
vt 0.029500 0.534549
vt 0.013205 0.526924
vt 0.020861 0.531206
vt 0.029394 0.536471
vt 0.045854 0.525366
vt 0.038335 0.531629
vt 0.382497 0.695873
vt 0.390909 0.708612
vt 0.380197 0.706721
vt 0.392543 0.697295
vt 0.394963 0.680683
vt 0.389562 0.713347
vt 0.380061 0.710912
vt 0.400244 0.708022
vt 0.398050 0.696841
vt 0.407445 0.693952
vt 0.411046 0.705329
vt 0.401696 0.713060
vt 0.411772 0.711850
vt 0.396310 0.714452
vt 0.404026 0.717069
vt 0.410668 0.716555
vt 0.396582 0.718915
vt 0.387928 0.716978
vt 0.381347 0.715980
vt 0.010149 0.633298
vt 0.016065 0.624054
vt 0.016065 0.627655
vt 0.022222 0.632859
vt 0.434042 0.818012
vt 0.445510 0.810689
vt 0.444572 0.822536
vt 0.438717 0.806877
vt 0.452167 0.795152
vt 0.433558 0.824714
vt 0.444013 0.830932
vt 0.452788 0.813352
vt 0.453120 0.828421
vt 0.459883 0.811143
vt 0.462001 0.823610
vt 0.471669 0.817861
vt 0.467100 0.807588
vt 0.472456 0.822142
vt 0.462198 0.831689
vt 0.453272 0.838195
vt 0.434980 0.829752
vt 0.443589 0.834488
vt 0.453151 0.840343
vt 0.471609 0.827982
vt 0.463151 0.834881
vt 0.467176 0.865140
vt 0.478054 0.857454
vt 0.477857 0.867213
vt 0.470338 0.855593
vt 0.480626 0.841523
vt 0.476102 0.871751
vt 0.466873 0.868968
vt 0.485497 0.866623
vt 0.484287 0.856834
vt 0.496315 0.863279
vt 0.491519 0.853430
vt 0.487782 0.871297
vt 0.497419 0.869179
vt 0.482729 0.872841
vt 0.490626 0.874702
vt 0.496799 0.873612
vt 0.482925 0.875503
vt 0.474180 0.875034
vt 0.468008 0.873900
vt 0.332510 0.481067
vt 0.340921 0.468373
vt 0.340831 0.473381
vt 0.349273 0.480704
vt 0.197692 0.506076
vt 0.212927 0.498103
vt 0.210824 0.513565
vt 0.204500 0.492414
vt 0.222292 0.478298
vt 0.196164 0.514533
vt 0.209463 0.524534
vt 0.222066 0.502157
vt 0.221597 0.522415
vt 0.231234 0.499525
vt 0.233488 0.515955
vt 0.246303 0.507891
vt 0.240629 0.494880
vt 0.247089 0.513383
vt 0.233458 0.526546
vt 0.221279 0.536047
vt 0.197178 0.521129
vt 0.208147 0.528906
vt 0.220991 0.538695
vt 0.246393 0.520645
vt 0.235122 0.530494
vt 0.517027 0.894582
vt 0.529735 0.884944
vt 0.529629 0.897002
vt 0.520431 0.883114
vt 0.532232 0.866199
vt 0.527753 0.901813
vt 0.517072 0.899211
vt 0.539025 0.896004
vt 0.537436 0.884067
vt 0.551219 0.891813
vt 0.545334 0.880027
vt 0.541097 0.900996
vt 0.552248 0.898954
vt 0.535621 0.903114
vt 0.543912 0.905217
vt 0.551249 0.904189
vt 0.536528 0.907941
vt 0.526119 0.905823
vt 0.518752 0.904869
vt 0.006715 0.695222
vt 0.017245 0.679291
vt 0.017139 0.685555
vt 0.027745 0.694738
vt 0.336504 0.420550
vt 0.351603 0.412925
vt 0.348184 0.427751
vt 0.344613 0.407342
vt 0.359697 0.396585
vt 0.332494 0.435467
vt 0.347185 0.445014
vt 0.334718 0.443183
vt 0.346459 0.450188
vt 0.359682 0.415133
vt 0.359697 0.434847
vt 0.371014 0.429763
vt 0.367700 0.413439
vt 0.383268 0.422985
vt 0.376823 0.410005
vt 0.386264 0.434151
vt 0.371921 0.447329
vt 0.385008 0.442200
vt 0.373374 0.451852
vt 0.359470 0.458933
vt 0.359727 0.455665
vt 0.478976 0.540646
vt 0.472274 0.528588
vt 0.480807 0.530056
vt 0.468719 0.540540
vt 0.484711 0.514760
vt 0.478780 0.549300
vt 0.468628 0.550163
vt 0.480066 0.553809
vt 0.471018 0.555851
vt 0.491216 0.539073
vt 0.489128 0.527726
vt 0.496784 0.525577
vt 0.501988 0.537651
vt 0.492502 0.549391
vt 0.503531 0.550390
vt 0.490929 0.554308
vt 0.501050 0.556002
vt 0.369501 0.536380
vt 0.378957 0.521054
vt 0.378866 0.527499
vt 0.388216 0.535275
vt 0.381922 0.555337
vt 0.378654 0.557410
vt 0.378654 0.552371
vt 0.375386 0.555352
vt 0.383783 0.559558
vt 0.372950 0.559618
vt 0.252249 0.563280
vt 0.827420 0.672604
vt 0.817374 0.649456
vt 0.843941 0.661182
vt 0.810263 0.673028
vt 0.793273 0.658927
vt 0.844985 0.639199
vt 0.789657 0.645659
vt 0.793727 0.632042
vt 0.819976 0.624705
vt 0.172487 0.681878
vt 0.161276 0.693755
vt 0.161215 0.670395
vt 0.170807 0.697159
vt 0.185891 0.695767
vt 0.180188 0.703211
vt 0.177525 0.659230
vt 0.161004 0.633540
vt 0.144543 0.659184
vt 0.149823 0.681833
vt 0.126463 0.681379
vt 0.136237 0.695737
vt 0.195529 0.681409
vt 0.151684 0.697144
vt 0.142062 0.703181
vt 0.035400 0.739476
vt 0.024809 0.733076
vt 0.035808 0.725481
vt 0.025687 0.742305
vt 0.022555 0.718143
vt 0.036459 0.702530
vt 0.035309 0.744378
vt 0.026791 0.746571
vt 0.014597 0.741049
vt 0.018228 0.744968
vt 0.016942 0.748296
vt 0.010149 0.733197
vt 0.010316 0.743273
vt 0.005701 0.730201
vt 0.020180 0.714119
vt 0.036580 0.698415
vt 0.044992 0.742819
vt 0.043706 0.746995
vt 0.052451 0.745906
vt 0.056384 0.742154
vt 0.046581 0.733757
vt 0.049637 0.718764
vt 0.053525 0.749264
vt 0.061090 0.734286
vt 0.060394 0.744514
vt 0.065961 0.731699
vt 0.052194 0.714891
vt 0.046792 0.594204
vt 0.034568 0.586836
vt 0.047261 0.578061
vt 0.035597 0.597457
vt 0.031981 0.569604
vt 0.048003 0.551615
vt 0.046686 0.599862
vt 0.036868 0.602389
vt 0.022797 0.596020
vt 0.026988 0.600528
vt 0.025505 0.604371
vt 0.017668 0.586972
vt 0.017880 0.598576
vt 0.012555 0.583508
vt 0.029242 0.564959
vt 0.048139 0.546864
vt 0.057852 0.598062
vt 0.056354 0.602873
vt 0.066460 0.601617
vt 0.070984 0.597290
vt 0.059683 0.587608
vt 0.063208 0.570330
vt 0.067686 0.605491
vt 0.076416 0.588213
vt 0.075599 0.600014
vt 0.082029 0.585232
vt 0.066158 0.565867
vt 0.036338 0.469917
vt 0.027442 0.476362
vt 0.026867 0.459704
vt 0.035642 0.480174
vt 0.039258 0.457843
vt 0.026126 0.439673
vt 0.043343 0.477421
vt 0.040816 0.484259
vt 0.047685 0.468131
vt 0.017593 0.470900
vt 0.018939 0.481158
vt 0.013931 0.458887
vt 0.010679 0.479100
vt 0.013689 0.485712
vt 0.005731 0.470053
vt 0.411000 0.865548
vt 0.423361 0.869512
vt 0.412876 0.874308
vt 0.423270 0.855487
vt 0.408867 0.854882
vt 0.423225 0.837347
vt 0.423452 0.873476
vt 0.413784 0.878363
vt 0.404661 0.872826
vt 0.407975 0.877410
vt 0.400743 0.875216
vt 0.406462 0.882070
vt 0.401408 0.865911
vt 0.397248 0.863430
vt 0.406764 0.851297
vt 0.423270 0.833747
vt 0.436145 0.865851
vt 0.434269 0.874747
vt 0.438142 0.854988
vt 0.433604 0.878832
vt 0.442908 0.873264
vt 0.439640 0.877909
vt 0.446796 0.875564
vt 0.441259 0.882478
vt 0.446161 0.866259
vt 0.450276 0.863809
vt 0.440200 0.851463
vt 0.713965 0.741200
vt 0.693404 0.745028
vt 0.705130 0.756466
vt 0.713829 0.737100
vt 0.693041 0.735270
vt 0.665703 0.749506
vt 0.664704 0.733711
vt 0.640376 0.747721
vt 0.647774 0.759537
vt 0.664235 0.766527
vt 0.640073 0.738069
vt 0.631677 0.752956
vt 0.611872 0.746148
vt 0.645959 0.725527
vt 0.661345 0.716873
vt 0.703919 0.722032
vt 0.630890 0.733636
vt 0.611706 0.742123
vt 0.611282 0.744166
vt 0.691952 0.710730
vt 0.681195 0.703710
vt 0.684962 0.777662
vt 0.694539 0.769628
vt 0.767992 0.302178
vt 0.780701 0.278712
vt 0.767553 0.278909
vt 0.781926 0.302269
vt 0.777175 0.250254
vt 0.767069 0.250708
vt 0.771910 0.226910
vt 0.766676 0.226017
vt 0.754421 0.279181
vt 0.754058 0.302768
vt 0.761471 0.227076
vt 0.756963 0.250587
vt 0.789037 0.249482
vt 0.773287 0.220207
vt 0.766600 0.220268
vt 0.759867 0.220434
vt 0.746236 0.250542
vt 0.726689 0.298532
vt 0.735948 0.274597
vt 0.738656 0.247667
vt 0.727793 0.272721
vt 0.718428 0.296459
vt 0.709305 0.328927
vt 0.701725 0.326370
vt 0.720849 0.344222
vt 0.757190 0.338367
vt 0.739624 0.361485
vt 0.768673 0.338579
vt 0.780141 0.337928
vt 0.776797 0.376644
vt 0.769459 0.378475
vt 0.762061 0.376932
vt 0.798599 0.360335
vt 0.816678 0.342392
vt 0.826028 0.326657
vt 0.809522 0.297019
vt 0.817752 0.294613
vt 0.833532 0.323888
vt 0.807434 0.271299
vt 0.799249 0.273432
vt 0.796480 0.246351
vt 0.373813 0.790719
vt 0.388791 0.782973
vt 0.375371 0.782897
vt 0.388125 0.790719
vt 0.362481 0.782216
vt 0.359909 0.790719
vt 0.406764 0.783699
vt 0.407717 0.790719
vt 0.362481 0.767072
vt 0.375144 0.766542
vt 0.361891 0.749280
vt 0.375068 0.745255
vt 0.390092 0.748432
vt 0.388110 0.766920
vt 0.402573 0.766376
vt 0.347442 0.767283
vt 0.342132 0.783623
vt 0.340059 0.790719
vt 0.397233 0.741231
vt 0.417703 0.762714
vt 0.400062 0.737176
vt 0.424345 0.758539
vt 0.376324 0.727705
vt 0.375099 0.732108
vt 0.321934 0.782443
vt 0.319998 0.790719
vt 0.314566 0.777829
vt 0.316397 0.774667
vt 0.332267 0.763425
vt 0.327668 0.757343
vt 0.353963 0.733848
vt 0.359334 0.738175
vt 0.497979 0.908032
vt 0.487101 0.912873
vt 0.509114 0.913372
vt 0.519780 0.928517
vt 0.476011 0.928093
vt 0.472441 0.948669
vt 0.523956 0.948835
vt 0.520098 0.959017
vt 0.473802 0.959017
vt 0.435313 0.779342
vt 0.426448 0.783063
vt 0.427930 0.790719
vt 0.434209 0.776512
vt 0.087051 0.769538
vt 0.078186 0.795348
vt 0.090909 0.795348
vt 0.076764 0.765528
vt 0.068518 0.795348
vt 0.069411 0.753637
vt 0.099049 0.769916
vt 0.104254 0.795348
vt 0.061528 0.763849
vt 0.061347 0.795348
vt 0.052663 0.769674
vt 0.051513 0.795348
vt 0.043131 0.770975
vt 0.039394 0.795348
vt 0.116599 0.775030
vt 0.123710 0.795348
vt 0.028562 0.774848
vt 0.023175 0.795348
vt 0.011481 0.795348
vt 0.132712 0.795348
vt 0.634203 0.691667
vt 0.626866 0.675766
vt 0.631011 0.692242
vt 0.629725 0.674556
vt 0.622160 0.661242
vt 0.625035 0.659427
vt 0.627304 0.690774
vt 0.623431 0.675267
vt 0.619240 0.661363
vt 0.634945 0.707114
vt 0.631420 0.706721
vt 0.656337 0.686811
vt 0.649681 0.673905
vt 0.643614 0.657399
vt 0.638651 0.642648
vt 0.627925 0.703498
vt 0.653705 0.668807
vt 0.647835 0.652997
vt 0.643583 0.639078
vt 0.660286 0.680199
vt 0.617107 0.642815
vt 0.635444 0.626929
vt 0.641344 0.624932
vt 0.638303 0.608456
vt 0.644461 0.610060
vt 0.650135 0.589680
vt 0.628787 0.591329
vt 0.653750 0.592101
vt 0.656443 0.584370
vt 0.654371 0.572312
vt 0.645838 0.557062
vt 0.637441 0.547923
vt 0.612538 0.608683
vt 0.609270 0.609818
vt 0.605518 0.567576
vt 0.599451 0.568166
vt 0.591629 0.556744
vt 0.589693 0.548998
vt 0.614414 0.557727
vt 0.598332 0.532809
vt 0.577529 0.540782
vt 0.577438 0.517816
vt 0.556529 0.532507
vt 0.563096 0.550405
vt 0.540674 0.558090
vt 0.550432 0.567153
vt 0.564563 0.557546
vt 0.554911 0.567894
vt 0.576833 0.550995
vt 0.544093 0.572448
vt 0.610965 0.572221
vt 0.544804 0.608895
vt 0.550220 0.612041
vt 0.538858 0.635552
vt 0.542020 0.637988
vt 0.532640 0.656098
vt 0.535530 0.657974
vt 0.528177 0.672725
vt 0.531203 0.674087
vt 0.524228 0.690623
vt 0.527436 0.691425
vt 0.524213 0.706963
vt 0.527723 0.706600
vt 0.531082 0.703256
vt 0.531127 0.689670
vt 0.534577 0.673421
vt 0.538404 0.658050
vt 0.544577 0.639244
vt 0.502684 0.686629
vt 0.508327 0.672967
vt 0.498145 0.680335
vt 0.504000 0.668080
vt 0.513577 0.655962
vt 0.509175 0.651635
vt 0.518691 0.640031
vt 0.513729 0.636536
vt 0.521944 0.625779
vt 0.526240 0.589862
vt 0.518101 0.607836
vt 0.506013 0.589711
vt 0.500445 0.573885
vt 0.513411 0.609651
vt 0.502215 0.591798
vt 0.515922 0.623752
vt 0.498539 0.583992
vt 0.507465 0.557062
vt 0.514273 0.548983
vt 0.620572 0.642588
vt 0.571613 0.120263
vt 0.582128 0.125967
vt 0.582037 0.119007
vt 0.571613 0.131126
vt 0.598422 0.171219
vt 0.571613 0.185032
vt 0.619089 0.137193
vt 0.602356 0.110656
vt 0.628757 0.087720
vt 0.605185 0.099551
vt 0.596410 0.181083
vt 0.642797 0.106768
vt 0.640346 0.073876
vt 0.624339 0.082288
vt 0.638424 0.067416
vt 0.655218 0.072439
vt 0.654477 0.077931
vt 0.669273 0.106768
vt 0.675552 0.072152
vt 0.674357 0.077659
vt 0.676096 0.061349
vt 0.659500 0.061349
vt 0.692769 0.072121
vt 0.695280 0.077644
vt 0.713451 0.077704
vt 0.713118 0.073150
vt 0.693813 0.061349
vt 0.702179 0.106768
vt 0.730002 0.099430
vt 0.732892 0.088401
vt 0.734617 0.071108
vt 0.751879 0.086676
vt 0.746236 0.101094
vt 0.760367 0.100928
vt 0.760579 0.106162
vt 0.741848 0.110474
vt 0.774603 0.099672
vt 0.780232 0.106616
vt 0.752605 0.131928
vt 0.747870 0.136981
vt 0.731651 0.106768
vt 0.762031 0.134046
vt 0.768537 0.085904
vt 0.760215 0.087009
vt 0.731803 0.095012
vt 0.789521 0.086146
vt 0.786435 0.070170
vt 0.808281 0.071607
vt 0.809915 0.060578
vt 0.791336 0.092622
vt 0.808765 0.076418
vt 0.830461 0.073483
vt 0.829780 0.079141
vt 0.846937 0.078340
vt 0.846997 0.072258
vt 0.790943 0.098265
vt 0.831217 0.060578
vt 0.846967 0.060578
vt 0.826452 0.106768
vt 0.854516 0.106768
vt 0.867997 0.077598
vt 0.867679 0.071773
vt 0.888194 0.073377
vt 0.890207 0.065389
vt 0.904171 0.081365
vt 0.901463 0.090776
vt 0.883202 0.106768
vt 0.866953 0.060578
vt 0.921872 0.099596
vt 0.788674 0.103364
vt 0.775602 0.134772
vt 0.771335 0.131020
vt 0.762243 0.139946
vt 0.885320 0.060578
vt 0.907847 0.137979
vt 0.923673 0.111306
vt 0.944506 0.119370
vt 0.946064 0.127313
vt 0.955974 0.120263
vt 0.955974 0.131126
vt 0.928590 0.166846
vt 0.955974 0.185032
vt 0.933113 0.178344
vt 0.955974 0.199117
vt 0.711121 0.061349
vt 0.616154 0.164698
vt 0.639347 0.131307
vt 0.637214 0.125861
vt 0.621691 0.170492
vt 0.599451 0.206318
vt 0.604217 0.214594
vt 0.665007 0.124121
vt 0.663569 0.130581
vt 0.699320 0.126859
vt 0.697504 0.122336
vt 0.649106 0.164168
vt 0.679501 0.159750
vt 0.632690 0.206167
vt 0.664492 0.200040
vt 0.710652 0.154470
vt 0.726598 0.120520
vt 0.748067 0.157269
vt 0.742847 0.181597
vt 0.762349 0.159811
vt 0.693268 0.196121
vt 0.717460 0.194972
vt 0.682935 0.228362
vt 0.706537 0.224383
vt 0.657094 0.231584
vt 0.685961 0.255201
vt 0.708034 0.265868
vt 0.726613 0.237545
vt 0.746024 0.203701
vt 0.668426 0.267638
vt 0.688775 0.285036
vt 0.763287 0.198618
vt 0.731833 0.239966
vt 0.710258 0.272479
vt 0.748778 0.207968
vt 0.688775 0.291875
vt 0.764527 0.206424
vt 0.783802 0.201417
vt 0.783499 0.180553
vt 0.812744 0.192763
vt 0.806935 0.231827
vt 0.813319 0.155469
vt 0.775889 0.155923
vt 0.796753 0.121640
vt 0.831187 0.126511
vt 0.852913 0.161006
vt 0.843563 0.196787
vt 0.861098 0.128932
vt 0.834062 0.120127
vt 0.861067 0.120853
vt 0.887514 0.130354
vt 0.889193 0.122880
vt 0.913491 0.160462
vt 0.905290 0.164516
vt 0.936638 0.194245
vt 0.932780 0.200706
vt 0.884457 0.166740
vt 0.868920 0.199646
vt 0.854698 0.225850
vt 0.878678 0.232084
vt 0.852383 0.252357
vt 0.873095 0.265489
vt 0.850174 0.278349
vt 0.901675 0.199344
vt 0.900933 0.235306
vt 0.831036 0.224837
vt 0.829735 0.262932
vt 0.939483 0.204246
vt 0.918665 0.204140
vt 0.924580 0.211568
vt 0.800883 0.235427
vt 0.826088 0.267623
vt 0.780806 0.207030
vt 0.904927 0.239603
vt 0.876530 0.269968
vt 0.849978 0.283992
vt 0.643992 0.242584
vt 0.619513 0.215199
vt 0.611918 0.223384
vt 0.597152 0.219345
vt 0.640497 0.247546
vt 0.666293 0.274204
vt 0.010709 0.245640
vt 0.052889 0.323177
vt 0.052905 0.247198
vt 0.010709 0.324645
vt 0.093572 0.321074
vt 0.095206 0.249921
vt 0.051286 0.184971
vt 0.096280 0.180871
vt 0.010709 0.186439
vt 0.010709 0.146391
vt 0.057171 0.127056
vt 0.097975 0.109491
vt 0.140503 0.122472
vt 0.135586 0.186681
vt 0.178992 0.150476
vt 0.174484 0.197392
vt 0.133332 0.253719
vt 0.172578 0.259377
vt 0.131925 0.324176
vt 0.173319 0.329108
vt 0.171201 0.095254
vt 0.190899 0.116193
vt 0.147932 0.061395
vt 0.031330 0.103424
vt 0.043524 0.066282
vt 0.213623 0.198951
vt 0.212292 0.260285
vt 0.251416 0.198179
vt 0.252264 0.258923
vt 0.290919 0.253537
vt 0.287923 0.194049
vt 0.325943 0.245640
vt 0.325943 0.186439
vt 0.325943 0.149629
vt 0.288983 0.142352
vt 0.253247 0.146694
vt 0.215908 0.139326
vt 0.257362 0.093030
vt 0.204924 0.085904
vt 0.309785 0.094800
vt 0.317047 0.127283
vt 0.223155 0.044722
vt 0.303144 0.052771
vt 0.325943 0.324645
vt 0.291963 0.325855
vt 0.253338 0.327504
vt 0.213215 0.328639
vt 0.251447 0.402092
vt 0.294822 0.406116
vt 0.325943 0.413409
vt 0.216165 0.401351
vt 0.182321 0.418825
vt 0.138294 0.389262
vt 0.143998 0.437918
vt 0.123740 0.430217
vt 0.095887 0.421926
vt 0.091409 0.476785
vt 0.071317 0.475817
vt 0.070651 0.424468
vt 0.051528 0.428644
vt 0.055915 0.486574
vt 0.109246 0.482777
vt 0.097536 0.378354
vt 0.051725 0.378762
vt 0.010709 0.395072
vt 0.066309 0.505062
vt 0.085100 0.519541
vt 0.104753 0.511432
vt 0.123377 0.499540
vt 0.094858 0.056205
vt 0.121955 0.025599
vt 0.107642 0.029986
vt 0.059183 0.033708
vt 0.076416 0.031484
vt 0.266773 0.009607
vt 0.263807 0.047385
vt 0.287091 0.015553
vt 0.246106 0.010621
vt 0.551385 0.795545
vt 0.527012 0.811053
vt 0.540613 0.826197
vt 0.513986 0.825531
vt 0.502745 0.795106
vt 0.557119 0.796831
vt 0.576939 0.805319
vt 0.496284 0.796150
vt 0.478038 0.805984
vt 0.479249 0.769114
vt 0.486783 0.767843
vt 0.481836 0.753818
vt 0.487600 0.750853
vt 0.468870 0.739884
vt 0.466797 0.728915
vt 0.457039 0.773834
vt 0.445102 0.765423
vt 0.574095 0.767525
vt 0.598014 0.771822
vt 0.584927 0.738719
vt 0.611252 0.764953
vt 0.587181 0.728704
vt 0.572158 0.751806
vt 0.566863 0.766693
vt 0.565713 0.748205
vt 0.511610 0.855805
vt 0.544819 0.854822
vt 0.592159 0.595747
vt 0.600979 0.639592
vt 0.604595 0.639229
vt 0.588240 0.598032
vt 0.569677 0.598319
vt 0.557089 0.639728
vt 0.565955 0.596065
vt 0.552792 0.639093
vt 0.544093 0.667536
vt 0.547346 0.669896
vt 0.609119 0.670183
vt 0.555894 0.675161
vt 0.601736 0.674526
vt 0.612220 0.668686
vt 0.554517 0.690502
vt 0.604610 0.690532
vt 0.600798 0.698581
vt 0.558103 0.699958
vt 0.561129 0.710095
vt 0.600904 0.709641
vt 0.176738 0.471944
vt 0.166178 0.504366
vt 0.191671 0.480401
vt 0.203078 0.437222
vt 0.179083 0.505183
vt 0.177495 0.509903
vt 0.156495 0.513852
vt 0.219584 0.439355
vt 0.250009 0.420323
vt 0.288196 0.437540
vt 0.304626 0.432381
vt 0.304702 0.476286
vt 0.319771 0.472640
vt 0.321480 0.498617
vt 0.307576 0.501749
vt 0.307773 0.505773
vt 0.323326 0.505425
vt 0.643599 0.061349
vt 0.571613 0.199117
vt 0.010709 0.121383
vt 0.200098 0.796816
vt 0.192291 0.778040
vt 0.191837 0.796816
vt 0.200673 0.768585
vt 0.183198 0.778040
vt 0.181080 0.796816
vt 0.165497 0.778040
vt 0.162471 0.796816
vt 0.154861 0.785787
vt 0.203487 0.796816
vt 0.204168 0.761428
vt 0.207451 0.768933
vt 0.207193 0.796816
vt 0.215666 0.778994
vt 0.215182 0.796816
vt 0.226635 0.778994
vt 0.227981 0.796816
vt 0.242566 0.778994
vt 0.243413 0.796816
vt 0.252233 0.786921
vt 0.252233 0.796816
vt 0.252233 0.778994
vt 0.154861 0.778040
vt 0.154861 0.796816
vt 0.692300 0.827453
vt 0.723103 0.835683
vt 0.720274 0.825274
vt 0.689501 0.835683
vt 0.671512 0.826258
vt 0.671648 0.835683
vt 0.731197 0.835683
vt 0.729760 0.822642
vt 0.647139 0.826500
vt 0.648455 0.835683
vt 0.638470 0.829102
vt 0.633613 0.835683
vt 0.674568 0.797406
vt 0.700091 0.797618
vt 0.674644 0.788434
vt 0.697762 0.788510
vt 0.720380 0.781097
vt 0.715644 0.773396
vt 0.728686 0.769795
vt 0.646700 0.796922
vt 0.646700 0.787088
vt 0.631692 0.791188
vt 0.625156 0.782579
vt 0.629680 0.806287
vt 0.619936 0.806831
vt 0.728398 0.764288
vt 0.737204 0.780582
vt 0.739065 0.825607
vt 0.758415 0.798904
vt 0.760004 0.789508
vt 0.741561 0.772548
vt 0.779793 0.788828
vt 0.781533 0.797845
vt 0.810520 0.784259
vt 0.812517 0.793805
vt 0.826467 0.788132
vt 0.831944 0.779599
vt 0.766600 0.827044
vt 0.738686 0.835683
vt 0.767175 0.835683
vt 0.788870 0.826333
vt 0.787811 0.835683
vt 0.813940 0.825910
vt 0.812230 0.835683
vt 0.822563 0.829102
vt 0.830068 0.803745
vt 0.840053 0.804138
vt 0.828055 0.835683
vt 0.781956 0.887471
vt 0.764043 0.889695
vt 0.776812 0.899256
vt 0.769898 0.876063
vt 0.747749 0.882539
vt 0.750684 0.868423
vt 0.724994 0.862855
vt 0.721999 0.877501
vt 0.699411 0.874339
vt 0.700621 0.858786
vt 0.678729 0.873885
vt 0.677564 0.856985
vt 0.657790 0.859890
vt 0.657972 0.876018
vt 0.638999 0.867288
vt 0.639453 0.881843
vt 0.793863 0.901980
vt 0.786752 0.879482
vt 0.773953 0.865155
vt 0.678336 0.845336
vt 0.702709 0.847030
vt 0.656549 0.847711
vt 0.635928 0.855835
vt 0.799340 0.895535
vt 0.658425 0.885277
vt 0.639226 0.890663
vt 0.655415 0.908153
vt 0.677231 0.907245
vt 0.678109 0.883507
vt 0.696339 0.907608
vt 0.698579 0.883235
vt 0.716915 0.908289
vt 0.720970 0.886427
vt 0.739519 0.911859
vt 0.743770 0.891919
vt 0.633038 0.912903
vt 0.620466 0.897532
vt 0.611736 0.918531
vt 0.755177 0.915173
vt 0.761017 0.897925
vt 0.775012 0.908985
vt 0.770776 0.919878
vt 0.787191 0.918319
vt 0.784710 0.924053
vt 0.798372 0.928471
vt 0.788870 0.912298
vt 0.804484 0.914008
vt 0.798477 0.922404
vt 0.814242 0.926035
vt 0.805664 0.930695
vt 0.807964 0.933691
vt 0.817510 0.929576
vt 0.811050 0.909000
vt 0.820702 0.926308
vt 0.806920 0.934175
vt 0.810157 0.940091
vt 0.809688 0.941210
vt 0.820294 0.935143
vt 0.821550 0.938653
vt 0.823940 0.934084
vt 0.805921 0.941104
vt 0.807631 0.943495
vt 0.795830 0.941482
vt 0.797222 0.932692
vt 0.782092 0.937428
vt 0.783545 0.929046
vt 0.767326 0.934372
vt 0.769096 0.925672
vt 0.751304 0.929455
vt 0.753695 0.920528
vt 0.736175 0.924976
vt 0.738157 0.916761
vt 0.715614 0.921663
vt 0.715947 0.913750
vt 0.695916 0.920937
vt 0.695916 0.912949
vt 0.678093 0.919575
vt 0.676823 0.912631
vt 0.656791 0.921345
vt 0.655248 0.913160
vt 0.632630 0.918229
vt 0.634097 0.926172
vt 0.614853 0.929288
vt 0.608816 0.925672
vt 0.805422 0.935673
vt 0.753468 0.857817
vt 0.727203 0.851221
vt 0.623461 0.876956
vt 0.624278 0.888787
vt 0.617077 0.870753
vt 0.621283 0.871479
vt 0.604383 0.876986
vt 0.602628 0.874959
vt 0.615352 0.866547
vt 0.573731 0.910013
vt 0.601115 0.873143
vt 0.571553 0.908712
vt 0.549646 0.936807
vt 0.548738 0.936732
vt 0.575456 0.912237
vt 0.555849 0.934054
vt 0.565002 0.937080
vt 0.585941 0.928108
vt 0.564064 0.943101
vt 0.587015 0.933282
vt 0.587181 0.934357
vt 0.563973 0.944221
vt 0.070666 0.935007
vt 0.078867 0.932692
vt 0.070999 0.931058
vt 0.078110 0.936581
vt 0.086870 0.935219
vt 0.085977 0.939001
vt 0.062012 0.931951
vt 0.062149 0.935325
vt 0.053207 0.933222
vt 0.053480 0.937125
vt 0.042889 0.934901
vt 0.043585 0.938910
vt 0.071952 0.960651
vt 0.080894 0.960772
vt 0.064448 0.960001
vt 0.046929 0.960969
vt 0.055976 0.960394
vt 0.090350 0.962073
vt 0.034129 0.937473
vt 0.035733 0.941134
vt 0.027729 0.943358
vt 0.029530 0.947368
vt 0.021693 0.950605
vt 0.023826 0.954342
vt 0.016761 0.956113
vt 0.018803 0.960046
vt 0.012872 0.963889
vt 0.033600 0.963783
vt 0.027548 0.965054
vt 0.021723 0.967066
vt 0.040287 0.962058
vt 0.013856 0.965296
vt 0.017457 0.969366
vt 0.011057 0.961483
vt 0.093118 0.941861
vt 0.091515 0.942814
vt 0.093754 0.942133
vt 0.094435 0.939274
vt 0.098247 0.963723
vt 0.099972 0.943949
vt 0.114027 0.956945
vt 0.110759 0.966763
vt 0.120896 0.969396
vt 0.126887 0.966733
vt 0.095463 0.940302
vt 0.619543 0.867561
vt 0.583823 0.094755
vt 0.591024 0.080730
vt 0.582174 0.080972
vt 0.598604 0.094755
vt 0.574609 0.094755
vt 0.573474 0.081426
vt 0.567695 0.094755
vt 0.568088 0.076176
vt 0.562778 0.094755
vt 0.562082 0.061894
vt 0.558587 0.094755
vt 0.558738 0.060790
vt 0.555380 0.061849
vt 0.554381 0.094755
vt 0.549222 0.076100
vt 0.549313 0.094755
vt 0.543685 0.081365
vt 0.542217 0.094755
vt 0.534849 0.080927
vt 0.532837 0.094755
vt 0.525923 0.080564
vt 0.517904 0.094755
vt 0.662525 0.500841
vt 0.601327 0.493866
vt 0.599391 0.501386
vt 0.663660 0.488465
vt 0.631949 0.476755
vt 0.673645 0.472610
vt 0.653478 0.460310
vt 0.684206 0.453577
vt 0.664583 0.437676
vt 0.694751 0.432320
vt 0.669061 0.416888
vt 0.699653 0.413151
vt 0.670256 0.500780
vt 0.663872 0.513217
vt 0.672011 0.511689
vt 0.674099 0.528891
vt 0.632479 0.525335
vt 0.601524 0.508829
vt 0.654204 0.541554
vt 0.685038 0.547712
vt 0.665718 0.563991
vt 0.696007 0.568757
vt 0.670635 0.584703
vt 0.702073 0.589363
vt 0.703783 0.565534
vt 0.708655 0.597351
vt 0.681603 0.527121
vt 0.660029 0.566805
vt 0.665975 0.588742
vt 0.629468 0.529723
vt 0.597848 0.513141
vt 0.593279 0.501476
vt 0.597681 0.489721
vt 0.629014 0.472640
vt 0.649318 0.457208
vt 0.658834 0.434983
vt 0.664326 0.412940
vt 0.706052 0.405027
vt 0.650104 0.544731
vt 0.671830 0.489857
vt 0.681165 0.474259
vt 0.692043 0.456194
vt 0.702633 0.435376
vt 0.692814 0.544958
vt 0.924898 0.940605
vt 0.924898 0.979502
vt 0.928000 0.939395
vt 0.924898 0.906443
vt 0.930450 0.905702
vt 0.924898 0.872705
vt 0.932796 0.872795
vt 0.924898 0.840600
vt 0.934006 0.840494
vt 0.924898 0.796196
vt 0.934793 0.795999
vt 0.936805 0.370699
vt 0.924898 0.371001
vt 0.958394 0.843596
vt 0.959801 0.795893
vt 0.992798 0.810901
vt 0.992798 0.777708
vt 0.992798 0.371500
vt 0.962298 0.370895
vt 0.952706 0.264400
vt 0.992798 0.255398
vt 0.992798 0.221992
vt 0.960301 0.210993
vt 0.924898 0.281299
vt 0.935004 0.275702
vt 0.992798 0.194699
vt 0.964007 0.191295
vt 0.992798 0.167497
vt 0.970997 0.172096
vt 0.983902 0.154304
vt 0.992798 0.148298
vt 0.992798 0.844398
vt 0.981255 0.892297
vt 0.947501 0.877697
vt 0.956503 0.936202
vt 0.854804 0.676296
vt 0.858299 0.697098
vt 0.870296 0.664994
vt 0.850099 0.698006
vt 0.861204 0.724301
vt 0.868103 0.723197
vt 0.862293 0.741200
vt 0.868405 0.742002
vt 0.861007 0.760203
vt 0.865894 0.763607
vt 0.857497 0.769795
vt 0.863503 0.772004
vt 0.846906 0.793306
vt 0.901599 0.802701
vt 0.898997 0.808193
vt 0.904806 0.804804
vt 0.912099 0.786604
vt 0.916305 0.787103
vt 0.898800 0.733802
vt 0.894594 0.734105
vt 0.902507 0.809797
vt 0.893807 0.824200
vt 0.898497 0.823595
vt 0.895199 0.710896
vt 0.890600 0.709898
vt 0.899103 0.684299
vt 0.895502 0.682605
vt 0.907000 0.660304
vt 0.904201 0.657293
vt 0.917394 0.648700
vt 0.917001 0.643299
vt 0.880993 0.628305
vt 0.911902 0.660198
vt 0.917394 0.650894
vt 0.907499 0.685101
vt 0.903702 0.710594
vt 0.905502 0.732607
vt 0.919104 0.787405
vt 0.905805 0.808995
vt 0.903702 0.821704
vt 0.880403 0.596700
vt 0.874306 0.602903
vt 0.872793 0.626596
vt 0.868103 0.652694
vt 0.860704 0.643798
vt 0.852807 0.638003
vt 0.864093 0.621301
vt 0.863397 0.657793
vt 0.843805 0.787300
vt 0.846498 0.323904
vt 0.888497 0.323102
vt 0.898603 0.303297
vt 0.859494 0.338095
vt 0.846997 0.595399
vt 0.858707 0.593296
vt 0.871794 0.574702
vt 0.887907 0.562901
vt 0.899405 0.297896
vt 0.840295 0.320893
vt 0.840098 0.595793
vt 0.902507 0.306293
vt 0.907499 0.303207
vt 0.899904 0.558393
vt 0.907499 0.558499
vt 0.868693 0.589695
vt 0.891598 0.848301
vt 0.869207 0.852098
vt 0.890207 0.866199
vt 0.874003 0.836893
vt 0.897000 0.840101
vt 0.876696 0.830206
vt 0.865500 0.847696
vt 0.858707 0.865896
vt 0.865001 0.866607
vt 0.862096 0.880602
vt 0.869298 0.880299
vt 0.870902 0.835895
vt 0.873201 0.829298
vt 0.866106 0.890996
vt 0.857406 0.890693
vt 0.858601 0.900603
vt 0.847602 0.898893
vt 0.849705 0.908198
vt 0.840703 0.898394
vt 0.839402 0.914098
vt 0.891205 0.918501
vt 0.889495 0.939894
vt 0.891704 0.895096
vt 0.873398 0.882297
vt 0.879102 0.870707
vt 0.891205 0.877001
vt 0.880100 0.874202
vt 0.900298 0.874399
vt 0.903793 0.898197
vt 0.898407 0.939107
vt 0.897998 0.917502
vt 0.892204 0.874399
vt 0.905805 0.962996
vt 0.910404 0.962694
vt 0.905896 0.980698
vt 0.892098 0.870995
vt 0.897000 0.871101
vt 0.902703 0.861902
vt 0.896198 0.852704
vt 0.902507 0.846001
vt 0.909406 0.855593
vt 0.913203 0.859603
vt 0.907197 0.866199
vt 0.905805 0.879195
vt 0.871597 0.969396
vt 0.882400 0.952103
vt 0.902507 0.980894
vt 0.898603 0.994707
vt 0.861900 0.981303
vt 0.902900 0.993906
vt 0.905200 0.995600
vt 0.915003 0.980002
vt 0.916093 0.972800
vt 0.914005 0.956703
vt 0.907605 0.940106
vt 0.913400 0.940000
vt 0.419095 0.643995
vt 0.414193 0.646400
vt 0.418399 0.651499
vt 0.422605 0.659305
vt 0.431803 0.641498
vt 0.410395 0.634493
vt 0.399593 0.643495
vt 0.406295 0.654600
vt 0.410698 0.662604
vt 0.425343 0.678399
vt 0.449096 0.669094
vt 0.452848 0.643904
vt 0.428853 0.630106
vt 0.454694 0.632557
vt 0.414601 0.682544
vt 0.470807 0.650999
vt 0.473893 0.639093
vt 0.479703 0.651302
vt 0.485800 0.655705
vt 0.486102 0.650198
vt 0.481594 0.667899
vt 0.469052 0.684995
vt 0.492956 0.671046
vt 0.477993 0.692257
vt 0.498403 0.652906
vt 0.495997 0.639093
vt 0.483001 0.639199
vt 0.462607 0.705495
vt 0.453907 0.696902
vt 0.449202 0.704497
vt 0.442394 0.707598
vt 0.446902 0.710594
vt 0.433906 0.697900
vt 0.425449 0.706100
vt 0.438506 0.719898
vt 0.451608 0.724694
vt 0.458007 0.713393
vt 0.325399 0.099294
vt 0.322600 0.116904
vt 0.341194 0.111201
vt 0.360393 0.092955
vt 0.321904 0.086706
vt 0.313704 0.027702
vt 0.311601 0.046704
vt 0.331299 0.039699
vt 0.351103 0.019350
vt 0.309498 0.014297
vt 0.026005 0.016899
vt 0.008394 0.011196
vt 0.011193 0.031303
vt 0.026595 0.053951
vt 0.039394 0.015492
vt 0.988698 0.084406
vt 0.981557 0.064103
vt 0.960603 0.082894
vt 0.962207 0.054798
vt 0.941843 0.061955
vt 0.932599 0.081305
vt 0.939695 0.101654
vt 0.959105 0.110898
vt 0.979394 0.103802
vt 0.539645 0.176196
vt 0.560297 0.188995
vt 0.560297 0.176196
vt 0.539645 0.188995
vt 0.512155 0.176196
vt 0.512155 0.188995
vt 0.484695 0.176196
vt 0.484695 0.188995
vt 0.457251 0.176196
vt 0.457251 0.188995
vt 0.429746 0.176196
vt 0.429746 0.188995
vt 0.402256 0.176196
vt 0.402256 0.188995
vt 0.374796 0.176196
vt 0.374796 0.188995
vt 0.347306 0.176196
vt 0.347306 0.188995
vt 0.514546 0.761353
vt 0.507798 0.746753
vt 0.506345 0.764152
vt 0.515196 0.750399
vt 0.523699 0.743349
vt 0.521006 0.735300
vt 0.534607 0.744302
vt 0.538404 0.736601
vt 0.541748 0.752653
vt 0.549751 0.749854
vt 0.540855 0.763546
vt 0.548450 0.767253
vt 0.532444 0.770657
vt 0.535197 0.778646
vt 0.521596 0.769704
vt 0.517798 0.777344
vt 0.528101 0.756995
vt 0.541657 0.731094
vt 0.555954 0.748251
vt 0.556605 0.765301
vt 0.551295 0.775605
vt 0.536846 0.784849
vt 0.514546 0.782806
vt 0.500203 0.765649
vt 0.502306 0.743455
vt 0.519402 0.729158
vt 0.182805 0.035599
vt 0.178251 0.007096
vt 0.159400 0.018654
vt 0.199750 0.012255
vt 0.211293 0.031045
vt 0.206104 0.052544
vt 0.187253 0.064103
vt 0.170399 0.062303
vt 0.161094 0.055600
vt 0.154256 0.040093
vt 0.486405 0.225397
vt 0.456101 0.252100
vt 0.494605 0.243900
vt 0.519674 0.217908
vt 0.479098 0.201704
vt 0.469899 0.223203
vt 0.408035 0.203459
vt 0.516195 0.204352
vt 0.523275 0.228226
vt 0.563701 0.201704
vt 0.458355 0.258258
vt 0.429897 0.264400
vt 0.429504 0.271798
vt 0.414299 0.265807
vt 0.416644 0.256775
vt 0.447144 0.240208
vt 0.396976 0.224549
vt 0.351799 0.226093
vt 0.334007 0.201704
vt 0.339000 0.226607
vt 0.387701 0.363497
vt 0.384206 0.383105
vt 0.390304 0.383105
vt 0.382406 0.364496
vt 0.369803 0.364601
vt 0.373102 0.383105
vt 0.381801 0.349094
vt 0.389396 0.348897
vt 0.387807 0.315477
vt 0.363994 0.289802
vt 0.403980 0.286807
vt 0.364796 0.275505
vt 0.405055 0.275505
vt 0.350801 0.275505
vt 0.441305 0.300907
vt 0.476601 0.285793
vt 0.472895 0.275505
vt 0.489295 0.283599
vt 0.453347 0.310998
vt 0.336398 0.300801
vt 0.351103 0.322300
vt 0.332797 0.325099
vt 0.365098 0.348095
vt 0.346504 0.354404
vt 0.352995 0.370003
vt 0.357700 0.383105
vt 0.424904 0.331075
vt 0.401151 0.334252
vt 0.409155 0.344449
vt 0.401197 0.352195
vt 0.429050 0.339351
vt 0.402301 0.361001
vt 0.392195 0.359397
vt 0.399593 0.383105
vt 0.451487 0.238060
vt 0.416538 0.256472
vt 0.523396 0.228740
vt 0.519735 0.217908
vt 0.516497 0.204775
vt 0.408277 0.202551
vt 0.380303 0.326506
vt 0.456388 0.307140
vt 0.424496 0.330228
s 1
usemtl Part2_Mat
f 1/1/1 3/2/2 2/3/3
f 1/1/1 4/4/4 3/2/2
f 5/5/5 3/2/2 4/4/4
f 5/5/5 4/4/4 6/6/6
f 6/6/6 7/7/7 5/5/5
f 6/6/6 8/8/8 7/7/7
f 9/9/9 4/4/4 1/1/1
f 9/9/9 10/10/10 4/4/4
f 6/6/6 4/4/4 10/10/10
f 11/11/11 10/10/10 9/9/9
f 11/11/11 12/12/12 10/10/10
f 13/13/13 12/12/12 11/11/11
f 13/13/13 14/14/14 12/12/12
f 15/15/15 14/14/14 13/13/13
f 15/15/15 13/13/13 16/16/16
f 17/17/17 10/10/10 12/12/12
f 6/6/6 10/10/10 17/17/17
f 17/17/17 8/8/8 6/6/6
f 17/17/17 12/12/12 18/18/18
f 19/19/19 12/12/12 14/14/14
f 19/19/19 18/18/18 12/12/12
f 19/19/19 14/14/14 15/15/15
f 19/19/19 15/15/15 20/20/20
f 21/21/21 19/19/19 20/20/20
f 21/21/21 18/18/18 19/19/19
f 21/21/21 20/20/20 22/22/22
f 23/23/23 17/17/17 18/18/18
f 17/17/17 23/23/23 8/8/8
f 23/23/23 18/18/18 24/24/24
f 21/21/21 24/24/24 18/18/18
f 25/25/25 24/24/24 21/21/21
f 24/24/24 25/25/25 23/23/23
f 25/25/25 21/21/21 26/26/26
f 21/21/21 27/27/27 26/26/26
f 21/21/21 22/22/22 27/27/27
f 28/28/28 25/25/25 26/26/26
f 28/28/28 29/29/29 25/25/25
f 30/30/30 25/25/25 29/29/29
f 25/25/25 30/30/30 23/23/23
f 30/30/30 8/8/8 23/23/23
f 30/30/30 31/31/31 8/8/8
f 32/32/32 31/31/31 30/30/30
f 7/7/7 8/8/8 31/31/31
f 22/22/22 20/20/20 33/33/33
f 20/20/20 34/34/34 33/33/33
f 22/22/22 33/33/33 35/35/35
f 27/27/27 22/22/22 35/35/35
f 27/27/27 35/35/35 36/36/36
f 37/37/37 27/27/27 36/36/36
f 27/27/27 37/37/37 38/38/38
f 38/38/38 26/26/26 27/27/27
f 38/38/38 28/28/28 26/26/26
f 39/39/39 38/38/38 37/37/37
f 39/39/39 40/40/40 38/38/38
f 37/37/37 36/36/36 41/41/41
f 39/39/39 37/37/37 41/41/41
f 39/39/39 41/41/41 42/42/42
f 16/16/16 34/34/34 15/15/15
f 16/16/16 43/43/43 34/34/34
f 20/20/20 15/15/15 34/34/34
f 44/44/44 43/43/43 16/16/16
f 16/16/16 45/45/45 44/44/44
f 16/16/16 13/13/13 45/45/45
f 11/11/11 45/45/45 13/13/13
f 11/11/11 46/46/46 45/45/45
f 11/11/11 47/47/47 46/46/46
f 11/11/11 9/9/9 47/47/47
f 46/46/46 47/47/47 48/48/48
f 46/46/46 48/48/48 49/49/49
f 46/46/46 50/50/50 45/45/45
f 46/46/46 49/49/49 50/50/50
f 50/50/50 44/44/44 45/45/45
f 50/50/50 51/51/51 44/44/44
f 52/52/52 51/51/51 50/50/50
f 52/52/52 50/50/50 53/53/53
f 49/49/49 48/48/48 54/54/54
f 49/49/49 54/54/54 55/55/55
f 50/50/50 55/55/55 53/53/53
f 50/50/50 49/49/49 55/55/55
f 53/53/53 55/55/55 56/56/56
f 55/55/55 54/54/54 56/56/56
f 53/53/53 56/56/56 57/57/57
f 9/9/9 58/58/58 47/47/47
f 9/9/9 1/1/1 58/58/58
f 59/59/59 58/58/58 1/1/1
f 59/59/59 1/1/1 2/3/3
f 60/60/60 58/58/58 59/59/59
f 60/60/60 61/61/61 58/58/58
f 62/62/62 61/61/61 60/60/60
f 62/62/62 63/63/63 61/61/61
f 61/61/61 47/47/47 58/58/58
f 61/61/61 48/48/48 47/47/47
f 48/48/48 63/63/63 54/54/54
f 48/48/48 61/61/61 63/63/63
f 62/62/62 64/64/64 63/63/63
f 54/54/54 63/63/63 64/64/64
f 54/54/54 64/64/64 65/65/65
f 56/56/56 54/54/54 65/65/65
f 65/65/65 66/66/66 56/56/56
f 67/67/67 65/65/65 64/64/64
f 56/56/56 68/68/68 57/57/57
f 56/56/56 66/66/66 68/68/68
f 57/57/57 68/68/68 69/69/69
f 57/57/57 69/69/69 70/70/70
f 53/53/53 57/57/57 70/70/70
f 53/53/53 70/70/70 52/52/52
f 70/70/70 71/71/71 52/52/52
f 52/52/52 71/71/71 72/72/72
f 52/52/52 72/72/72 51/51/51
f 51/51/51 72/72/72 73/73/73
f 51/51/51 73/73/73 44/44/44
f 44/44/44 73/73/73 43/43/43
f 70/70/70 74/74/74 71/71/71
f 75/75/75 70/70/70 69/69/69
f 75/75/75 74/74/74 70/70/70
f 69/69/69 76/76/76 75/75/75
f 77/77/77 79/78/78 78/79/79
f 77/77/77 80/80/80 79/78/78
f 81/81/81 77/77/77 78/79/79
f 81/81/81 78/79/79 82/82/82
f 82/82/82 83/83/83 81/81/81
f 82/82/82 84/84/84 83/83/83
f 85/85/85 84/84/84 82/82/82
f 85/85/85 86/86/86 84/84/84
f 78/79/79 79/78/78 87/87/87
f 78/79/79 87/87/87 88/88/88
f 85/85/85 82/82/82 88/88/88
f 82/82/82 78/79/79 88/88/88
f 89/89/89 88/88/88 87/87/87
f 89/89/89 90/90/90 88/88/88
f 88/88/88 90/90/90 85/85/85
f 90/90/90 91/91/91 85/85/85
f 85/85/85 91/91/91 86/86/86
f 91/91/91 90/90/90 92/92/92
f 90/90/90 93/93/93 92/92/92
f 89/89/89 93/93/93 90/90/90
f 94/94/94 92/92/92 93/93/93
f 94/94/94 93/93/93 95/95/95
f 96/96/96 81/81/81 83/83/83
f 81/81/81 96/96/96 97/97/97
f 96/96/96 83/83/83 98/98/98
f 99/99/99 96/96/96 98/98/98
f 99/99/99 98/98/98 100/100/100
f 99/99/99 101/101/101 96/96/96
f 96/96/96 101/101/101 97/97/97
f 102/102/102 97/97/97 101/101/101
f 102/102/102 103/103/103 97/97/97
f 77/77/77 97/97/97 103/103/103
f 77/77/77 103/103/103 80/80/80
f 81/81/81 97/97/97 77/77/77
f 104/104/104 102/102/102 101/101/101
f 104/104/104 101/101/101 105/105/105
f 101/101/101 99/99/99 105/105/105
f 105/105/105 99/99/99 106/106/106
f 99/99/99 100/100/100 106/106/106
f 106/106/106 107/107/107 105/105/105
f 105/105/105 107/107/107 108/108/108
f 104/104/104 105/105/105 108/108/108
f 109/109/109 108/108/108 107/107/107
f 109/109/109 110/110/110 108/108/108
f 111/111/111 113/112/112 112/113/113
f 111/111/111 114/114/114 113/112/112
f 114/114/114 115/115/115 113/112/112
f 116/116/116 114/114/114 111/111/111
f 116/116/116 117/117/117 114/114/114
f 118/118/118 114/114/114 117/117/117
f 118/118/118 119/119/119 114/114/114
f 119/119/119 115/115/115 114/114/114
f 120/120/120 117/117/117 116/116/116
f 120/120/120 121/121/121 117/117/117
f 117/117/117 122/122/122 118/118/118
f 117/117/117 121/121/121 122/122/122
f 123/123/123 121/121/121 120/120/120
f 123/123/123 124/124/124 121/121/121
f 121/121/121 125/125/125 122/122/122
f 121/121/121 124/124/124 125/125/125
f 124/124/124 123/123/123 126/126/126
f 124/124/124 126/126/126 127/127/127
f 127/127/127 125/125/125 124/124/124
f 127/127/127 128/128/128 125/125/125
f 126/126/126 129/129/129 127/127/127
f 128/128/128 127/127/127 130/130/130
f 129/129/129 131/131/131 127/127/127
f 127/127/127 131/131/131 130/130/130
f 132/132/132 131/131/131 129/129/129
f 130/130/130 131/131/131 132/132/132
f 129/129/129 133/133/133 132/132/132
f 130/130/130 132/132/132 134/134/134
f 135/135/135 134/134/134 132/132/132
f 135/135/135 132/132/132 136/136/136
f 132/132/132 133/133/133 136/136/136
f 137/137/137 135/135/135 136/136/136
f 138/138/138 136/136/136 133/133/133
f 138/138/138 137/137/137 136/136/136
f 139/139/139 137/137/137 138/138/138
f 139/139/139 140/140/140 137/137/137
f 137/137/137 141/141/141 135/135/135
f 142/142/142 115/115/115 119/119/119
f 142/142/142 143/143/143 115/115/115
f 143/143/143 144/144/144 115/115/115
f 115/115/115 144/144/144 113/112/112
f 145/113/145 113/112/112 144/144/144
f 146/145/146 144/144/144 143/143/143
f 146/145/146 147/146/147 144/144/144
f 148/147/148 144/144/144 147/146/147
f 149/113/149 144/144/144 148/147/148
f 148/147/148 147/146/147 150/148/150
f 150/148/150 147/146/147 151/149/151
f 150/148/150 151/149/151 152/150/152
f 147/146/147 153/151/153 151/149/151
f 147/146/147 146/145/146 153/151/153
f 151/149/151 154/152/154 152/150/152
f 151/149/151 155/153/155 154/152/154
f 151/149/151 156/154/156 155/153/155
f 151/149/151 153/151/153 156/154/156
f 155/153/155 157/155/157 154/152/154
f 155/153/155 158/156/158 157/155/157
f 155/153/155 159/157/159 158/156/158
f 155/153/155 156/154/156 159/157/159
f 157/155/157 158/156/158 160/158/160
f 159/157/159 161/159/161 158/156/158
f 160/158/160 158/156/158 162/160/162
f 161/159/161 162/160/162 158/156/158
f 163/161/163 160/158/160 162/160/162
f 160/158/160 163/161/163 164/162/164
f 163/161/163 165/163/165 164/162/164
f 161/159/161 165/163/165 162/160/162
f 162/160/162 165/163/165 163/161/163
f 164/162/164 165/163/165 166/164/166
f 161/159/161 166/164/166 165/163/165
f 164/162/164 166/164/166 167/165/167
f 167/165/167 168/166/168 164/162/164
f 164/162/164 168/166/168 169/167/169
f 160/158/160 164/162/164 169/167/169
f 170/168/170 169/167/169 168/166/168
f 170/168/170 171/169/171 169/167/169
f 170/168/170 168/166/168 172/170/172
f 170/168/170 172/170/172 173/171/173
f 173/171/173 172/170/172 174/172/174
f 175/173/175 174/172/174 172/170/172
f 175/173/175 176/174/176 174/172/174
f 173/171/173 174/172/174 177/175/177
f 172/170/172 178/176/178 175/173/175
f 172/170/172 168/166/168 178/176/178
f 167/165/167 178/176/178 168/166/168
f 179/177/179 181/141/180 180/137/181
f 179/177/179 182/178/182 181/141/180
f 179/177/179 183/179/183 182/178/182
f 179/177/179 184/180/184 183/179/183
f 180/137/181 185/140/185 179/177/179
f 186/181/186 188/182/187 187/183/188
f 186/181/186 189/184/189 188/182/187
f 189/184/189 190/185/190 188/182/187
f 189/184/189 191/186/191 190/185/190
f 190/185/190 191/186/191 192/187/192
f 190/185/190 192/187/192 193/188/193
f 193/188/193 192/187/192 194/189/194
f 193/188/193 194/189/194 195/190/195
f 194/189/194 196/191/196 195/190/195
f 194/189/194 197/192/197 196/191/196
f 196/191/196 197/192/197 198/193/198
f 196/191/196 198/193/198 199/194/199
f 200/195/200 199/194/199 198/193/198
f 200/195/200 201/196/201 199/194/199
f 187/183/188 202/197/202 186/181/186
f 187/183/188 203/198/203 202/197/202
f 204/199/204 202/197/202 203/198/203
f 203/198/203 205/200/205 204/199/204
f 204/199/204 206/201/206 202/197/202
f 207/202/207 209/203/208 208/204/209
f 210/205/210 209/203/208 207/202/207
f 210/205/210 207/202/207 211/206/211
f 212/207/212 208/204/209 209/203/208
f 212/207/212 209/203/208 213/208/213
f 214/209/214 211/206/211 207/202/207
f 215/210/215 209/203/208 210/205/210
f 209/203/208 215/210/215 216/211/216
f 217/212/217 209/203/208 216/211/216
f 209/203/208 217/212/217 218/213/218
f 209/203/208 218/213/218 213/208/213
f 217/212/217 216/211/216 219/214/219
f 219/214/219 216/211/216 220/215/220
f 221/216/221 216/211/216 215/210/215
f 221/216/221 215/210/215 222/217/222
f 223/218/223 221/216/221 222/217/222
f 216/211/216 224/219/224 220/215/220
f 221/216/221 225/220/225 216/211/216
f 225/220/225 226/221/226 216/211/216
f 216/211/216 226/221/226 224/219/224
f 221/216/221 227/222/227 225/220/225
f 227/222/227 221/216/221 223/218/223
f 220/215/220 224/219/224 228/223/228
f 214/209/214 207/202/207 229/224/229
f 230/225/230 229/224/229 207/202/207
f 230/225/230 207/202/207 231/226/231
f 232/227/232 231/226/231 207/202/207
f 232/227/232 207/202/207 233/228/233
f 207/202/207 208/204/209 233/228/233
f 233/228/233 208/204/209 212/207/212
f 233/228/233 212/207/212 234/229/234
f 233/228/233 234/229/234 235/230/235
f 236/231/236 232/227/232 233/228/233
f 233/228/233 237/232/237 236/231/236
f 238/233/238 237/232/237 233/228/233
f 233/228/233 235/230/235 238/233/238
f 238/233/238 239/234/239 237/232/237
f 239/234/239 240/235/240 237/232/237
f 237/232/237 241/236/241 236/231/236
f 240/235/240 241/236/241 237/232/237
f 236/231/236 241/236/241 242/237/242
f 240/235/240 243/238/243 241/236/241
f 241/236/241 243/238/243 244/239/244
f 241/236/241 244/239/244 245/240/245
f 241/236/241 245/240/245 246/241/246
f 246/241/246 247/242/247 241/236/241
f 241/236/241 247/242/247 242/237/242
f 244/239/244 243/238/243 248/243/248
f 248/243/248 243/238/243 249/244/249
f 250/245/250 252/246/251 251/247/252
f 250/245/250 253/248/253 252/246/251
f 254/249/254 256/250/255 255/251/256
f 254/249/254 257/252/257 256/250/255
f 257/252/257 258/253/258 256/250/255
f 257/252/257 259/254/259 258/253/258
f 260/255/260 258/253/258 259/254/259
f 260/255/260 261/256/261 258/253/258
f 261/256/261 260/255/260 262/257/262
f 261/256/261 262/257/262 263/258/263
f 264/259/264 263/258/263 262/257/262
f 264/259/264 262/257/262 265/260/265
f 265/260/265 266/195/266 264/259/264
f 265/260/265 267/196/267 266/195/266
f 268/261/268 254/249/254 255/251/256
f 268/261/268 269/262/269 254/249/254
f 268/261/268 270/263/270 269/262/269
f 270/263/270 271/264/271 269/262/269
f 270/263/270 272/265/272 271/264/271
f 270/263/270 273/266/273 272/265/272
f 273/266/273 274/267/274 272/265/272
f 273/266/273 275/268/275 274/267/274
f 276/269/276 278/270/277 277/271/278
f 277/271/278 279/272/279 276/269/276
f 277/271/278 280/273/280 279/272/279
f 279/272/279 280/273/280 281/274/281
f 281/274/281 280/273/280 282/275/282
f 280/273/280 283/276/283 282/275/282
f 280/273/280 284/277/284 283/276/283
f 280/273/280 285/278/285 284/277/284
f 278/270/277 285/278/285 277/271/278
f 280/273/280 277/271/278 285/278/285
f 286/279/286 285/278/285 278/270/277
f 286/279/286 284/277/284 285/278/285
f 286/279/286 278/270/277 276/269/276
f 287/280/287 284/277/284 286/279/286
f 283/276/283 284/277/284 287/280/287
f 286/279/286 276/269/276 288/281/288
f 276/269/276 289/282/289 288/281/288
f 279/272/279 289/282/289 276/269/276
f 289/282/289 290/283/290 288/281/288
f 289/282/289 291/284/291 290/283/290
f 292/285/292 290/283/290 291/284/291
f 292/285/292 291/284/291 293/286/293
f 294/287/294 292/285/292 293/286/293
f 294/287/294 293/286/293 295/288/295
f 295/288/295 296/289/296 294/287/294
f 295/288/295 297/290/297 296/289/296
f 297/290/297 298/291/298 296/289/296
f 297/290/297 299/292/299 298/291/298
f 299/292/299 300/293/300 298/291/298
f 299/292/299 301/294/301 300/293/300
f 302/295/302 304/296/303 303/297/304
f 302/295/302 305/298/305 304/296/303
f 303/297/304 306/299/306 302/295/302
f 306/299/306 303/297/304 307/300/307
f 306/299/306 307/300/307 308/301/308
f 308/301/308 307/300/307 309/302/309
f 308/301/308 309/302/309 310/303/310
f 310/303/310 309/302/309 311/304/311
f 310/303/310 311/304/311 312/305/312
f 313/306/313 312/305/312 311/304/311
f 313/306/313 314/307/314 312/305/312
f 315/308/315 314/307/314 313/306/313
f 315/308/315 316/309/316 314/307/314
f 316/309/316 315/308/315 317/310/317
f 316/309/316 317/310/317 318/311/318
f 319/312/319 306/299/306 320/313/320
f 320/313/320 321/314/321 319/312/319
f 319/312/319 321/314/321 322/315/322
f 319/312/319 322/315/322 323/316/323
f 321/314/321 324/317/324 322/315/322
f 321/314/321 325/318/325 324/317/324
f 321/314/321 326/319/326 325/318/325
f 320/313/320 326/319/326 321/314/321
f 305/298/305 319/312/319 323/316/323
f 305/298/305 302/295/302 319/312/319
f 302/295/302 306/299/306 319/312/319
f 327/320/327 329/321/328 328/322/329
f 327/320/327 330/323/330 329/321/328
f 331/324/331 333/325/332 332/326/333
f 331/324/331 334/327/334 333/325/332
f 335/328/335 334/327/334 331/324/331
f 335/328/335 336/329/336 334/327/334
f 336/329/336 335/328/335 337/330/337
f 336/329/336 337/330/337 338/331/338
f 339/332/339 338/331/338 337/330/337
f 339/332/339 340/333/340 338/331/338
f 340/333/340 339/332/339 341/334/341
f 340/333/340 341/334/341 342/335/342
f 343/336/343 342/335/342 341/334/341
f 343/336/343 344/337/344 342/335/342
f 345/338/345 344/337/344 343/336/343
f 346/339/346 345/338/345 343/336/343
f 345/338/345 346/339/346 347/340/347
f 345/338/345 347/340/347 348/341/348
f 349/342/349 351/343/350 350/344/351
f 349/342/349 352/345/352 351/343/350
f 353/346/353 349/342/349 350/344/351
f 353/346/353 354/347/354 349/342/349
f 352/345/352 355/348/355 351/343/350
f 352/345/352 356/349/356 355/348/355
f 357/350/357 359/351/358 358/352/359
f 357/350/357 360/353/360 359/351/358
f 357/350/357 358/352/359 361/354/361
f 357/350/357 361/354/361 362/355/362
f 361/354/361 363/356/363 362/355/362
f 361/354/361 364/357/364 363/356/363
f 365/358/365 363/356/363 364/357/364
f 365/358/365 364/357/364 366/359/366
f 366/359/366 367/360/367 365/358/365
f 366/359/366 368/361/368 367/360/367
f 368/361/368 369/362/369 367/360/367
f 368/361/368 370/363/370 369/362/369
f 370/363/370 371/364/371 369/362/369
f 370/363/370 372/365/372 371/364/371
f 372/365/372 373/366/373 371/364/371
f 372/365/372 374/367/374 373/366/373
f 375/316/375 377/296/376 376/298/377
f 375/316/375 378/315/378 377/296/376
f 377/296/376 378/315/378 379/368/379
f 379/368/379 378/315/378 380/317/380
f 381/369/381 383/370/382 382/371/383
f 381/369/381 384/372/384 383/370/382
f 385/373/385 381/369/381 382/371/383
f 385/373/385 382/371/383 386/374/386
f 386/374/386 387/375/387 385/373/385
f 386/374/386 388/376/388 387/375/387
f 389/377/389 387/375/387 388/376/388
f 389/377/389 388/376/388 390/378/390
f 391/379/391 389/377/389 390/378/390
f 391/379/391 392/380/392 389/377/389
f 393/380/393 395/381/394 394/382/395
f 393/380/393 396/379/396 395/381/394
f 397/383/397 399/384/398 398/385/399
f 397/383/397 398/385/399 400/386/400
f 398/385/399 401/387/401 400/386/400
f 398/385/399 402/388/402 401/387/401
f 403/389/403 405/390/404 404/391/405
f 404/391/405 405/390/404 406/392/406
f 406/392/406 405/390/404 407/393/407
f 407/393/407 405/390/404 408/394/408
f 408/394/408 405/390/404 409/395/409
f 409/395/409 405/390/404 410/396/410
f 410/396/410 405/390/404 411/397/411
f 411/397/411 405/390/404 412/398/412
f 412/398/412 405/390/404 413/399/413
f 413/399/413 405/390/404 414/400/414
f 414/400/414 405/390/404 415/401/415
f 415/401/415 405/390/404 403/389/403
f 409/395/409 410/396/410 416/402/416
f 407/393/407 408/394/408 417/403/417
f 408/394/408 418/404/418 417/403/417
f 408/394/408 409/395/409 418/404/418
f 417/403/417 418/404/418 419/405/419
f 417/403/417 419/405/419 420/406/420
f 421/407/421 417/403/417 420/406/420
f 407/393/407 417/403/417 421/407/421
f 421/407/421 420/406/420 422/408/422
f 423/409/423 418/404/418 416/402/416
f 423/409/423 419/405/419 418/404/418
f 419/405/419 423/409/423 424/410/424
f 419/405/419 424/410/424 425/411/425
f 420/406/420 419/405/419 425/411/425
f 420/406/420 425/411/425 426/412/426
f 422/408/422 420/406/420 426/412/426
f 422/408/422 426/412/426 427/413/427
f 416/402/416 428/414/428 423/409/423
f 416/402/416 429/415/429 428/414/428
f 429/415/429 430/416/430 428/414/428
f 429/415/429 431/417/431 430/416/430
f 428/414/428 430/416/430 432/418/432
f 428/414/428 432/418/432 433/419/433
f 423/409/423 433/419/433 424/410/424
f 423/409/423 428/414/428 433/419/433
f 434/420/434 433/419/433 432/418/432
f 435/421/435 430/416/430 431/417/431
f 435/421/435 431/417/431 436/422/436
f 435/421/435 436/422/436 437/423/437
f 437/423/437 436/422/436 438/424/438
f 439/425/439 437/423/437 438/424/438
f 440/426/440 437/423/437 439/425/439
f 440/426/440 441/427/441 437/423/437
f 441/427/441 435/421/435 437/423/437
f 441/427/441 440/426/440 442/428/442
f 441/427/441 442/428/442 443/429/443
f 444/430/444 441/427/441 443/429/443
f 441/427/441 444/430/444 435/421/435
f 444/430/444 443/429/443 445/431/445
f 446/432/446 445/431/445 443/429/443
f 447/433/447 446/432/446 443/429/443
f 442/428/442 440/426/440 448/434/448
f 442/428/442 448/434/448 449/435/449
f 449/435/449 448/434/448 450/436/450
f 449/435/449 450/436/450 451/437/451
f 440/426/440 452/438/452 448/434/448
f 440/426/440 439/425/439 452/438/452
f 439/425/439 453/439/453 452/438/452
f 439/425/439 454/440/454 453/439/453
f 455/441/455 448/434/448 452/438/452
f 455/441/455 450/436/450 448/434/448
f 456/442/456 442/428/442 449/435/449
f 456/442/456 443/429/443 442/428/442
f 456/442/456 447/433/447 443/429/443
f 456/442/456 449/435/449 457/443/457
f 457/443/457 449/435/449 451/437/451
f 458/444/458 447/433/447 456/442/456
f 458/444/458 459/445/459 447/433/447
f 459/445/459 446/432/446 447/433/447
f 460/446/460 456/442/456 457/443/457
f 460/446/460 458/444/458 456/442/456
f 459/445/459 461/447/461 446/432/446
f 461/447/461 462/448/462 446/432/446
f 452/438/452 463/449/463 455/441/455
f 452/438/452 453/439/453 463/449/463
f 464/450/464 455/441/455 463/449/463
f 464/450/464 450/436/450 455/441/455
f 464/450/464 463/449/463 465/451/465
f 450/436/450 466/452/466 451/437/451
f 467/453/467 451/437/451 466/452/466
f 467/453/467 468/454/468 451/437/451
f 457/443/457 451/437/451 468/454/468
f 469/455/469 468/454/468 467/453/467
f 469/455/469 457/443/457 468/454/468
f 469/455/469 460/446/460 457/443/457
f 469/455/469 467/453/467 470/456/470
f 471/457/471 465/451/465 463/449/463
f 471/457/471 463/449/463 472/458/472
f 473/459/473 472/458/472 463/449/463
f 472/458/472 473/459/473 474/460/474
f 472/458/472 474/460/474 475/461/475
f 471/457/471 472/458/472 475/461/475
f 476/462/476 475/461/475 474/460/474
f 476/462/476 477/463/477 475/461/475
f 478/464/478 477/463/477 476/462/476
f 478/464/478 476/462/476 479/465/479
f 476/462/476 480/466/480 479/465/479
f 476/462/476 481/467/481 480/466/480
f 481/467/481 476/462/476 474/460/474
f 481/467/481 474/460/474 482/468/482
f 473/459/473 482/468/482 474/460/474
f 483/469/483 481/467/481 482/468/482
f 483/469/483 480/466/480 481/467/481
f 483/469/483 482/468/482 484/470/484
f 485/471/485 483/469/483 484/470/484
f 485/471/485 486/472/486 483/469/483
f 473/459/473 487/473/487 482/468/482
f 487/473/487 473/459/473 453/439/453
f 487/473/487 453/439/453 454/440/454
f 488/474/488 482/468/482 487/473/487
f 488/474/488 484/470/484 482/468/482
f 487/473/487 489/475/489 488/474/488
f 489/475/489 487/473/487 454/440/454
f 488/474/488 489/475/489 490/476/490
f 489/475/489 454/440/454 491/477/491
f 454/440/454 438/424/438 491/477/491
f 492/478/492 488/474/488 490/476/490
f 488/474/488 492/478/492 484/470/484
f 484/470/484 492/478/492 485/471/485
f 492/478/492 490/476/490 493/479/493
f 438/424/438 494/480/494 491/477/491
f 489/475/489 491/477/491 494/480/494
f 438/424/438 495/481/495 494/480/494
f 436/422/436 495/481/495 438/424/438
f 436/422/436 496/482/496 495/481/495
f 496/482/496 436/422/436 431/417/431
f 489/475/489 494/480/494 497/483/497
f 497/483/497 498/484/498 489/475/489
f 498/484/498 493/479/493 490/476/490
f 498/484/498 490/476/490 489/475/489
f 499/485/499 493/479/493 498/484/498
f 439/425/439 438/424/438 454/440/454
f 499/485/499 500/486/500 493/479/493
f 499/485/499 501/487/501 500/486/500
f 501/487/501 502/488/502 500/486/500
f 501/487/501 503/489/503 502/488/502
f 503/489/503 504/490/504 502/488/502
f 505/491/505 503/489/503 501/487/501
f 501/487/501 506/492/506 505/491/505
f 501/487/501 499/485/499 506/492/506
f 505/491/505 507/493/507 503/489/503
f 508/494/508 507/493/507 505/491/505
f 505/491/505 509/495/509 508/494/508
f 505/491/505 506/492/506 509/495/509
f 510/496/510 508/494/508 509/495/509
f 510/496/510 511/497/511 508/494/508
f 421/407/421 511/497/511 510/496/510
f 421/407/421 422/408/422 511/497/511
f 508/494/508 512/498/512 507/493/507
f 511/497/511 512/498/512 508/494/508
f 511/497/511 513/499/513 512/498/512
f 422/408/422 513/499/513 511/497/511
f 422/408/422 427/413/427 513/499/513
f 514/500/514 502/488/502 504/490/504
f 514/500/514 515/501/515 502/488/502
f 516/502/516 515/501/515 514/500/514
f 516/502/516 517/503/517 515/501/515
f 516/502/516 518/504/518 517/503/517
f 516/502/516 519/505/519 518/504/518
f 519/505/519 520/506/520 518/504/518
f 519/505/519 521/507/521 520/506/520
f 522/508/522 518/504/518 520/506/520
f 518/504/518 485/471/485 517/503/517
f 523/509/523 517/503/517 485/471/485
f 523/509/523 515/501/515 517/503/517
f 485/471/485 492/478/492 523/509/523
f 493/479/493 523/509/523 492/478/492
f 493/479/493 500/486/500 523/509/523
f 500/486/500 515/501/515 523/509/523
f 500/486/500 502/488/502 515/501/515
f 486/472/486 485/471/485 518/504/518
f 522/508/522 486/472/486 518/504/518
f 524/510/524 486/472/486 522/508/522
f 524/510/524 483/469/483 486/472/486
f 522/508/522 525/511/525 524/510/524
f 526/512/526 525/511/525 522/508/522
f 526/512/526 522/508/522 520/506/520
f 524/510/524 525/511/525 527/513/527
f 524/510/524 527/513/527 528/514/528
f 524/510/524 528/514/528 483/469/483
f 529/515/529 528/514/528 527/513/527
f 529/515/529 480/466/480 528/514/528
f 483/469/483 528/514/528 480/466/480
f 480/466/480 529/515/529 530/516/530
f 480/466/480 530/516/530 479/465/479
f 531/517/531 479/465/479 530/516/530
f 531/517/531 478/464/478 479/465/479
f 532/518/532 478/464/478 531/517/531
f 532/518/532 533/519/533 478/464/478
f 533/519/533 477/463/477 478/464/478
f 533/519/533 534/520/534 477/463/477
f 534/520/534 475/461/475 477/463/477
f 534/520/534 535/521/535 475/461/475
f 471/457/471 475/461/475 535/521/535
f 526/512/526 537/522/536 536/523/537
f 536/523/537 537/522/536 538/524/538
f 536/523/537 538/524/538 539/525/539
f 537/522/536 540/526/540 538/524/538
f 537/522/536 541/527/541 540/526/540
f 521/507/521 540/526/540 541/527/541
f 521/507/521 541/527/541 520/506/520
f 526/512/526 520/506/520 541/527/541
f 526/512/526 541/527/541 537/522/536
f 450/436/450 542/528/542 466/452/466
f 464/450/464 542/528/542 450/436/450
f 473/459/473 463/449/463 453/439/453
f 543/529/543 545/530/544 544/531/545
f 543/529/543 546/532/546 545/530/544
f 547/533/547 543/529/543 544/531/545
f 548/534/548 544/531/545 545/530/544
f 548/534/548 549/535/549 544/531/545
f 544/531/545 549/535/549 547/533/547
f 549/535/549 548/534/548 550/536/550
f 549/535/549 550/536/550 551/537/551
f 552/538/552 551/537/551 550/536/550
f 552/538/552 553/539/553 551/537/551
f 554/540/554 553/539/553 552/538/552
f 554/540/554 555/541/555 553/539/553
f 554/540/554 556/542/556 555/541/555
f 554/540/554 557/543/557 556/542/556
f 445/431/445 553/539/553 555/541/555
f 445/431/445 462/448/462 553/539/553
f 553/539/553 462/448/462 551/537/551
f 462/448/462 549/535/549 551/537/551
f 462/448/462 547/533/547 549/535/549
f 445/431/445 555/541/555 444/430/444
f 556/542/556 558/544/558 555/541/555
f 555/541/555 558/544/558 444/430/444
f 558/544/558 435/421/435 444/430/444
f 435/421/435 558/544/558 430/416/430
f 430/416/430 558/544/558 556/542/556
f 557/543/557 432/418/432 556/542/556
f 430/416/430 556/542/556 432/418/432
f 557/543/557 434/420/434 432/418/432
f 462/448/462 445/431/445 446/432/446
f 547/533/547 462/448/462 461/447/461
f 559/545/559 561/546/560 560/547/561
f 559/545/559 562/548/562 561/546/560
f 563/549/563 560/547/561 561/546/560
f 563/549/563 564/550/564 560/547/561
f 564/550/564 559/545/559 560/547/561
f 565/551/565 564/550/564 563/549/563
f 565/551/565 566/552/566 564/550/564
f 565/551/565 567/553/567 566/552/566
f 568/554/568 564/550/564 566/552/566
f 564/550/564 568/554/568 559/545/559
f 568/554/568 566/552/566 569/555/569
f 566/552/566 570/556/570 569/555/569
f 566/552/566 571/557/571 570/556/570
f 567/553/567 571/557/571 566/552/566
f 571/557/571 572/558/572 570/556/570
f 571/557/571 573/559/573 572/558/572
f 567/553/567 573/559/573 571/557/571
f 573/559/573 574/560/574 572/558/572
f 573/559/573 575/561/575 574/560/574
f 576/562/576 574/560/574 575/561/575
f 576/562/576 577/563/577 574/560/574
f 575/561/575 578/564/578 576/562/576
f 579/565/579 576/562/576 578/564/578
f 577/563/577 576/562/576 579/565/579
f 577/563/577 579/565/579 580/566/580
f 581/567/581 580/566/580 579/565/579
f 581/567/581 582/568/582 580/566/580
f 583/569/583 582/568/582 581/567/581
f 583/569/583 584/570/584 582/568/582
f 585/571/585 584/570/584 583/569/583
f 585/571/585 586/572/586 584/570/584
f 587/573/587 586/572/586 585/571/585
f 587/573/587 588/574/588 586/572/586
f 587/573/587 589/575/589 588/574/588
f 587/573/587 590/576/590 589/575/589
f 590/576/590 591/577/591 589/575/589
f 590/576/590 592/578/592 591/577/591
f 592/578/592 593/579/593 591/577/591
f 592/578/592 594/580/594 593/579/593
f 594/580/594 595/581/595 593/579/593
f 594/580/594 596/582/596 595/581/595
f 597/583/597 596/582/596 594/580/594
f 594/580/594 598/584/598 597/583/597
f 594/580/594 592/578/592 598/584/598
f 592/578/592 599/585/599 598/584/598
f 590/576/590 587/573/587 599/585/599
f 587/573/587 585/571/585 599/585/599
f 592/578/592 590/576/590 600/585/600
f 597/583/597 601/586/601 596/582/596
f 602/587/602 596/582/596 601/586/601
f 603/588/603 596/582/596 602/587/602
f 603/588/603 595/581/595 596/582/596
f 602/587/602 604/589/604 603/588/603
f 602/587/602 605/590/605 604/589/604
f 601/586/601 605/590/605 602/587/602
f 606/591/606 604/589/604 605/590/605
f 606/591/606 607/592/607 604/589/604
f 608/593/608 607/592/607 606/591/606
f 608/593/608 609/594/609 607/592/607
f 610/595/610 609/594/609 608/593/608
f 610/595/610 611/596/611 609/594/609
f 608/593/608 612/597/612 610/595/610
f 608/593/608 613/598/613 612/597/612
f 606/591/606 613/598/613 608/593/608
f 606/591/606 614/599/614 613/598/613
f 606/591/606 605/590/605 614/599/614
f 601/586/601 614/599/614 605/590/605
f 610/595/610 615/600/615 611/596/611
f 610/595/610 616/601/616 615/600/615
f 612/597/612 616/601/616 610/595/610
f 612/597/612 617/602/617 616/601/616
f 615/600/615 616/601/616 618/603/618
f 618/603/618 616/601/616 617/602/617
f 617/602/617 619/604/619 618/603/618
f 619/604/619 620/605/620 618/603/618
f 615/600/615 618/603/618 620/605/620
f 619/604/619 621/606/621 620/605/620
f 583/569/583 622/585/622 585/571/585
f 583/569/583 623/607/623 599/585/624
f 581/567/581 623/607/623 583/569/583
f 581/567/581 624/608/625 623/607/623
f 624/608/625 581/567/581 579/565/579
f 624/608/625 579/565/579 578/564/578
f 575/561/575 625/609/626 578/564/578
f 575/561/575 573/559/573 625/609/626
f 567/553/567 625/609/626 573/559/573
f 626/610/627 628/611/628 627/612/629
f 626/610/627 629/613/630 628/611/628
f 630/614/631 626/610/627 627/612/629
f 630/614/631 631/615/632 626/610/627
f 630/614/631 632/616/633 631/615/632
f 632/616/633 633/617/634 631/615/632
f 632/616/633 634/618/635 633/617/634
f 634/618/635 635/619/636 633/617/634
f 635/619/636 636/620/637 633/617/634
f 635/619/636 637/621/638 636/620/637
f 638/622/639 636/620/637 637/621/638
f 638/622/639 639/623/640 636/620/637
f 640/624/641 639/623/640 638/622/639
f 640/624/641 641/625/642 639/623/640
f 640/624/641 642/626/643 641/625/642
f 640/624/641 643/627/644 642/626/643
f 643/627/644 644/628/645 642/626/643
f 643/627/644 645/629/646 644/628/645
f 645/629/646 646/630/647 644/628/645
f 631/615/632 633/617/634 647/631/648
f 633/617/634 636/620/637 647/631/648
f 636/620/637 639/623/640 647/631/648
f 639/623/640 641/625/642 647/631/648
f 641/625/642 642/626/643 647/631/648
f 642/626/643 644/628/645 647/631/648
f 644/628/645 648/632/649 647/631/648
f 648/632/649 644/628/645 646/630/647
f 649/633/650 648/632/649 646/630/647
f 650/634/651 648/632/649 649/633/650
f 650/634/651 651/635/652 648/632/649
f 648/632/649 651/635/652 647/631/648
f 628/611/628 651/635/652 650/634/651
f 628/611/628 629/613/630 651/635/652
f 651/635/652 629/613/630 647/631/648
f 629/613/630 626/610/627 647/631/648
f 626/610/627 631/615/632 647/631/648
f 407/393/407 510/496/510 406/392/406
f 407/393/407 421/407/421 510/496/510
f 509/495/509 406/392/406 510/496/510
f 404/391/405 406/392/406 509/495/509
f 506/492/506 404/391/405 509/495/509
f 403/389/403 404/391/405 506/492/506
f 506/492/506 499/485/499 403/389/403
f 403/389/403 499/485/499 415/401/415
f 499/485/499 498/484/498 415/401/415
f 498/484/498 414/400/414 415/401/415
f 498/484/498 497/483/497 414/400/414
f 497/483/497 413/399/413 414/400/414
f 497/483/497 494/480/494 413/399/413
f 495/481/495 413/399/413 494/480/494
f 495/481/495 412/398/412 413/399/413
f 495/481/495 496/482/496 412/398/412
f 412/398/412 496/482/496 411/397/411
f 496/482/496 429/415/429 411/397/411
f 411/397/411 429/415/429 410/396/410
f 410/396/410 429/415/429 416/402/416
f 496/482/496 431/417/431 429/415/429
f 409/395/409 652/402/653 418/404/418
f 653/636/654 655/637/655 654/638/656
f 655/637/655 656/639/657 654/638/656
f 657/640/658 653/636/654 654/638/656
f 658/641/659 657/640/658 654/638/656
f 659/642/660 658/641/659 654/638/656
f 660/643/661 659/642/660 654/638/656
f 661/644/662 660/643/661 654/638/656
f 662/645/663 661/644/662 654/638/656
f 663/646/664 662/645/663 654/638/656
f 656/639/657 663/646/664 654/638/656
f 664/647/665 666/648/666 665/649/667
f 664/647/665 667/650/668 666/648/666
f 667/650/668 664/647/665 668/651/669
f 667/650/668 668/651/669 669/652/670
f 669/652/670 668/651/669 670/653/671
f 669/652/670 670/653/671 671/654/672
f 671/654/672 670/653/671 672/655/673
f 671/654/672 672/655/673 673/656/674
f 673/656/674 674/657/675 671/654/672
f 675/658/676 674/657/675 673/656/674
f 675/658/676 676/659/677 674/657/675
f 675/658/676 677/660/678 676/659/677
f 678/661/679 675/658/676 673/656/674
f 678/661/679 677/660/678 675/658/676
f 678/661/679 673/656/674 679/662/680
f 672/655/673 679/662/680 673/656/674
f 672/655/673 680/663/681 679/662/680
f 680/663/681 681/664/682 679/662/680
f 680/663/681 682/665/683 681/664/682
f 683/666/684 681/664/682 682/665/683
f 683/666/684 682/665/683 684/667/685
f 685/668/686 683/666/684 684/667/685
f 685/668/686 686/669/687 683/666/684
f 686/669/687 685/668/686 687/670/688
f 686/669/687 687/670/688 688/671/689
f 688/671/689 687/670/688 689/672/690
f 688/671/689 689/672/690 690/673/691
f 690/673/691 689/672/690 691/674/692
f 690/673/691 691/674/692 692/675/693
f 692/675/693 693/676/694 690/673/691
f 693/676/694 694/677/695 690/673/691
f 693/676/694 695/678/696 694/677/695
f 696/679/697 692/675/693 691/674/692
f 696/679/697 691/674/692 697/680/698
f 697/680/698 698/681/699 696/679/697
f 697/680/698 699/682/700 698/681/699
f 700/683/701 698/681/699 699/682/700
f 700/683/701 699/682/700 701/684/702
f 690/673/691 702/685/703 688/671/689
f 690/673/691 694/677/695 702/685/703
f 703/686/704 702/685/703 694/677/695
f 695/678/696 703/686/704 694/677/695
f 704/687/705 706/688/706 705/689/707
f 704/687/705 707/690/708 706/688/706
f 708/691/709 705/689/707 706/688/706
f 708/691/709 709/692/710 705/689/707
f 710/693/711 709/692/710 708/691/709
f 710/693/711 711/694/712 709/692/710
f 712/695/713 711/694/712 710/693/711
f 712/695/713 713/696/714 711/694/712
f 714/697/715 704/687/705 705/689/707
f 714/697/715 715/698/716 704/687/705
f 716/699/717 705/689/707 709/692/710
f 716/699/717 714/697/715 705/689/707
f 717/700/718 709/692/710 711/694/712
f 717/700/718 716/699/717 709/692/710
f 715/698/716 714/697/715 718/701/719
f 716/699/717 718/701/719 714/697/715
f 715/698/716 718/701/719 719/702/720
f 716/699/717 720/703/721 718/701/719
f 720/703/721 716/699/717 717/700/718
f 720/703/721 717/700/718 721/704/722
f 712/695/713 722/705/723 713/696/714
f 712/695/713 723/706/724 722/705/723
f 723/706/724 724/707/725 722/705/723
f 723/706/724 725/708/726 724/707/725
f 721/704/722 717/700/718 726/709/727
f 717/700/718 711/694/712 726/709/727
f 726/709/727 711/694/712 713/696/714
f 721/704/722 726/709/727 727/710/728
f 728/711/729 727/710/728 726/709/727
f 728/711/729 726/709/727 729/712/730
f 728/711/729 729/712/730 730/713/731
f 731/714/732 730/713/731 729/712/730
f 731/714/732 729/712/730 732/715/733
f 733/716/734 730/713/731 731/714/732
f 733/716/734 734/717/735 730/713/731
f 735/718/736 730/713/731 734/717/735
f 728/711/729 730/713/731 735/718/736
f 735/718/736 734/717/735 736/719/737
f 736/719/737 737/720/738 735/718/736
f 736/719/737 738/721/739 737/720/738
f 735/718/736 739/722/740 728/711/729
f 735/718/736 737/720/738 739/722/740
f 728/711/729 739/722/740 727/710/728
f 732/715/733 729/712/730 740/723/741
f 732/715/733 740/723/741 741/724/742
f 741/724/742 740/723/741 742/707/743
f 741/724/742 742/707/743 743/708/744
f 744/725/745 738/721/739 736/719/737
f 744/725/745 736/719/737 745/726/746
f 734/717/735 745/726/746 736/719/737
f 746/727/747 744/725/745 745/726/746
f 746/727/747 745/726/746 747/728/748
f 748/729/749 746/727/747 747/728/748
f 748/729/749 747/728/748 749/730/750
f 750/731/751 748/729/749 749/730/750
f 750/731/751 749/730/750 751/732/752
f 749/730/750 752/733/753 751/732/752
f 753/734/754 752/733/753 749/730/750
f 754/735/755 751/732/752 752/733/753
f 754/735/755 755/736/756 751/732/752
f 755/736/756 750/731/751 751/732/752
f 754/735/755 756/737/757 755/736/756
f 754/735/755 752/733/753 757/738/758
f 756/737/757 758/739/759 755/736/756
f 756/737/757 759/740/760 758/739/759
f 760/741/761 758/739/759 759/740/760
f 760/741/761 759/740/760 761/742/762
f 750/731/751 762/743/763 748/729/749
f 763/744/764 762/743/763 750/731/751
f 755/736/756 763/744/764 750/731/751
f 763/744/764 755/736/756 758/739/759
f 763/744/764 764/745/765 762/743/763
f 765/746/766 764/745/765 763/744/764
f 763/744/764 758/739/759 765/746/766
f 765/746/766 758/739/759 760/741/761
f 765/746/766 766/747/767 764/745/765
f 767/748/768 766/747/767 765/746/766
f 765/746/766 760/741/761 767/748/768
f 767/748/768 768/749/769 766/747/767
f 757/738/758 770/750/770 769/751/771
f 757/738/758 752/733/753 770/750/770
f 753/734/754 770/750/770 752/733/753
f 753/734/754 771/752/772 770/750/770
f 753/734/754 772/753/773 771/752/772
f 753/734/754 773/754/774 772/753/773
f 774/755/775 772/753/773 773/754/774
f 775/756/776 774/755/775 773/754/774
f 775/756/776 773/754/774 776/757/777
f 774/755/775 777/758/778 772/753/773
f 776/757/777 733/716/734 775/756/776
f 776/757/777 734/717/735 733/716/734
f 734/717/735 776/757/777 745/726/746
f 776/757/777 747/728/748 745/726/746
f 776/757/777 773/754/774 747/728/748
f 778/759/779 771/752/772 772/753/773
f 777/758/778 778/759/779 772/753/773
f 769/751/771 770/750/770 779/759/780
f 777/758/778 780/760/781 778/759/779
f 773/754/774 753/734/754 749/730/750
f 747/728/748 773/754/774 749/730/750
f 769/751/771 779/759/780 781/760/782
f 782/761/783 742/707/743 740/723/741
f 740/723/741 783/762/784 782/761/783
f 740/723/741 729/712/730 783/762/784
f 729/712/730 726/709/727 783/762/784
f 722/705/723 782/761/783 783/762/784
f 782/761/783 722/705/723 784/707/785
f 722/705/723 783/762/784 713/696/714
f 783/762/784 726/709/727 713/696/714
f 770/750/770 771/752/772 785/759/786
f 786/763/787 788/764/788 787/765/789
f 786/763/787 789/766/790 788/764/788
f 787/765/789 790/767/791 786/763/787
f 787/765/789 791/768/792 790/767/791
f 790/767/791 791/768/792 792/769/793
f 790/767/791 792/769/793 793/770/794
f 794/771/795 788/764/788 789/766/790
f 794/771/795 795/772/796 788/764/788
f 796/773/797 795/772/796 794/771/795
f 796/773/797 797/774/798 795/772/796
f 796/773/797 798/775/799 797/774/798
f 796/773/797 799/776/800 798/775/799
f 794/771/795 799/776/800 796/773/797
f 800/777/801 798/775/799 799/776/800
f 800/777/801 801/778/802 798/775/799
f 802/779/803 790/767/791 793/770/794
f 802/779/803 786/763/787 790/767/791
f 789/766/790 786/763/787 802/779/803
f 799/776/800 803/780/804 800/777/801
f 799/776/800 804/781/805 803/780/804
f 794/771/795 804/781/805 799/776/800
f 804/781/805 805/782/806 803/780/804
f 789/766/790 802/779/803 805/782/806
f 789/766/790 804/781/805 794/771/795
f 789/766/790 805/782/806 804/781/805
f 806/783/807 793/770/794 792/769/793
f 806/783/807 792/769/793 807/784/808
f 806/783/807 807/784/808 808/785/809
f 806/783/807 808/785/809 809/786/810
f 810/787/811 809/786/810 808/785/809
f 810/787/811 808/785/809 811/788/812
f 812/789/813 810/787/811 811/788/812
f 812/789/813 813/790/814 810/787/811
f 813/790/814 812/789/813 814/791/815
f 813/790/814 814/791/815 815/792/816
f 816/793/817 815/792/816 814/791/815
f 816/793/817 814/791/815 817/794/818
f 817/794/818 818/795/819 816/793/817
f 817/794/818 819/796/820 818/795/819
f 818/795/819 819/796/820 820/797/821
f 818/795/819 820/797/821 821/798/822
f 821/798/822 816/793/817 818/795/819
f 822/799/823 821/798/822 820/797/821
f 822/799/823 820/797/821 823/800/824
f 824/801/825 810/787/811 813/790/814
f 824/801/825 809/786/810 810/787/811
f 815/792/816 824/801/825 813/790/814
f 815/792/816 825/802/826 824/801/825
f 816/793/817 825/802/826 815/792/816
f 822/799/823 826/803/827 821/798/822
f 821/798/822 826/803/827 816/793/817
f 816/793/817 826/803/827 825/802/826
f 822/799/823 827/804/828 826/803/827
f 825/802/826 826/803/827 827/804/828
f 825/802/826 827/804/828 828/805/829
f 827/804/828 829/806/830 828/805/829
f 803/780/804 828/805/829 829/806/830
f 803/780/804 829/806/830 830/807/831
f 831/777/832 803/780/804 830/807/831
f 831/777/832 830/807/831 832/778/833
f 827/804/828 833/808/834 829/806/830
f 834/799/835 833/808/834 827/804/828
f 834/799/835 835/800/836 833/808/834
f 825/802/826 828/805/829 836/809/837
f 836/809/837 824/801/825 825/802/826
f 805/782/806 828/805/829 803/780/804
f 805/782/806 836/809/837 828/805/829
f 836/809/837 837/810/838 824/801/825
f 837/810/838 809/786/810 824/801/825
f 837/810/838 806/783/807 809/786/810
f 837/810/838 793/770/794 806/783/807
f 837/810/838 802/779/803 793/770/794
f 802/779/803 836/809/837 805/782/806
f 802/779/803 837/810/838 836/809/837
f 838/811/839 840/812/840 839/813/841
f 840/812/840 838/811/839 841/814/842
f 840/812/840 841/814/842 842/815/843
f 843/816/844 841/814/842 838/811/839
f 843/816/844 844/817/845 841/814/842
f 844/817/845 843/816/844 845/818/846
f 844/817/845 845/818/846 846/819/847
f 847/820/848 841/814/842 844/817/845
f 847/820/848 848/821/849 841/814/842
f 848/821/849 842/815/843 841/814/842
f 849/822/850 842/815/843 848/821/849
f 849/822/850 850/823/851 842/815/843
f 840/812/840 842/815/843 850/823/851
f 849/822/850 851/824/852 850/823/851
f 849/822/850 852/825/853 851/824/852
f 851/824/852 852/825/853 853/826/854
f 853/826/854 854/827/855 851/824/852
f 853/826/854 855/828/856 854/827/855
f 855/828/856 853/826/854 856/829/857
f 855/828/856 856/829/857 857/830/858
f 858/831/859 856/829/857 853/826/854
f 859/832/860 856/829/857 858/831/859
f 859/832/860 860/833/861 856/829/857
f 860/833/861 861/834/862 856/829/857
f 856/829/857 861/834/862 857/830/858
f 858/831/859 853/826/854 862/835/863
f 853/826/854 852/825/853 862/835/863
f 855/828/856 857/830/858 863/836/864
f 857/830/858 864/837/865 863/836/864
f 855/828/856 863/836/864 865/838/866
f 865/838/866 854/827/855 855/828/856
f 865/838/866 866/839/867 854/827/855
f 867/840/868 854/827/855 866/839/867
f 867/840/868 866/839/867 868/841/869
f 851/824/852 854/827/855 867/840/868
f 851/824/852 867/840/868 850/823/851
f 869/842/870 858/831/859 862/835/863
f 869/842/870 862/835/863 870/843/871
f 869/842/870 870/843/871 871/844/872
f 869/842/870 871/844/872 872/845/873
f 870/843/871 862/835/863 873/846/874
f 872/845/873 874/847/875 869/842/870
f 872/845/873 875/848/876 874/847/875
f 876/849/877 871/844/872 870/843/871
f 840/812/840 850/823/851 867/840/868
f 840/812/840 867/840/868 868/841/869
f 840/812/840 868/841/869 839/813/841
f 875/848/876 872/845/873 877/850/878
f 858/831/859 869/842/870 874/847/875
f 858/831/859 874/847/875 878/851/879
f 859/832/860 858/831/859 878/851/879
f 879/852/880 880/853/881 873/846/874
f 879/852/880 881/854/882 880/853/881
f 881/854/882 879/852/880 882/855/883
f 881/854/882 882/855/883 883/856/884
f 884/857/885 880/853/881 881/854/882
f 884/857/885 876/849/886 880/853/881
f 873/846/874 880/853/881 885/858/887
f 886/859/888 881/854/882 883/856/884
f 886/859/888 884/857/885 881/854/882
f 886/859/888 887/860/889 884/857/885
f 888/861/890 883/856/884 882/855/883
f 848/821/849 882/855/883 879/852/880
f 882/855/883 848/821/849 847/820/848
f 847/820/848 889/862/891 882/855/883
f 890/863/892 882/855/883 889/862/891
f 891/864/893 889/862/891 847/820/848
f 891/864/893 847/820/848 892/865/894
f 892/865/894 847/820/848 844/817/845
f 892/865/894 844/817/845 846/819/847
f 846/819/847 893/866/895 892/865/894
f 846/819/847 894/867/896 893/866/895
f 892/865/894 895/868/897 891/864/893
f 892/865/894 893/866/895 895/868/897
f 845/818/846 894/867/896 846/819/847
f 845/818/846 896/869/898 894/867/896
f 845/818/846 897/870/899 896/869/898
f 845/818/846 898/871/900 897/870/899
f 898/871/900 845/818/846 843/816/844
f 898/871/900 843/816/844 899/872/901
f 899/872/901 900/873/902 898/871/900
f 899/872/901 901/874/903 900/873/902
f 901/874/903 902/875/904 900/873/902
f 901/874/903 903/876/905 902/875/904
f 903/876/905 904/877/906 902/875/904
f 903/876/905 905/878/907 904/877/906
f 902/875/904 906/879/908 900/873/902
f 907/880/909 894/867/896 896/869/898
f 907/880/909 896/869/898 908/881/910
f 908/881/910 909/882/911 907/880/909
f 908/881/910 910/883/912 909/882/911
f 910/883/912 908/881/910 911/884/913
f 910/883/912 911/884/913 912/885/914
f 912/885/914 913/886/915 910/883/912
f 912/885/914 914/887/916 913/886/915
f 910/883/912 915/888/917 909/882/911
f 910/883/912 913/886/915 915/888/917
f 912/885/914 916/889/918 914/887/916
f 912/885/914 917/890/919 916/889/918
f 918/891/920 912/885/914 911/884/913
f 918/891/920 917/890/919 912/885/914
f 919/892/921 917/890/919 918/891/920
f 920/893/922 913/886/915 914/887/916
f 915/888/917 913/886/915 920/893/922
f 915/888/917 920/893/922 921/894/923
f 915/888/917 921/894/923 922/895/924
f 920/893/922 914/887/916 923/896/925
f 914/887/916 924/897/926 923/896/925
f 914/887/916 916/889/918 924/897/926
f 925/898/927 915/888/917 922/895/924
f 925/898/927 922/895/924 926/899/928
f 927/900/929 926/899/928 922/895/924
f 921/894/923 927/900/929 922/895/924
f 921/894/923 928/901/930 927/900/929
f 926/899/928 929/902/931 925/898/927
f 929/902/931 909/882/911 925/898/927
f 925/898/927 909/882/911 915/888/917
f 929/902/931 907/880/909 909/882/911
f 894/867/896 907/880/909 929/902/931
f 894/867/896 929/902/931 893/866/895
f 926/899/928 930/903/932 929/902/931
f 930/903/932 893/866/895 929/902/931
f 895/868/897 893/866/895 930/903/932
f 895/868/897 930/903/932 931/904/933
f 895/868/897 931/904/933 932/905/934
f 927/900/929 928/901/930 933/906/935
f 927/900/929 933/906/935 934/907/936
f 935/908/937 933/906/935 928/901/930
f 935/908/937 936/909/938 933/906/935
f 936/909/938 934/907/936 933/906/935
f 937/910/939 936/909/938 935/908/937
f 937/910/939 938/911/940 936/909/938
f 936/909/938 938/911/940 939/912/941
f 936/909/938 939/912/941 934/907/936
f 937/910/939 935/908/937 940/913/942
f 941/914/943 937/910/939 940/913/942
f 941/914/943 940/913/942 942/915/944
f 943/916/945 941/914/943 942/915/944
f 943/916/945 942/915/944 944/917/946
f 937/910/939 941/914/943 945/918/947
f 941/914/943 946/919/948 945/918/947
f 941/914/943 943/916/945 946/919/948
f 946/919/948 943/916/945 947/920/949
f 948/921/950 946/919/948 947/920/949
f 948/921/950 947/920/949 949/922/951
f 950/923/952 946/919/948 948/921/950
f 950/923/952 945/918/947 946/919/948
f 948/921/950 951/924/953 950/923/952
f 950/923/952 952/925/954 945/918/947
f 952/925/954 937/910/939 945/918/947
f 949/922/951 953/926/955 948/921/950
f 953/926/955 951/924/953 948/921/950
f 949/922/951 954/927/956 953/926/955
f 955/928/957 953/926/955 954/927/956
f 955/928/957 951/924/953 953/926/955
f 956/929/958 951/924/953 955/928/957
f 955/928/957 954/927/956 957/930/959
f 957/930/959 958/931/960 955/928/957
f 958/931/960 956/929/958 955/928/957
f 957/930/959 959/932/961 958/931/960
f 950/923/952 960/933/962 952/925/954
f 960/933/962 950/923/952 961/934/963
f 961/934/963 951/924/953 956/929/958
f 950/923/952 951/924/953 961/934/963
f 961/934/963 956/929/958 962/935/964
f 962/935/964 963/936/965 961/934/963
f 960/933/962 961/934/963 963/936/965
f 962/935/964 964/937/966 963/936/965
f 964/937/966 965/938/967 963/936/965
f 966/939/968 964/937/966 962/935/964
f 966/939/968 965/938/967 964/937/966
f 967/940/969 960/933/962 963/936/965
f 963/936/965 965/938/967 967/940/969
f 968/941/970 967/940/969 965/938/967
f 967/940/969 969/942/971 960/933/962
f 965/938/967 970/943/972 968/941/970
f 971/944/973 968/941/970 970/943/972
f 971/944/973 972/945/974 968/941/970
f 972/945/974 973/946/975 968/941/970
f 973/946/975 969/942/971 967/940/969
f 967/940/969 968/941/970 973/946/975
f 971/944/973 974/947/976 972/945/974
f 971/944/973 975/948/977 974/947/976
f 976/949/978 965/938/967 966/939/968
f 976/949/978 977/950/979 965/938/967
f 965/938/967 977/950/979 970/943/972
f 973/946/975 978/951/980 969/942/971
f 979/952/981 973/946/975 972/945/974
f 979/952/981 972/945/974 980/953/982
f 980/953/982 972/945/974 974/947/976
f 979/952/981 981/954/983 973/946/975
f 978/951/980 973/946/975 981/954/983
f 979/952/981 982/955/984 981/954/983
f 980/953/982 982/955/984 979/952/981
f 983/956/985 982/955/984 980/953/982
f 982/955/984 983/956/985 984/957/986
f 983/956/985 985/958/987 984/957/986
f 983/956/985 986/959/988 985/958/987
f 986/959/988 987/960/989 985/958/987
f 985/958/987 987/960/989 988/961/990
f 988/961/990 984/957/986 985/958/987
f 988/961/990 987/960/989 989/962/991
f 986/959/988 990/963/992 987/960/989
f 991/964/993 990/963/992 986/959/988
f 991/964/993 992/965/994 990/963/992
f 992/965/994 991/964/993 993/966/995
f 994/967/996 991/964/993 986/959/988
f 983/956/985 994/967/996 986/959/988
f 994/967/996 995/968/997 991/964/993
f 994/967/996 996/969/998 995/968/997
f 996/969/998 997/970/999 995/968/997
f 996/969/998 998/971/1000 997/970/999
f 994/967/996 999/972/1001 996/969/998
f 998/971/1000 1000/973/1002 997/970/999
f 998/971/1000 1001/974/1003 1000/973/1002
f 1001/974/1003 1002/975/1004 1000/973/1002
f 1003/976/1005 997/970/999 1000/973/1002
f 1003/976/1005 1004/977/1006 997/970/999
f 1004/977/1006 992/965/994 993/966/995
f 995/968/997 1004/977/1006 993/966/995
f 995/968/997 997/970/999 1004/977/1006
f 1003/976/1005 1005/978/1007 1004/977/1006
f 1004/977/1006 1005/978/1007 992/965/994
f 1003/976/1005 1006/979/1008 1005/978/1007
f 1000/973/1002 1007/980/1009 1003/976/1005
f 1006/979/1008 1003/976/1005 1007/980/1009
f 1000/973/1002 1008/981/1010 1007/980/1009
f 1008/981/1010 1000/973/1002 1002/975/1004
f 1006/979/1008 1009/982/1011 1005/978/1007
f 1006/979/1008 1010/983/1012 1009/982/1011
f 1011/984/1013 1005/978/1007 1009/982/1011
f 1011/984/1013 992/965/994 1005/978/1007
f 1012/985/1014 992/965/994 1011/984/1013
f 1012/985/1014 990/963/992 992/965/994
f 990/963/992 1012/985/1014 1013/986/1015
f 990/963/992 1013/986/1015 987/960/989
f 1006/979/1008 1014/987/1016 1010/983/1012
f 1014/987/1016 1006/979/1008 1015/988/1017
f 1006/979/1008 1007/980/1009 1015/988/1017
f 987/960/989 1016/989/1018 989/962/991
f 987/960/989 1017/990/1019 1016/989/1018
f 1017/990/1019 1018/991/1020 1016/989/1018
f 1019/992/1021 1016/989/1018 1018/991/1020
f 1019/992/1021 1018/991/1020 1020/993/1022
f 1016/989/1018 1021/994/1023 989/962/991
f 1016/989/1018 1019/992/1021 1021/994/1023
f 989/962/991 1021/994/1023 1022/995/1024
f 1023/996/1025 1022/995/1024 1021/994/1023
f 1023/996/1025 1021/994/1023 1024/860/1026
f 1024/860/1026 1021/994/1023 1019/992/1021
f 989/962/991 1022/995/1024 1025/997/1027
f 1023/996/1025 886/859/1028 1022/995/1024
f 1023/996/1025 1026/860/1029 886/859/1028
f 1022/995/1024 886/859/1028 890/863/892
f 1027/998/1030 1022/995/1024 890/863/892
f 1027/998/1030 1028/999/1031 1022/995/1024
f 1027/998/1030 932/905/934 1028/999/1031
f 1027/998/1030 890/863/892 889/862/891
f 1027/998/1030 889/862/891 891/864/893
f 891/864/893 932/905/934 1027/998/1030
f 886/859/1028 1029/861/1032 890/863/892
f 882/855/883 890/863/892 1029/861/1032
f 891/864/893 895/868/897 932/905/934
f 1030/861/1033 886/859/888 1031/856/1033
f 988/961/990 989/962/991 1025/997/1027
f 1032/1000/1034 1034/1001/1035 1033/1002/1036
f 1032/1000/1034 838/811/839 1034/1001/1035
f 1035/1003/1037 1032/1000/1034 1033/1002/1036
f 899/872/901 838/811/839 1032/1000/1034
f 901/874/903 899/872/901 1032/1000/1034
f 901/874/903 1032/1000/1034 1036/1004/1038
f 901/874/903 1036/1004/1038 1037/1005/1039
f 901/874/903 1037/1005/1039 903/876/905
f 1038/1006/1040 903/876/905 1037/1005/1039
f 1038/1006/1040 905/878/907 903/876/905
f 899/872/901 843/816/844 838/811/839
f 1035/1003/1037 1033/1002/1036 1039/1007/1041
f 1035/1003/1037 1039/1007/1041 1040/1008/1042
f 1040/1008/1042 1039/1007/1041 1041/1009/1043
f 1042/1010/1044 1041/1009/1043 1039/1007/1041
f 1043/1011/1045 1041/1009/1043 1042/1010/1044
f 1042/1010/1044 1044/1012/1046 1043/1011/1045
f 1042/1010/1044 1045/1013/1047 1044/1012/1046
f 1042/1010/1044 1046/1014/1048 1045/1013/1047
f 1042/1010/1044 1047/1015/1049 1046/1014/1048
f 1042/1010/1044 1039/1007/1041 1047/1015/1049
f 1043/1011/1045 1048/1016/1050 1041/1009/1043
f 1049/1017/1051 1048/1016/1050 1043/1011/1045
f 1049/1017/1051 1050/1018/1052 1048/1016/1050
f 1051/1019/1053 1043/1011/1045 1044/1012/1046
f 1051/1019/1053 1049/1017/1051 1043/1011/1045
f 1048/1016/1050 1052/1020/1054 1041/1009/1043
f 1040/1008/1042 1041/1009/1043 1052/1020/1054
f 1048/1016/1050 1053/1021/1055 1052/1020/1054
f 1053/1021/1055 1048/1016/1050 1050/1018/1052
f 1053/1021/1055 1050/1018/1052 1054/1022/1056
f 1055/1023/1057 1054/1022/1056 1050/1018/1052
f 1056/1024/1058 1049/1017/1051 1051/1019/1053
f 1057/1025/1059 1046/1014/1048 1047/1015/1049
f 1057/1025/1059 1047/1015/1049 1034/1001/1035
f 838/811/839 1057/1025/1059 1034/1001/1035
f 1033/1002/1036 1034/1001/1035 1047/1015/1049
f 1033/1002/1036 1047/1015/1049 1039/1007/1041
f 1055/1023/1057 1050/1018/1052 1058/1026/1060
f 1058/1026/1060 1050/1018/1052 1049/1017/1051
f 1058/1026/1060 1049/1017/1051 1059/1027/1061
f 1056/1024/1058 1059/1027/1061 1049/1017/1051
f 1055/1023/1057 1060/1028/1062 1054/1022/1056
f 1061/1029/1063 1062/1030/1064 1017/990/1019
f 1061/1029/1063 1063/1031/1065 1062/1030/1064
f 1063/1031/1065 1064/1032/1066 1062/1030/1064
f 1063/1031/1065 1065/1033/1067 1064/1032/1066
f 1065/1033/1067 1066/1034/1068 1064/1032/1066
f 1065/1033/1067 1067/1035/1069 1066/1034/1068
f 1067/1035/1069 1068/1036/1070 1066/1034/1068
f 1017/990/1019 1062/1030/1064 1069/991/1071
f 1070/1037/1072 1064/1032/1066 1066/1034/1068
f 1070/1037/1072 1071/1038/1073 1064/1032/1066
f 1062/1030/1064 1064/1032/1066 1071/1038/1073
f 1070/1037/1072 1072/1039/1074 1071/1038/1073
f 1070/1037/1072 1073/1040/1075 1072/1039/1074
f 1071/1038/1073 1072/1039/1074 1020/993/1022
f 1071/1038/1073 1020/993/1022 1074/1041/1076
f 1062/1030/1064 1071/1038/1073 1074/1041/1076
f 1074/1041/1076 1020/993/1022 1075/991/1077
f 1068/1036/1070 1076/1042/1078 1066/1034/1068
f 1070/1037/1072 1066/1034/1068 1077/1043/1079
f 1066/1034/1068 1076/1042/1078 1077/1043/1079
f 1073/1040/1075 1070/1037/1072 1077/1043/1079
f 1073/1040/1075 1077/1043/1079 1078/1044/1080
f 1079/1045/1081 1073/1040/1075 1078/1044/1080
f 1080/1046/1082 1082/1047/1083 1081/1048/1084
f 1080/1046/1082 1083/1049/1085 1082/1047/1083
f 1083/1049/1085 1084/1050/1086 1082/1047/1083
f 1082/1047/1083 1084/1050/1086 1085/1051/1087
f 1082/1047/1083 1085/1051/1087 1086/1052/1088
f 1087/1053/1089 1085/1051/1087 1084/1050/1086
f 1087/1053/1089 1088/1054/1090 1085/1051/1087
f 1083/1049/1085 1089/1055/1091 1084/1050/1086
f 1090/1056/1092 1082/1047/1083 1086/1052/1088
f 1090/1056/1092 1081/1048/1084 1082/1047/1083
f 1091/1057/1093 1081/1048/1084 1090/1056/1092
f 1091/1057/1093 1090/1056/1092 1092/1058/1094
f 1081/1048/1084 1093/1059/1095 1080/1046/1082
f 1081/1048/1084 1091/1057/1093 1093/1059/1095
f 1093/1059/1095 1094/1060/1096 1080/1046/1082
f 1093/1059/1095 1095/1061/1097 1094/1060/1096
f 1096/1003/1098 1095/1061/1097 1093/1059/1095
f 1096/1003/1098 1093/1059/1095 1032/1000/1034
f 1032/1000/1034 1093/1059/1095 1091/1057/1093
f 1097/1062/1099 1089/1055/1091 1083/1049/1085
f 1097/1062/1099 1083/1049/1085 1098/1063/1100
f 1080/1046/1082 1098/1063/1100 1083/1049/1085
f 1080/1046/1082 1094/1060/1096 1098/1063/1100
f 1097/1062/1099 1099/1064/1101 1089/1055/1091
f 1100/1065/1102 1089/1055/1091 1099/1064/1101
f 1097/1062/1099 1101/1066/1103 1099/1064/1101
f 1032/1000/1034 1091/1057/1093 1036/1004/1038
f 1036/1004/1038 1091/1057/1093 1092/1058/1094
f 1036/1004/1038 1092/1058/1094 1102/1067/1104
f 1103/1067/1105 1104/1068/1106 1036/1004/1038
f 1103/1067/1105 1105/1069/1107 1104/1068/1106
f 1104/1068/1106 1105/1069/1107 1106/1070/1108
f 1104/1068/1106 1106/1070/1108 1107/1071/1109
f 1108/1072/1110 1104/1068/1106 1107/1071/1109
f 1108/1072/1110 1107/1071/1109 1109/1073/1111
f 1109/1073/1111 1107/1071/1109 1110/1074/1112
f 1109/1073/1111 1110/1074/1112 1111/1075/1113
f 1112/1076/1114 1109/1073/1111 1111/1075/1113
f 1112/1076/1114 1113/1077/1115 1109/1073/1111
f 1108/1072/1110 1109/1073/1111 1113/1077/1115
f 1112/1076/1114 1111/1075/1113 1114/1078/1116
f 1114/1078/1116 1111/1075/1113 1110/1074/1112
f 1112/1076/1114 1114/1078/1116 1115/1079/1117
f 1116/1080/1118 1115/1079/1117 1114/1078/1116
f 1116/1080/1118 1117/1081/1119 1115/1079/1117
f 1114/1078/1116 1110/1074/1112 1118/1082/1120
f 1118/1082/1120 1119/1083/1121 1114/1078/1116
f 1114/1078/1116 1119/1083/1121 1116/1080/1118
f 1120/1084/1122 1118/1082/1120 1110/1074/1112
f 1120/1084/1122 1110/1074/1112 1121/1085/1123
f 1107/1071/1109 1121/1085/1123 1110/1074/1112
f 1107/1071/1109 1106/1070/1108 1121/1085/1123
f 1108/1072/1110 1113/1077/1115 1122/1086/1124
f 1122/1086/1124 1037/1005/1039 1108/1072/1110
f 1037/1005/1039 1104/1068/1106 1108/1072/1110
f 1037/1005/1039 1036/1004/1038 1104/1068/1106
f 1122/1086/1124 1038/1006/1040 1037/1005/1039
f 1123/1087/1125 1119/1083/1121 1118/1082/1120
f 1123/1087/1125 1118/1082/1120 1124/1088/1126
f 1124/1088/1126 1118/1082/1120 1120/1084/1122
f 1124/1088/1126 1120/1084/1122 1125/1089/1127
f 1126/1090/1128 1128/1091/1129 1127/1092/1130
f 1126/1090/1128 1129/1093/1131 1128/1091/1129
f 1130/1094/1132 1128/1091/1129 1129/1093/1131
f 1130/1094/1132 1129/1093/1131 1131/1095/1133
f 1131/1095/1133 1132/1096/1134 1130/1094/1132
f 1131/1095/1133 1133/1097/1135 1132/1096/1134
f 1133/1097/1135 1131/1095/1133 1134/1098/1136
f 1133/1097/1135 1134/1098/1136 1135/1099/1137
f 1136/1100/1138 1135/1099/1137 1134/1098/1136
f 1136/1100/1138 1134/1098/1136 1137/1101/1139
f 1134/1098/1136 1131/1095/1133 1138/1102/1140
f 1139/1102/1141 1137/1101/1139 1134/1098/1136
f 1140/1103/1142 1131/1095/1133 1129/1093/1131
f 1140/1103/1142 1137/1101/1143 1141/1102/1144
f 1140/1103/1142 1142/1104/1145 1137/1101/1143
f 1140/1103/1142 1143/1102/1146 1131/1095/1133
f 1144/1105/1147 1140/1103/1142 1129/1093/1131
f 1144/1105/1147 1142/1104/1145 1140/1103/1142
f 1144/1105/1147 1129/1093/1131 1126/1090/1128
f 1145/1106/1148 1144/1105/1147 1126/1090/1128
f 1145/1106/1148 1126/1090/1128 1146/1107/1149
f 1126/1090/1128 1147/1108/1150 1146/1107/1149
f 1144/1105/1147 1148/1109/1151 1142/1104/1145
f 1148/1109/1151 1144/1105/1147 1145/1106/1148
f 1135/1099/1137 1136/1100/1138 983/956/985
f 1126/1090/1128 1127/1092/1130 1147/1108/1150
f 1148/1109/1151 1145/1106/1148 1149/1110/1152
f 994/967/996 983/956/985 1150/1111/1153
f 994/967/996 1150/1111/1153 999/972/1001
f 1135/1099/1137 983/956/985 980/953/982
f 974/947/976 1135/1099/1137 980/953/982
f 974/947/976 1133/1097/1135 1135/1099/1137
f 975/948/977 1133/1097/1135 974/947/976
f 975/948/977 1132/1096/1134 1133/1097/1135
f 906/879/908 1152/1112/1154 1151/1113/1155
f 1153/1114/1156 1152/1112/1154 906/879/908
f 1153/1114/1156 906/879/908 1154/1115/1157
f 1155/1116/1158 1153/1114/1156 1154/1115/1157
f 1155/1116/1158 1154/1115/1157 1156/1117/1159
f 1157/1118/1160 1155/1116/1158 1156/1117/1159
f 1155/1116/1158 1157/1118/1160 1158/1119/1161
f 1155/1116/1158 1158/1119/1161 1159/1120/1162
f 1153/1114/1156 1155/1116/1158 1159/1120/1162
f 1157/1118/1160 1160/1121/1163 1158/1119/1161
f 1157/1118/1160 1161/1122/1164 1160/1121/1163
f 1161/1122/1164 1157/1118/1160 1162/1123/1165
f 1157/1118/1160 1156/1117/1159 1162/1123/1165
f 1161/1122/1164 1162/1123/1165 1163/1124/1166
f 1154/1115/1157 906/879/908 1164/1125/1167
f 1154/1115/1157 1164/1125/1167 1165/1126/1168
f 1165/1126/1168 1156/1117/1159 1154/1115/1157
f 1162/1123/1165 1166/1127/1169 1163/1124/1166
f 1162/1123/1165 1167/1128/1170 1166/1127/1169
f 1162/1123/1165 1168/1129/1171 1167/1128/1170
f 1162/1123/1165 1156/1117/1159 1168/1129/1171
f 1165/1126/1168 1168/1129/1171 1156/1117/1159
f 1153/1114/1156 1159/1120/1162 1169/1130/1172
f 1169/1130/1172 1152/1112/1154 1153/1114/1156
f 1169/1130/1172 1170/1131/1173 1152/1112/1154
f 1171/1132/1174 1152/1112/1154 1170/1131/1173
f 1171/1132/1174 1151/1113/1155 1152/1112/1154
f 919/892/921 1151/1113/1155 1171/1132/1174
f 919/892/921 1172/1133/1175 1151/1113/1155
f 919/892/921 1171/1132/1174 1173/1134/1176
f 918/891/920 1172/1133/1175 919/892/921
f 918/891/920 897/870/899 1172/1133/1175
f 918/891/920 911/884/913 897/870/899
f 898/871/900 1172/1133/1175 897/870/899
f 898/871/900 900/873/902 1172/1133/1175
f 911/884/913 896/869/898 897/870/899
f 911/884/913 908/881/910 896/869/898
f 1173/1134/1176 917/890/919 919/892/921
f 906/879/908 1172/1133/1175 900/873/902
f 906/879/908 1151/1113/1155 1172/1133/1175
f 906/879/908 902/875/904 1164/1125/1167
f 1164/1125/1167 902/875/904 904/877/906
f 1174/1135/1177 1176/1136/1178 1175/1137/1179
f 1174/1135/1177 1177/1138/1180 1176/1136/1178
f 1178/1139/1181 1175/1137/1179 1176/1136/1178
f 1178/1139/1181 1179/1140/1182 1175/1137/1179
f 1174/1135/1177 1180/1141/1183 1177/1138/1180
f 1180/1141/1183 1181/1142/1184 1177/1138/1180
f 1177/1138/1180 1181/1142/1184 1182/1143/1185
f 1183/1144/1186 1177/1138/1180 1182/1143/1185
f 1184/1145/1187 1177/1138/1180 1183/1144/1186
f 1184/1145/1187 1176/1136/1178 1177/1138/1180
f 1178/1139/1181 1176/1136/1178 1184/1145/1187
f 1183/1144/1186 1182/1143/1185 1185/1146/1188
f 1185/1146/1188 1182/1143/1185 1186/1147/1189
f 1185/1146/1188 1186/1147/1189 1187/1148/1190
f 1184/1145/1187 1183/1144/1186 1188/1149/1191
f 1183/1144/1186 1189/1150/1192 1188/1149/1191
f 1183/1144/1186 1185/1146/1188 1189/1150/1192
f 1190/1151/1193 1185/1146/1188 1187/1148/1190
f 1190/1151/1193 1189/1150/1192 1185/1146/1188
f 1191/1152/1194 1182/1143/1185 1181/1142/1184
f 1191/1152/1194 1186/1147/1189 1182/1143/1185
f 1192/1153/1195 1186/1147/1189 1191/1152/1194
f 1192/1153/1195 1193/1154/1196 1186/1147/1189
f 1193/1154/1196 1190/1151/1193 1187/1148/1190
f 1186/1147/1189 1193/1154/1196 1187/1148/1190
f 1194/1155/1197 1190/1151/1193 1193/1154/1196
f 1195/1156/1198 1188/1149/1191 1189/1150/1192
f 1196/1157/1199 1188/1149/1191 1195/1156/1198
f 1196/1157/1199 1197/1158/1200 1188/1149/1191
f 959/932/961 1197/1158/1200 1196/1157/1199
f 959/932/961 1198/1159/1201 1197/1158/1200
f 1199/1160/1202 1197/1158/1200 1198/1159/1201
f 1197/1158/1200 1199/1160/1202 1188/1149/1191
f 1199/1160/1202 1198/1159/1201 1200/1161/1203
f 1200/1161/1203 1201/1162/1204 1199/1160/1202
f 1200/1161/1203 1202/1163/1205 1201/1162/1204
f 1195/1156/1198 958/931/960 1196/1157/1199
f 958/931/960 959/932/961 1196/1157/1199
f 1195/1156/1198 1203/1164/1206 958/931/960
f 1194/1155/1197 1203/1164/1206 1190/1151/1193
f 1194/1155/1197 958/931/960 1203/1164/1206
f 1184/1145/1187 1199/1160/1202 1201/1162/1204
f 1203/1164/1206 1195/1156/1198 1189/1150/1192
f 1203/1164/1206 1189/1150/1192 1190/1151/1193
f 1184/1145/1187 1188/1149/1191 1199/1160/1202
f 956/929/958 958/931/960 1204/1165/1207
f 962/935/964 956/929/958 1204/1165/1207
f 962/935/964 1204/1165/1207 1205/939/1208
f 1206/966/1209 1207/964/1209 995/968/1210
f 1208/991/1211 1062/1030/1212 1209/1041/1211
f 1210/853/1213 876/849/1214 1211/858/1215
f 876/849/1214 1212/843/1216 1211/858/1215
f 976/949/978 966/939/968 1180/1141/1183
f 1174/1135/1177 976/949/978 1180/1141/1183
f 1181/1142/1184 1180/1141/1183 1213/939/1217
f 1181/1142/1184 1213/939/1217 1191/1152/1194
f 1213/939/1217 1192/1153/1195 1191/1152/1194
f 1214/843/1218 873/846/874 885/858/887
f 873/846/874 849/822/850 879/852/880
f 848/821/849 879/852/880 849/822/850
f 873/846/874 852/825/853 849/822/850
f 862/835/863 852/825/853 873/846/874
f 1215/1166/1219 1217/1167/1220 1216/1168/1221
f 1215/1166/1219 1218/1169/1222 1217/1167/1220
f 1217/1167/1220 1218/1169/1222 1219/1170/1223
f 1220/1171/1224 1215/1166/1219 1216/1168/1221
f 1220/1171/1224 1216/1168/1221 1221/1172/1225
f 1222/1173/1226 1216/1168/1221 1217/1167/1220
f 1222/1173/1226 1217/1167/1220 1219/1170/1223
f 1222/1173/1226 1223/1174/1227 1216/1168/1221
f 1223/1174/1227 1221/1172/1225 1216/1168/1221
f 1224/1175/1228 1222/1173/1226 1219/1170/1223
f 1225/1176/1229 1222/1173/1226 1224/1175/1228
f 1225/1176/1229 1223/1174/1227 1222/1173/1226
f 1223/1174/1227 1226/1177/1230 1221/1172/1225
f 1227/1178/1231 1223/1174/1227 1225/1176/1229
f 1227/1178/1231 1226/1177/1230 1223/1174/1227
f 1221/1172/1225 1228/1179/1232 1220/1171/1224
f 1221/1172/1225 1229/1180/1233 1228/1179/1232
f 1221/1172/1225 1230/1181/1234 1229/1180/1233
f 1231/1178/1235 1230/1181/1234 1226/1177/1230
f 1227/1178/1231 1232/1182/1236 1230/1181/1234
f 1233/1172/1237 1226/1177/1230 1230/1181/1234
f 1234/1183/1238 1236/1184/1239 1235/1185/1240
f 1237/1186/1241 1236/1184/1239 1234/1183/1238
f 1237/1186/1241 1234/1183/1238 1238/1187/1242
f 1237/1186/1241 1238/1187/1242 1239/1188/1243
f 1238/1187/1242 1234/1183/1238 1240/1185/1244
f 1237/1186/1241 1241/1189/1245 1236/1184/1239
f 1242/1190/1246 1241/1189/1245 1237/1186/1241
f 1242/1190/1246 1243/1191/1247 1241/1189/1245
f 1244/1192/1248 1237/1186/1241 1239/1188/1243
f 1244/1192/1248 1242/1190/1246 1237/1186/1241
f 1245/1193/1249 1239/1188/1243 1238/1187/1242
f 1245/1193/1249 1238/1187/1242 1246/1194/1250
f 1247/1195/1251 1245/1193/1249 1246/1194/1250
f 1247/1195/1251 1246/1194/1250 1248/1196/1252
f 1248/1196/1252 1246/1194/1250 1249/1185/1253
f 1246/1194/1250 1238/1187/1242 1250/1185/1254
f 1251/1197/1255 1239/1188/1243 1245/1193/1249
f 1244/1192/1248 1239/1188/1243 1251/1197/1255
f 1244/1192/1248 1252/1198/1256 1242/1190/1246
f 1243/1191/1247 1242/1190/1246 1252/1198/1256
f 1244/1192/1248 1253/1199/1257 1252/1198/1256
f 1243/1191/1247 1252/1198/1256 1254/1200/1258
f 1255/1201/1259 1244/1192/1248 1251/1197/1255
f 1256/1201/1260 1253/1199/1257 1244/1192/1248
f 1251/1197/1255 1245/1193/1249 1257/1202/1261
f 1247/1195/1251 1257/1202/1261 1245/1193/1249
f 1247/1195/1251 1258/1203/1262 1257/1202/1261
f 1258/1203/1262 1259/1204/1263 1257/1202/1261
f 1258/1203/1262 1260/1205/1264 1259/1204/1263
f 1261/1201/1265 1257/1202/1261 1259/1204/1263
f 1261/1201/1265 1251/1197/1255 1257/1202/1261
f 1262/1206/1266 1264/1207/1267 1263/1208/1268
f 1265/1209/1269 1263/1208/1268 1264/1207/1267
f 1266/1210/1270 1268/1211/1271 1267/1212/1272
f 1266/1210/1270 1269/1213/1273 1268/1211/1271
f 1268/1211/1271 1269/1213/1273 1270/1214/1274
f 1271/1215/1275 1266/1210/1270 1267/1212/1272
f 1271/1215/1275 1267/1212/1272 1272/1216/1276
f 1273/1217/1277 1267/1212/1272 1268/1211/1271
f 1273/1217/1277 1274/1218/1278 1267/1212/1272
f 1274/1218/1278 1272/1216/1276 1267/1212/1272
f 1273/1217/1277 1268/1211/1271 1275/1214/1279
f 1276/1219/1280 1273/1217/1277 1275/1214/1279
f 1277/1220/1281 1273/1217/1277 1276/1219/1280
f 1277/1220/1281 1274/1218/1278 1273/1217/1277
f 1278/1221/1282 1277/1220/1281 1276/1219/1280
f 1278/1221/1282 1276/1219/1280 1279/1222/1283
f 1279/1222/1283 1276/1219/1280 1280/1214/1284
f 1281/1223/1285 1277/1220/1281 1278/1221/1282
f 1281/1223/1285 1282/1224/1286 1277/1220/1281
f 1282/1224/1286 1274/1218/1278 1277/1220/1281
f 1274/1218/1278 1283/1225/1287 1272/1216/1276
f 1282/1224/1286 1284/1225/1288 1274/1218/1278
f 1272/1216/1276 1285/1226/1289 1271/1215/1275
f 1272/1216/1276 1286/1227/1290 1285/1226/1289
f 1272/1216/1276 1287/1228/1291 1286/1227/1290
f 1272/1216/1276 1288/1225/1292 1287/1228/1291
f 1282/1224/1286 1281/1223/1285 1289/1229/1293
f 1282/1224/1286 1289/1229/1293 1290/1230/1294
f 1282/1224/1286 1290/1230/1294 1291/1228/1295
f 1282/1224/1286 1291/1228/1295 1292/1225/1296
f 1293/1231/1297 1295/1232/1298 1294/1233/1299
f 1293/1231/1297 1296/1234/1300 1295/1232/1298
f 1296/1234/1300 1293/1231/1297 1297/1235/1301
f 1298/1236/1302 1294/1233/1299 1295/1232/1298
f 1298/1236/1302 1299/1237/1303 1294/1233/1299
f 1300/1238/1304 1295/1232/1298 1296/1234/1300
f 1300/1238/1304 1296/1234/1300 1301/1239/1305
f 1302/1240/1306 1300/1238/1304 1301/1239/1305
f 1302/1240/1306 1303/1241/1307 1300/1238/1304
f 1302/1240/1306 1301/1239/1305 1304/1235/1308
f 1303/1241/1307 1305/1242/1309 1300/1238/1304
f 1303/1241/1307 1306/1243/1310 1305/1242/1309
f 1301/1239/1305 1296/1234/1300 1307/1235/1311
f 1308/1244/1312 1300/1238/1304 1305/1242/1309
f 1298/1236/1302 1295/1232/1298 1308/1244/1312
f 1308/1244/1312 1295/1232/1298 1300/1238/1304
f 1306/1243/1310 1309/1245/1313 1305/1242/1309
f 1306/1243/1310 1310/1246/1314 1309/1245/1313
f 1311/1247/1315 1305/1242/1309 1309/1245/1313
f 1311/1247/1315 1308/1244/1312 1305/1242/1309
f 1311/1247/1315 1298/1236/1302 1308/1244/1312
f 1299/1237/1303 1298/1236/1302 1312/1248/1316
f 1311/1247/1315 1312/1248/1316 1298/1236/1302
f 1299/1237/1303 1312/1248/1316 1313/1249/1317
f 1314/1250/1318 1316/1251/1319 1315/1252/1320
f 1317/1253/1321 1315/1252/1320 1316/1251/1319
f 1318/1254/1322 1320/1255/1323 1319/1256/1324
f 1318/1254/1322 1321/1257/1325 1320/1255/1323
f 1320/1255/1323 1321/1257/1325 1322/1258/1326
f 1323/1259/1327 1318/1254/1322 1319/1256/1324
f 1323/1259/1327 1319/1256/1324 1324/1260/1328
f 1325/1261/1329 1319/1256/1324 1320/1255/1323
f 1325/1261/1329 1326/1262/1330 1319/1256/1324
f 1326/1262/1330 1324/1260/1328 1319/1256/1324
f 1325/1261/1329 1320/1255/1323 1327/1258/1331
f 1328/1263/1332 1325/1261/1329 1327/1258/1331
f 1329/1264/1333 1325/1261/1329 1328/1263/1332
f 1329/1264/1333 1326/1262/1330 1325/1261/1329
f 1330/1265/1334 1329/1264/1333 1328/1263/1332
f 1330/1265/1334 1328/1263/1332 1331/1266/1335
f 1331/1266/1335 1328/1263/1332 1332/1258/1336
f 1333/1267/1337 1329/1264/1333 1330/1265/1334
f 1333/1267/1337 1334/1268/1338 1329/1264/1333
f 1334/1268/1338 1326/1262/1330 1329/1264/1333
f 1326/1262/1330 1335/1269/1339 1324/1260/1328
f 1334/1268/1338 1336/1269/1340 1326/1262/1330
f 1324/1260/1328 1337/1270/1341 1323/1259/1327
f 1324/1260/1328 1338/1271/1342 1337/1270/1341
f 1324/1260/1328 1339/1272/1343 1338/1271/1342
f 1324/1260/1328 1340/1269/1344 1339/1272/1343
f 1334/1268/1338 1333/1267/1337 1341/1273/1345
f 1334/1268/1338 1341/1273/1345 1342/1274/1346
f 1334/1268/1338 1342/1274/1346 1343/1272/1347
f 1334/1268/1338 1343/1272/1347 1344/1269/1348
f 1345/1275/1349 1347/1276/1350 1346/1277/1351
f 1345/1275/1349 1348/1278/1352 1347/1276/1350
f 1347/1276/1350 1348/1278/1352 1349/1279/1353
f 1350/1280/1354 1345/1275/1349 1346/1277/1351
f 1350/1280/1354 1351/1281/1355 1345/1275/1349
f 1352/1282/1356 1346/1277/1351 1347/1276/1350
f 1352/1282/1356 1347/1276/1350 1353/1283/1357
f 1354/1284/1358 1352/1282/1356 1353/1283/1357
f 1354/1284/1358 1353/1283/1357 1355/1285/1359
f 1355/1285/1359 1353/1283/1357 1356/1279/1360
f 1354/1284/1358 1357/1286/1361 1352/1282/1356
f 1354/1284/1358 1358/1287/1362 1357/1286/1361
f 1353/1283/1357 1347/1276/1350 1359/1279/1363
f 1360/1288/1364 1352/1282/1356 1357/1286/1361
f 1350/1280/1354 1346/1277/1351 1360/1288/1364
f 1360/1288/1364 1346/1277/1351 1352/1282/1356
f 1358/1287/1362 1361/1289/1365 1357/1286/1361
f 1358/1287/1362 1362/1290/1366 1361/1289/1365
f 1363/1291/1367 1357/1286/1361 1361/1289/1365
f 1364/1291/1368 1360/1288/1364 1357/1286/1361
f 1364/1291/1368 1350/1280/1354 1360/1288/1364
f 1351/1281/1355 1350/1280/1354 1365/1292/1369
f 1351/1281/1355 1365/1292/1369 1366/1293/1370
f 1367/1291/1371 1365/1292/1369 1350/1280/1354
f 1368/1294/1372 1370/1295/1373 1369/1296/1374
f 1371/1297/1375 1369/1296/1374 1370/1295/1373
f 1372/1298/1376 1374/1299/1377 1373/1300/1378
f 1372/1298/1376 1375/1301/1379 1374/1299/1377
f 1374/1299/1377 1375/1301/1379 1376/1302/1380
f 1377/1303/1381 1372/1298/1376 1373/1300/1378
f 1377/1303/1381 1373/1300/1378 1378/1304/1382
f 1379/1305/1383 1373/1300/1378 1374/1299/1377
f 1379/1305/1383 1380/1306/1384 1373/1300/1378
f 1380/1306/1384 1378/1304/1382 1373/1300/1378
f 1379/1305/1383 1374/1299/1377 1381/1302/1385
f 1382/1307/1386 1379/1305/1383 1381/1302/1385
f 1383/1308/1387 1379/1305/1383 1382/1307/1386
f 1383/1308/1387 1380/1306/1384 1379/1305/1383
f 1384/1309/1388 1383/1308/1387 1382/1307/1386
f 1384/1309/1388 1382/1307/1386 1385/1310/1389
f 1385/1310/1389 1382/1307/1386 1386/1302/1390
f 1387/1311/1391 1383/1308/1387 1384/1309/1388
f 1387/1311/1391 1388/1312/1392 1383/1308/1387
f 1388/1312/1392 1380/1306/1384 1383/1308/1387
f 1380/1306/1384 1389/1313/1393 1378/1304/1382
f 1388/1312/1392 1390/1313/1394 1380/1306/1384
f 1378/1304/1382 1391/1314/1395 1377/1303/1381
f 1378/1304/1382 1392/1315/1396 1391/1314/1395
f 1378/1304/1382 1393/1316/1397 1392/1315/1396
f 1378/1304/1382 1394/1313/1398 1393/1316/1397
f 1388/1312/1392 1387/1311/1391 1395/1317/1399
f 1388/1312/1392 1395/1317/1399 1396/1318/1400
f 1388/1312/1392 1396/1318/1400 1397/1316/1401
f 1388/1312/1392 1397/1316/1401 1398/1313/1402
f 1399/1319/1403 1401/1320/1404 1400/1321/1405
f 1399/1319/1403 1402/1322/1406 1401/1320/1404
f 1401/1320/1404 1402/1322/1406 1403/1323/1407
f 1404/1324/1408 1399/1319/1403 1400/1321/1405
f 1404/1324/1408 1405/1325/1409 1399/1319/1403
f 1406/1326/1410 1400/1321/1405 1401/1320/1404
f 1406/1326/1410 1401/1320/1404 1407/1327/1411
f 1408/1328/1412 1406/1326/1410 1407/1327/1411
f 1408/1328/1412 1407/1327/1411 1409/1329/1413
f 1409/1329/1413 1407/1327/1411 1410/1323/1414
f 1408/1328/1412 1411/1330/1415 1406/1326/1410
f 1408/1328/1412 1412/1331/1416 1411/1330/1415
f 1407/1327/1411 1401/1320/1404 1413/1323/1417
f 1414/1332/1418 1400/1321/1405 1406/1326/1410
f 1404/1324/1408 1400/1321/1405 1414/1332/1418
f 1414/1332/1418 1406/1326/1410 1411/1330/1415
f 1412/1331/1416 1415/1333/1419 1411/1330/1415
f 1412/1331/1416 1416/1334/1420 1415/1333/1419
f 1417/1335/1421 1404/1324/1408 1414/1332/1418
f 1417/1335/1421 1411/1330/1415 1415/1333/1419
f 1417/1335/1421 1414/1332/1418 1411/1330/1415
f 1405/1325/1409 1404/1324/1408 1418/1336/1422
f 1419/1335/1423 1418/1336/1422 1404/1324/1408
f 1405/1325/1409 1418/1336/1422 1420/1337/1424
f 1421/1338/1425 1423/1339/1426 1422/1340/1427
f 1424/1341/1428 1422/1340/1427 1423/1339/1426
f 1425/1342/1429 1427/1343/1430 1426/1344/1431
f 1425/1342/1429 1428/1345/1432 1427/1343/1430
f 1427/1343/1430 1428/1345/1432 1429/1346/1433
f 1426/1344/1431 1430/1347/1434 1425/1342/1429
f 1426/1344/1431 1431/1348/1435 1430/1347/1434
f 1431/1348/1435 1432/1349/1436 1430/1347/1434
f 1431/1348/1435 1433/1350/1437 1432/1349/1436
f 1426/1344/1431 1427/1343/1430 1434/1351/1438
f 1426/1344/1431 1434/1351/1438 1435/1352/1439
f 1435/1352/1439 1431/1348/1435 1426/1344/1431
f 1434/1351/1438 1427/1343/1430 1436/1346/1440
f 1434/1351/1438 1437/1353/1441 1435/1352/1439
f 1434/1351/1438 1438/1354/1442 1437/1353/1441
f 1434/1351/1438 1436/1346/1440 1438/1354/1442
f 1439/1355/1443 1437/1353/1441 1438/1354/1442
f 1439/1355/1443 1438/1354/1442 1440/1356/1444
f 1441/1346/1445 1440/1356/1444 1438/1354/1442
f 1437/1353/1441 1439/1355/1443 1442/1357/1446
f 1437/1353/1441 1442/1357/1446 1443/1358/1447
f 1435/1352/1439 1437/1353/1441 1443/1358/1447
f 1443/1358/1447 1442/1357/1446 1444/1359/1448
f 1443/1358/1447 1444/1359/1448 1445/1360/1449
f 1431/1348/1435 1446/1361/1450 1433/1350/1437
f 1431/1348/1435 1447/1362/1451 1446/1361/1450
f 1443/1358/1447 1445/1360/1449 1448/1361/1452
f 1443/1358/1447 1448/1361/1452 1449/1362/1453
f 1435/1352/1439 1443/1358/1447 1450/1362/1454
f 1435/1352/1439 1451/1362/1455 1431/1348/1435
f 1452/1363/1456 1454/1364/1457 1453/1365/1458
f 1452/1363/1456 1455/1366/1459 1454/1364/1457
f 1453/1365/1458 1454/1364/1457 1456/1367/1460
f 1457/1368/1461 1455/1366/1459 1452/1363/1456
f 1457/1368/1461 1458/1369/1462 1455/1366/1459
f 1458/1369/1462 1457/1368/1461 1459/1370/1463
f 1458/1369/1462 1459/1370/1463 1460/1371/1464
f 1461/1372/1465 1452/1363/1456 1453/1365/1458
f 1461/1372/1465 1453/1365/1458 1462/1373/1466
f 1461/1372/1465 1462/1373/1466 1463/1374/1467
f 1461/1372/1465 1463/1374/1467 1464/1375/1468
f 1463/1374/1467 1462/1373/1466 1465/1367/1469
f 1464/1375/1468 1466/1376/1470 1461/1372/1465
f 1452/1363/1456 1466/1376/1470 1457/1368/1461
f 1452/1363/1456 1461/1372/1465 1466/1376/1470
f 1464/1375/1468 1467/1377/1471 1466/1376/1470
f 1467/1377/1471 1468/1378/1472 1466/1376/1470
f 1468/1378/1472 1457/1368/1461 1466/1376/1470
f 1468/1378/1472 1459/1370/1463 1457/1368/1461
f 1467/1377/1471 1469/1379/1473 1468/1378/1472
f 1462/1373/1466 1453/1365/1458 1470/1367/1474
f 1471/1380/1475 1473/1381/1476 1472/1382/1477
f 1473/1381/1476 1474/1383/1478 1472/1382/1477
f 1475/1384/1479 1477/1385/1480 1476/1386/1481
f 1476/1386/1481 1477/1385/1480 1478/1387/1482
f 1479/1388/1483 1477/1385/1480 1475/1384/1479
f 1478/1387/1482 1477/1385/1480 1480/1389/1484
f 1481/986/1485 1017/990/1019 1482/960/1486
f 1481/986/1485 1061/1029/1063 1017/990/1019
f 857/830/858 861/834/862 1483/1390/1487
f 857/830/858 1483/1390/1487 864/837/865
f 1084/1050/1086 1100/1065/1102 1087/1053/1089
f 1084/1050/1086 1089/1055/1091 1100/1065/1102
f 1484/1111/1488 1485/956/1488 1136/1100/1138
f 1486/1391/1489 1488/1392/1490 1487/1393/1491
f 1489/1394/1492 1488/1392/1490 1486/1391/1489
f 1490/1395/1493 1488/1392/1490 1489/1394/1492
f 1487/1393/1491 1488/1392/1490 1491/1396/1494
f 1492/1397/1495 1488/1392/1490 1490/1395/1493
f 1493/1398/1496 1488/1392/1490 1492/1397/1495
f 1494/1399/1497 1488/1392/1490 1493/1398/1496
f 1491/1396/1494 1488/1392/1490 1494/1399/1497
f 1495/1400/1498 1497/1401/1499 1496/1402/1500
f 1495/1400/1498 1498/1403/1501 1497/1401/1499
f 1498/1403/1501 1495/1400/1498 1499/1404/1502
f 1498/1403/1501 1499/1404/1502 1500/1405/1503
f 1496/1402/1500 1501/1406/1504 1495/1400/1498
f 1496/1402/1500 1502/1407/1505 1501/1406/1504
f 1496/1402/1500 1503/1408/1506 1502/1407/1505
f 1496/1402/1500 1504/1409/1507 1503/1408/1506
f 1497/1401/1499 1504/1409/1507 1496/1402/1500
f 1504/1409/1507 1505/1410/1508 1503/1408/1506
f 1504/1409/1507 1506/1411/1509 1505/1410/1508
f 1507/1412/1510 1495/1400/1498 1501/1406/1504
f 1507/1412/1510 1499/1404/1502 1495/1400/1498
f 1506/1411/1509 1504/1409/1507 1508/1413/1511
f 1497/1401/1499 1508/1413/1511 1504/1409/1507
f 1506/1411/1509 1508/1413/1511 1509/1414/1512
f 1510/1415/1513 1512/1416/1514 1511/1417/1515
f 1510/1415/1513 1513/1418/1516 1512/1416/1514
f 1511/1417/1515 1512/1416/1514 1514/1419/1517
f 1511/1417/1515 1514/1419/1517 1515/1420/1518
f 1516/1421/1519 1513/1418/1516 1510/1415/1513
f 1516/1421/1519 1517/1422/1520 1513/1418/1516
f 1518/1423/1521 1512/1416/1514 1513/1418/1516
f 1518/1423/1521 1513/1418/1516 1519/1424/1522
f 1517/1422/1520 1519/1424/1522 1513/1418/1516
f 1520/1425/1523 1518/1423/1521 1519/1424/1522
f 1517/1422/1520 1521/1425/1524 1519/1424/1522
f 1512/1416/1514 1522/1426/1525 1514/1419/1517
f 1512/1416/1514 1518/1423/1521 1522/1426/1525
f 1523/1427/1526 1522/1426/1525 1518/1423/1521
f 1524/1425/1527 1523/1427/1526 1518/1423/1521
f 1523/1427/1526 1525/1428/1528 1522/1426/1525
f 1514/1419/1517 1522/1426/1525 1525/1428/1528
f 1514/1419/1517 1525/1428/1528 1526/1429/1529
f 1527/1420/1530 1514/1419/1517 1526/1429/1529
f 1527/1420/1530 1526/1429/1529 1528/1430/1531
f 1516/1421/1519 1530/1431/1532 1529/1432/1533
f 1529/1432/1533 1530/1431/1532 1531/1433/1534
f 1530/1431/1532 1532/1434/1535 1531/1433/1534
f 1530/1431/1532 1533/1435/1536 1532/1434/1535
f 1510/1415/1513 1533/1435/1536 1530/1431/1532
f 1510/1415/1513 1511/1417/1515 1533/1435/1536
f 1511/1417/1515 1534/1436/1537 1533/1435/1536
f 1511/1417/1515 1535/1420/1538 1534/1436/1537
f 1529/1432/1533 1531/1433/1534 1536/1437/1539
f 1537/1438/1540 1533/1435/1536 1534/1436/1537
f 1537/1438/1540 1532/1434/1535 1533/1435/1536
f 1538/1439/1541 1532/1434/1535 1537/1438/1540
f 1538/1439/1541 1537/1438/1540 1539/1440/1542
f 1539/1440/1542 1537/1438/1540 1534/1436/1537
f 1539/1440/1542 1534/1436/1537 1540/1441/1543
f 1540/1441/1543 1534/1436/1537 1541/1420/1544
f 1540/1441/1543 1541/1420/1544 1542/1430/1545
f 1543/1437/1546 1532/1434/1535 1538/1439/1541
f 1544/1437/1547 1531/1433/1534 1532/1434/1535
f 1516/1421/1519 1510/1415/1513 1530/1431/1532
f 1545/1400/1548 1547/1401/1549 1546/1402/1550
f 1545/1400/1548 1548/1403/1551 1547/1401/1549
f 1548/1403/1551 1545/1400/1548 1549/1404/1552
f 1548/1403/1551 1549/1404/1552 1550/1405/1553
f 1546/1402/1550 1551/1406/1554 1545/1400/1548
f 1546/1402/1550 1552/1407/1555 1551/1406/1554
f 1546/1402/1550 1553/1408/1556 1552/1407/1555
f 1546/1402/1550 1554/1409/1557 1553/1408/1556
f 1547/1401/1549 1554/1409/1557 1546/1402/1550
f 1554/1409/1557 1555/1410/1558 1553/1408/1556
f 1554/1409/1557 1556/1411/1559 1555/1410/1558
f 1557/1412/1560 1545/1400/1548 1551/1406/1554
f 1557/1412/1560 1549/1404/1552 1545/1400/1548
f 1556/1411/1559 1554/1409/1557 1558/1413/1561
f 1547/1401/1549 1558/1413/1561 1554/1409/1557
f 1556/1411/1559 1558/1413/1561 1559/1414/1562
f 1560/1442/1563 1562/1443/1564 1561/1444/1565
f 1560/1442/1563 1563/1445/1566 1562/1443/1564
f 1561/1444/1565 1562/1443/1564 1564/1446/1567
f 1561/1444/1565 1564/1446/1567 1565/1447/1568
f 1566/1448/1569 1563/1445/1566 1560/1442/1563
f 1566/1448/1569 1567/1449/1570 1563/1445/1566
f 1568/1450/1571 1562/1443/1564 1563/1445/1566
f 1568/1450/1571 1563/1445/1566 1569/1451/1572
f 1567/1449/1570 1569/1451/1572 1563/1445/1566
f 1570/1452/1573 1568/1450/1571 1569/1451/1572
f 1567/1449/1570 1571/1452/1574 1569/1451/1572
f 1562/1443/1564 1572/1453/1575 1564/1446/1567
f 1562/1443/1564 1568/1450/1571 1572/1453/1575
f 1573/1454/1576 1572/1453/1575 1568/1450/1571
f 1574/1452/1577 1573/1454/1576 1568/1450/1571
f 1573/1454/1576 1575/1455/1578 1572/1453/1575
f 1564/1446/1567 1572/1453/1575 1575/1455/1578
f 1564/1446/1567 1575/1455/1578 1576/1456/1579
f 1577/1447/1580 1564/1446/1567 1576/1456/1579
f 1577/1447/1580 1576/1456/1579 1578/1457/1581
f 1566/1448/1569 1580/1458/1582 1579/1459/1583
f 1579/1459/1583 1580/1458/1582 1581/1460/1584
f 1580/1458/1582 1582/1461/1585 1581/1460/1584
f 1580/1458/1582 1583/1462/1586 1582/1461/1585
f 1560/1442/1563 1583/1462/1586 1580/1458/1582
f 1560/1442/1563 1561/1444/1565 1583/1462/1586
f 1561/1444/1565 1584/1463/1587 1583/1462/1586
f 1561/1444/1565 1585/1447/1588 1584/1463/1587
f 1579/1459/1583 1581/1460/1584 1586/1464/1589
f 1587/1465/1590 1583/1462/1586 1584/1463/1587
f 1587/1465/1590 1582/1461/1585 1583/1462/1586
f 1588/1466/1591 1582/1461/1585 1587/1465/1590
f 1588/1466/1591 1587/1465/1590 1589/1467/1592
f 1589/1467/1592 1587/1465/1590 1584/1463/1587
f 1589/1467/1592 1584/1463/1587 1590/1468/1593
f 1590/1468/1593 1584/1463/1587 1591/1447/1594
f 1590/1468/1593 1591/1447/1594 1592/1457/1595
f 1593/1464/1596 1582/1461/1585 1588/1466/1591
f 1594/1464/1597 1581/1460/1584 1582/1461/1585
f 1566/1448/1569 1560/1442/1563 1580/1458/1582
f 1595/1400/1598 1597/1401/1599 1596/1402/1600
f 1595/1400/1598 1598/1403/1601 1597/1401/1599
f 1598/1403/1601 1595/1400/1598 1599/1404/1602
f 1598/1403/1601 1599/1404/1602 1600/1405/1603
f 1596/1402/1600 1601/1406/1604 1595/1400/1598
f 1596/1402/1600 1602/1407/1605 1601/1406/1604
f 1596/1402/1600 1603/1408/1606 1602/1407/1605
f 1596/1402/1600 1604/1409/1607 1603/1408/1606
f 1597/1401/1599 1604/1409/1607 1596/1402/1600
f 1604/1409/1607 1605/1410/1608 1603/1408/1606
f 1604/1409/1607 1606/1411/1609 1605/1410/1608
f 1607/1412/1610 1595/1400/1598 1601/1406/1604
f 1607/1412/1610 1599/1404/1602 1595/1400/1598
f 1606/1411/1609 1604/1409/1607 1608/1413/1611
f 1597/1401/1599 1608/1413/1611 1604/1409/1607
f 1606/1411/1609 1608/1413/1611 1609/1414/1612
f 1610/1442/1613 1612/1443/1614 1611/1444/1615
f 1610/1442/1613 1613/1445/1616 1612/1443/1614
f 1611/1444/1615 1612/1443/1614 1614/1446/1617
f 1611/1444/1615 1614/1446/1617 1615/1447/1618
f 1616/1448/1619 1613/1445/1616 1610/1442/1613
f 1616/1448/1619 1617/1449/1620 1613/1445/1616
f 1618/1450/1621 1612/1443/1614 1613/1445/1616
f 1618/1450/1621 1613/1445/1616 1619/1451/1622
f 1617/1449/1620 1619/1451/1622 1613/1445/1616
f 1620/1452/1623 1618/1450/1621 1619/1451/1622
f 1617/1449/1620 1621/1452/1624 1619/1451/1622
f 1612/1443/1614 1622/1453/1625 1614/1446/1617
f 1612/1443/1614 1618/1450/1621 1622/1453/1625
f 1623/1454/1626 1622/1453/1625 1618/1450/1621
f 1624/1452/1627 1623/1454/1626 1618/1450/1621
f 1623/1454/1626 1625/1455/1628 1622/1453/1625
f 1614/1446/1617 1622/1453/1625 1625/1455/1628
f 1614/1446/1617 1625/1455/1628 1626/1456/1629
f 1627/1447/1630 1614/1446/1617 1626/1456/1629
f 1627/1447/1630 1626/1456/1629 1628/1457/1631
f 1616/1448/1619 1630/1458/1632 1629/1459/1633
f 1629/1459/1633 1630/1458/1632 1631/1460/1634
f 1630/1458/1632 1632/1461/1635 1631/1460/1634
f 1630/1458/1632 1633/1462/1636 1632/1461/1635
f 1610/1442/1613 1633/1462/1636 1630/1458/1632
f 1610/1442/1613 1611/1444/1615 1633/1462/1636
f 1611/1444/1615 1634/1463/1637 1633/1462/1636
f 1611/1444/1615 1635/1447/1638 1634/1463/1637
f 1629/1459/1633 1631/1460/1634 1636/1464/1639
f 1637/1465/1640 1633/1462/1636 1634/1463/1637
f 1637/1465/1640 1632/1461/1635 1633/1462/1636
f 1638/1466/1641 1632/1461/1635 1637/1465/1640
f 1638/1466/1641 1637/1465/1640 1639/1467/1642
f 1639/1467/1642 1637/1465/1640 1634/1463/1637
f 1639/1467/1642 1634/1463/1637 1640/1468/1643
f 1640/1468/1643 1634/1463/1637 1641/1447/1644
f 1640/1468/1643 1641/1447/1644 1642/1457/1645
f 1643/1464/1646 1632/1461/1635 1638/1466/1641
f 1644/1464/1647 1631/1460/1634 1632/1461/1635
f 1616/1448/1619 1610/1442/1613 1630/1458/1632
f 1645/1400/1648 1647/1401/1649 1646/1402/1650
f 1645/1400/1648 1648/1403/1651 1647/1401/1649
f 1648/1403/1651 1645/1400/1648 1649/1404/1652
f 1648/1403/1651 1649/1404/1652 1650/1405/1653
f 1646/1402/1650 1651/1406/1654 1645/1400/1648
f 1646/1402/1650 1652/1407/1655 1651/1406/1654
f 1646/1402/1650 1653/1408/1656 1652/1407/1655
f 1646/1402/1650 1654/1409/1657 1653/1408/1656
f 1647/1401/1649 1654/1409/1657 1646/1402/1650
f 1654/1409/1657 1655/1410/1658 1653/1408/1656
f 1654/1409/1657 1656/1411/1659 1655/1410/1658
f 1657/1412/1660 1645/1400/1648 1651/1406/1654
f 1657/1412/1660 1649/1404/1652 1645/1400/1648
f 1656/1411/1659 1654/1409/1657 1658/1413/1661
f 1647/1401/1649 1658/1413/1661 1654/1409/1657
f 1656/1411/1659 1658/1413/1661 1659/1414/1662
f 1660/1442/1663 1662/1443/1664 1661/1444/1665
f 1660/1442/1663 1663/1445/1666 1662/1443/1664
f 1661/1444/1665 1662/1443/1664 1664/1446/1667
f 1661/1444/1665 1664/1446/1667 1665/1447/1668
f 1666/1448/1669 1663/1445/1666 1660/1442/1663
f 1666/1448/1669 1667/1449/1670 1663/1445/1666
f 1668/1450/1671 1662/1443/1664 1663/1445/1666
f 1668/1450/1671 1663/1445/1666 1669/1451/1672
f 1667/1449/1670 1669/1451/1672 1663/1445/1666
f 1670/1452/1673 1668/1450/1671 1669/1451/1672
f 1667/1449/1670 1671/1452/1674 1669/1451/1672
f 1662/1443/1664 1672/1453/1675 1664/1446/1667
f 1662/1443/1664 1668/1450/1671 1672/1453/1675
f 1673/1454/1676 1672/1453/1675 1668/1450/1671
f 1674/1452/1677 1673/1454/1676 1668/1450/1671
f 1673/1454/1676 1675/1455/1678 1672/1453/1675
f 1664/1446/1667 1672/1453/1675 1675/1455/1678
f 1664/1446/1667 1675/1455/1678 1676/1456/1679
f 1677/1447/1680 1664/1446/1667 1676/1456/1679
f 1677/1447/1680 1676/1456/1679 1678/1457/1681
f 1666/1448/1669 1680/1458/1682 1679/1459/1683
f 1679/1459/1683 1680/1458/1682 1681/1460/1684
f 1680/1458/1682 1682/1461/1685 1681/1460/1684
f 1680/1458/1682 1683/1462/1686 1682/1461/1685
f 1660/1442/1663 1683/1462/1686 1680/1458/1682
f 1660/1442/1663 1661/1444/1665 1683/1462/1686
f 1661/1444/1665 1684/1463/1687 1683/1462/1686
f 1661/1444/1665 1685/1447/1688 1684/1463/1687
f 1679/1459/1683 1681/1460/1684 1686/1464/1689
f 1687/1465/1690 1683/1462/1686 1684/1463/1687
f 1687/1465/1690 1682/1461/1685 1683/1462/1686
f 1688/1466/1691 1682/1461/1685 1687/1465/1690
f 1688/1466/1691 1687/1465/1690 1689/1467/1692
f 1689/1467/1692 1687/1465/1690 1684/1463/1687
f 1689/1467/1692 1684/1463/1687 1690/1468/1693
f 1690/1468/1693 1684/1463/1687 1691/1447/1694
f 1690/1468/1693 1691/1447/1694 1692/1457/1695
f 1693/1464/1696 1682/1461/1685 1688/1466/1691
f 1694/1464/1697 1681/1460/1684 1682/1461/1685
f 1666/1448/1669 1660/1442/1663 1680/1458/1682
f 1695/1469/1698 1697/1470/1699 1696/1471/1700
f 1695/1469/1698 1698/1472/1701 1697/1470/1699
f 1699/1473/1702 1695/1469/1698 1696/1471/1700
f 1699/1473/1702 1696/1471/1700 1700/1474/1703
f 1698/1472/1701 1695/1469/1698 1701/1475/1704
f 1698/1472/1701 1701/1475/1704 1702/1476/1705
f 1695/1469/1698 1703/1477/1706 1701/1475/1704
f 1695/1469/1698 1699/1473/1702 1703/1477/1706
f 1704/1478/1707 1696/1471/1700 1697/1470/1699
f 1704/1478/1707 1697/1470/1699 1705/1479/1708
f 1696/1471/1700 1706/1480/1709 1700/1474/1703
f 1696/1471/1700 1704/1478/1707 1706/1480/1709
f 1705/1479/1708 1707/1481/1710 1704/1478/1707
f 1705/1479/1708 1708/1482/1711 1707/1481/1710
f 1709/1483/1712 1704/1478/1707 1707/1481/1710
f 1709/1483/1712 1706/1480/1709 1704/1478/1707
f 1710/1484/1713 1712/1485/1714 1711/1486/1715
f 1710/1484/1713 1713/1487/1716 1712/1485/1714
f 1713/1487/1716 1710/1484/1713 1714/1488/1717
f 1713/1487/1716 1714/1488/1717 1715/1489/1718
f 1711/1486/1715 1712/1485/1714 1716/1490/1719
f 1711/1486/1715 1716/1490/1719 1717/1491/1720
f 1711/1486/1715 1718/1492/1721 1710/1484/1713
f 1711/1486/1715 1719/1493/1722 1718/1492/1721
f 1720/1494/1723 1718/1492/1721 1719/1493/1722
f 1720/1494/1723 1719/1493/1722 1721/1495/1724
f 1722/1496/1725 1718/1492/1721 1720/1494/1723
f 1722/1496/1725 1710/1484/1713 1718/1492/1721
f 1722/1496/1725 1714/1488/1717 1710/1484/1713
f 1722/1496/1725 1720/1494/1723 1723/1497/1726
f 1714/1488/1717 1722/1496/1725 1723/1497/1726
f 1724/1493/1727 1711/1486/1715 1717/1491/1720
f 1724/1493/1727 1717/1491/1720 1725/1495/1728
f 1714/1488/1717 1723/1497/1726 1726/1498/1729
f 1727/1489/1730 1714/1488/1717 1726/1498/1729
f 1727/1489/1730 1726/1498/1729 1728/1499/1731
f 1729/1500/1732 1712/1485/1714 1713/1487/1716
f 1729/1500/1732 1730/1501/1733 1712/1485/1714
f 1731/1502/1734 1729/1500/1732 1713/1487/1716
f 1731/1502/1734 1713/1487/1716 1732/1489/1735
f 1716/1490/1719 1712/1485/1714 1730/1501/1733
f 1716/1490/1719 1730/1501/1733 1733/1503/1736
f 1730/1501/1733 1729/1500/1732 1734/1504/1737
f 1730/1501/1733 1734/1504/1737 1735/1505/1738
f 1735/1505/1738 1734/1504/1737 1736/1506/1739
f 1735/1505/1738 1736/1506/1739 1737/1507/1740
f 1736/1506/1739 1734/1504/1737 1738/1508/1741
f 1738/1508/1741 1729/1500/1732 1731/1502/1734
f 1738/1508/1741 1734/1504/1737 1729/1500/1732
f 1736/1506/1739 1738/1508/1741 1739/1509/1742
f 1731/1502/1734 1739/1509/1742 1738/1508/1741
f 1733/1503/1736 1730/1501/1733 1740/1505/1743
f 1733/1503/1736 1740/1505/1743 1741/1507/1744
f 1731/1502/1734 1742/1510/1745 1739/1509/1742
f 1743/1489/1746 1742/1510/1745 1731/1502/1734
f 1743/1489/1746 1744/1499/1747 1742/1510/1745
f 1745/1511/1748 1747/1512/1749 1746/1513/1750
f 1747/1512/1749 1745/1511/1748 1748/1514/1751
f 1747/1512/1749 1748/1514/1751 1749/1515/1752
f 1749/1515/1752 1750/1516/1753 1747/1512/1749
f 1749/1515/1752 1751/1517/1754 1750/1516/1753
f 1752/1518/1755 1750/1516/1753 1751/1517/1754
f 1753/1519/1756 1750/1516/1753 1752/1518/1755
f 1750/1516/1753 1753/1519/1756 1754/1520/1757
f 1752/1518/1755 1751/1517/1754 1755/1521/1758
f 1753/1519/1756 1752/1518/1755 1756/1522/1759
f 1756/1522/1759 1752/1518/1755 1757/1523/1760
f 1751/1517/1754 1758/1524/1761 1755/1521/1758
f 1758/1524/1761 1751/1517/1754 1759/1525/1762
f 1748/1514/1751 1760/1526/1763 1749/1515/1752
f 1758/1524/1761 1761/1527/1764 1755/1521/1758
f 1755/1521/1758 1761/1527/1764 1762/1528/1765
f 1763/1529/1766 1755/1521/1758 1762/1528/1765
f 1757/1523/1760 1752/1518/1755 1763/1529/1766
f 1763/1529/1766 1752/1518/1755 1755/1521/1758
f 1764/1530/1767 1749/1515/1752 1760/1526/1763
f 1751/1517/1754 1749/1515/1752 1764/1530/1767
f 1765/1531/1768 1751/1517/1754 1764/1530/1767
f 1751/1517/1754 1765/1531/1768 1759/1525/1762
f 1766/1532/1769 1750/1516/1753 1754/1520/1757
f 1767/1533/1770 1750/1516/1753 1766/1532/1769
f 1767/1533/1770 1747/1512/1749 1750/1516/1753
f 1767/1533/1770 1746/1513/1750 1747/1512/1749
f 1768/1534/1771 1770/1535/1772 1769/1536/1773
f 1768/1534/1771 1771/1537/1774 1770/1535/1772
f 1772/1538/1775 1769/1536/1773 1770/1535/1772
f 1772/1538/1775 1773/1539/1776 1769/1536/1773
f 1773/1539/1776 1772/1538/1775 1774/1540/1777
f 1773/1539/1776 1774/1540/1777 1775/1541/1778
f 1776/1542/1779 1768/1534/1771 1769/1536/1773
f 1776/1542/1779 1777/1543/1780 1768/1534/1771
f 1773/1539/1776 1775/1541/1778 1778/1544/1781
f 1773/1539/1776 1778/1544/1781 1779/1545/1782
f 1769/1536/1773 1779/1545/1782 1776/1542/1779
f 1769/1536/1773 1773/1539/1776 1779/1545/1782
f 1770/1535/1772 1780/1546/1783 1772/1538/1775
f 1772/1538/1775 1780/1546/1783 1781/1540/1784
f 1775/1541/1778 1781/1540/1784 1782/1547/1785
f 1775/1541/1778 1782/1547/1785 1783/1548/1786
f 1784/1549/1787 1775/1541/1778 1783/1548/1786
f 1784/1549/1787 1785/1544/1788 1775/1541/1778
f 1785/1544/1789 1786/1550/1790 1779/1545/1782
f 1786/1550/1790 1776/1542/1779 1779/1545/1782
f 1787/1551/1791 1777/1543/1780 1776/1542/1779
f 1787/1551/1791 1776/1542/1779 1788/1552/1792
f 1786/1550/1790 1788/1552/1792 1776/1542/1779
f 1788/1552/1792 1786/1550/1790 1789/1553/1793
f 1786/1550/1790 1790/1549/1794 1789/1553/1793
f 1788/1552/1792 1789/1553/1793 1791/1554/1795
f 1787/1551/1791 1788/1552/1792 1791/1554/1795
f 1787/1551/1791 1791/1554/1795 1792/1555/1796
f 1793/1556/1797 1787/1551/1791 1792/1555/1796
f 1793/1556/1797 1792/1555/1796 1794/1557/1798
f 1793/1556/1797 1777/1543/1780 1787/1551/1791
f 1793/1556/1797 1795/1558/1799 1777/1543/1780
f 1777/1543/1780 1795/1558/1799 1796/1559/1800
f 1796/1559/1800 1795/1558/1799 1797/1560/1801
f 1796/1559/1800 1768/1534/1771 1777/1543/1780
f 1796/1559/1800 1798/1561/1802 1768/1534/1771
f 1799/1562/1803 1768/1534/1771 1798/1561/1802
f 1799/1562/1803 1771/1537/1774 1768/1534/1771
f 1800/1563/1804 1799/1562/1803 1798/1561/1802
f 1800/1563/1804 1798/1561/1802 1801/1564/1805
f 1798/1561/1802 1802/1565/1806 1801/1564/1805
f 1798/1561/1802 1796/1559/1800 1802/1565/1806
f 1802/1565/1806 1796/1559/1800 1797/1560/1801
f 1800/1563/1804 1803/1566/1807 1799/1562/1803
f 1799/1562/1803 1803/1566/1807 1804/1567/1808
f 1771/1537/1774 1799/1562/1803 1804/1567/1808
f 1771/1537/1774 1804/1567/1808 1805/1568/1809
f 1771/1537/1774 1805/1568/1809 1806/1569/1810
f 1807/1570/1811 1806/1569/1810 1805/1568/1809
f 1807/1570/1811 1805/1568/1809 1808/1571/1812
f 1809/1572/1813 1806/1569/1810 1807/1570/1811
f 1809/1572/1813 1810/1573/1814 1806/1569/1810
f 1810/1573/1814 1809/1572/1813 1811/1574/1815
f 1810/1573/1814 1811/1574/1815 1780/1546/1783
f 1812/1547/1816 1780/1546/1783 1811/1574/1815
f 1770/1535/1772 1806/1569/1810 1810/1573/1814
f 1771/1537/1774 1806/1569/1810 1770/1535/1772
f 1770/1535/1772 1810/1573/1814 1780/1546/1783
f 1813/1547/1817 1814/1540/1817 1780/1546/1783
f 1786/1550/1818 1816/1544/1819 1815/1549/1819
f 1817/1575/1820 1819/1576/1821 1818/1577/1822
f 1817/1575/1820 1820/1578/1823 1819/1576/1821
f 1817/1575/1820 1818/1577/1822 1821/1579/1824
f 1817/1575/1820 1821/1579/1824 1822/1580/1825
f 1823/1581/1826 1819/1576/1821 1820/1578/1823
f 1823/1581/1826 1820/1578/1823 1824/1582/1827
f 1818/1577/1822 1825/1583/1828 1821/1579/1824
f 1818/1577/1822 1826/1584/1829 1825/1583/1828
f 1826/1584/1829 1827/1585/1830 1825/1583/1828
f 1826/1584/1829 1828/1586/1831 1827/1585/1830
f 1829/1587/1832 1828/1586/1831 1826/1584/1829
f 1829/1587/1832 1826/1584/1829 1830/1588/1833
f 1830/1588/1833 1818/1577/1822 1819/1576/1821
f 1830/1588/1833 1826/1584/1829 1818/1577/1822
f 1819/1576/1821 1831/1589/1834 1830/1588/1833
f 1819/1576/1821 1823/1581/1826 1831/1589/1834
f 1831/1589/1834 1829/1587/1832 1830/1588/1833
f 1821/1579/1824 1825/1583/1828 1832/1590/1835
f 1827/1585/1830 1832/1590/1835 1825/1583/1828
f 1821/1579/1824 1832/1590/1835 1833/1591/1836
f 1833/1591/1836 1822/1580/1825 1821/1579/1824
f 1833/1591/1836 1834/1592/1837 1822/1580/1825
f 1831/1589/1834 1835/1593/1838 1829/1587/1832
f 1828/1586/1831 1829/1587/1832 1835/1593/1838
f 1831/1589/1834 1836/1594/1839 1835/1593/1838
f 1836/1594/1839 1831/1589/1834 1823/1581/1826
f 1837/1595/1840 1835/1593/1838 1836/1594/1839
f 1837/1595/1840 1836/1594/1839 1838/1596/1841
f 1835/1593/1838 1837/1595/1840 1839/1597/1842
f 1835/1593/1838 1839/1597/1842 1840/1598/1843
f 1841/1599/1844 1834/1592/1837 1833/1591/1836
f 1841/1599/1844 1842/1600/1845 1834/1592/1837
f 1843/1601/1846 1842/1600/1845 1841/1599/1844
f 1844/1602/1847 1843/1601/1846 1841/1599/1844
f 1844/1602/1847 1841/1599/1844 1845/1603/1848
f 1833/1591/1836 1845/1603/1848 1841/1599/1844
f 1833/1591/1836 1832/1590/1835 1845/1603/1848
f 1846/1604/1849 1844/1602/1847 1845/1603/1848
f 1847/1605/1850 1846/1604/1849 1845/1603/1848
f 1847/1605/1850 1845/1603/1848 1848/1606/1851
f 1848/1606/1851 1849/1597/1852 1847/1605/1850
f 1848/1606/1851 1850/1598/1853 1849/1597/1852
f 1832/1590/1835 1848/1606/1851 1845/1603/1848
f 1832/1590/1835 1827/1585/1830 1848/1606/1851
f 1828/1586/1831 1848/1606/1851 1827/1585/1830
f 1828/1586/1831 1851/1598/1854 1848/1606/1851
f 1828/1586/1831 1835/1593/1838 1852/1598/1855
f 1853/1607/1856 1855/1608/1857 1854/1609/1857
f 1855/1608/1857 1856/1610/1858 1854/1609/1857
f 1855/1608/1857 1857/1611/1859 1856/1610/1858
f 1858/1612/1860 1856/1610/1858 1857/1611/1859
f 1858/1612/1860 1859/1613/1861 1856/1610/1858
f 1858/1612/1860 1860/1614/1862 1859/1613/1861
f 1858/1612/1860 1861/1615/1863 1860/1614/1862
f 1862/1616/1864 1864/1617/1865 1863/1618/1866
f 1862/1616/1864 1865/1619/1867 1864/1617/1865
f 1864/1617/1865 1824/1582/1827 1863/1618/1866
f 1864/1617/1865 1823/1581/1826 1824/1582/1827
f 1836/1594/1839 1823/1581/1826 1864/1617/1865
f 1865/1619/1867 1836/1594/1839 1864/1617/1865
f 1865/1619/1867 1838/1596/1841 1836/1594/1839
f 1866/1620/1868 1868/1621/1869 1867/1622/1870
f 1866/1620/1868 1869/1623/1871 1868/1621/1869
f 1869/1623/1871 1870/1624/1872 1868/1621/1869
f 1869/1623/1871 1871/1625/1873 1870/1624/1872
f 1872/1626/1874 1866/1620/1868 1867/1622/1870
f 1872/1626/1874 1867/1622/1870 1873/1627/1875
f 1874/1628/1876 1870/1624/1872 1871/1625/1873
f 1874/1628/1876 1875/1629/1877 1870/1624/1872
f 1876/1630/1878 1875/1629/1877 1874/1628/1876
f 1876/1630/1878 1877/1631/1879 1875/1629/1877
f 1877/1631/1879 1876/1630/1878 1878/1632/1880
f 1877/1631/1879 1878/1632/1880 1879/1633/1881
f 1873/1627/1875 1880/1634/1882 1872/1626/1874
f 1873/1627/1875 1881/1635/1883 1880/1634/1882
f 1879/1633/1881 1878/1632/1880 1882/1636/1884
f 1879/1633/1881 1882/1636/1884 1883/1637/1885
f 1882/1636/1884 1884/1638/1886 1883/1637/1885
f 1881/1635/1883 1885/1639/1887 1880/1634/1882
f 1886/1640/1888 1888/1641/1889 1887/1642/1890
f 1886/1640/1888 1889/1643/1891 1888/1641/1889
f 1889/1643/1891 1890/1644/1892 1888/1641/1889
f 1889/1643/1891 1891/1645/1893 1890/1644/1892
f 1888/1641/1889 1892/1646/1894 1887/1642/1890
f 1888/1641/1889 1893/1647/1895 1892/1646/1894
f 1890/1644/1892 1893/1647/1895 1888/1641/1889
f 1890/1644/1892 1894/1648/1896 1893/1647/1895
f 1895/1649/1897 1886/1640/1888 1887/1642/1890
f 1895/1649/1897 1887/1642/1890 1896/1650/1898
f 1886/1640/1888 1895/1649/1897 1897/1651/1899
f 1886/1640/1888 1897/1651/1899 1898/1652/1900
f 1889/1643/1891 1886/1640/1888 1898/1652/1900
f 1898/1652/1900 1899/1653/1901 1889/1643/1891
f 1891/1645/1893 1889/1643/1891 1899/1653/1901
f 1899/1653/1901 1900/1654/1902 1891/1645/1893
f 1901/1655/1903 1887/1642/1890 1892/1646/1894
f 1901/1655/1903 1896/1650/1898 1887/1642/1890
f 1899/1653/1901 1898/1652/1900 1902/1656/1904
f 1899/1653/1901 1902/1656/1904 1903/1657/1905
f 1900/1654/1902 1899/1653/1901 1903/1657/1905
f 1900/1654/1902 1903/1657/1905 1904/1658/1906
f 1898/1652/1900 1905/1659/1907 1902/1656/1904
f 1898/1652/1900 1897/1651/1899 1905/1659/1907
f 1890/1644/1892 1906/1660/1908 1894/1648/1896
f 1891/1645/1893 1906/1660/1908 1890/1644/1892
f 1907/1661/1909 1900/1654/1902 1904/1658/1906
f 1907/1661/1909 1904/1658/1906 1908/1662/1910
f 1908/1662/1910 1909/1663/1911 1907/1661/1909
f 1908/1662/1910 1910/1664/1912 1909/1663/1911
f 1910/1664/1912 1911/1665/1913 1909/1663/1911
f 1912/1666/1914 1909/1663/1911 1911/1665/1913
f 1913/1661/1915 1909/1663/1911 1912/1666/1914
f 1910/1664/1912 1914/1667/1916 1911/1665/1913
f 1911/1665/1913 1914/1667/1916 1915/1668/1917
f 1915/1668/1917 1916/1669/1918 1911/1665/1913
f 1912/1666/1914 1911/1665/1913 1916/1669/1918
f 1912/1666/1914 1916/1669/1918 1917/1670/1919
f 1912/1666/1914 1917/1670/1919 1918/1671/1920
f 1913/1661/1915 1912/1666/1914 1919/1672/1921
f 1920/1673/1922 1906/1660/1908 1919/1672/1921
f 1920/1673/1922 1919/1672/1921 1921/1674/1923
f 1920/1673/1922 1921/1674/1923 1922/1675/1924
f 1923/1676/1925 1922/1675/1924 1921/1674/1923
f 1923/1676/1925 1921/1674/1923 1924/1677/1926
f 1925/1678/1927 1924/1677/1926 1921/1674/1923
f 1925/1678/1927 1926/1679/1928 1924/1677/1926
f 1927/1680/1929 1924/1677/1926 1926/1679/1928
f 1927/1680/1929 1926/1679/1928 1928/1681/1930
f 1927/1680/1929 1928/1681/1930 1929/1682/1931
f 1927/1680/1929 1929/1682/1931 1930/1683/1932
f 1930/1683/1932 1929/1682/1931 1931/1684/1933
f 1930/1683/1932 1931/1684/1933 1932/1685/1934
f 1932/1685/1934 1933/1686/1935 1930/1683/1932
f 1932/1685/1934 1934/1687/1936 1933/1686/1935
f 1930/1683/1932 1935/1688/1937 1927/1680/1929
f 1927/1680/1929 1935/1688/1937 1924/1677/1926
f 1930/1683/1932 1933/1686/1935 1935/1688/1937
f 1935/1688/1937 1923/1676/1925 1924/1677/1926
f 1932/1685/1934 1931/1684/1933 1936/1689/1938
f 1925/1678/1927 1921/1674/1923 1937/1690/1939
f 1938/1691/1940 1934/1687/1936 1932/1685/1934
f 1936/1689/1938 1938/1691/1940 1932/1685/1934
f 1938/1691/1940 1939/1692/1941 1934/1687/1936
f 1938/1691/1940 1940/1693/1942 1939/1692/1941
f 1939/1692/1941 1940/1693/1942 1941/1694/1943
f 1942/1695/1944 1941/1694/1943 1940/1693/1942
f 1942/1695/1944 1943/1696/1945 1941/1694/1943
f 1944/1697/1946 1943/1696/1945 1942/1695/1944
f 1944/1697/1946 1945/1698/1947 1943/1696/1945
f 1946/1699/1948 1945/1698/1947 1944/1697/1946
f 1946/1699/1948 1947/1700/1949 1945/1698/1947
f 1947/1700/1949 1946/1699/1948 1948/1701/1950
f 1947/1700/1949 1948/1701/1950 1949/1702/1951
f 1950/1703/1952 1947/1700/1949 1949/1702/1951
f 1950/1703/1952 1951/1704/1953 1947/1700/1949
f 1945/1698/1947 1947/1700/1949 1951/1704/1953
f 1945/1698/1947 1951/1704/1953 1952/1705/1954
f 1943/1696/1945 1945/1698/1947 1952/1705/1954
f 1943/1696/1945 1952/1705/1954 1953/1706/1955
f 1941/1694/1943 1943/1696/1945 1953/1706/1955
f 1941/1694/1943 1953/1706/1955 1954/1707/1956
f 1939/1692/1941 1941/1694/1943 1954/1707/1956
f 1946/1699/1948 1955/1708/1957 1948/1701/1950
f 1946/1699/1948 1956/1709/1958 1955/1708/1957
f 1956/1709/1958 1946/1699/1948 1944/1697/1946
f 1957/1710/1959 1955/1708/1957 1956/1709/1958
f 1957/1710/1959 1956/1709/1958 1958/1711/1960
f 1959/1712/1961 1958/1711/1960 1956/1709/1958
f 1959/1712/1961 1960/1713/1962 1958/1711/1960
f 1961/1714/1963 1960/1713/1962 1959/1712/1961
f 1961/1714/1963 1962/1715/1964 1960/1713/1962
f 1963/1716/1965 1962/1715/1964 1961/1714/1963
f 1961/1714/1963 1940/1693/1942 1963/1716/1965
f 1961/1714/1963 1942/1695/1944 1940/1693/1942
f 1964/1712/1966 1942/1695/1944 1961/1714/1963
f 1956/1709/1958 1944/1697/1946 1964/1712/1966
f 1964/1712/1966 1944/1697/1946 1942/1695/1944
f 1963/1716/1965 1940/1693/1942 1938/1691/1940
f 1965/1717/1967 1963/1716/1965 1938/1691/1940
f 1963/1716/1965 1965/1717/1967 1966/1718/1968
f 1967/1719/1969 1966/1718/1968 1965/1717/1967
f 1967/1719/1969 1965/1717/1967 1968/1720/1970
f 1967/1719/1969 1969/1721/1971 1966/1718/1968
f 1967/1719/1969 1970/1722/1972 1969/1721/1971
f 1966/1718/1968 1969/1721/1971 1971/1723/1973
f 1972/1716/1974 1971/1723/1973 1962/1715/1964
f 1966/1718/1968 1971/1723/1973 1972/1716/1974
f 1973/1724/1975 1967/1719/1969 1968/1720/1970
f 1973/1724/1975 1970/1722/1972 1967/1719/1969
f 1936/1689/1938 1965/1717/1967 1938/1691/1940
f 1965/1717/1967 1974/1725/1976 1968/1720/1970
f 1965/1717/1967 1975/1726/1977 1974/1725/1976
f 1891/1645/1893 1976/1727/1978 1906/1660/1908
f 1900/1654/1902 1976/1727/1978 1891/1645/1893
f 1919/1672/1921 1906/1660/1908 1976/1727/1978
f 1976/1727/1978 1913/1661/1915 1919/1672/1921
f 1900/1654/1902 1913/1661/1915 1976/1727/1978
f 1912/1666/1914 1937/1690/1939 1919/1672/1921
f 1919/1672/1921 1937/1690/1939 1921/1674/1923
f 1977/1728/1979 1979/1729/1980 1978/1730/1981
f 1977/1728/1979 1980/1731/1982 1979/1729/1980
f 1980/1731/1982 1981/1732/1983 1979/1729/1980
f 1980/1731/1982 1982/1733/1984 1981/1732/1983
f 1979/1729/1980 1981/1732/1983 1983/1734/1985
f 1979/1729/1980 1983/1734/1985 1984/1735/1986
f 1979/1729/1980 1984/1735/1986 1978/1730/1981
f 1985/1736/1987 1984/1735/1986 1983/1734/1985
f 1984/1735/1986 1985/1736/1987 1986/1737/1988
f 1978/1730/1981 1984/1735/1986 1986/1737/1988
f 1981/1732/1983 1982/1733/1984 1987/1738/1989
f 1988/1739/1990 1985/1736/1987 1983/1734/1985
f 1989/1740/1991 1985/1736/1987 1988/1739/1990
f 1989/1740/1991 1990/1741/1992 1985/1736/1987
f 1986/1737/1988 1985/1736/1987 1990/1741/1992
f 1989/1740/1991 1991/1742/1993 1990/1741/1992
f 1989/1740/1991 1992/1743/1994 1991/1742/1993
f 1989/1740/1991 1993/1744/1995 1992/1743/1994
f 1993/1744/1995 1989/1740/1991 1988/1739/1990
f 1993/1744/1995 1988/1739/1990 1994/1745/1996
f 1993/1744/1995 1995/1746/1997 1992/1743/1994
f 1993/1744/1995 1996/1747/1998 1995/1746/1997
f 1996/1747/1998 1993/1744/1995 1994/1745/1996
f 1997/1748/1999 1992/1743/1994 1995/1746/1997
f 1997/1748/1999 1998/1749/2000 1992/1743/1994
f 1996/1747/1998 1999/1750/2001 1995/1746/1997
f 1996/1747/1998 2000/1751/2002 1999/1750/2001
f 1999/1750/2001 2000/1751/2002 2001/1752/2003
f 1999/1750/2001 2001/1752/2003 2002/1753/2004
f 2003/1754/2005 1995/1746/1997 1999/1750/2001
f 2003/1754/2005 1997/1748/1999 1995/1746/1997
f 1996/1747/1998 2004/1755/2006 2000/1751/2002
f 1996/1747/1998 1994/1745/1996 2004/1755/2006
f 2005/1756/2007 2000/1751/2002 2004/1755/2006
f 2005/1756/2007 2001/1752/2003 2000/1751/2002
f 2001/1752/2003 2006/1757/2008 2002/1753/2004
f 2002/1753/2004 2006/1757/2008 2007/1758/2009
f 2008/1759/2010 2007/1758/2009 2006/1757/2008
f 2008/1759/2010 2006/1757/2008 2009/1760/2011
f 2010/1761/2012 2008/1759/2010 2009/1760/2011
f 2011/1762/2013 2010/1761/2012 2009/1760/2011
f 2011/1762/2013 2009/1760/2011 2012/1763/2014
f 2013/1764/2015 2010/1761/2012 2011/1762/2013
f 2013/1764/2015 2011/1762/2013 2014/1765/2016
f 2011/1762/2013 2012/1763/2014 2015/1766/2017
f 2012/1763/2014 2016/1767/2018 2015/1766/2017
f 2012/1763/2014 2017/1768/2019 2016/1767/2018
f 2017/1768/2019 2012/1763/2014 2005/1756/2007
f 2004/1755/2006 2017/1768/2019 2005/1756/2007
f 2011/1762/2013 2015/1766/2017 2018/1769/2020
f 2019/1770/2021 2010/1761/2012 2013/1764/2015
f 2019/1770/2021 2020/1771/2022 2010/1761/2012
f 2010/1761/2012 2020/1771/2022 2008/1759/2010
f 2021/1772/2023 2005/1756/2007 2012/1763/2014
f 2009/1760/2011 2021/1772/2023 2012/1763/2014
f 2009/1760/2011 2006/1757/2008 2021/1772/2023
f 2001/1752/2003 2021/1772/2023 2006/1757/2008
f 2005/1756/2007 2021/1772/2023 2001/1752/2003
f 2019/1770/2021 2013/1764/2015 2022/1773/2024
f 2019/1770/2021 2022/1773/2024 2023/1774/2025
f 2024/1775/2026 2023/1774/2025 2022/1773/2024
f 2024/1775/2026 2025/1776/2027 2023/1774/2025
f 2013/1764/2015 2026/1777/2028 2022/1773/2024
f 2027/1778/2029 2022/1773/2024 2026/1777/2028
f 2027/1778/2029 2028/1775/2030 2022/1773/2024
f 2029/1779/2031 2028/1775/2030 2027/1778/2029
f 2029/1779/2031 2027/1778/2029 2030/1780/2032
f 2031/1781/2033 2029/1779/2031 2030/1780/2032
f 2031/1781/2033 2032/1782/2034 2029/1779/2031
f 2027/1778/2029 2033/1783/2035 2030/1780/2032
f 2027/1778/2029 2026/1777/2028 2033/1783/2035
f 2034/1784/2036 2029/1779/2031 2032/1782/2034
f 2034/1784/2036 2032/1782/2034 2035/1785/2037
f 2031/1781/2033 2030/1780/2032 2036/1786/2038
f 2030/1780/2032 2033/1783/2035 2036/1786/2038
f 2031/1781/2033 2036/1786/2038 2037/1787/2039
f 2038/1788/2040 2032/1782/2034 2031/1781/2033
f 2038/1788/2040 2031/1781/2033 2037/1787/2039
f 2038/1788/2040 2039/1789/2041 2032/1782/2034
f 2035/1785/2037 2032/1782/2034 2039/1789/2041
f 2040/1790/2042 2039/1789/2041 2038/1788/2040
f 2040/1790/2042 2041/1791/2043 2039/1789/2041
f 2040/1790/2042 2042/1792/2044 2041/1791/2043
f 2040/1790/2042 2043/1793/2045 2042/1792/2044
f 2040/1790/2042 2038/1788/2040 2044/1794/2046
f 2043/1793/2045 2040/1790/2042 2044/1794/2046
f 2044/1794/2046 2038/1788/2040 2037/1787/2039
f 2035/1785/2037 2039/1789/2041 2045/1795/2047
f 2041/1791/2043 2045/1795/2047 2039/1789/2041
f 2043/1793/2045 2046/1796/2048 2042/1792/2044
f 2036/1786/2038 2033/1783/2035 2047/1797/2049
f 2014/1765/2016 2047/1797/2049 2033/1783/2035
f 2014/1765/2016 2048/1798/2050 2047/1797/2049
f 2014/1765/2016 2049/1799/2051 2048/1798/2050
f 2049/1799/2051 2050/1800/2052 2048/1798/2050
f 2049/1799/2051 2018/1769/2020 2050/1800/2052
f 2050/1800/2052 2018/1769/2020 2015/1766/2017
f 2050/1800/2052 2015/1766/2017 2016/1767/2018
f 2011/1762/2013 2049/1799/2051 2014/1765/2016
f 2011/1762/2013 2018/1769/2020 2049/1799/2051
f 2041/1791/2043 2051/1801/2053 2045/1795/2047
f 2043/1793/2045 2044/1794/2046 2052/1802/2054
f 2053/1803/2055 2043/1793/2045 2052/1802/2054
f 2043/1793/2045 2053/1803/2055 2046/1796/2048
f 2053/1803/2055 2054/1804/2056 2046/1796/2048
f 2055/1805/2057 2053/1803/2055 2052/1802/2054
f 2053/1803/2055 2055/1805/2057 2054/1804/2056
f 2056/1806/2058 2054/1804/2056 2055/1805/2057
f 2056/1806/2058 2055/1805/2057 2057/1807/2059
f 2058/1808/2060 2057/1807/2059 2055/1805/2057
f 2055/1805/2057 2052/1802/2054 2058/1808/2060
f 2058/1808/2060 2059/1809/2061 2057/1807/2059
f 2059/1809/2061 2058/1808/2060 2060/1810/2062
f 2059/1809/2061 2060/1810/2062 2061/1811/2063
f 2002/1753/2004 2007/1758/2009 2062/1812/2064
f 1999/1750/2001 2002/1753/2004 2062/1812/2064
f 1999/1750/2001 2062/1812/2064 2003/1754/2005
f 2013/1764/2015 2014/1765/2016 2026/1777/2028
f 2033/1783/2035 2026/1777/2028 2014/1765/2016
f 2063/1813/2065 2065/1814/2066 2064/1815/2067
f 2063/1813/2065 2066/1816/2068 2065/1814/2066
f 2066/1816/2068 2063/1813/2065 2067/1817/2069
f 2066/1816/2068 2067/1817/2069 2068/1818/2070
f 2065/1814/2066 2069/1819/2071 2064/1815/2067
f 2065/1814/2066 2070/1820/2072 2069/1819/2071
f 2069/1819/2071 2070/1820/2072 2071/1821/2073
f 2069/1819/2071 2071/1821/2073 2072/1822/2074
f 2065/1814/2066 2066/1816/2068 2073/1823/2075
f 2065/1814/2066 2073/1823/2075 2070/1820/2072
f 2071/1821/2073 2070/1820/2072 2074/1824/2076
f 2074/1824/2076 2070/1820/2072 2073/1823/2075
f 2066/1816/2068 2068/1818/2070 2075/1825/2077
f 2066/1816/2068 2075/1825/2077 2073/1823/2075
f 2076/1826/2078 2074/1824/2076 2073/1823/2075
f 2076/1826/2078 2073/1823/2075 2075/1825/2077
f 2077/1827/2079 2071/1821/2073 2074/1824/2076
f 2078/1828/2080 2072/1822/2074 2071/1821/2073
f 2071/1821/2073 2077/1827/2079 2078/1828/2080
f 2078/1828/2080 2077/1827/2079 2079/1829/2081
f 2077/1827/2079 2080/1830/2082 2079/1829/2081
f 2080/1830/2082 2081/1831/2083 2079/1829/2081
f 2082/1832/2084 2074/1824/2076 2076/1826/2078
f 2077/1827/2079 2074/1824/2076 2082/1832/2084
f 2077/1827/2079 2082/1832/2084 2083/1833/2085
f 2077/1827/2079 2083/1833/2085 2080/1830/2082
f 2076/1826/2078 2084/1834/2086 2082/1832/2084
f 2085/1835/2087 2082/1832/2084 2084/1834/2086
f 2085/1835/2087 2083/1833/2085 2082/1832/2084
f 2076/1826/2078 2086/1836/2088 2084/1834/2086
f 2075/1825/2077 2086/1836/2088 2076/1826/2078
f 2086/1836/2088 2087/1837/2089 2084/1834/2086
f 2087/1837/2089 2085/1835/2087 2084/1834/2086
f 2085/1835/2087 2087/1837/2089 2088/1838/2090
f 2088/1838/2090 2089/1839/2091 2085/1835/2087
f 2083/1833/2085 2085/1835/2087 2089/1839/2091
f 2083/1833/2085 2089/1839/2091 2090/1840/2092
f 2083/1833/2085 2090/1840/2092 2080/1830/2082
f 2087/1837/2089 2086/1836/2088 2091/1841/2093
f 2087/1837/2089 2092/1842/2094 2088/1838/2090
f 2091/1841/2093 2092/1842/2094 2087/1837/2089
f 2080/1830/2082 2090/1840/2092 2093/1843/2095
f 2080/1830/2082 2093/1843/2095 2081/1831/2083
f 2088/1838/2090 2094/1844/2096 2089/1839/2091
f 2088/1838/2090 2095/1845/2097 2094/1844/2096
f 2096/1846/2098 2089/1839/2091 2094/1844/2096
f 2096/1846/2098 2090/1840/2092 2089/1839/2091
f 2095/1845/2097 2088/1838/2090 2097/1842/2099
f 2095/1845/2097 2097/1842/2099 2098/1847/2100
f 2090/1840/2092 2099/1848/2101 2093/1843/2095
f 2090/1840/2092 2096/1846/2098 2099/1848/2101
f 2100/1849/2102 2093/1843/2095 2099/1848/2101
f 2100/1849/2102 2101/1850/2103 2093/1843/2095
f 2100/1849/2102 2102/1851/2104 2101/1850/2103
f 2100/1849/2102 2103/1852/2105 2102/1851/2104
f 2102/1851/2104 2104/1853/2106 2101/1850/2103
f 2101/1850/2103 2104/1853/2106 2105/1854/2107
f 2101/1850/2103 2105/1854/2107 2081/1831/2083
f 2101/1850/2103 2081/1831/2083 2093/1843/2095
f 2104/1853/2106 2106/1855/2108 2105/1854/2107
f 2107/1856/2109 2106/1855/2108 2104/1853/2106
f 2107/1856/2109 2104/1853/2106 2108/1857/2110
f 2108/1857/2110 2104/1853/2106 2109/1858/2111
f 2109/1858/2111 2104/1853/2106 2102/1851/2104
f 2107/1856/2109 2108/1857/2110 2110/1859/2112
f 2110/1859/2112 2111/1860/2113 2107/1856/2109
f 2111/1860/2113 2106/1855/2108 2107/1856/2109
f 2110/1859/2112 2112/1861/2114 2111/1860/2113
f 2113/1862/2115 2112/1861/2114 2110/1859/2112
f 2113/1862/2115 2114/1863/2116 2112/1861/2114
f 2115/1864/2117 2114/1863/2116 2113/1862/2115
f 2115/1864/2117 2113/1862/2115 2116/1865/2118
f 2116/1865/2118 2117/1866/2119 2115/1864/2117
f 2116/1865/2118 2118/1867/2120 2117/1866/2119
f 2110/1859/2112 2119/1868/2121 2113/1862/2115
f 2113/1862/2115 2119/1868/2121 2116/1865/2118
f 2110/1859/2112 2108/1857/2110 2119/1868/2121
f 2119/1868/2121 2108/1857/2110 2120/1869/2122
f 2108/1857/2110 2109/1858/2111 2120/1869/2122
f 2109/1858/2111 2121/1870/2123 2120/1869/2122
f 2120/1869/2122 2121/1870/2123 2122/1871/2124
f 2121/1870/2123 2123/1872/2125 2122/1871/2124
f 2122/1871/2124 2123/1872/2125 2124/1873/2126
f 2123/1872/2125 2125/1874/2127 2124/1873/2126
f 2126/1875/2128 2116/1865/2118 2119/1868/2121
f 2119/1868/2121 2120/1869/2122 2126/1875/2128
f 2120/1869/2122 2122/1871/2124 2126/1875/2128
f 2118/1867/2120 2116/1865/2118 2126/1875/2128
f 2127/1876/2129 2126/1875/2128 2122/1871/2124
f 2122/1871/2124 2124/1873/2126 2127/1876/2129
f 2121/1870/2123 2128/1877/2130 2123/1872/2125
f 2123/1872/2125 2129/1878/2131 2125/1874/2127
f 2128/1877/2130 2129/1878/2131 2123/1872/2125
f 2103/1852/2105 2129/1878/2131 2128/1877/2130
f 2128/1877/2130 2121/1870/2123 2109/1858/2111
f 2128/1877/2130 2109/1858/2111 2102/1851/2104
f 2102/1851/2104 2103/1852/2105 2128/1877/2130
f 2118/1867/2120 2130/1879/2132 2117/1866/2119
f 2126/1875/2128 2131/1880/2133 2118/1867/2120
f 2127/1876/2129 2131/1880/2133 2126/1875/2128
f 2127/1876/2129 2132/1881/2134 2131/1880/2133
f 2118/1867/2120 2131/1880/2133 2132/1881/2134
f 2118/1867/2120 2132/1881/2134 2130/1879/2132
f 2133/1882/2135 2129/1878/2131 2103/1852/2105
f 2133/1882/2135 2134/1883/2136 2129/1878/2131
f 2134/1883/2136 2125/1874/2127 2129/1878/2131
f 2133/1882/2135 2103/1852/2105 2100/1849/2102
f 2133/1882/2135 2100/1849/2102 2135/1884/2137
f 2100/1849/2102 2099/1848/2101 2135/1884/2137
f 2127/1876/2129 2136/1885/2138 2132/1881/2134
f 2124/1873/2126 2136/1885/2138 2127/1876/2129
f 2124/1873/2126 2137/1886/2139 2136/1885/2138
f 2137/1886/2139 2124/1873/2126 2138/1874/2140
f 2137/1886/2139 2125/1874/2127 2139/1887/2141
f 2134/1883/2136 2139/1887/2141 2125/1874/2127
f 2075/1825/2077 2140/1888/2142 2086/1836/2088
f 2141/1889/2143 2140/1888/2142 2075/1825/2077
f 2141/1889/2143 2075/1825/2077 2068/1818/2070
f 2140/1888/2142 2141/1889/2143 2142/1890/2144
f 2068/1818/2070 2142/1890/2144 2141/1889/2143
f 2068/1818/2070 2143/1891/2145 2142/1890/2144
f 2067/1817/2069 2143/1891/2145 2068/1818/2070
f 2142/1890/2144 2144/1892/2146 2140/1888/2142
f 2144/1892/2146 2091/1841/2093 2140/1888/2142
f 2140/1888/2142 2091/1841/2093 2086/1836/2088
f 2144/1892/2146 2145/1893/2147 2091/1841/2093
f 2145/1893/2147 2146/1842/2148 2091/1841/2093
f 2145/1893/2147 2147/1847/2149 2146/1842/2148
f 2148/1894/2150 2150/1895/2151 2149/1896/2152
f 2148/1894/2150 2151/1897/2153 2150/1895/2151
f 2149/1896/2152 2150/1895/2151 2152/1898/2154
f 2149/1896/2152 2152/1898/2154 2153/1899/2155
f 2154/1900/2156 2149/1896/2152 2153/1899/2155
f 2154/1900/2156 2153/1899/2155 2155/1901/2157
f 2149/1896/2152 2156/1902/2158 2148/1894/2150
f 2149/1896/2152 2154/1900/2156 2156/1902/2158
f 2157/1903/2159 2156/1902/2158 2154/1900/2156
f 2157/1903/2159 2154/1900/2156 2158/1904/2160
f 2155/1901/2157 2158/1904/2160 2154/1900/2156
f 2155/1901/2157 2159/1905/2161 2158/1904/2160
f 2160/1906/2162 2159/1905/2161 2155/1901/2157
f 2160/1906/2162 2155/1901/2157 2161/1907/2163
f 2161/1907/2163 2155/1901/2157 2153/1899/2155
f 2161/1907/2163 2162/1908/2164 2160/1906/2162
f 2161/1907/2163 2163/1909/2165 2162/1908/2164
f 2164/1910/2166 2163/1909/2165 2161/1907/2163
f 2164/1910/2166 2153/1899/2155 2152/1898/2154
f 2161/1907/2163 2153/1899/2155 2164/1910/2166
f 2164/1910/2166 2165/1911/2167 2163/1909/2165
f 2165/1911/2167 2164/1910/2166 2166/1912/2168
f 2164/1910/2166 2152/1898/2154 2166/1912/2168
f 2165/1911/2167 2166/1912/2168 2167/1913/2169
f 2162/1908/2164 2168/1914/2170 2160/1906/2162
f 2162/1908/2164 2169/1915/2171 2168/1914/2170
f 2160/1906/2162 2170/1916/2172 2159/1905/2161
f 2160/1906/2162 2168/1914/2170 2170/1916/2172
f 2158/1904/2160 2171/1917/2173 2157/1903/2159
f 2172/1918/2174 2158/1904/2160 2159/1905/2161
f 2172/1918/2174 2171/1917/2173 2158/1904/2160
f 2165/1911/2167 2173/1919/2175 2163/1909/2165
f 2173/1919/2175 2162/1908/2164 2163/1909/2165
f 2165/1911/2167 2174/1920/2176 2173/1919/2175
f 2174/1920/2176 2165/1911/2167 2167/1913/2169
f 2175/1921/2177 2173/1919/2175 2174/1920/2176
f 2175/1921/2177 2174/1920/2176 2176/1922/2178
f 2177/1923/2179 2175/1921/2177 2176/1922/2178
f 2177/1923/2179 2178/1924/2180 2175/1921/2177
f 2178/1924/2180 2177/1923/2179 2179/1925/2181
f 2178/1924/2180 2179/1925/2181 2180/1926/2182
f 2181/1927/2183 2178/1924/2180 2180/1926/2182
f 2181/1927/2183 2182/1928/2184 2178/1924/2180
f 2178/1924/2180 2183/1929/2185 2175/1921/2177
f 2178/1924/2180 2182/1928/2184 2183/1929/2185
f 2183/1929/2185 2173/1919/2175 2175/1921/2177
f 2183/1929/2185 2184/1930/2186 2173/1919/2175
f 2173/1919/2175 2184/1930/2186 2162/1908/2164
f 2182/1928/2184 2185/1931/2187 2183/1929/2185
f 2185/1931/2187 2184/1930/2186 2183/1929/2185
f 2186/1932/2188 2184/1930/2186 2185/1931/2187
f 2182/1928/2184 2187/1933/2189 2185/1931/2187
f 2182/1928/2184 2188/1934/2190 2187/1933/2189
f 2188/1934/2190 2182/1928/2184 2181/1927/2183
f 2186/1932/2188 2185/1931/2187 2189/1935/2191
f 2185/1931/2187 2187/1933/2189 2190/1936/2192
f 2162/1908/2164 2184/1930/2186 2169/1915/2171
f 2186/1932/2188 2169/1915/2171 2184/1930/2186
f 2191/1937/2193 2179/1925/2181 2177/1923/2179
f 2191/1937/2193 2177/1923/2179 2192/1938/2194
f 2176/1922/2178 2192/1938/2194 2177/1923/2179
f 2176/1922/2178 2193/1939/2195 2192/1938/2194
f 2176/1922/2178 2194/1940/2196 2193/1939/2195
f 2176/1922/2178 2174/1920/2176 2194/1940/2196
f 2174/1920/2176 2167/1913/2169 2194/1940/2196
f 2195/1941/2197 2192/1938/2194 2193/1939/2195
f 2195/1941/2197 2196/1942/2198 2192/1938/2194
f 2191/1937/2193 2192/1938/2194 2196/1942/2198
f 2191/1937/2193 2196/1942/2198 2197/1943/2199
f 2198/1944/2200 2194/1940/2196 2167/1913/2169
f 2198/1944/2200 2193/1939/2195 2194/1940/2196
f 2198/1944/2200 2195/1941/2197 2193/1939/2195
f 2198/1944/2200 2167/1913/2169 2199/1945/2201
f 2200/1946/2202 2199/1945/2201 2167/1913/2169
f 2200/1946/2202 2167/1913/2169 2166/1912/2168
f 2201/1947/2203 2199/1945/2201 2200/1946/2202
f 2201/1947/2203 2200/1946/2202 2202/1948/2204
f 2200/1946/2202 2203/1949/2205 2202/1948/2204
f 2204/1950/2206 2202/1948/2204 2203/1949/2205
f 2203/1949/2205 2205/1951/2207 2204/1950/2206
f 2203/1949/2205 2206/1952/2208 2205/1951/2207
f 2207/1953/2209 2205/1951/2207 2206/1952/2208
f 2207/1953/2209 2208/1954/2210 2205/1951/2207
f 2204/1950/2206 2209/1955/2211 2202/1948/2204
f 2209/1955/2211 2201/1947/2203 2202/1948/2204
f 2200/1946/2202 2210/1956/2212 2203/1949/2205
f 2210/1956/2212 2206/1952/2208 2203/1949/2205
f 2210/1956/2212 2200/1946/2202 2166/1912/2168
f 2210/1956/2212 2211/1957/2213 2206/1952/2208
f 2150/1895/2151 2211/1957/2213 2210/1956/2212
f 2151/1897/2153 2211/1957/2213 2150/1895/2151
f 2151/1897/2153 2212/1958/2214 2211/1957/2213
f 2206/1952/2208 2211/1957/2213 2212/1958/2214
f 2206/1952/2208 2212/1958/2214 2207/1953/2209
f 2150/1895/2151 2210/1956/2212 2152/1898/2154
f 2210/1956/2212 2166/1912/2168 2152/1898/2154
f 2213/1959/2215 2204/1950/2206 2205/1951/2207
f 2213/1959/2215 2205/1951/2207 2208/1954/2210
f 2204/1950/2206 2213/1959/2215 2214/1960/2216
f 2215/1961/2217 2204/1950/2206 2214/1960/2216
f 2204/1950/2206 2215/1961/2217 2209/1955/2211
f 2209/1955/2211 2215/1961/2217 2216/1962/2218
f 2209/1955/2211 2216/1962/2218 2201/1947/2203
f 2217/1963/2219 2170/1916/2172 2218/1964/2220
f 2219/1965/2221 2217/1963/2219 2218/1964/2220
f 2159/1905/2161 2170/1916/2172 2217/1963/2219
f 2217/1963/2219 2172/1918/2174 2159/1905/2161
f 2220/1966/2222 2172/1918/2174 2217/1963/2219
f 2217/1963/2219 2221/1967/2223 2220/1966/2222
f 2222/1968/2224 2224/1969/2225 2223/1970/2226
f 2224/1969/2225 2190/1936/2192 2223/1970/2226
f 2185/1931/2187 2190/1936/2192 2224/1969/2225
f 2189/1935/2191 2185/1931/2187 2224/1969/2225
f 2189/1935/2191 2224/1969/2225 2225/1971/2227
f 2225/1971/2227 2224/1969/2225 2222/1968/2224
f 2226/1972/2228 2228/1973/2229 2227/1974/2230
f 2228/1973/2229 2229/1975/2231 2227/1974/2230
f 2229/1975/2231 2228/1973/2229 2230/1976/2232
f 2226/1972/2228 2227/1974/2230 2231/1977/2233
f 2227/1974/2230 2232/1978/2234 2231/1977/2233
f 2230/1976/2232 2233/1979/2235 2229/1975/2231
f 2234/1980/2236 2229/1975/2231 2233/1979/2235
f 2230/1976/2232 2235/1981/2237 2233/1979/2235
f 2234/1980/2236 2233/1979/2235 2235/1981/2237
f 2230/1976/2232 2236/1982/2238 2235/1981/2237
f 2236/1982/2238 2237/1983/2239 2235/1981/2237
f 2236/1982/2238 2238/1984/2240 2237/1983/2239
f 2239/1985/2241 2237/1983/2239 2238/1984/2240
f 2239/1985/2241 2238/1984/2240 2240/1986/2242
f 2234/1980/2236 2235/1981/2237 2241/1987/2243
f 2241/1987/2243 2235/1981/2237 2242/1985/2244
f 2235/1981/2237 2237/1983/2239 2242/1985/2244
f 2243/1988/2245 2241/1987/2243 2242/1985/2244
f 2243/1988/2245 2242/1985/2244 2244/1986/2246
f 2245/1989/2247 2231/1977/2233 2232/1978/2234
f 2245/1989/2247 2232/1978/2234 2246/1990/2248
f 2247/1991/2249 2245/1989/2247 2246/1990/2248
f 2248/1992/2250 2247/1991/2249 2246/1990/2248
f 2248/1992/2250 2249/1993/2251 2247/1991/2249
f 2247/1991/2249 2250/1994/2252 2245/1989/2247
f 2251/1995/2253 2245/1989/2247 2250/1994/2252
f 2226/1972/2228 2245/1989/2247 2251/1995/2253
f 2251/1995/2253 2250/1994/2252 2252/1996/2254
f 2253/1991/2255 2252/1996/2254 2250/1994/2252
f 2253/1991/2255 2254/1993/2256 2252/1996/2254
f 2226/1972/2228 2231/1977/2233 2245/1989/2247
f 2255/1997/2257 2256/1998/2258 2229/1975/2231
f 2234/1980/2236 2255/1997/2257 2229/1975/2231
f 2256/1998/2258 2227/1974/2230 2229/1975/2231
f 2227/1974/2230 2256/1998/2258 2232/1978/2234
f 2257/1999/2259 2259/2000/2260 2258/2001/2261
f 2257/1999/2259 2260/2002/2262 2259/2000/2260
f 2261/2003/2263 2259/2000/2260 2260/2002/2262
f 2261/2003/2263 2262/2004/2264 2259/2000/2260
f 2263/2005/2265 2262/2004/2264 2261/2003/2263
f 2263/2005/2265 2260/2002/2262 2257/1999/2259
f 2263/2005/2265 2261/2003/2263 2260/2002/2262
f 2263/2005/2265 2264/2006/2266 2262/2004/2264
f 2262/2004/2264 2264/2006/2266 2265/2007/2267
f 2262/2004/2264 2265/2007/2267 2266/2008/2268
f 2262/2004/2264 2267/2009/2269 2259/2000/2260
f 2262/2004/2264 2266/2008/2268 2267/2009/2269
f 2268/2010/2270 2267/2009/2269 2266/2008/2268
f 2268/2010/2270 2269/2011/2271 2267/2009/2269
f 2259/2000/2260 2270/2012/2272 2258/2001/2261
f 2259/2000/2260 2267/2009/2269 2270/2012/2272
f 2269/2011/2271 2268/2010/2270 2271/2013/2273
f 2269/2011/2271 2271/2013/2273 2272/2014/2274
f 2273/2015/2275 2272/2014/2274 2271/2013/2273
f 2273/2015/2275 2271/2013/2273 2274/2016/2276
f 2273/2015/2275 2274/2016/2276 2275/2017/2277
f 2273/2015/2275 2275/2017/2277 2276/2018/2278
f 2277/2019/2279 2279/2020/2280 2278/2021/2281
f 2277/2019/2279 2278/2021/2281 2280/2022/2282
f 2277/2019/2279 2280/2022/2282 2199/1945/2201
f 2278/2021/2281 2279/2020/2280 2281/2023/2283
f 2282/2024/2284 2281/2023/2283 2279/2020/2280
f 2282/2024/2284 2279/2020/2280 2283/2025/2285
f 2284/2026/2286 2280/2022/2282 2278/2021/2281
f 2198/1944/2200 2280/2022/2282 2284/2026/2286
f 2199/1945/2201 2280/2022/2282 2198/1944/2200
f 2198/1944/2200 2284/2026/2286 2285/2027/2287
f 2198/1944/2200 2285/2027/2287 2195/1941/2197
f 2196/1942/2198 2195/1941/2197 2285/2027/2287
f 2196/1942/2198 2285/2027/2287 2286/2028/2288
f 2286/2028/2288 2287/2029/2289 2196/1942/2198
f 2287/2029/2289 2197/1943/2199 2196/1942/2198
f 2288/2030/2290 2287/2029/2289 2286/2028/2288
f 2289/2031/2291 2287/2029/2289 2288/2030/2290
f 2289/2031/2291 2197/1943/2199 2287/2029/2289
f 2288/2030/2290 2290/2032/2292 2289/2031/2291
f 2288/2030/2290 2291/2033/2293 2290/2032/2292
f 2290/2032/2292 2291/2033/2293 2292/2034/2294
f 2290/2032/2292 2292/2034/2294 2293/2035/2295
f 2294/2036/2296 1992/1743/1994 1998/1749/2000
f 2294/2036/2296 1991/1742/1993 1992/1743/1994
f 2029/1779/2297 2296/1776/2298 2295/1775/2298
f 2029/1779/2031 2034/1784/2036 2297/1776/2299
f 1987/1738/1989 1982/1733/1984 2298/2037/2300
f 2157/1903/2159 2171/1917/2173 2299/2038/2301
f 2300/2039/2302 2302/2040/2303 2301/2041/2304
f 2300/2039/2302 2303/2042/2305 2302/2040/2303
f 2301/2041/2304 2302/2040/2303 2304/2043/2306
f 2301/2041/2304 2304/2043/2306 2305/2044/2307
f 2305/2044/2307 2304/2043/2306 2306/2045/2308
f 2305/2044/2307 2306/2045/2308 2307/2046/2309
f 2308/2047/2310 2307/2046/2309 2306/2045/2308
f 2309/2048/2311 2303/2042/2305 2300/2039/2302
f 2309/2048/2311 2310/2049/2312 2303/2042/2305
f 2309/2048/2311 2311/2050/2313 2310/2049/2312
f 2309/2048/2311 2312/2051/2314 2311/2050/2313
f 2312/2051/2314 2313/2052/2315 2311/2050/2313
f 2312/2051/2314 2314/2053/2316 2313/2052/2315
f 2314/2053/2316 2315/2054/2317 2313/2052/2315
f 2314/2053/2316 2316/2055/2318 2315/2054/2317
f 2316/2055/2318 2317/2056/2319 2315/2054/2317
f 2316/2055/2318 2318/2057/2320 2317/2056/2319
f 2319/2058/2321 2317/2056/2319 2318/2057/2320
f 2319/2058/2321 2318/2057/2320 2320/2059/2322
f 2321/2060/2323 2317/2056/2319 2319/2058/2321
f 2308/2047/2310 2306/2045/2308 2322/2061/2324
f 2323/2062/2325 2307/2046/2309 2308/2047/2310
f 2324/2063/2326 2326/2064/2327 2325/2065/2328
f 2324/2063/2326 2327/2066/2329 2326/2064/2327
f 2327/2066/2329 2324/2063/2326 2328/2067/2330
f 2327/2066/2329 2328/2067/2330 2329/2068/2331
f 2330/2069/2332 2325/2065/2328 2326/2064/2327
f 2330/2069/2332 2331/2070/2333 2325/2065/2328
f 2332/2071/2334 2329/2068/2331 2328/2067/2330
f 2332/2071/2334 2333/2072/2335 2329/2068/2331
f 2334/2073/2336 2333/2072/2335 2332/2071/2334
f 2334/2073/2336 2335/2074/2337 2333/2072/2335
f 2324/2063/2326 2336/2075/2338 2328/2067/2330
f 2324/2063/2326 2337/2076/2339 2336/2075/2338
f 2337/2076/2339 2324/2063/2326 2325/2065/2328
f 2337/2076/2339 2338/2077/2340 2336/2075/2338
f 2337/2076/2339 2339/2078/2341 2338/2077/2340
f 2340/2079/2342 2339/2078/2341 2337/2076/2339
f 2331/2070/2333 2340/2079/2342 2325/2065/2328
f 2337/2076/2339 2325/2065/2328 2340/2079/2342
f 2340/2079/2342 2341/2080/2343 2339/2078/2341
f 2342/2081/2344 2341/2080/2343 2340/2079/2342
f 2343/2082/2345 2336/2075/2338 2338/2077/2340
f 2328/2067/2330 2343/2082/2345 2332/2071/2334
f 2328/2067/2330 2336/2075/2338 2343/2082/2345
f 2343/2082/2345 2338/2077/2340 2344/2083/2346
f 2345/2084/2347 2343/2082/2345 2344/2083/2346
f 2345/2084/2347 2344/2083/2346 2346/2085/2348
f 2347/2086/2349 2332/2071/2334 2343/2082/2345
f 2347/2086/2349 2343/2082/2345 2345/2084/2347
f 2345/2084/2347 2348/2087/2350 2347/2086/2349
f 2345/2084/2347 2346/2085/2348 2348/2087/2350
f 2349/2073/2351 2347/2086/2349 2348/2087/2350
f 2349/2073/2351 2348/2087/2350 2350/2074/2352
f 2349/2073/2351 2332/2071/2334 2347/2086/2349
f 2351/2081/2353 2352/2088/2353 2341/2080/2354
f 2331/2070/2333 2353/2081/2355 2340/2079/2342
f 2354/2089/2356 2353/2081/2355 2331/2070/2333
f 2354/2089/2356 2331/2070/2333 2355/2090/2357
f 2355/2090/2357 2356/2091/2358 2354/2089/2356
f 2354/2089/2356 2356/2091/2358 2357/2092/2359
f 2354/2089/2356 2357/2092/2359 2358/2093/2360
f 2356/2091/2358 2359/2094/2361 2357/2092/2359
f 2356/2091/2358 2360/2095/2362 2359/2094/2361
f 2360/2095/2362 2361/2096/2363 2359/2094/2361
f 2360/2095/2362 2362/2097/2364 2361/2096/2363
f 2363/2098/2365 2361/2096/2363 2362/2097/2364
f 2363/2098/2365 2364/2099/2366 2361/2096/2363
f 2355/2090/2357 2365/2100/2367 2356/2091/2358
f 2365/2100/2367 2360/2095/2362 2356/2091/2358
f 2365/2100/2367 2355/2090/2357 2366/2101/2368
f 2365/2100/2367 2366/2101/2368 2367/2102/2369
f 2368/2103/2370 2365/2100/2367 2367/2102/2369
f 2365/2100/2367 2368/2103/2370 2360/2095/2362
f 2368/2103/2370 2362/2097/2364 2360/2095/2362
f 2368/2103/2370 2367/2102/2369 2369/2104/2371
f 2370/2105/2372 2368/2103/2370 2369/2104/2371
f 2368/2103/2370 2370/2105/2372 2362/2097/2364
f 2370/2105/2372 2369/2104/2371 2371/2106/2373
f 2372/2107/2374 2370/2105/2372 2371/2106/2373
f 2362/2097/2364 2370/2105/2372 2373/2108/2375
f 2362/2097/2364 2373/2108/2375 2374/2098/2376
f 2375/2107/2377 2376/2109/2378 2373/2108/2375
f 2377/2098/2379 2373/2108/2375 2376/2109/2378
f 2377/2098/2379 2376/2109/2378 2378/2099/2380
f 2379/2107/2381 2380/2110/2382 2376/2109/2378
f 2370/2105/2383 2379/2107/2384 2381/2108/2385
f 2382/2107/2386 2371/2106/2387 2383/2110/2386
f 2355/2090/2357 2330/2069/2332 2366/2101/2368
f 2355/2090/2357 2331/2070/2333 2330/2069/2332
f 2384/2081/2388 2358/2093/2360 2385/2088/2389
f 2384/2081/2388 2354/2089/2356 2358/2093/2360
f 2386/2111/2390 2388/2112/2391 2387/2113/2392
f 2386/2111/2390 2389/2114/2393 2388/2112/2391
f 2390/2115/2394 2388/2112/2391 2389/2114/2393
f 2390/2115/2394 2389/2114/2393 2391/2116/2395
f 2392/2117/2396 2390/2115/2394 2391/2116/2395
f 2392/2117/2396 2393/2118/2397 2390/2115/2394
f 2394/2119/2398 2393/2118/2397 2392/2117/2396
f 2394/2119/2398 2392/2117/2396 2395/2120/2399
f 2396/2121/2400 2394/2119/2398 2395/2120/2399
f 2396/2121/2400 2395/2120/2399 2397/2122/2401
f 2398/2123/2402 2396/2121/2400 2397/2122/2401
f 2398/2123/2402 2399/2124/2403 2396/2121/2400
f 2400/2125/2404 2399/2124/2403 2398/2123/2402
f 2400/2125/2404 2401/2126/2405 2399/2124/2403
f 2402/2127/2406 2386/2111/2390 2387/2113/2392
f 2403/2128/2407 2389/2114/2393 2386/2111/2390
f 2403/2128/2407 2404/2129/2408 2389/2114/2393
f 2395/2120/2399 2405/2130/2409 2397/2122/2401
f 2395/2120/2399 2406/2131/2410 2405/2130/2409
f 2392/2117/2396 2406/2131/2410 2395/2120/2399
f 2397/2122/2401 2407/2132/2411 2398/2123/2402
f 2397/2122/2401 2405/2130/2409 2407/2132/2411
f 2398/2123/2402 2408/2133/2412 2400/2125/2404
f 2398/2123/2402 2407/2132/2411 2408/2133/2412
f 2409/2134/2413 2386/2111/2390 2402/2127/2406
f 2409/2134/2413 2403/2128/2407 2386/2111/2390
f 2401/2126/2405 2410/2135/2414 2399/2124/2403
f 2401/2126/2405 2411/2136/2415 2410/2135/2414
f 2411/2136/2415 2412/2137/2416 2410/2135/2414
f 2410/2135/2414 2412/2137/2416 2413/2138/2417
f 2410/2135/2414 2413/2138/2417 2414/2139/2418
f 2414/2139/2418 2413/2138/2417 2415/2140/2419
f 2414/2139/2418 2415/2140/2419 2416/2141/2420
f 2416/2141/2420 2415/2140/2419 2417/2142/2421
f 2416/2141/2420 2417/2142/2421 2418/2143/2422
f 2418/2143/2422 2417/2142/2421 2419/2144/2423
f 2418/2143/2422 2419/2144/2423 2420/2145/2424
f 2411/2136/2415 2421/2146/2425 2412/2137/2416
f 2422/2147/2426 2421/2146/2425 2411/2136/2415
f 2422/2147/2426 2423/2148/2427 2421/2146/2425
f 2420/2145/2424 2419/2144/2423 2424/2149/2428
f 2420/2145/2424 2424/2149/2428 2425/2150/2429
f 2426/2151/2430 2425/2150/2429 2424/2149/2428
f 2426/2151/2430 2424/2149/2428 2427/2152/2431
f 2428/2153/2432 2426/2151/2430 2427/2152/2431
f 2428/2153/2432 2427/2152/2431 2429/2154/2433
f 2430/2155/2434 2428/2153/2432 2429/2154/2433
f 2393/2118/2397 2416/2141/2420 2418/2143/2422
f 2393/2118/2397 2418/2143/2422 2420/2145/2424
f 2393/2118/2397 2394/2119/2398 2416/2141/2420
f 2393/2118/2397 2420/2145/2424 2390/2115/2394
f 2425/2150/2429 2390/2115/2394 2420/2145/2424
f 2431/2156/2435 2426/2151/2430 2428/2153/2432
f 2431/2156/2435 2387/2113/2392 2426/2151/2430
f 2425/2150/2429 2426/2151/2430 2387/2113/2392
f 2402/2127/2406 2387/2113/2392 2431/2156/2435
f 2432/2157/2436 2402/2127/2406 2431/2156/2435
f 2432/2157/2436 2431/2156/2435 2433/2158/2437
f 2433/2158/2437 2428/2153/2432 2430/2155/2434
f 2433/2158/2437 2431/2156/2435 2428/2153/2432
f 2433/2158/2437 2434/2159/2438 2432/2157/2436
f 2433/2158/2437 2435/2160/2439 2434/2159/2438
f 2435/2160/2439 2433/2158/2437 2430/2155/2434
f 2436/2161/2440 2434/2159/2438 2435/2160/2439
f 2436/2161/2440 2437/2162/2441 2434/2159/2438
f 2434/2159/2438 2438/2163/2442 2432/2157/2436
f 2402/2127/2406 2432/2157/2436 2438/2163/2442
f 2434/2159/2438 2439/2164/2443 2438/2163/2442
f 2437/2162/2441 2439/2164/2443 2434/2159/2438
f 2435/2160/2439 2430/2155/2434 2440/2165/2444
f 2435/2160/2439 2440/2165/2444 2436/2161/2440
f 2440/2165/2444 2441/2166/2445 2436/2161/2440
f 2441/2166/2445 2437/2162/2441 2436/2161/2440
f 2440/2165/2444 2442/2167/2446 2441/2166/2445
f 2402/2127/2406 2438/2163/2442 2409/2134/2413
f 2441/2166/2445 2443/2168/2447 2437/2162/2441
f 2443/2168/2447 2441/2166/2445 2442/2167/2446
f 2443/2168/2447 2442/2167/2446 2444/2169/2448
f 2445/2170/2449 2443/2168/2447 2444/2169/2448
f 2439/2164/2443 2437/2162/2441 2445/2170/2449
f 2443/2168/2447 2445/2170/2449 2437/2162/2441
f 2442/2167/2446 2440/2165/2444 2446/2171/2450
f 2447/2172/2451 2442/2167/2446 2446/2171/2450
f 2442/2167/2446 2448/2172/2452 2444/2169/2448
f 2446/2171/2450 2450/2173/2453 2449/2172/2454
f 2446/2171/2450 2451/2174/2455 2450/2173/2453
f 2452/2175/2456 2450/2173/2453 2451/2174/2455
f 2452/2175/2456 2451/2174/2455 2453/2176/2457
f 2454/2177/2458 2452/2175/2456 2453/2176/2457
f 2454/2177/2458 2453/2176/2457 2455/2178/2459
f 2456/2179/2460 2454/2177/2458 2455/2178/2459
f 2456/2179/2460 2455/2178/2459 2457/2180/2461
f 2458/2181/2462 2456/2179/2460 2457/2180/2461
f 2458/2181/2462 2457/2180/2461 2459/2182/2463
f 2460/2183/2464 2458/2181/2462 2459/2182/2463
f 2460/2183/2464 2459/2182/2463 2461/2184/2465
f 2462/2185/2466 2460/2183/2464 2461/2184/2465
f 2462/2185/2466 2461/2184/2465 2463/2186/2467
f 2464/2187/2468 2462/2185/2466 2463/2186/2467
f 2464/2187/2468 2463/2186/2467 2465/2188/2469
f 2466/2189/2470 2464/2187/2468 2465/2188/2469
f 2466/2189/2470 2465/2188/2469 2467/2190/2471
f 2466/2189/2470 2467/2190/2471 2468/2191/2472
f 2466/2189/2470 2468/2191/2472 2469/2192/2473
f 2468/2191/2472 2470/2193/2474 2469/2192/2473
f 2468/2191/2472 2471/2194/2475 2470/2193/2474
f 2423/2148/2427 2471/2194/2475 2468/2191/2472
f 2423/2148/2427 2468/2191/2472 2421/2146/2425
f 2421/2146/2425 2468/2191/2472 2467/2190/2471
f 2421/2146/2425 2467/2190/2471 2412/2137/2416
f 2412/2137/2416 2467/2190/2471 2465/2188/2469
f 2412/2137/2416 2465/2188/2469 2413/2138/2417
f 2413/2138/2417 2465/2188/2469 2463/2186/2467
f 2413/2138/2417 2463/2186/2467 2415/2140/2419
f 2415/2140/2419 2463/2186/2467 2461/2184/2465
f 2415/2140/2419 2461/2184/2465 2417/2142/2421
f 2417/2142/2421 2461/2184/2465 2459/2182/2463
f 2417/2142/2421 2459/2182/2463 2419/2144/2423
f 2419/2144/2423 2459/2182/2463 2457/2180/2461
f 2419/2144/2423 2457/2180/2461 2424/2149/2428
f 2424/2149/2428 2457/2180/2461 2455/2178/2459
f 2424/2149/2428 2455/2178/2459 2427/2152/2431
f 2455/2178/2459 2429/2154/2433 2427/2152/2431
f 2455/2178/2459 2453/2176/2457 2429/2154/2433
f 2430/2155/2434 2429/2154/2433 2453/2176/2457
f 2430/2155/2434 2453/2176/2457 2451/2174/2455
f 2451/2174/2455 2440/2165/2444 2430/2155/2434
f 2451/2174/2455 2472/2195/2476 2440/2165/2444
f 2473/2171/2477 2440/2165/2444 2472/2195/2476
f 2446/2171/2450 2472/2195/2476 2451/2174/2455
f 2404/2129/2408 2391/2116/2395 2389/2114/2393
f 2404/2129/2408 2474/2196/2478 2391/2116/2395
f 2475/2197/2479 2391/2116/2395 2474/2196/2478
f 2475/2197/2479 2392/2117/2396 2391/2116/2395
f 2392/2117/2396 2475/2197/2479 2406/2131/2410
f 2476/2198/2480 2477/2199/2481 2400/2125/2404
f 2477/2199/2481 2476/2198/2480 2478/2200/2482
f 2476/2198/2480 2479/2201/2483 2478/2200/2482
f 2400/2125/2404 2479/2201/2483 2476/2198/2480
f 2477/2199/2481 2478/2200/2482 2422/2147/2426
f 2477/2199/2481 2422/2147/2426 2411/2136/2415
f 2477/2199/2481 2411/2136/2415 2401/2126/2405
f 2477/2199/2481 2401/2126/2405 2400/2125/2404
f 2422/2147/2426 2478/2200/2482 2480/2202/2484
f 2422/2147/2426 2480/2202/2484 2423/2148/2427
f 2481/2203/2485 2480/2202/2484 2478/2200/2482
f 2481/2203/2485 2478/2200/2482 2482/2204/2486
f 2480/2202/2484 2481/2203/2485 2483/2205/2487
f 2483/2205/2487 2481/2203/2485 2484/2206/2488
f 2484/2206/2488 2481/2203/2485 2482/2204/2486
f 2483/2205/2487 2484/2206/2488 2485/2207/2489
f 2485/2207/2489 2486/2208/2490 2483/2205/2487
f 2485/2207/2489 2487/2209/2491 2486/2208/2490
f 2480/2202/2484 2483/2205/2487 2488/2210/2492
f 2423/2148/2427 2480/2202/2484 2488/2210/2492
f 2483/2205/2487 2489/2211/2493 2488/2210/2492
f 2483/2205/2487 2486/2208/2490 2489/2211/2493
f 2488/2210/2492 2489/2211/2493 2490/2212/2494
f 2488/2210/2492 2490/2212/2494 2491/2213/2495
f 2423/2148/2427 2488/2210/2492 2491/2213/2495
f 2489/2211/2493 2492/2214/2496 2490/2212/2494
f 2489/2211/2493 2486/2208/2490 2492/2214/2496
f 2493/2215/2497 2490/2212/2494 2492/2214/2496
f 2493/2215/2497 2491/2213/2495 2490/2212/2494
f 2492/2214/2496 2494/2216/2498 2493/2215/2497
f 2492/2214/2496 2495/2217/2499 2494/2216/2498
f 2492/2214/2496 2487/2209/2500 2495/2217/2499
f 2471/2194/2475 2493/2215/2497 2494/2216/2498
f 2491/2213/2495 2493/2215/2497 2471/2194/2475
f 2471/2194/2475 2494/2216/2498 2470/2193/2474
f 2491/2213/2495 2471/2194/2475 2423/2148/2427
f 2496/2214/2501 2497/2208/2501 2487/2209/2491
f 2498/2218/2502 2500/2219/2503 2499/2220/2504
f 2498/2218/2502 2501/2221/2505 2500/2219/2503
f 2501/2221/2505 2502/2222/2506 2500/2219/2503
f 2501/2221/2505 2503/2223/2507 2502/2222/2506
f 2504/2224/2508 2498/2218/2502 2499/2220/2504
f 2504/2224/2508 2505/2225/2509 2498/2218/2502
f 2506/2226/2510 2505/2225/2509 2504/2224/2508
f 2506/2226/2510 2507/2227/2511 2505/2225/2509
f 2507/2227/2511 2506/2226/2510 2508/2228/2512
f 2507/2227/2511 2508/2228/2512 2509/2229/2513
f 2501/2221/2505 2498/2218/2502 2510/2230/2514
f 2501/2221/2505 2510/2230/2514 2511/2231/2515
f 2503/2223/2507 2501/2221/2505 2511/2231/2515
f 2498/2218/2502 2512/2232/2516 2510/2230/2514
f 2498/2218/2502 2505/2225/2509 2512/2232/2516
f 2507/2227/2511 2512/2232/2516 2505/2225/2509
f 2507/2227/2511 2509/2229/2513 2513/2233/2517
f 2507/2227/2511 2513/2233/2517 2514/2234/2518
f 2507/2227/2511 2514/2234/2518 2512/2232/2516
f 2503/2223/2507 2511/2231/2515 2515/2235/2519
f 2516/2236/2520 2509/2229/2513 2508/2228/2512
f 2516/2236/2520 2517/2237/2521 2509/2229/2513
f 2517/2237/2521 2513/2233/2517 2509/2229/2513
f 2517/2237/2521 2516/2236/2520 2518/2238/2522
f 2517/2237/2521 2518/2238/2522 2519/2239/2523
f 2519/2239/2523 2518/2238/2522 2520/2240/2524
f 2519/2239/2523 2520/2240/2524 2521/2241/2525
f 2522/2242/2526 2521/2241/2525 2520/2240/2524
f 2522/2242/2526 2523/2243/2527 2521/2241/2525
f 2523/2243/2527 2522/2242/2526 2524/2244/2528
f 2525/2245/2529 2519/2239/2523 2521/2241/2525
f 2525/2245/2529 2521/2241/2525 2526/2246/2530
f 2523/2243/2527 2526/2246/2530 2521/2241/2525
f 2523/2243/2527 2527/2247/2531 2526/2246/2530
f 2517/2237/2521 2528/2248/2532 2513/2233/2517
f 2519/2239/2523 2528/2248/2532 2517/2237/2521
f 2519/2239/2523 2525/2245/2529 2528/2248/2532
f 2527/2247/2531 2523/2243/2527 2529/2249/2533
f 2523/2243/2527 2524/2244/2528 2529/2249/2533
f 2527/2247/2531 2529/2249/2533 2530/2250/2534
f 2524/2244/2528 2522/2242/2526 2531/2251/2535
f 2532/2252/2536 2534/2253/2537 2533/2254/2538
f 2535/2255/2539 2532/2252/2536 2533/2254/2538
f 2533/2254/2538 2534/2253/2537 2536/2256/2540
f 2537/2257/2541 2533/2254/2538 2536/2256/2540
f 2538/2258/2542 2537/2257/2541 2536/2256/2540
f 2538/2258/2542 2536/2256/2540 2539/2259/2543
f 2538/2258/2542 2539/2259/2543 2540/2260/2544
f 2538/2258/2542 2540/2260/2544 2541/2261/2545
f 2515/2235/2519 2536/2256/2540 2534/2253/2537
f 2515/2235/2519 2534/2253/2537 2503/2223/2507
f 2532/2252/2536 2503/2223/2507 2534/2253/2537
f 2502/2222/2506 2532/2252/2536 2535/2255/2539
f 2532/2252/2536 2502/2222/2506 2503/2223/2507
f 2535/2255/2539 2533/2254/2538 2542/2262/2546
f 2414/2139/2418 2399/2124/2403 2410/2135/2414
f 2414/2139/2418 2396/2121/2400 2399/2124/2403
f 2416/2141/2420 2396/2121/2400 2414/2139/2418
f 2416/2141/2420 2394/2119/2398 2396/2121/2400
f 2425/2150/2429 2388/2112/2391 2390/2115/2394
f 2425/2150/2429 2387/2113/2392 2388/2112/2391
f 2479/2201/2483 2408/2133/2412 2543/2263/2547
f 2478/2200/2482 2479/2201/2483 2543/2263/2547
f 2400/2125/2404 2408/2133/2412 2479/2201/2483
f 2544/2111/2548 2546/2112/2549 2545/2114/2550
f 2544/2111/2548 2547/2113/2551 2546/2112/2549
f 2548/2115/2552 2545/2114/2550 2546/2112/2549
f 2548/2115/2552 2549/2116/2553 2545/2114/2550
f 2550/2117/2554 2549/2116/2553 2548/2115/2552
f 2550/2117/2554 2548/2115/2552 2551/2118/2555
f 2552/2119/2556 2550/2117/2554 2551/2118/2555
f 2552/2119/2556 2553/2120/2557 2550/2117/2554
f 2554/2121/2558 2553/2120/2557 2552/2119/2556
f 2554/2121/2558 2555/2122/2559 2553/2120/2557
f 2556/2123/2560 2555/2122/2559 2554/2121/2558
f 2556/2123/2560 2554/2121/2558 2557/2124/2561
f 2558/2125/2562 2556/2123/2560 2557/2124/2561
f 2558/2125/2562 2557/2124/2561 2559/2126/2563
f 2560/2127/2564 2547/2113/2551 2544/2111/2548
f 2560/2127/2564 2561/2156/2565 2547/2113/2551
f 2562/2157/2566 2561/2156/2565 2560/2127/2564
f 2562/2157/2566 2563/2158/2567 2561/2156/2565
f 2563/2158/2567 2562/2157/2566 2564/2159/2568
f 2563/2158/2567 2564/2159/2568 2565/2160/2569
f 2566/2161/2570 2565/2160/2569 2564/2159/2568
f 2566/2161/2570 2564/2159/2568 2567/2162/2571
f 2553/2120/2557 2555/2122/2559 2568/2130/2572
f 2555/2122/2559 2569/2132/2573 2568/2130/2572
f 2555/2122/2559 2556/2123/2560 2569/2132/2573
f 2556/2123/2560 2570/2133/2574 2569/2132/2573
f 2556/2123/2560 2558/2125/2562 2570/2133/2574
f 2564/2159/2568 2562/2157/2566 2571/2163/2575
f 2560/2127/2564 2571/2163/2575 2562/2157/2566
f 2564/2159/2568 2571/2163/2575 2572/2164/2576
f 2567/2162/2571 2564/2159/2568 2572/2164/2576
f 2573/2134/2577 2560/2127/2564 2544/2111/2548
f 2560/2127/2564 2573/2134/2577 2571/2163/2575
f 2573/2134/2577 2544/2111/2548 2574/2128/2578
f 2574/2128/2578 2544/2111/2548 2545/2114/2550
f 2574/2128/2578 2545/2114/2550 2575/2129/2579
f 2575/2129/2579 2545/2114/2550 2549/2116/2553
f 2575/2129/2579 2549/2116/2553 2576/2196/2580
f 2577/2197/2581 2576/2196/2580 2549/2116/2553
f 2577/2197/2581 2549/2116/2553 2550/2117/2554
f 2550/2117/2554 2578/2131/2582 2577/2197/2581
f 2553/2120/2557 2568/2130/2572 2578/2131/2582
f 2550/2117/2554 2553/2120/2557 2578/2131/2582
f 2572/2164/2576 2579/2170/2583 2567/2162/2571
f 2579/2170/2583 2581/2169/2584 2580/2168/2585
f 2580/2168/2585 2581/2169/2584 2582/2167/2586
f 2582/2167/2586 2581/2169/2584 2583/2172/2587
f 2580/2168/2585 2582/2167/2586 2584/2166/2588
f 2585/2165/2589 2584/2166/2588 2582/2167/2586
f 2585/2165/2589 2566/2161/2570 2584/2166/2588
f 2565/2160/2569 2566/2161/2570 2585/2165/2589
f 2565/2160/2569 2585/2165/2589 2586/2155/2590
f 2565/2160/2569 2586/2155/2590 2563/2158/2567
f 2563/2158/2567 2586/2155/2590 2587/2153/2591
f 2586/2155/2590 2588/2154/2592 2587/2153/2591
f 2587/2153/2591 2588/2154/2592 2589/2152/2593
f 2587/2153/2591 2589/2152/2593 2590/2151/2594
f 2590/2151/2594 2589/2152/2593 2591/2149/2595
f 2590/2151/2594 2591/2149/2595 2592/2150/2596
f 2593/2145/2597 2592/2150/2596 2591/2149/2595
f 2593/2145/2597 2591/2149/2595 2594/2144/2598
f 2595/2143/2599 2593/2145/2597 2594/2144/2598
f 2595/2143/2599 2594/2144/2598 2596/2142/2600
f 2597/2141/2601 2595/2143/2599 2596/2142/2600
f 2597/2141/2601 2596/2142/2600 2598/2140/2602
f 2599/2139/2603 2597/2141/2601 2598/2140/2602
f 2599/2139/2603 2598/2140/2602 2600/2138/2604
f 2601/2135/2605 2599/2139/2603 2600/2138/2604
f 2601/2135/2605 2600/2138/2604 2602/2137/2606
f 2603/2136/2607 2601/2135/2605 2602/2137/2606
f 2603/2136/2607 2602/2137/2606 2604/2146/2608
f 2605/2147/2609 2603/2136/2607 2604/2146/2608
f 2605/2147/2609 2604/2146/2608 2606/2148/2610
f 2607/2199/2611 2603/2136/2607 2605/2147/2609
f 2607/2199/2611 2559/2126/2563 2603/2136/2607
f 2559/2126/2563 2601/2135/2605 2603/2136/2607
f 2559/2126/2563 2557/2124/2561 2601/2135/2605
f 2599/2139/2603 2601/2135/2605 2557/2124/2561
f 2599/2139/2603 2557/2124/2561 2554/2121/2558
f 2597/2141/2601 2599/2139/2603 2554/2121/2558
f 2597/2141/2601 2554/2121/2558 2552/2119/2556
f 2551/2118/2555 2597/2141/2601 2552/2119/2556
f 2551/2118/2555 2595/2143/2599 2597/2141/2601
f 2551/2118/2555 2593/2145/2597 2595/2143/2599
f 2551/2118/2555 2548/2115/2552 2593/2145/2597
f 2592/2150/2596 2593/2145/2597 2548/2115/2552
f 2592/2150/2596 2548/2115/2552 2546/2112/2549
f 2592/2150/2596 2546/2112/2549 2547/2113/2551
f 2592/2150/2596 2547/2113/2551 2590/2151/2594
f 2561/2156/2565 2590/2151/2594 2547/2113/2551
f 2561/2156/2565 2587/2153/2591 2590/2151/2594
f 2563/2158/2567 2587/2153/2591 2561/2156/2565
f 2558/2125/2562 2559/2126/2563 2607/2199/2611
f 2608/2198/2612 2558/2125/2562 2607/2199/2611
f 2607/2199/2611 2609/2200/2613 2608/2198/2612
f 2608/2198/2612 2609/2200/2613 2610/2201/2614
f 2558/2125/2562 2608/2198/2612 2610/2201/2614
f 2607/2199/2611 2605/2147/2609 2609/2200/2613
f 2605/2147/2609 2611/2202/2615 2609/2200/2613
f 2605/2147/2609 2606/2148/2610 2611/2202/2615
f 2612/2203/2616 2609/2200/2613 2611/2202/2615
f 2612/2203/2616 2613/2204/2617 2609/2200/2613
f 2611/2202/2615 2614/2205/2618 2612/2203/2616
f 2614/2205/2618 2615/2206/2619 2612/2203/2616
f 2615/2206/2619 2613/2204/2617 2612/2203/2616
f 2614/2205/2618 2616/2207/2620 2615/2206/2619
f 2616/2207/2620 2614/2205/2618 2617/2208/2621
f 2616/2207/2620 2617/2208/2621 2618/2209/2622
f 2611/2202/2615 2619/2210/2623 2614/2205/2618
f 2606/2148/2610 2619/2210/2623 2611/2202/2615
f 2614/2205/2618 2620/2211/2624 2617/2208/2621
f 2614/2205/2618 2619/2210/2623 2620/2211/2624
f 2619/2210/2623 2621/2212/2625 2620/2211/2624
f 2619/2210/2623 2622/2213/2626 2621/2212/2625
f 2606/2148/2610 2622/2213/2626 2619/2210/2623
f 2620/2211/2624 2623/2214/2627 2617/2208/2621
f 2620/2211/2624 2621/2212/2625 2623/2214/2627
f 2624/2215/2628 2621/2212/2625 2622/2213/2626
f 2624/2215/2628 2623/2214/2627 2621/2212/2625
f 2623/2214/2627 2624/2215/2628 2625/2216/2629
f 2623/2214/2627 2625/2216/2629 2626/2217/2630
f 2623/2214/2627 2626/2217/2630 2618/2209/2622
f 2627/2194/2631 2625/2216/2629 2624/2215/2628
f 2622/2213/2626 2627/2194/2631 2624/2215/2628
f 2627/2194/2631 2628/2193/2632 2625/2216/2629
f 2629/2191/2633 2628/2193/2632 2627/2194/2631
f 2629/2191/2633 2630/2192/2634 2628/2193/2632
f 2631/2189/2635 2630/2192/2634 2629/2191/2633
f 2631/2189/2635 2629/2191/2633 2632/2190/2636
f 2631/2189/2635 2632/2190/2636 2633/2188/2637
f 2631/2189/2635 2633/2188/2637 2634/2187/2638
f 2634/2187/2638 2633/2188/2637 2635/2186/2639
f 2634/2187/2638 2635/2186/2639 2636/2185/2640
f 2636/2185/2640 2635/2186/2639 2637/2184/2641
f 2636/2185/2640 2637/2184/2641 2638/2183/2642
f 2638/2183/2642 2637/2184/2641 2639/2182/2643
f 2638/2183/2642 2639/2182/2643 2640/2181/2644
f 2640/2181/2644 2639/2182/2643 2641/2180/2645
f 2640/2181/2644 2641/2180/2645 2642/2179/2646
f 2642/2179/2646 2641/2180/2645 2643/2178/2647
f 2642/2179/2646 2643/2178/2647 2644/2177/2648
f 2644/2177/2648 2643/2178/2647 2645/2176/2649
f 2644/2177/2648 2645/2176/2649 2646/2175/2650
f 2646/2175/2650 2645/2176/2649 2647/2174/2651
f 2646/2175/2650 2647/2174/2651 2648/2173/2652
f 2600/2138/2604 2635/2186/2639 2633/2188/2637
f 2602/2137/2606 2600/2138/2604 2633/2188/2637
f 2602/2137/2606 2633/2188/2637 2632/2190/2636
f 2604/2146/2608 2602/2137/2606 2632/2190/2636
f 2604/2146/2608 2632/2190/2636 2629/2191/2633
f 2606/2148/2610 2604/2146/2608 2629/2191/2633
f 2606/2148/2610 2629/2191/2633 2627/2194/2631
f 2591/2149/2595 2643/2178/2647 2641/2180/2645
f 2594/2144/2598 2591/2149/2595 2641/2180/2645
f 2594/2144/2598 2641/2180/2645 2639/2182/2643
f 2596/2142/2600 2594/2144/2598 2639/2182/2643
f 2596/2142/2600 2639/2182/2643 2637/2184/2641
f 2598/2140/2602 2596/2142/2600 2637/2184/2641
f 2600/2138/2604 2598/2140/2602 2635/2186/2639
f 2598/2140/2602 2637/2184/2641 2635/2186/2639
f 2622/2213/2626 2606/2148/2610 2627/2194/2631
f 2591/2149/2595 2589/2152/2593 2643/2178/2647
f 2643/2178/2647 2589/2152/2593 2588/2154/2592
f 2643/2178/2647 2588/2154/2592 2645/2176/2649
f 2586/2155/2590 2645/2176/2649 2588/2154/2592
f 2586/2155/2590 2647/2174/2651 2645/2176/2649
f 2647/2174/2651 2586/2155/2590 2585/2165/2589
f 2647/2174/2651 2585/2165/2589 2649/2195/2653
f 2650/2171/2654 2649/2195/2653 2585/2165/2589
f 2651/2171/2655 2647/2174/2651 2649/2195/2653
f 2582/2167/2586 2651/2171/2655 2585/2165/2589
f 2652/2172/2656 2651/2171/2655 2582/2167/2586
f 2651/2171/2655 2648/2173/2652 2647/2174/2651
f 2651/2171/2655 2653/2172/2657 2648/2173/2652
f 2654/2218/2658 2656/2219/2659 2655/2221/2660
f 2654/2218/2658 2657/2220/2661 2656/2219/2659
f 2655/2221/2660 2656/2219/2659 2658/2222/2662
f 2655/2221/2660 2658/2222/2662 2659/2223/2663
f 2660/2224/2664 2657/2220/2661 2654/2218/2658
f 2660/2224/2664 2654/2218/2658 2661/2225/2665
f 2662/2226/2666 2660/2224/2664 2661/2225/2665
f 2662/2226/2666 2661/2225/2665 2663/2227/2667
f 2663/2227/2667 2664/2228/2668 2662/2226/2666
f 2663/2227/2667 2665/2229/2669 2664/2228/2668
f 2655/2221/2660 2666/2230/2670 2654/2218/2658
f 2655/2221/2660 2667/2231/2671 2666/2230/2670
f 2659/2223/2663 2667/2231/2671 2655/2221/2660
f 2654/2218/2658 2668/2232/2672 2661/2225/2665
f 2654/2218/2658 2666/2230/2670 2668/2232/2672
f 2663/2227/2667 2661/2225/2665 2668/2232/2672
f 2663/2227/2667 2669/2233/2673 2665/2229/2669
f 2663/2227/2667 2670/2234/2674 2669/2233/2673
f 2663/2227/2667 2668/2232/2672 2670/2234/2674
f 2659/2223/2663 2671/2235/2675 2667/2231/2671
f 2672/2236/2676 2664/2228/2668 2665/2229/2669
f 2672/2236/2676 2665/2229/2669 2673/2237/2677
f 2673/2237/2677 2665/2229/2669 2669/2233/2673
f 2673/2237/2677 2674/2238/2678 2672/2236/2676
f 2673/2237/2677 2675/2239/2679 2674/2238/2678
f 2675/2239/2679 2676/2240/2680 2674/2238/2678
f 2675/2239/2679 2677/2241/2681 2676/2240/2680
f 2678/2242/2682 2676/2240/2680 2677/2241/2681
f 2678/2242/2682 2677/2241/2681 2679/2243/2683
f 2679/2243/2683 2680/2244/2684 2678/2242/2682
f 2681/2245/2685 2677/2241/2681 2675/2239/2679
f 2681/2245/2685 2682/2246/2686 2677/2241/2681
f 2679/2243/2683 2677/2241/2681 2682/2246/2686
f 2679/2243/2683 2682/2246/2686 2683/2247/2687
f 2673/2237/2677 2669/2233/2673 2684/2248/2688
f 2675/2239/2679 2684/2248/2688 2681/2245/2685
f 2675/2239/2679 2673/2237/2677 2684/2248/2688
f 2683/2247/2687 2685/2249/2689 2679/2243/2683
f 2679/2243/2683 2685/2249/2689 2680/2244/2684
f 2683/2247/2687 2686/2250/2690 2685/2249/2689
f 2680/2244/2684 2687/2251/2691 2678/2242/2682
f 2688/2252/2692 2690/2254/2693 2689/2253/2694
f 2691/2255/2695 2690/2254/2693 2688/2252/2692
f 2690/2254/2693 2692/2256/2696 2689/2253/2694
f 2693/2257/2697 2692/2256/2696 2690/2254/2693
f 2694/2258/2698 2692/2256/2696 2693/2257/2697
f 2694/2258/2698 2695/2259/2699 2692/2256/2696
f 2694/2258/2698 2696/2260/2700 2695/2259/2699
f 2694/2258/2698 2697/2261/2701 2696/2260/2700
f 2671/2235/2675 2689/2253/2694 2692/2256/2696
f 2671/2235/2675 2659/2223/2663 2689/2253/2694
f 2688/2252/2692 2689/2253/2694 2659/2223/2663
f 2658/2222/2662 2691/2255/2695 2688/2252/2692
f 2688/2252/2692 2659/2223/2663 2658/2222/2662
f 2691/2255/2695 2698/2262/2702 2690/2254/2693
f 2699/2214/2703 2618/2209/2622 2700/2208/2703
f 2584/2166/2588 2567/2162/2571 2580/2168/2585
f 2584/2166/2588 2566/2161/2570 2567/2162/2571
f 2580/2168/2585 2567/2162/2571 2579/2170/2583
f 2610/2201/2614 2701/2263/2704 2570/2133/2574
f 2609/2200/2613 2701/2263/2704 2610/2201/2614
f 2558/2125/2562 2610/2201/2614 2570/2133/2574
f 2702/2264/2705 2704/2265/2706 2703/2266/2707
f 2702/2264/2705 2705/2267/2708 2704/2265/2706
f 2706/2268/2709 2702/2264/2705 2703/2266/2707
f 2706/2268/2709 2703/2266/2707 2707/2269/2710
f 2707/2269/2710 2708/2270/2711 2706/2268/2709
f 2707/2269/2710 2709/2271/2712 2708/2270/2711
f 2710/2272/2713 2708/2270/2711 2709/2271/2712
f 2710/2272/2713 2709/2271/2712 2711/2273/2714
f 2712/2274/2715 2710/2272/2713 2711/2273/2714
f 2712/2274/2715 2711/2273/2714 2713/2275/2716
f 2712/2274/2715 2713/2275/2716 2714/2276/2717
f 2712/2274/2715 2714/2276/2717 2715/2277/2718
f 2715/2277/2718 2714/2276/2717 2716/2278/2719
f 2715/2277/2718 2716/2278/2719 2717/2279/2720
f 2717/2279/2720 2716/2278/2719 2718/2280/2721
f 2717/2279/2720 2718/2280/2721 2719/2281/2722
f 2720/2282/2723 2719/2281/2722 2718/2280/2721
f 2720/2282/2723 2721/2283/2724 2719/2281/2722
f 2722/2284/2725 2721/2283/2724 2720/2282/2723
f 2722/2284/2725 2723/2285/2726 2721/2283/2724
f 2724/2286/2727 2726/2287/2728 2725/2288/2729
f 2724/2286/2727 2727/2289/2730 2726/2287/2728
f 2727/2289/2730 2728/2290/2731 2726/2287/2728
f 2727/2289/2730 2729/2291/2732 2728/2290/2731
f 2730/2292/2733 2728/2290/2731 2729/2291/2732
f 2730/2292/2733 2729/2291/2732 2731/2293/2734
f 2731/2293/2734 2732/2294/2735 2730/2292/2733
f 2731/2293/2734 2733/2295/2736 2732/2294/2735
f 2733/2295/2736 2734/2296/2737 2732/2294/2735
f 2733/2295/2736 2735/2297/2738 2734/2296/2737
f 2736/2298/2739 2727/2289/2730 2724/2286/2727
f 2737/2299/2740 2736/2298/2739 2724/2286/2727
f 2737/2299/2740 2738/2300/2741 2736/2298/2739
f 2738/2300/2741 2737/2299/2740 2739/2301/2742
f 2740/2302/2743 2739/2301/2742 2737/2299/2740
f 2740/2302/2743 2737/2299/2740 2741/2303/2744
f 2742/2304/2745 2739/2301/2742 2740/2302/2743
f 2742/2304/2745 2743/2305/2746 2739/2301/2742
f 2744/2306/2747 2743/2305/2746 2742/2304/2745
f 2744/2306/2747 2745/2307/2748 2743/2305/2746
f 2746/2308/2749 2745/2307/2748 2744/2306/2747
f 2746/2308/2749 2747/2309/2750 2745/2307/2748
f 2747/2309/2750 2748/2310/2751 2745/2307/2748
f 2747/2309/2750 2749/2311/2752 2748/2310/2751
f 2738/2300/2741 2739/2301/2742 2750/2312/2753
f 2750/2312/2753 2739/2301/2742 2743/2305/2746
f 2746/2308/2749 2744/2306/2747 2751/2313/2754
f 2746/2308/2749 2751/2313/2754 2752/2314/2755
f 2752/2314/2755 2747/2309/2750 2746/2308/2749
f 2752/2314/2755 2749/2311/2752 2747/2309/2750
f 2753/2315/2756 2740/2302/2743 2741/2303/2744
f 2753/2315/2756 2741/2303/2744 2754/2316/2757
f 2741/2303/2744 2755/2317/2758 2754/2316/2757
f 2741/2303/2744 2725/2288/2729 2755/2317/2758
f 2755/2317/2758 2725/2288/2729 2726/2287/2728
f 2755/2317/2758 2726/2287/2728 2756/2318/2759
f 2726/2287/2728 2757/2319/2760 2756/2318/2759
f 2726/2287/2728 2728/2290/2731 2757/2319/2760
f 2728/2290/2731 2758/2320/2761 2757/2319/2760
f 2728/2290/2731 2730/2292/2733 2758/2320/2761
f 2758/2320/2761 2730/2292/2733 2732/2294/2735
f 2758/2320/2761 2732/2294/2735 2759/2321/2762
f 2759/2321/2762 2732/2294/2735 2734/2296/2737
f 2759/2321/2762 2734/2296/2737 2760/2322/2763
f 2761/2297/2764 2760/2322/2763 2734/2296/2737
f 2761/2297/2764 2762/2323/2765 2760/2322/2763
f 2763/2324/2766 2740/2302/2743 2753/2315/2756
f 2763/2324/2766 2742/2304/2745 2740/2302/2743
f 2744/2306/2747 2742/2304/2745 2763/2324/2766
f 2744/2306/2747 2763/2324/2766 2751/2313/2754
f 2736/2298/2739 2764/2325/2767 2727/2289/2730
f 2729/2291/2732 2727/2289/2730 2764/2325/2767
f 2729/2291/2732 2764/2325/2767 2765/2326/2768
f 2731/2293/2734 2729/2291/2732 2765/2326/2768
f 2731/2293/2734 2765/2326/2768 2766/2327/2769
f 2733/2295/2736 2731/2293/2734 2766/2327/2769
f 2733/2295/2736 2766/2327/2769 2767/2328/2770
f 2735/2297/2738 2733/2295/2736 2767/2328/2770
f 2735/2297/2738 2767/2328/2770 2768/2323/2771
f 2750/2312/2753 2743/2305/2746 2769/2329/2772
f 2769/2329/2772 2743/2305/2746 2745/2307/2748
f 2769/2329/2772 2745/2307/2748 2748/2310/2751
f 2741/2303/2744 2724/2286/2727 2725/2288/2729
f 2741/2303/2744 2737/2299/2740 2724/2286/2727
f 2770/1/2773 2772/2/2774 2771/4/2775
f 2770/1/2773 2773/3/2776 2772/2/2774
f 2774/5/2777 2771/4/2775 2772/2/2774
f 2774/5/2777 2775/6/2778 2771/4/2775
f 2775/6/2778 2774/5/2777 2776/7/2779
f 2775/6/2778 2776/7/2779 2777/8/2780
f 2778/9/2781 2770/1/2773 2771/4/2775
f 2778/9/2781 2771/4/2775 2779/10/2782
f 2775/6/2778 2779/10/2782 2771/4/2775
f 2780/11/2783 2778/9/2781 2779/10/2782
f 2780/11/2783 2779/10/2782 2781/12/2784
f 2782/13/2785 2780/11/2783 2781/12/2784
f 2782/13/2785 2781/12/2784 2783/14/2786
f 2784/15/2787 2782/13/2785 2783/14/2786
f 2784/15/2787 2785/16/2788 2782/13/2785
f 2786/17/2789 2781/12/2784 2779/10/2782
f 2775/6/2778 2786/17/2789 2779/10/2782
f 2786/17/2789 2775/6/2778 2777/8/2780
f 2786/17/2789 2787/18/2790 2781/12/2784
f 2788/19/2791 2781/12/2784 2787/18/2790
f 2788/19/2791 2783/14/2786 2781/12/2784
f 2788/19/2791 2784/15/2787 2783/14/2786
f 2788/19/2791 2789/20/2792 2784/15/2787
f 2790/21/2793 2789/20/2792 2788/19/2791
f 2790/21/2793 2788/19/2791 2787/18/2790
f 2790/21/2793 2791/22/2794 2789/20/2792
f 2792/23/2795 2787/18/2790 2786/17/2789
f 2786/17/2789 2777/8/2780 2792/23/2795
f 2792/23/2795 2793/24/2796 2787/18/2790
f 2790/21/2793 2787/18/2790 2793/24/2796
f 2794/25/2797 2790/21/2793 2793/24/2796
f 2793/24/2796 2792/23/2795 2794/25/2797
f 2794/25/2797 2795/26/2798 2790/21/2793
f 2790/21/2793 2796/27/2799 2791/22/2794
f 2790/21/2793 2795/26/2798 2796/27/2799
f 2797/28/2800 2795/26/2798 2794/25/2797
f 2797/28/2800 2794/25/2797 2798/29/2801
f 2799/30/2802 2798/29/2801 2794/25/2797
f 2794/25/2797 2792/23/2795 2799/30/2802
f 2799/30/2802 2792/23/2795 2777/8/2780
f 2799/30/2802 2777/8/2780 2800/31/2803
f 2801/32/2804 2799/30/2802 2800/31/2803
f 2776/7/2779 2800/31/2803 2777/8/2780
f 2791/22/2794 2802/33/2805 2789/20/2792
f 2789/20/2792 2802/33/2805 2803/34/2806
f 2791/22/2794 2804/35/2807 2802/33/2805
f 2796/27/2799 2804/35/2807 2791/22/2794
f 2796/27/2799 2805/36/2808 2804/35/2807
f 2806/37/2809 2805/36/2808 2796/27/2799
f 2796/27/2799 2807/38/2810 2806/37/2809
f 2807/38/2810 2795/26/2798 2797/28/2800
f 2807/38/2810 2796/27/2799 2795/26/2798
f 2808/39/2811 2806/37/2809 2807/38/2810
f 2808/39/2811 2807/38/2810 2809/40/2812
f 2806/37/2809 2810/41/2813 2805/36/2808
f 2808/39/2811 2810/41/2813 2806/37/2809
f 2808/39/2811 2811/42/2814 2810/41/2813
f 2785/16/2788 2803/34/2806 2812/43/2815
f 2785/16/2788 2784/15/2787 2803/34/2806
f 2789/20/2792 2803/34/2806 2784/15/2787
f 2813/44/2816 2785/16/2788 2812/43/2815
f 2785/16/2788 2813/44/2816 2814/45/2817
f 2785/16/2788 2814/45/2817 2782/13/2785
f 2780/11/2783 2782/13/2785 2814/45/2817
f 2780/11/2783 2814/45/2817 2815/46/2818
f 2780/11/2783 2815/46/2818 2816/47/2819
f 2780/11/2783 2816/47/2819 2778/9/2781
f 2815/46/2818 2817/48/2820 2816/47/2819
f 2815/46/2818 2818/49/2821 2817/48/2820
f 2815/46/2818 2819/50/2822 2818/49/2821
f 2815/46/2818 2814/45/2817 2819/50/2822
f 2819/50/2822 2814/45/2817 2813/44/2816
f 2819/50/2822 2813/44/2816 2820/51/2823
f 2821/52/2824 2819/50/2822 2820/51/2823
f 2821/52/2824 2822/53/2825 2819/50/2822
f 2818/49/2821 2823/54/2826 2817/48/2820
f 2818/49/2821 2824/55/2827 2823/54/2826
f 2819/50/2822 2824/55/2827 2818/49/2821
f 2819/50/2822 2822/53/2825 2824/55/2827
f 2822/53/2825 2825/56/2828 2824/55/2827
f 2824/55/2827 2825/56/2828 2823/54/2826
f 2822/53/2825 2826/57/2829 2825/56/2828
f 2778/9/2781 2816/47/2819 2827/58/2830
f 2778/9/2781 2827/58/2830 2770/1/2773
f 2828/59/2831 2770/1/2773 2827/58/2830
f 2828/59/2831 2773/3/2776 2770/1/2773
f 2829/60/2832 2828/59/2831 2827/58/2830
f 2829/60/2832 2827/58/2830 2830/61/2833
f 2831/62/2834 2829/60/2832 2830/61/2833
f 2831/62/2834 2830/61/2833 2832/63/2835
f 2830/61/2833 2827/58/2830 2816/47/2819
f 2830/61/2833 2816/47/2819 2817/48/2820
f 2817/48/2820 2832/63/2835 2830/61/2833
f 2817/48/2820 2823/54/2826 2832/63/2835
f 2831/62/2834 2832/63/2835 2833/64/2836
f 2823/54/2826 2833/64/2836 2832/63/2835
f 2823/54/2826 2834/65/2837 2833/64/2836
f 2825/56/2828 2834/65/2837 2823/54/2826
f 2834/65/2837 2825/56/2828 2835/66/2838
f 2836/67/2839 2833/64/2836 2834/65/2837
f 2825/56/2828 2837/68/2840 2835/66/2838
f 2825/56/2828 2826/57/2829 2837/68/2840
f 2826/57/2829 2838/69/2841 2837/68/2840
f 2826/57/2829 2839/70/2842 2838/69/2841
f 2822/53/2825 2839/70/2842 2826/57/2829
f 2822/53/2825 2821/52/2824 2839/70/2842
f 2839/70/2842 2821/52/2824 2840/71/2843
f 2821/52/2824 2841/72/2844 2840/71/2843
f 2821/52/2824 2820/51/2823 2841/72/2844
f 2820/51/2823 2842/73/2845 2841/72/2844
f 2820/51/2823 2813/44/2816 2842/73/2845
f 2813/44/2816 2812/43/2815 2842/73/2845
f 2839/70/2842 2840/71/2843 2843/74/2846
f 2844/75/2847 2839/70/2842 2843/74/2846
f 2844/75/2847 2838/69/2841 2839/70/2842
f 2838/69/2841 2844/75/2847 2845/76/2848
f 2846/77/2849 2848/78/2850 2847/80/2851
f 2846/77/2849 2849/79/2852 2848/78/2850
f 2850/81/2853 2849/79/2852 2846/77/2849
f 2850/81/2853 2851/82/2854 2849/79/2852
f 2851/82/2854 2850/81/2853 2852/83/2855
f 2851/82/2854 2852/83/2855 2853/84/2856
f 2854/85/2857 2851/82/2854 2853/84/2856
f 2854/85/2857 2853/84/2856 2855/86/2858
f 2849/79/2852 2856/87/2859 2848/78/2850
f 2849/79/2852 2857/88/2860 2856/87/2859
f 2854/85/2857 2857/88/2860 2851/82/2854
f 2851/82/2854 2857/88/2860 2849/79/2852
f 2858/89/2861 2856/87/2859 2857/88/2860
f 2858/89/2861 2857/88/2860 2859/90/2862
f 2857/88/2860 2854/85/2857 2859/90/2862
f 2859/90/2862 2854/85/2857 2860/91/2863
f 2854/85/2857 2855/86/2858 2860/91/2863
f 2860/91/2863 2861/92/2864 2859/90/2862
f 2859/90/2862 2861/92/2864 2862/93/2865
f 2858/89/2861 2859/90/2862 2862/93/2865
f 2863/94/2866 2862/93/2865 2861/92/2864
f 2863/94/2866 2864/95/2867 2862/93/2865
f 2865/96/2868 2852/83/2855 2850/81/2853
f 2850/81/2853 2866/97/2869 2865/96/2868
f 2865/96/2868 2867/98/2870 2852/83/2855
f 2868/99/2871 2867/98/2870 2865/96/2868
f 2868/99/2871 2869/100/2872 2867/98/2870
f 2868/99/2871 2865/96/2868 2870/101/2873
f 2865/96/2868 2866/97/2869 2870/101/2873
f 2871/102/2874 2870/101/2873 2866/97/2869
f 2871/102/2874 2866/97/2869 2872/103/2875
f 2846/77/2849 2872/103/2875 2866/97/2869
f 2846/77/2849 2847/80/2851 2872/103/2875
f 2850/81/2853 2846/77/2849 2866/97/2869
f 2873/104/2876 2870/101/2873 2871/102/2874
f 2873/104/2876 2874/105/2877 2870/101/2873
f 2870/101/2873 2874/105/2877 2868/99/2871
f 2874/105/2877 2875/106/2878 2868/99/2871
f 2868/99/2871 2875/106/2878 2869/100/2872
f 2875/106/2878 2874/105/2877 2876/107/2879
f 2874/105/2877 2877/108/2880 2876/107/2879
f 2873/104/2876 2877/108/2880 2874/105/2877
f 2878/109/2881 2876/107/2879 2877/108/2880
f 2878/109/2881 2877/108/2880 2879/110/2882
f 2880/111/2883 2882/112/2884 2881/114/2885
f 2880/111/2883 2883/113/2886 2882/112/2884
f 2881/114/2885 2882/112/2884 2884/115/2887
f 2885/116/2888 2880/111/2883 2881/114/2885
f 2885/116/2888 2881/114/2885 2886/117/2889
f 2887/118/2890 2886/117/2889 2881/114/2885
f 2887/118/2890 2881/114/2885 2888/119/2891
f 2888/119/2891 2881/114/2885 2884/115/2887
f 2889/120/2892 2885/116/2888 2886/117/2889
f 2889/120/2892 2886/117/2889 2890/121/2893
f 2886/117/2889 2891/122/2894 2890/121/2893
f 2886/117/2889 2887/118/2890 2891/122/2894
f 2892/123/2895 2889/120/2892 2890/121/2893
f 2892/123/2895 2890/121/2893 2893/124/2896
f 2890/121/2893 2894/125/2897 2893/124/2896
f 2890/121/2893 2891/122/2894 2894/125/2897
f 2893/124/2896 2895/126/2898 2892/123/2895
f 2893/124/2896 2896/127/2899 2895/126/2898
f 2896/127/2899 2893/124/2896 2894/125/2897
f 2896/127/2899 2894/125/2897 2897/128/2900
f 2895/126/2898 2896/127/2899 2898/129/2901
f 2897/128/2900 2899/130/2902 2896/127/2899
f 2898/129/2901 2896/127/2899 2900/131/2903
f 2896/127/2899 2899/130/2902 2900/131/2903
f 2901/132/2904 2898/129/2901 2900/131/2903
f 2899/130/2902 2901/132/2904 2900/131/2903
f 2898/129/2901 2901/132/2904 2902/133/2905
f 2899/130/2902 2903/134/2906 2901/132/2904
f 2904/135/2907 2901/132/2904 2903/134/2906
f 2904/135/2907 2905/136/2908 2901/132/2904
f 2901/132/2904 2905/136/2908 2902/133/2905
f 2906/137/2909 2905/136/2908 2904/135/2907
f 2907/138/2910 2905/136/2908 2906/137/2909
f 2907/138/2910 2902/133/2905 2905/136/2908
f 2908/139/2911 2907/138/2910 2906/137/2909
f 2908/139/2911 2906/137/2909 2909/140/2912
f 2906/137/2909 2904/135/2907 2910/141/2913
f 2911/142/2914 2888/119/2891 2884/115/2887
f 2911/142/2914 2884/115/2887 2912/143/2915
f 2912/143/2915 2884/115/2887 2913/144/2916
f 2884/115/2887 2882/112/2884 2913/144/2916
f 2914/113/2917 2913/144/2916 2882/112/2884
f 2915/145/2918 2912/143/2915 2913/144/2916
f 2915/145/2918 2913/144/2916 2916/146/2919
f 2917/147/2920 2916/146/2919 2913/144/2916
f 2918/113/2921 2917/147/2920 2913/144/2916
f 2917/147/2920 2919/148/2922 2916/146/2919
f 2919/148/2922 2920/149/2923 2916/146/2919
f 2919/148/2922 2921/150/2924 2920/149/2923
f 2916/146/2919 2922/151/2925 2915/145/2918
f 2916/146/2919 2920/149/2923 2922/151/2925
f 2920/149/2923 2921/150/2924 2923/152/2926
f 2920/149/2923 2923/152/2926 2924/153/2927
f 2920/149/2923 2925/154/2928 2922/151/2925
f 2920/149/2923 2924/153/2927 2925/154/2928
f 2924/153/2927 2923/152/2926 2926/155/2929
f 2924/153/2927 2926/155/2929 2927/156/2930
f 2924/153/2927 2928/157/2931 2925/154/2928
f 2924/153/2927 2927/156/2930 2928/157/2931
f 2926/155/2929 2929/158/2932 2927/156/2930
f 2928/157/2931 2927/156/2930 2930/159/2933
f 2929/158/2932 2931/160/2934 2927/156/2930
f 2930/159/2933 2927/156/2930 2931/160/2934
f 2932/161/2935 2931/160/2934 2929/158/2932
f 2929/158/2932 2933/162/2936 2932/161/2935
f 2932/161/2935 2933/162/2936 2934/163/2937
f 2930/159/2933 2931/160/2934 2934/163/2937
f 2931/160/2934 2932/161/2935 2934/163/2937
f 2933/162/2936 2935/164/2938 2934/163/2937
f 2930/159/2933 2934/163/2937 2935/164/2938
f 2933/162/2936 2936/165/2939 2935/164/2938
f 2936/165/2939 2933/162/2936 2937/166/2940
f 2933/162/2936 2938/167/2941 2937/166/2940
f 2929/158/2932 2938/167/2941 2933/162/2936
f 2939/168/2942 2937/166/2940 2938/167/2941
f 2939/168/2942 2938/167/2941 2940/169/2943
f 2939/168/2942 2941/170/2944 2937/166/2940
f 2939/168/2942 2942/171/2945 2941/170/2944
f 2942/171/2945 2943/172/2946 2941/170/2944
f 2944/173/2947 2941/170/2944 2943/172/2946
f 2944/173/2947 2943/172/2946 2945/174/2948
f 2942/171/2945 2946/175/2949 2943/172/2946
f 2941/170/2944 2947/176/2950 2937/166/2940
f 2941/170/2944 2944/173/2947 2947/176/2950
f 2936/165/2939 2937/166/2940 2947/176/2950
f 2948/177/2951 2950/141/2952 2949/178/2953
f 2948/177/2951 2951/137/2954 2950/141/2952
f 2948/177/2951 2949/178/2953 2952/179/2955
f 2948/177/2951 2952/179/2955 2953/180/2956
f 2951/137/2954 2948/177/2951 2954/140/2957
f 2955/181/2958 2957/182/2959 2956/184/2960
f 2955/181/2958 2958/183/2961 2957/182/2959
f 2956/184/2960 2957/182/2959 2959/185/2962
f 2956/184/2960 2959/185/2962 2960/186/2963
f 2959/185/2962 2961/187/2964 2960/186/2963
f 2959/185/2962 2962/188/2965 2961/187/2964
f 2962/188/2965 2963/189/2966 2961/187/2964
f 2962/188/2965 2964/190/2967 2963/189/2966
f 2963/189/2966 2964/190/2967 2965/191/2968
f 2963/189/2966 2965/191/2968 2966/192/2969
f 2965/191/2968 2967/193/2970 2966/192/2969
f 2965/191/2968 2968/194/2971 2967/193/2970
f 2969/195/2972 2967/193/2970 2968/194/2971
f 2969/195/2972 2968/194/2971 2970/196/2973
f 2958/183/2961 2955/181/2958 2971/197/2974
f 2958/183/2961 2971/197/2974 2972/198/2975
f 2973/199/2976 2972/198/2975 2971/197/2974
f 2972/198/2975 2973/199/2976 2974/200/2977
f 2973/199/2976 2971/197/2974 2975/201/2978
f 2976/202/2979 2978/204/2980 2977/203/2981
f 2979/205/2982 2976/202/2979 2977/203/2981
f 2979/205/2982 2980/206/2983 2976/202/2979
f 2981/207/2984 2977/203/2981 2978/204/2980
f 2981/207/2984 2982/208/2985 2977/203/2981
f 2983/209/2986 2976/202/2979 2980/206/2983
f 2984/210/2987 2979/205/2982 2977/203/2981
f 2977/203/2981 2985/211/2988 2984/210/2987
f 2986/212/2989 2985/211/2988 2977/203/2981
f 2977/203/2981 2987/213/2990 2986/212/2989
f 2977/203/2981 2982/208/2985 2987/213/2990
f 2986/212/2989 2988/214/2991 2985/211/2988
f 2988/214/2991 2989/215/2992 2985/211/2988
f 2990/216/2993 2984/210/2987 2985/211/2988
f 2990/216/2993 2991/217/2994 2984/210/2987
f 2992/218/2995 2991/217/2994 2990/216/2993
f 2985/211/2988 2989/215/2992 2993/219/2996
f 2990/216/2993 2985/211/2988 2994/220/2997
f 2994/220/2997 2985/211/2988 2995/221/2998
f 2985/211/2988 2993/219/2996 2995/221/2998
f 2990/216/2993 2994/220/2997 2996/222/2999
f 2996/222/2999 2992/218/2995 2990/216/2993
f 2989/215/2992 2997/223/3000 2993/219/2996
f 2983/209/2986 2998/224/3001 2976/202/2979
f 2999/225/3002 2976/202/2979 2998/224/3001
f 2999/225/3002 3000/226/3003 2976/202/2979
f 3001/227/3004 2976/202/2979 3000/226/3003
f 3001/227/3004 3002/228/3005 2976/202/2979
f 2976/202/2979 3002/228/3005 2978/204/2980
f 3002/228/3005 2981/207/2984 2978/204/2980
f 3002/228/3005 3003/229/3006 2981/207/2984
f 3002/228/3005 3004/230/3007 3003/229/3006
f 3005/231/3008 3002/228/3005 3001/227/3004
f 3002/228/3005 3005/231/3008 3006/232/3009
f 3007/233/3010 3002/228/3005 3006/232/3009
f 3002/228/3005 3007/233/3010 3004/230/3007
f 3007/233/3010 3006/232/3009 3008/234/3011
f 3008/234/3011 3006/232/3009 3009/235/3012
f 3006/232/3009 3005/231/3008 3010/236/3013
f 3009/235/3012 3006/232/3009 3010/236/3013
f 3005/231/3008 3011/237/3014 3010/236/3013
f 3009/235/3012 3010/236/3013 3012/238/3015
f 3010/236/3013 3013/239/3016 3012/238/3015
f 3010/236/3013 3014/240/3017 3013/239/3016
f 3010/236/3013 3015/241/3018 3014/240/3017
f 3015/241/3018 3010/236/3013 3016/242/3019
f 3010/236/3013 3011/237/3014 3016/242/3019
f 3013/239/3016 3017/243/3020 3012/238/3015
f 3017/243/3020 3018/244/3021 3012/238/3015
f 3019/245/3022 3021/246/3023 3020/248/3024
f 3019/245/3022 3022/247/3025 3021/246/3023
f 3023/249/3026 3025/250/3027 3024/252/3028
f 3023/249/3026 3026/251/3029 3025/250/3027
f 3024/252/3028 3025/250/3027 3027/253/3030
f 3024/252/3028 3027/253/3030 3028/254/3031
f 3029/255/3032 3028/254/3031 3027/253/3030
f 3029/255/3032 3027/253/3030 3030/256/3033
f 3030/256/3033 3031/257/3034 3029/255/3032
f 3030/256/3033 3032/258/3035 3031/257/3034
f 3033/259/3036 3031/257/3034 3032/258/3035
f 3033/259/3036 3034/260/3037 3031/257/3034
f 3034/260/3037 3033/259/3036 3035/195/3038
f 3034/260/3037 3035/195/3038 3036/196/3039
f 3037/261/3040 3026/251/3029 3023/249/3026
f 3037/261/3040 3023/249/3026 3038/262/3041
f 3037/261/3040 3038/262/3041 3039/263/3042
f 3039/263/3042 3038/262/3041 3040/264/3043
f 3039/263/3042 3040/264/3043 3041/265/3044
f 3039/263/3042 3041/265/3044 3042/266/3045
f 3042/266/3045 3041/265/3044 3043/267/3046
f 3042/266/3045 3043/267/3046 3044/268/3047
f 3045/269/3048 3047/271/3049 3046/270/3050
f 3047/271/3049 3045/269/3048 3048/272/3051
f 3047/271/3049 3048/272/3051 3049/273/3052
f 3048/272/3051 3050/274/3053 3049/273/3052
f 3051/278/3054 3047/271/3049 3049/273/3052
f 3046/270/3050 3047/271/3049 3051/278/3054
f 3051/278/3054 3049/273/3052 3052/277/3055
f 3049/273/3052 3053/276/3056 3052/277/3055
f 3049/273/3052 3054/275/3057 3053/276/3056
f 3050/274/3053 3054/275/3057 3049/273/3052
f 3055/279/3058 3051/278/3054 3052/277/3055
f 3055/279/3058 3046/270/3050 3051/278/3054
f 3055/279/3058 3045/269/3048 3046/270/3050
f 3056/280/3059 3055/279/3058 3052/277/3055
f 3053/276/3056 3056/280/3059 3052/277/3055
f 3055/279/3058 3057/281/3060 3045/269/3048
f 3045/269/3048 3057/281/3060 3058/282/3061
f 3048/272/3051 3045/269/3048 3058/282/3061
f 3058/282/3061 3057/281/3060 3059/283/3062
f 3058/282/3061 3059/283/3062 3060/284/3063
f 3061/285/3064 3060/284/3063 3059/283/3062
f 3061/285/3064 3062/286/3065 3060/284/3063
f 3063/287/3066 3062/286/3065 3061/285/3064
f 3063/287/3066 3064/288/3067 3062/286/3065
f 3064/288/3067 3063/287/3066 3065/289/3068
f 3064/288/3067 3065/289/3068 3066/290/3069
f 3066/290/3069 3065/289/3068 3067/291/3070
f 3066/290/3069 3067/291/3070 3068/292/3071
f 3068/292/3071 3067/291/3070 3069/293/3072
f 3068/292/3071 3069/293/3072 3070/294/3073
f 3071/295/3074 3073/296/3075 3072/298/3076
f 3071/295/3074 3074/297/3077 3073/296/3075
f 3074/297/3077 3071/295/3074 3075/299/3078
f 3075/299/3078 3076/300/3079 3074/297/3077
f 3075/299/3078 3077/301/3080 3076/300/3079
f 3077/301/3080 3078/302/3081 3076/300/3079
f 3077/301/3080 3079/303/3082 3078/302/3081
f 3079/303/3082 3080/304/3083 3078/302/3081
f 3079/303/3082 3081/305/3084 3080/304/3083
f 3082/306/3085 3080/304/3083 3081/305/3084
f 3082/306/3085 3081/305/3084 3083/307/3086
f 3084/308/3087 3082/306/3085 3083/307/3086
f 3084/308/3087 3083/307/3086 3085/309/3088
f 3085/309/3088 3086/310/3089 3084/308/3087
f 3085/309/3088 3087/311/3090 3086/310/3089
f 3088/312/3091 3089/313/3092 3075/299/3078
f 3089/313/3092 3088/312/3091 3090/314/3093
f 3088/312/3091 3091/315/3094 3090/314/3093
f 3088/312/3091 3092/316/3095 3091/315/3094
f 3090/314/3093 3091/315/3094 3093/317/3096
f 3090/314/3093 3093/317/3096 3094/318/3097
f 3090/314/3093 3094/318/3097 3095/319/3098
f 3089/313/3092 3090/314/3093 3095/319/3098
f 3072/298/3076 3092/316/3095 3088/312/3091
f 3072/298/3076 3088/312/3091 3071/295/3074
f 3071/295/3074 3088/312/3091 3075/299/3078
f 3096/320/3099 3098/321/3100 3097/323/3101
f 3096/320/3099 3099/322/3102 3098/321/3100
f 3100/324/3103 3102/325/3104 3101/327/3105
f 3100/324/3103 3103/326/3106 3102/325/3104
f 3104/328/3107 3100/324/3103 3101/327/3105
f 3104/328/3107 3101/327/3105 3105/329/3108
f 3105/329/3108 3106/330/3109 3104/328/3107
f 3105/329/3108 3107/331/3110 3106/330/3109
f 3108/332/3111 3106/330/3109 3107/331/3110
f 3108/332/3111 3107/331/3110 3109/333/3112
f 3109/333/3112 3110/334/3113 3108/332/3111
f 3109/333/3112 3111/335/3114 3110/334/3113
f 3112/336/3115 3110/334/3113 3111/335/3114
f 3112/336/3115 3111/335/3114 3113/337/3116
f 3114/338/3117 3112/336/3115 3113/337/3116
f 3115/339/3118 3112/336/3115 3114/338/3117
f 3114/338/3117 3116/340/3119 3115/339/3118
f 3114/338/3117 3117/341/3120 3116/340/3119
f 3118/342/3121 3120/343/3122 3119/345/3123
f 3118/342/3121 3121/344/3124 3120/343/3122
f 3122/346/3125 3121/344/3124 3118/342/3121
f 3122/346/3125 3118/342/3121 3123/347/3126
f 3119/345/3123 3120/343/3122 3124/348/3127
f 3119/345/3123 3124/348/3127 3125/349/3128
f 3126/350/3129 3128/351/3130 3127/353/3131
f 3126/350/3129 3129/352/3132 3128/351/3130
f 3126/350/3129 3130/354/3133 3129/352/3132
f 3126/350/3129 3131/355/3134 3130/354/3133
f 3130/354/3133 3131/355/3134 3132/356/3135
f 3130/354/3133 3132/356/3135 3133/357/3136
f 3134/358/3137 3133/357/3136 3132/356/3135
f 3134/358/3137 3135/359/3138 3133/357/3136
f 3135/359/3138 3134/358/3137 3136/360/3139
f 3135/359/3138 3136/360/3139 3137/361/3140
f 3137/361/3140 3136/360/3139 3138/362/3141
f 3137/361/3140 3138/362/3141 3139/363/3142
f 3139/363/3142 3138/362/3141 3140/364/3143
f 3139/363/3142 3140/364/3143 3141/365/3144
f 3141/365/3144 3140/364/3143 3142/366/3145
f 3141/365/3144 3142/366/3145 3143/367/3146
f 3144/316/3147 3146/296/3148 3145/315/3149
f 3144/316/3147 3147/298/3150 3146/296/3148
f 3146/296/3148 3148/368/3151 3145/315/3149
f 3148/368/3151 3149/317/3152 3145/315/3149
f 3150/369/3153 3152/370/3154 3151/372/3155
f 3150/369/3153 3153/371/3156 3152/370/3154
f 3154/373/3157 3153/371/3156 3150/369/3153
f 3154/373/3157 3155/374/3158 3153/371/3156
f 3155/374/3158 3154/373/3157 3156/375/3159
f 3155/374/3158 3156/375/3159 3157/376/3160
f 3158/377/3161 3157/376/3160 3156/375/3159
f 3158/377/3161 3159/378/3162 3157/376/3160
f 3160/379/3163 3159/378/3162 3158/377/3161
f 3160/379/3163 3158/377/3161 3161/380/3164
f 3162/380/3165 3164/381/3166 3163/379/3167
f 3162/380/3165 3165/382/3168 3164/381/3166
f 3166/383/3169 3168/385/3170 3167/384/3171
f 3166/383/3169 3169/386/3172 3168/385/3170
f 3168/385/3170 3169/386/3172 3170/387/3173
f 3168/385/3170 3170/387/3173 3171/388/3174
f 3172/389/3175 3174/391/3176 3173/390/3177
f 3174/391/3176 3175/392/3178 3173/390/3177
f 3175/392/3178 3176/393/3179 3173/390/3177
f 3176/393/3179 3177/394/3180 3173/390/3177
f 3177/394/3180 3178/395/3181 3173/390/3177
f 3178/395/3181 3179/396/3182 3173/390/3177
f 3179/396/3182 3180/397/3183 3173/390/3177
f 3180/397/3183 3181/398/3184 3173/390/3177
f 3181/398/3184 3182/399/3185 3173/390/3177
f 3182/399/3185 3183/400/3186 3173/390/3177
f 3183/400/3186 3184/401/3187 3173/390/3177
f 3184/401/3187 3172/389/3175 3173/390/3177
f 3178/395/3181 3185/402/3188 3179/396/3182
f 3176/393/3179 3186/403/3189 3177/394/3180
f 3177/394/3180 3186/403/3189 3187/404/3190
f 3177/394/3180 3187/404/3190 3178/395/3181
f 3186/403/3189 3188/405/3191 3187/404/3190
f 3186/403/3189 3189/406/3192 3188/405/3191
f 3190/407/3193 3189/406/3192 3186/403/3189
f 3176/393/3179 3190/407/3193 3186/403/3189
f 3190/407/3193 3191/408/3194 3189/406/3192
f 3192/409/3195 3187/404/3190 3188/405/3191
f 3192/409/3195 3185/402/3188 3187/404/3190
f 3188/405/3191 3193/410/3196 3192/409/3195
f 3188/405/3191 3194/411/3197 3193/410/3196
f 3189/406/3192 3194/411/3197 3188/405/3191
f 3189/406/3192 3195/412/3198 3194/411/3197
f 3191/408/3194 3195/412/3198 3189/406/3192
f 3191/408/3194 3196/413/3199 3195/412/3198
f 3185/402/3188 3192/409/3195 3197/414/3200
f 3185/402/3188 3197/414/3200 3198/415/3201
f 3198/415/3201 3197/414/3200 3199/416/3202
f 3198/415/3201 3199/416/3202 3200/417/3203
f 3197/414/3200 3201/418/3204 3199/416/3202
f 3197/414/3200 3202/419/3205 3201/418/3204
f 3192/409/3195 3202/419/3205 3197/414/3200
f 3192/409/3195 3193/410/3196 3202/419/3205
f 3203/420/3206 3201/418/3204 3202/419/3205
f 3204/421/3207 3200/417/3203 3199/416/3202
f 3204/421/3207 3205/422/3208 3200/417/3203
f 3204/421/3207 3206/423/3209 3205/422/3208
f 3206/423/3209 3207/424/3210 3205/422/3208
f 3208/425/3211 3207/424/3210 3206/423/3209
f 3209/426/3212 3208/425/3211 3206/423/3209
f 3209/426/3212 3206/423/3209 3210/427/3213
f 3210/427/3213 3206/423/3209 3204/421/3207
f 3210/427/3213 3211/428/3214 3209/426/3212
f 3210/427/3213 3212/429/3215 3211/428/3214
f 3213/430/3216 3212/429/3215 3210/427/3213
f 3210/427/3213 3204/421/3207 3213/430/3216
f 3213/430/3216 3214/431/3217 3212/429/3215
f 3215/432/3218 3212/429/3215 3214/431/3217
f 3216/433/3219 3212/429/3215 3215/432/3218
f 3211/428/3214 3217/434/3220 3209/426/3212
f 3211/428/3214 3218/435/3221 3217/434/3220
f 3218/435/3221 3219/436/3222 3217/434/3220
f 3218/435/3221 3220/437/3223 3219/436/3222
f 3209/426/3212 3221/438/3224 3208/425/3211
f 3209/426/3212 3217/434/3220 3221/438/3224
f 3208/425/3211 3221/438/3224 3222/439/3225
f 3208/425/3211 3222/439/3225 3223/440/3226
f 3224/441/3227 3217/434/3220 3219/436/3222
f 3224/441/3227 3221/438/3224 3217/434/3220
f 3225/442/3228 3218/435/3221 3211/428/3214
f 3225/442/3228 3212/429/3215 3216/433/3219
f 3225/442/3228 3211/428/3214 3212/429/3215
f 3225/442/3228 3226/443/3229 3218/435/3221
f 3226/443/3229 3220/437/3223 3218/435/3221
f 3227/444/3230 3225/442/3228 3216/433/3219
f 3227/444/3230 3216/433/3219 3228/445/3231
f 3228/445/3231 3216/433/3219 3215/432/3218
f 3229/446/3232 3225/442/3228 3227/444/3230
f 3229/446/3232 3226/443/3229 3225/442/3228
f 3228/445/3231 3215/432/3218 3230/447/3233
f 3230/447/3233 3215/432/3218 3231/448/3234
f 3221/438/3224 3232/449/3235 3222/439/3225
f 3221/438/3224 3224/441/3227 3232/449/3235
f 3233/450/3236 3232/449/3235 3224/441/3227
f 3233/450/3236 3224/441/3227 3219/436/3222
f 3233/450/3236 3234/451/3237 3232/449/3235
f 3226/443/3229 3235/454/3238 3220/437/3223
f 3236/455/3239 3226/443/3229 3229/446/3232
f 3236/455/3239 3235/454/3238 3226/443/3229
f 3236/455/3239 3237/453/3240 3235/454/3238
f 3237/453/3240 3220/437/3223 3235/454/3238
f 3237/453/3240 3238/452/3241 3220/437/3223
f 3236/455/3239 3239/456/3242 3237/453/3240
f 3219/436/3222 3220/437/3223 3238/452/3241
f 3219/436/3222 3238/452/3241 3240/528/3243
f 3233/450/3236 3219/436/3222 3240/528/3243
f 3241/457/3244 3232/449/3235 3234/451/3237
f 3241/457/3244 3242/458/3245 3232/449/3235
f 3243/459/3246 3232/449/3235 3242/458/3245
f 3242/458/3245 3244/460/3247 3243/459/3246
f 3242/458/3245 3245/461/3248 3244/460/3247
f 3241/457/3244 3245/461/3248 3242/458/3245
f 3246/462/3249 3244/460/3247 3245/461/3248
f 3246/462/3249 3245/461/3248 3247/463/3250
f 3248/464/3251 3246/462/3249 3247/463/3250
f 3248/464/3251 3249/465/3252 3246/462/3249
f 3246/462/3249 3249/465/3252 3250/466/3253
f 3246/462/3249 3250/466/3253 3251/467/3254
f 3251/467/3254 3244/460/3247 3246/462/3249
f 3251/467/3254 3252/468/3255 3244/460/3247
f 3243/459/3246 3244/460/3247 3252/468/3255
f 3253/469/3256 3252/468/3255 3251/467/3254
f 3253/469/3256 3251/467/3254 3250/466/3253
f 3253/469/3256 3254/470/3257 3252/468/3255
f 3255/471/3258 3254/470/3257 3253/469/3256
f 3255/471/3258 3253/469/3256 3256/472/3259
f 3243/459/3246 3252/468/3255 3257/473/3260
f 3257/473/3260 3222/439/3225 3243/459/3246
f 3257/473/3260 3223/440/3226 3222/439/3225
f 3258/474/3261 3252/468/3255 3254/470/3257
f 3258/474/3261 3257/473/3260 3252/468/3255
f 3257/473/3260 3258/474/3261 3259/475/3262
f 3259/475/3262 3223/440/3226 3257/473/3260
f 3258/474/3261 3260/476/3263 3259/475/3262
f 3259/475/3262 3261/477/3264 3223/440/3226
f 3223/440/3226 3261/477/3264 3207/424/3210
f 3262/478/3265 3260/476/3263 3258/474/3261
f 3258/474/3261 3254/470/3257 3262/478/3265
f 3254/470/3257 3255/471/3258 3262/478/3265
f 3262/478/3265 3263/479/3266 3260/476/3263
f 3207/424/3210 3261/477/3264 3264/480/3267
f 3259/475/3262 3264/480/3267 3261/477/3264
f 3207/424/3210 3264/480/3267 3265/481/3268
f 3205/422/3208 3207/424/3210 3265/481/3268
f 3205/422/3208 3265/481/3268 3266/482/3269
f 3266/482/3269 3200/417/3203 3205/422/3208
f 3259/475/3262 3267/483/3270 3264/480/3267
f 3267/483/3270 3259/475/3262 3268/484/3271
f 3268/484/3271 3260/476/3263 3263/479/3266
f 3268/484/3271 3259/475/3262 3260/476/3263
f 3269/485/3272 3268/484/3271 3263/479/3266
f 3208/425/3211 3223/440/3226 3207/424/3210
f 3269/485/3272 3263/479/3266 3270/486/3273
f 3269/485/3272 3270/486/3273 3271/487/3274
f 3271/487/3274 3270/486/3273 3272/488/3275
f 3271/487/3274 3272/488/3275 3273/489/3276
f 3273/489/3276 3272/488/3275 3274/490/3277
f 3271/487/3274 3275/492/3278 3269/485/3272
f 3276/491/3279 3271/487/3274 3273/489/3276
f 3271/487/3274 3276/491/3279 3275/492/3278
f 3276/491/3279 3277/495/3280 3275/492/3278
f 3276/491/3279 3273/489/3276 3278/493/3281
f 3279/494/3282 3276/491/3279 3278/493/3281
f 3276/491/3279 3279/494/3282 3277/495/3280
f 3280/496/3283 3277/495/3280 3279/494/3282
f 3280/496/3283 3279/494/3282 3281/497/3284
f 3190/407/3193 3280/496/3283 3281/497/3284
f 3190/407/3193 3281/497/3284 3191/408/3194
f 3279/494/3282 3278/493/3281 3282/498/3285
f 3281/497/3284 3279/494/3282 3282/498/3285
f 3281/497/3284 3282/498/3285 3283/499/3286
f 3191/408/3194 3281/497/3284 3283/499/3286
f 3191/408/3194 3283/499/3286 3196/413/3199
f 3284/500/3287 3274/490/3277 3272/488/3275
f 3284/500/3287 3272/488/3275 3285/501/3288
f 3286/502/3289 3284/500/3287 3285/501/3288
f 3286/502/3289 3285/501/3288 3287/503/3290
f 3286/502/3289 3287/503/3290 3288/504/3291
f 3286/502/3289 3288/504/3291 3289/505/3292
f 3289/505/3292 3288/504/3291 3290/506/3293
f 3289/505/3292 3290/506/3293 3291/507/3294
f 3292/508/3295 3290/506/3293 3288/504/3291
f 3288/504/3291 3287/503/3290 3255/471/3258
f 3293/509/3296 3287/503/3290 3285/501/3288
f 3293/509/3296 3255/471/3258 3287/503/3290
f 3255/471/3258 3293/509/3296 3262/478/3265
f 3263/479/3266 3262/478/3265 3293/509/3296
f 3263/479/3266 3293/509/3296 3270/486/3273
f 3270/486/3273 3285/501/3288 3272/488/3275
f 3270/486/3273 3293/509/3296 3285/501/3288
f 3256/472/3259 3288/504/3291 3255/471/3258
f 3292/508/3295 3288/504/3291 3256/472/3259
f 3294/510/3297 3292/508/3295 3256/472/3259
f 3294/510/3297 3256/472/3259 3253/469/3256
f 3292/508/3295 3294/510/3297 3295/511/3298
f 3296/512/3299 3292/508/3295 3295/511/3298
f 3296/512/3299 3290/506/3293 3292/508/3295
f 3294/510/3297 3297/513/3300 3295/511/3298
f 3294/510/3297 3298/514/3301 3297/513/3300
f 3294/510/3297 3253/469/3256 3298/514/3301
f 3299/515/3302 3297/513/3300 3298/514/3301
f 3299/515/3302 3298/514/3301 3250/466/3253
f 3253/469/3256 3250/466/3253 3298/514/3301
f 3250/466/3253 3300/516/3303 3299/515/3302
f 3250/466/3253 3249/465/3252 3300/516/3303
f 3301/517/3304 3300/516/3303 3249/465/3252
f 3301/517/3304 3249/465/3252 3248/464/3251
f 3302/518/3305 3301/517/3304 3248/464/3251
f 3302/518/3305 3248/464/3251 3303/519/3306
f 3303/519/3306 3248/464/3251 3247/463/3250
f 3303/519/3306 3247/463/3250 3304/520/3307
f 3304/520/3307 3247/463/3250 3245/461/3248
f 3304/520/3307 3245/461/3248 3305/521/3308
f 3241/457/3244 3305/521/3308 3245/461/3248
f 3296/512/3299 3307/523/3309 3306/522/3310
f 3307/523/3309 3308/524/3311 3306/522/3310
f 3307/523/3309 3309/525/3312 3308/524/3311
f 3306/522/3310 3308/524/3311 3310/526/3313
f 3306/522/3310 3310/526/3313 3311/527/3314
f 3291/507/3294 3311/527/3314 3310/526/3313
f 3291/507/3294 3290/506/3293 3311/527/3314
f 3296/512/3299 3311/527/3314 3290/506/3293
f 3296/512/3299 3306/522/3310 3311/527/3314
f 3243/459/3246 3222/439/3225 3232/449/3235
f 3312/529/3315 3314/530/3316 3313/532/3317
f 3312/529/3315 3315/531/3318 3314/530/3316
f 3316/533/3319 3315/531/3318 3312/529/3315
f 3317/534/3320 3314/530/3316 3315/531/3318
f 3317/534/3320 3315/531/3318 3318/535/3321
f 3315/531/3318 3316/533/3319 3318/535/3321
f 3318/535/3321 3319/536/3322 3317/534/3320
f 3318/535/3321 3320/537/3323 3319/536/3322
f 3321/538/3324 3319/536/3322 3320/537/3323
f 3321/538/3324 3320/537/3323 3322/539/3325
f 3323/540/3326 3321/538/3324 3322/539/3325
f 3323/540/3326 3322/539/3325 3324/541/3327
f 3323/540/3326 3324/541/3327 3325/542/3328
f 3323/540/3326 3325/542/3328 3326/543/3329
f 3214/431/3217 3324/541/3327 3322/539/3325
f 3214/431/3217 3322/539/3325 3231/448/3234
f 3322/539/3325 3320/537/3323 3231/448/3234
f 3231/448/3234 3318/535/3321 3316/533/3319
f 3231/448/3234 3320/537/3323 3318/535/3321
f 3214/431/3217 3213/430/3216 3324/541/3327
f 3325/542/3328 3324/541/3327 3327/544/3330
f 3324/541/3327 3213/430/3216 3327/544/3330
f 3327/544/3330 3213/430/3216 3204/421/3207
f 3204/421/3207 3199/416/3202 3327/544/3330
f 3199/416/3202 3325/542/3328 3327/544/3330
f 3326/543/3329 3325/542/3328 3201/418/3204
f 3199/416/3202 3201/418/3204 3325/542/3328
f 3326/543/3329 3201/418/3204 3203/420/3206
f 3231/448/3234 3215/432/3218 3214/431/3217
f 3316/533/3319 3230/447/3233 3231/448/3234
f 3328/545/3331 3330/546/3332 3329/548/3333
f 3328/545/3331 3331/547/3334 3330/546/3332
f 3332/549/3335 3330/546/3332 3331/547/3334
f 3332/549/3335 3331/547/3334 3333/550/3336
f 3333/550/3336 3331/547/3334 3328/545/3331
f 3334/551/3337 3332/549/3335 3333/550/3336
f 3334/551/3337 3333/550/3336 3335/552/3338
f 3334/551/3337 3335/552/3338 3336/553/3339
f 3337/554/3340 3335/552/3338 3333/550/3336
f 3333/550/3336 3328/545/3331 3337/554/3340
f 3337/554/3340 3338/555/3341 3335/552/3338
f 3335/552/3338 3338/555/3341 3339/556/3342
f 3335/552/3338 3339/556/3342 3340/557/3343
f 3336/553/3339 3335/552/3338 3340/557/3343
f 3340/557/3343 3339/556/3342 3341/558/3344
f 3340/557/3343 3341/558/3344 3342/559/3345
f 3336/553/3339 3340/557/3343 3342/559/3345
f 3342/559/3345 3341/558/3344 3343/560/3346
f 3342/559/3345 3343/560/3346 3344/561/3347
f 3345/562/3348 3344/561/3347 3343/560/3346
f 3345/562/3348 3343/560/3346 3346/563/3349
f 3344/561/3347 3345/562/3348 3347/564/3350
f 3348/565/3351 3347/564/3350 3345/562/3348
f 3346/563/3349 3348/565/3351 3345/562/3348
f 3346/563/3349 3349/566/3352 3348/565/3351
f 3350/567/3353 3348/565/3351 3349/566/3352
f 3350/567/3353 3349/566/3352 3351/568/3354
f 3352/569/3355 3350/567/3353 3351/568/3354
f 3352/569/3355 3351/568/3354 3353/570/3356
f 3354/571/3357 3352/569/3355 3353/570/3356
f 3354/571/3357 3353/570/3356 3355/572/3358
f 3356/573/3359 3354/571/3357 3355/572/3358
f 3356/573/3359 3355/572/3358 3357/574/3360
f 3356/573/3359 3357/574/3360 3358/575/3361
f 3356/573/3359 3358/575/3361 3359/576/3362
f 3359/576/3362 3358/575/3361 3360/577/3363
f 3359/576/3362 3360/577/3363 3361/578/3364
f 3361/578/3364 3360/577/3363 3362/579/3365
f 3361/578/3364 3362/579/3365 3363/580/3366
f 3363/580/3366 3362/579/3365 3364/581/3367
f 3363/580/3366 3364/581/3367 3365/582/3368
f 3366/583/3369 3363/580/3366 3365/582/3368
f 3363/580/3366 3367/584/3370 3361/578/3364
f 3363/580/3366 3366/583/3369 3367/584/3370
f 3361/578/3364 3368/585/3371 3359/576/3362
f 3361/578/3364 3367/584/3370 3369/585/3372
f 3359/576/3362 3369/585/3373 3356/573/3359
f 3356/573/3359 3369/585/3373 3354/571/3357
f 3366/583/3369 3365/582/3368 3370/586/3374
f 3371/587/3375 3370/586/3374 3365/582/3368
f 3372/588/3376 3371/587/3375 3365/582/3368
f 3372/588/3376 3365/582/3368 3364/581/3367
f 3371/587/3375 3372/588/3376 3373/589/3377
f 3371/587/3375 3373/589/3377 3374/590/3378
f 3370/586/3374 3371/587/3375 3374/590/3378
f 3375/591/3379 3374/590/3378 3373/589/3377
f 3375/591/3379 3373/589/3377 3376/592/3380
f 3377/593/3381 3375/591/3379 3376/592/3380
f 3377/593/3381 3376/592/3380 3378/594/3382
f 3379/595/3383 3377/593/3381 3378/594/3382
f 3379/595/3383 3378/594/3382 3380/596/3384
f 3377/593/3381 3379/595/3383 3381/597/3385
f 3377/593/3381 3381/597/3385 3382/598/3386
f 3375/591/3379 3377/593/3381 3382/598/3386
f 3375/591/3379 3382/598/3386 3383/599/3387
f 3375/591/3379 3383/599/3387 3374/590/3378
f 3370/586/3374 3374/590/3378 3383/599/3387
f 3379/595/3383 3380/596/3384 3384/600/3388
f 3379/595/3383 3384/600/3388 3385/601/3389
f 3381/597/3385 3379/595/3383 3385/601/3389
f 3381/597/3385 3385/601/3389 3386/602/3390
f 3384/600/3388 3387/603/3391 3385/601/3389
f 3387/603/3391 3386/602/3390 3385/601/3389
f 3386/602/3390 3387/603/3391 3388/604/3392
f 3388/604/3392 3387/603/3391 3389/605/3393
f 3384/600/3388 3389/605/3393 3387/603/3391
f 3388/604/3392 3389/605/3393 3390/606/3394
f 3352/569/3355 3369/585/3373 3391/607/3395
f 3350/567/3353 3352/569/3355 3391/607/3395
f 3350/567/3353 3391/607/3395 3392/608/3396
f 3392/608/3396 3348/565/3351 3350/567/3353
f 3392/608/3396 3347/564/3350 3348/565/3351
f 3352/569/3355 3354/571/3357 3393/585/3397
f 3344/561/3347 3347/564/3350 3394/609/3398
f 3344/561/3347 3394/609/3398 3342/559/3345
f 3336/553/3339 3342/559/3345 3394/609/3398
f 3395/610/3399 3397/611/3400 3396/613/3401
f 3395/610/3399 3398/612/3402 3397/611/3400
f 3399/614/3403 3398/612/3402 3395/610/3399
f 3399/614/3403 3395/610/3399 3400/615/3404
f 3399/614/3403 3400/615/3404 3401/616/3405
f 3401/616/3405 3400/615/3404 3402/617/3406
f 3401/616/3405 3402/617/3406 3403/618/3407
f 3403/618/3407 3402/617/3406 3404/619/3408
f 3404/619/3408 3402/617/3406 3405/620/3409
f 3404/619/3408 3405/620/3409 3406/621/3410
f 3407/622/3411 3406/621/3410 3405/620/3409
f 3407/622/3411 3405/620/3409 3408/623/3412
f 3409/624/3413 3407/622/3411 3408/623/3412
f 3409/624/3413 3408/623/3412 3410/625/3414
f 3409/624/3413 3410/625/3414 3411/626/3415
f 3409/624/3413 3411/626/3415 3412/627/3416
f 3412/627/3416 3411/626/3415 3413/628/3417
f 3412/627/3416 3413/628/3417 3414/629/3418
f 3414/629/3418 3413/628/3417 3415/630/3419
f 3400/615/3404 3416/631/3420 3402/617/3406
f 3402/617/3406 3416/631/3420 3405/620/3409
f 3405/620/3409 3416/631/3420 3408/623/3412
f 3408/623/3412 3416/631/3420 3410/625/3414
f 3410/625/3414 3416/631/3420 3411/626/3415
f 3411/626/3415 3416/631/3420 3413/628/3417
f 3413/628/3417 3416/631/3420 3417/632/3421
f 3417/632/3421 3415/630/3419 3413/628/3417
f 3418/633/3422 3415/630/3419 3417/632/3421
f 3419/634/3423 3418/633/3422 3417/632/3421
f 3419/634/3423 3417/632/3421 3420/635/3424
f 3417/632/3421 3416/631/3420 3420/635/3424
f 3397/611/3400 3419/634/3423 3420/635/3424
f 3397/611/3400 3420/635/3424 3396/613/3401
f 3420/635/3424 3416/631/3420 3396/613/3401
f 3396/613/3401 3416/631/3420 3395/610/3399
f 3395/610/3399 3416/631/3420 3400/615/3404
f 3176/393/3179 3280/496/3283 3190/407/3193
f 3176/393/3179 3175/392/3178 3280/496/3283
f 3277/495/3280 3280/496/3283 3175/392/3178
f 3174/391/3176 3277/495/3280 3175/392/3178
f 3275/492/3278 3277/495/3280 3174/391/3176
f 3172/389/3175 3275/492/3278 3174/391/3176
f 3275/492/3278 3172/389/3175 3269/485/3272
f 3172/389/3175 3184/401/3187 3269/485/3272
f 3269/485/3272 3184/401/3187 3268/484/3271
f 3268/484/3271 3184/401/3187 3183/400/3186
f 3268/484/3271 3183/400/3186 3267/483/3270
f 3267/483/3270 3183/400/3186 3182/399/3185
f 3267/483/3270 3182/399/3185 3264/480/3267
f 3265/481/3268 3264/480/3267 3182/399/3185
f 3265/481/3268 3182/399/3185 3181/398/3184
f 3265/481/3268 3181/398/3184 3266/482/3269
f 3181/398/3184 3180/397/3183 3266/482/3269
f 3266/482/3269 3180/397/3183 3198/415/3201
f 3180/397/3183 3179/396/3182 3198/415/3201
f 3179/396/3182 3185/402/3188 3198/415/3201
f 3266/482/3269 3198/415/3201 3200/417/3203
f 3178/395/3181 3187/404/3190 3421/402/3425
f 3422/636/3426 3424/638/3427 3423/637/3428
f 3423/637/3428 3424/638/3427 3425/639/3429
f 3426/640/3430 3424/638/3427 3422/636/3426
f 3427/641/3431 3424/638/3427 3426/640/3430
f 3428/642/3432 3424/638/3427 3427/641/3431
f 3429/643/3433 3424/638/3427 3428/642/3432
f 3430/644/3434 3424/638/3427 3429/643/3433
f 3431/645/3435 3424/638/3427 3430/644/3434
f 3432/646/3436 3424/638/3427 3431/645/3435
f 3425/639/3429 3424/638/3427 3432/646/3436
f 3433/647/3437 3435/648/3438 3434/650/3439
f 3433/647/3437 3436/649/3440 3435/648/3438
f 3434/650/3439 3437/651/3441 3433/647/3437
f 3434/650/3439 3438/652/3442 3437/651/3441
f 3438/652/3442 3439/653/3443 3437/651/3441
f 3438/652/3442 3440/654/3444 3439/653/3443
f 3440/654/3444 3441/655/3445 3439/653/3443
f 3440/654/3444 3442/656/3446 3441/655/3445
f 3442/656/3446 3440/654/3444 3443/657/3447
f 3444/658/3448 3442/656/3446 3443/657/3447
f 3444/658/3448 3443/657/3447 3445/659/3449
f 3444/658/3448 3445/659/3449 3446/660/3450
f 3447/661/3451 3442/656/3446 3444/658/3448
f 3447/661/3451 3444/658/3448 3446/660/3450
f 3447/661/3451 3448/662/3452 3442/656/3446
f 3441/655/3445 3442/656/3446 3448/662/3452
f 3441/655/3445 3448/662/3452 3449/663/3453
f 3449/663/3453 3448/662/3452 3450/664/3454
f 3449/663/3453 3450/664/3454 3451/665/3455
f 3452/666/3456 3451/665/3455 3450/664/3454
f 3452/666/3456 3453/667/3457 3451/665/3455
f 3454/668/3458 3453/667/3457 3452/666/3456
f 3454/668/3458 3452/666/3456 3455/669/3459
f 3455/669/3459 3456/670/3460 3454/668/3458
f 3455/669/3459 3457/671/3461 3456/670/3460
f 3457/671/3461 3458/672/3462 3456/670/3460
f 3457/671/3461 3459/673/3463 3458/672/3462
f 3459/673/3463 3460/674/3464 3458/672/3462
f 3459/673/3463 3461/675/3465 3460/674/3464
f 3461/675/3465 3459/673/3463 3462/676/3466
f 3462/676/3466 3459/673/3463 3463/677/3467
f 3462/676/3466 3463/677/3467 3464/678/3468
f 3465/679/3469 3460/674/3464 3461/675/3465
f 3465/679/3469 3466/680/3470 3460/674/3464
f 3466/680/3470 3465/679/3469 3467/681/3471
f 3466/680/3470 3467/681/3471 3468/682/3472
f 3469/683/3473 3468/682/3472 3467/681/3471
f 3469/683/3473 3470/684/3474 3468/682/3472
f 3459/673/3463 3471/685/3475 3463/677/3467
f 3459/673/3463 3457/671/3461 3471/685/3475
f 3472/686/3476 3463/677/3467 3471/685/3475
f 3464/678/3468 3463/677/3467 3472/686/3476
f 3473/687/3477 3475/688/3478 3474/690/3479
f 3473/687/3477 3476/689/3480 3475/688/3478
f 3477/691/3481 3475/688/3478 3476/689/3480
f 3477/691/3481 3476/689/3480 3478/692/3482
f 3479/693/3483 3477/691/3481 3478/692/3482
f 3479/693/3483 3478/692/3482 3480/694/3484
f 3481/695/3485 3479/693/3483 3480/694/3484
f 3481/695/3485 3480/694/3484 3482/696/3486
f 3483/697/3487 3476/689/3480 3473/687/3477
f 3483/697/3487 3473/687/3477 3484/698/3488
f 3485/699/3489 3476/689/3480 3483/697/3487
f 3485/699/3489 3478/692/3482 3476/689/3480
f 3486/700/3490 3478/692/3482 3485/699/3489
f 3486/700/3490 3480/694/3484 3478/692/3482
f 3484/698/3488 3487/701/3491 3483/697/3487
f 3485/699/3489 3483/697/3487 3487/701/3491
f 3484/698/3488 3488/702/3492 3487/701/3491
f 3485/699/3489 3487/701/3491 3489/703/3493
f 3489/703/3493 3486/700/3490 3485/699/3489
f 3489/703/3493 3490/704/3494 3486/700/3490
f 3481/695/3485 3482/696/3486 3491/705/3495
f 3481/695/3485 3491/705/3495 3492/706/3496
f 3492/706/3496 3491/705/3495 3493/707/3497
f 3492/706/3496 3493/707/3497 3494/708/3498
f 3490/704/3494 3495/709/3499 3486/700/3490
f 3486/700/3490 3495/709/3499 3480/694/3484
f 3495/709/3499 3482/696/3486 3480/694/3484
f 3490/704/3494 3496/710/3500 3495/709/3499
f 3497/711/3501 3495/709/3499 3496/710/3500
f 3497/711/3501 3498/712/3502 3495/709/3499
f 3497/711/3501 3499/713/3503 3498/712/3502
f 3500/714/3504 3498/712/3502 3499/713/3503
f 3500/714/3504 3501/715/3505 3498/712/3502
f 3502/716/3506 3500/714/3504 3499/713/3503
f 3502/716/3506 3499/713/3503 3503/717/3507
f 3504/718/3508 3503/717/3507 3499/713/3503
f 3497/711/3501 3504/718/3508 3499/713/3503
f 3504/718/3508 3505/719/3509 3503/717/3507
f 3505/719/3509 3504/718/3508 3506/720/3510
f 3505/719/3509 3506/720/3510 3507/721/3511
f 3504/718/3508 3508/722/3512 3506/720/3510
f 3504/718/3508 3497/711/3501 3508/722/3512
f 3497/711/3501 3496/710/3500 3508/722/3512
f 3501/715/3505 3509/723/3513 3498/712/3502
f 3501/715/3505 3510/724/3514 3509/723/3513
f 3510/724/3514 3511/707/3515 3509/723/3513
f 3510/724/3514 3512/708/3516 3511/707/3515
f 3513/725/3517 3505/719/3509 3507/721/3511
f 3513/725/3517 3514/726/3518 3505/719/3509
f 3503/717/3507 3505/719/3509 3514/726/3518
f 3515/727/3519 3514/726/3518 3513/725/3517
f 3515/727/3519 3516/728/3520 3514/726/3518
f 3517/729/3521 3516/728/3520 3515/727/3519
f 3517/729/3521 3518/730/3522 3516/728/3520
f 3519/731/3523 3518/730/3522 3517/729/3521
f 3519/731/3523 3520/732/3524 3518/730/3522
f 3518/730/3522 3520/732/3524 3521/733/3525
f 3522/734/3526 3518/730/3522 3521/733/3525
f 3523/735/3527 3521/733/3525 3520/732/3524
f 3523/735/3527 3520/732/3524 3524/736/3528
f 3524/736/3528 3520/732/3524 3519/731/3523
f 3523/735/3527 3524/736/3528 3525/737/3529
f 3523/735/3527 3526/738/3530 3521/733/3525
f 3525/737/3529 3524/736/3528 3527/739/3531
f 3525/737/3529 3527/739/3531 3528/740/3532
f 3529/741/3533 3528/740/3532 3527/739/3531
f 3529/741/3533 3530/742/3534 3528/740/3532
f 3519/731/3523 3517/729/3521 3531/743/3535
f 3532/744/3536 3519/731/3523 3531/743/3535
f 3524/736/3528 3519/731/3523 3532/744/3536
f 3532/744/3536 3527/739/3531 3524/736/3528
f 3532/744/3536 3531/743/3535 3533/745/3537
f 3534/746/3538 3532/744/3536 3533/745/3537
f 3532/744/3536 3534/746/3538 3527/739/3531
f 3534/746/3538 3529/741/3533 3527/739/3531
f 3534/746/3538 3533/745/3537 3535/747/3539
f 3536/748/3540 3534/746/3538 3535/747/3539
f 3534/746/3538 3536/748/3540 3529/741/3533
f 3536/748/3540 3535/747/3539 3537/749/3541
f 3526/738/3530 3538/750/3542 3521/733/3525
f 3526/738/3530 3539/751/3543 3538/750/3542
f 3522/734/3526 3521/733/3525 3538/750/3542
f 3522/734/3526 3538/750/3542 3540/752/3544
f 3522/734/3526 3540/752/3544 3541/753/3545
f 3522/734/3526 3541/753/3545 3542/754/3546
f 3543/755/3547 3542/754/3546 3541/753/3545
f 3544/756/3548 3542/754/3546 3543/755/3547
f 3544/756/3548 3545/757/3549 3542/754/3546
f 3543/755/3547 3541/753/3545 3546/758/3550
f 3545/757/3549 3544/756/3548 3502/716/3506
f 3545/757/3549 3502/716/3506 3503/717/3507
f 3503/717/3507 3514/726/3518 3545/757/3549
f 3545/757/3549 3516/728/3520 3542/754/3546
f 3545/757/3549 3514/726/3518 3516/728/3520
f 3547/759/3551 3541/753/3545 3540/752/3544
f 3546/758/3550 3541/753/3545 3547/759/3551
f 3539/751/3543 3548/759/3552 3538/750/3542
f 3539/751/3543 3549/760/3553 3548/759/3552
f 3546/758/3550 3547/759/3551 3550/760/3554
f 3542/754/3546 3518/730/3522 3522/734/3526
f 3516/728/3520 3518/730/3522 3542/754/3546
f 3538/750/3542 3551/759/3555 3540/752/3544
f 3552/761/3556 3509/723/3513 3511/707/3515
f 3509/723/3513 3552/761/3556 3553/762/3557
f 3509/723/3513 3553/762/3557 3498/712/3502
f 3498/712/3502 3553/762/3557 3495/709/3499
f 3491/705/3495 3553/762/3557 3552/761/3556
f 3552/761/3556 3554/707/3558 3491/705/3495
f 3491/705/3495 3482/696/3486 3553/762/3557
f 3553/762/3557 3482/696/3486 3495/709/3499
f 3555/763/3559 3557/764/3560 3556/766/3561
f 3555/763/3559 3558/765/3562 3557/764/3560
f 3558/765/3562 3555/763/3559 3559/767/3563
f 3558/765/3562 3559/767/3563 3560/768/3564
f 3559/767/3563 3561/769/3565 3560/768/3564
f 3559/767/3563 3562/770/3566 3561/769/3565
f 3563/771/3567 3556/766/3561 3557/764/3560
f 3563/771/3567 3557/764/3560 3564/772/3568
f 3565/773/3569 3563/771/3567 3564/772/3568
f 3565/773/3569 3564/772/3568 3566/774/3570
f 3565/773/3569 3566/774/3570 3567/775/3571
f 3565/773/3569 3567/775/3571 3568/776/3572
f 3563/771/3567 3565/773/3569 3568/776/3572
f 3569/777/3573 3568/776/3572 3567/775/3571
f 3569/777/3573 3567/775/3571 3570/778/3574
f 3571/779/3575 3559/767/3563 3555/763/3559
f 3571/779/3575 3562/770/3566 3559/767/3563
f 3568/776/3572 3569/777/3573 3572/780/3576
f 3568/776/3572 3572/780/3576 3573/781/3577
f 3563/771/3567 3568/776/3572 3573/781/3577
f 3573/781/3577 3572/780/3576 3574/782/3578
f 3556/766/3561 3571/779/3575 3555/763/3559
f 3556/766/3561 3574/782/3578 3571/779/3575
f 3556/766/3561 3573/781/3577 3574/782/3578
f 3556/766/3561 3563/771/3567 3573/781/3577
f 3575/783/3579 3561/769/3565 3562/770/3566
f 3575/783/3579 3576/784/3580 3561/769/3565
f 3575/783/3579 3577/785/3581 3576/784/3580
f 3575/783/3579 3578/786/3582 3577/785/3581
f 3579/787/3583 3577/785/3581 3578/786/3582
f 3579/787/3583 3580/788/3584 3577/785/3581
f 3581/789/3585 3580/788/3584 3579/787/3583
f 3581/789/3585 3579/787/3583 3582/790/3586
f 3582/790/3586 3583/791/3587 3581/789/3585
f 3582/790/3586 3584/792/3588 3583/791/3587
f 3585/793/3589 3583/791/3587 3584/792/3588
f 3585/793/3589 3586/794/3590 3583/791/3587
f 3586/794/3590 3585/793/3589 3587/795/3591
f 3586/794/3590 3587/795/3591 3588/796/3592
f 3587/795/3591 3589/797/3593 3588/796/3592
f 3587/795/3591 3590/798/3594 3589/797/3593
f 3590/798/3594 3587/795/3591 3585/793/3589
f 3591/799/3595 3589/797/3593 3590/798/3594
f 3591/799/3595 3592/800/3596 3589/797/3593
f 3593/801/3597 3579/787/3583 3578/786/3582
f 3593/801/3597 3582/790/3586 3579/787/3583
f 3584/792/3588 3582/790/3586 3593/801/3597
f 3584/792/3588 3593/801/3597 3594/802/3598
f 3585/793/3589 3584/792/3588 3594/802/3598
f 3591/799/3595 3590/798/3594 3595/803/3599
f 3590/798/3594 3585/793/3589 3595/803/3599
f 3585/793/3589 3594/802/3598 3595/803/3599
f 3591/799/3595 3595/803/3599 3596/804/3600
f 3594/802/3598 3596/804/3600 3595/803/3599
f 3594/802/3598 3597/805/3601 3596/804/3600
f 3596/804/3600 3597/805/3601 3598/806/3602
f 3572/780/3576 3598/806/3602 3597/805/3601
f 3572/780/3576 3599/807/3603 3598/806/3602
f 3600/777/3604 3599/807/3603 3572/780/3576
f 3600/777/3604 3601/778/3605 3599/807/3603
f 3596/804/3600 3598/806/3602 3602/808/3606
f 3603/799/3607 3596/804/3600 3602/808/3606
f 3603/799/3607 3602/808/3606 3604/800/3608
f 3594/802/3598 3605/809/3609 3597/805/3601
f 3605/809/3609 3594/802/3598 3593/801/3597
f 3574/782/3578 3597/805/3601 3605/809/3609
f 3574/782/3578 3572/780/3576 3597/805/3601
f 3605/809/3609 3593/801/3597 3606/810/3610
f 3606/810/3610 3593/801/3597 3578/786/3582
f 3606/810/3610 3578/786/3582 3575/783/3579
f 3606/810/3610 3575/783/3579 3562/770/3566
f 3606/810/3610 3562/770/3566 3571/779/3575
f 3571/779/3575 3605/809/3609 3606/810/3610
f 3571/779/3575 3574/782/3578 3605/809/3609
f 3607/811/3611 3609/813/3612 3608/812/3613
f 3608/812/3613 3610/814/3614 3607/811/3611
f 3608/812/3613 3611/815/3615 3610/814/3614
f 3612/816/3616 3607/811/3611 3610/814/3614
f 3612/816/3616 3610/814/3614 3613/817/3617
f 3613/817/3617 3614/818/3618 3612/816/3616
f 3613/817/3617 3615/819/3619 3614/818/3618
f 3616/820/3620 3613/817/3617 3610/814/3614
f 3616/820/3620 3610/814/3614 3617/821/3621
f 3617/821/3621 3610/814/3614 3611/815/3615
f 3618/822/3622 3617/821/3621 3611/815/3615
f 3618/822/3622 3611/815/3615 3619/823/3623
f 3608/812/3613 3619/823/3623 3611/815/3615
f 3618/822/3622 3619/823/3623 3620/824/3624
f 3618/822/3622 3620/824/3624 3621/825/3625
f 3620/824/3624 3622/826/3626 3621/825/3625
f 3622/826/3626 3620/824/3624 3623/827/3627
f 3622/826/3626 3623/827/3627 3624/828/3628
f 3624/828/3628 3625/829/3629 3622/826/3626
f 3624/828/3628 3626/830/3630 3625/829/3629
f 3627/831/3631 3622/826/3626 3625/829/3629
f 3628/832/3632 3627/831/3631 3625/829/3629
f 3628/832/3632 3625/829/3629 3629/833/3633
f 3629/833/3633 3625/829/3629 3630/834/3634
f 3625/829/3629 3626/830/3630 3630/834/3634
f 3627/831/3631 3631/835/3635 3622/826/3626
f 3622/826/3626 3631/835/3635 3621/825/3625
f 3624/828/3628 3632/836/3636 3626/830/3630
f 3626/830/3630 3632/836/3636 3633/837/3637
f 3624/828/3628 3634/838/3638 3632/836/3636
f 3634/838/3638 3624/828/3628 3623/827/3627
f 3634/838/3638 3623/827/3627 3635/839/3639
f 3636/840/3640 3635/839/3639 3623/827/3627
f 3636/840/3640 3637/841/3641 3635/839/3639
f 3620/824/3624 3636/840/3640 3623/827/3627
f 3620/824/3624 3619/823/3623 3636/840/3640
f 3638/842/3642 3631/835/3635 3627/831/3631
f 3638/842/3642 3639/843/3643 3631/835/3635
f 3638/842/3642 3640/844/3644 3639/843/3643
f 3638/842/3642 3641/845/3645 3640/844/3644
f 3639/843/3643 3642/846/3646 3631/835/3635
f 3641/845/3645 3638/842/3642 3643/847/3647
f 3641/845/3645 3643/847/3647 3644/848/3648
f 3645/849/3649 3639/843/3643 3640/844/3644
f 3608/812/3613 3636/840/3640 3619/823/3623
f 3608/812/3613 3637/841/3641 3636/840/3640
f 3608/812/3613 3609/813/3612 3637/841/3641
f 3644/848/3648 3646/850/3650 3641/845/3645
f 3627/831/3631 3643/847/3647 3638/842/3642
f 3627/831/3631 3647/851/3651 3643/847/3647
f 3628/832/3632 3647/851/3651 3627/831/3631
f 3648/852/3652 3642/846/3646 3649/853/3653
f 3648/852/3652 3649/853/3653 3650/854/3654
f 3650/854/3654 3651/855/3655 3648/852/3652
f 3650/854/3654 3652/856/3656 3651/855/3655
f 3653/857/3657 3649/853/3653 3645/849/3649
f 3653/857/3657 3650/854/3654 3649/853/3653
f 3642/846/3646 3654/858/3658 3649/853/3653
f 3655/859/3659 3650/854/3654 3653/857/3657
f 3655/859/3659 3652/856/3656 3650/854/3654
f 3655/859/3659 3653/857/3657 3656/860/3660
f 3657/861/3661 3651/855/3655 3652/856/3656
f 3617/821/3621 3648/852/3652 3651/855/3655
f 3651/855/3655 3616/820/3620 3617/821/3621
f 3616/820/3620 3651/855/3655 3658/862/3662
f 3659/863/3663 3658/862/3662 3651/855/3655
f 3660/864/3664 3616/820/3620 3658/862/3662
f 3660/864/3664 3661/865/3665 3616/820/3620
f 3661/865/3665 3613/817/3617 3616/820/3620
f 3661/865/3665 3615/819/3619 3613/817/3617
f 3615/819/3619 3661/865/3665 3662/866/3666
f 3615/819/3619 3662/866/3666 3663/867/3667
f 3661/865/3665 3664/868/3668 3662/866/3666
f 3661/865/3665 3660/864/3664 3664/868/3668
f 3614/818/3618 3615/819/3619 3663/867/3667
f 3614/818/3618 3663/867/3667 3665/869/3669
f 3614/818/3618 3665/869/3669 3666/870/3670
f 3614/818/3618 3666/870/3670 3667/871/3671
f 3667/871/3671 3612/816/3616 3614/818/3618
f 3667/871/3671 3668/872/3672 3612/816/3616
f 3668/872/3672 3667/871/3671 3669/873/3673
f 3668/872/3672 3669/873/3673 3670/874/3674
f 3670/874/3674 3669/873/3673 3671/875/3675
f 3670/874/3674 3671/875/3675 3672/876/3676
f 3672/876/3676 3671/875/3675 3673/877/3677
f 3672/876/3676 3673/877/3677 3674/878/3678
f 3671/875/3675 3669/873/3673 3675/879/3679
f 3676/880/3680 3665/869/3669 3663/867/3667
f 3676/880/3680 3677/881/3681 3665/869/3669
f 3677/881/3681 3676/880/3680 3678/882/3682
f 3677/881/3681 3678/882/3682 3679/883/3683
f 3679/883/3683 3680/884/3684 3677/881/3681
f 3679/883/3683 3681/885/3685 3680/884/3684
f 3681/885/3685 3679/883/3683 3682/886/3686
f 3681/885/3685 3682/886/3686 3683/887/3687
f 3679/883/3683 3684/888/3688 3682/886/3686
f 3679/883/3683 3678/882/3682 3684/888/3688
f 3681/885/3685 3683/887/3687 3685/889/3689
f 3681/885/3685 3685/889/3689 3686/890/3690
f 3687/891/3691 3680/884/3684 3681/885/3685
f 3687/891/3691 3681/885/3685 3686/890/3690
f 3688/892/3692 3687/891/3691 3686/890/3690
f 3689/893/3693 3683/887/3687 3682/886/3686
f 3684/888/3688 3689/893/3693 3682/886/3686
f 3684/888/3688 3690/894/3694 3689/893/3693
f 3684/888/3688 3691/895/3695 3690/894/3694
f 3689/893/3693 3692/896/3696 3683/887/3687
f 3683/887/3687 3693/897/3697 3685/889/3689
f 3683/887/3687 3692/896/3696 3693/897/3697
f 3694/898/3698 3691/895/3695 3684/888/3688
f 3694/898/3698 3695/899/3699 3691/895/3695
f 3696/900/3700 3691/895/3695 3695/899/3699
f 3690/894/3694 3691/895/3695 3696/900/3700
f 3690/894/3694 3696/900/3700 3697/901/3701
f 3695/899/3699 3694/898/3698 3698/902/3702
f 3698/902/3702 3694/898/3698 3678/882/3682
f 3694/898/3698 3684/888/3688 3678/882/3682
f 3698/902/3702 3678/882/3682 3676/880/3680
f 3663/867/3667 3698/902/3702 3676/880/3680
f 3663/867/3667 3662/866/3666 3698/902/3702
f 3695/899/3699 3698/902/3702 3699/903/3703
f 3699/903/3703 3698/902/3702 3662/866/3666
f 3664/868/3668 3699/903/3703 3662/866/3666
f 3664/868/3668 3700/904/3704 3699/903/3703
f 3664/868/3668 3701/905/3705 3700/904/3704
f 3696/900/3700 3702/906/3706 3697/901/3701
f 3696/900/3700 3703/907/3707 3702/906/3706
f 3704/908/3708 3697/901/3701 3702/906/3706
f 3704/908/3708 3702/906/3706 3705/909/3709
f 3705/909/3709 3702/906/3706 3703/907/3707
f 3706/910/3710 3704/908/3708 3705/909/3709
f 3706/910/3710 3705/909/3709 3707/911/3711
f 3705/909/3709 3708/912/3712 3707/911/3711
f 3705/909/3709 3703/907/3707 3708/912/3712
f 3706/910/3710 3709/913/3713 3704/908/3708
f 3710/914/3714 3709/913/3713 3706/910/3710
f 3710/914/3714 3711/915/3715 3709/913/3713
f 3712/916/3716 3711/915/3715 3710/914/3714
f 3712/916/3716 3713/917/3717 3711/915/3715
f 3706/910/3710 3714/918/3718 3710/914/3714
f 3710/914/3714 3714/918/3718 3715/919/3719
f 3710/914/3714 3715/919/3719 3712/916/3716
f 3715/919/3719 3716/920/3720 3712/916/3716
f 3717/921/3721 3716/920/3720 3715/919/3719
f 3717/921/3721 3718/922/3722 3716/920/3720
f 3719/923/3723 3715/919/3719 3714/918/3718
f 3719/923/3723 3717/921/3721 3715/919/3719
f 3717/921/3721 3719/923/3723 3720/924/3724
f 3719/923/3723 3714/918/3718 3721/925/3725
f 3721/925/3725 3714/918/3718 3706/910/3710
f 3718/922/3722 3717/921/3721 3722/926/3726
f 3722/926/3726 3717/921/3721 3720/924/3724
f 3718/922/3722 3722/926/3726 3723/927/3727
f 3724/928/3728 3723/927/3727 3722/926/3726
f 3724/928/3728 3722/926/3726 3720/924/3724
f 3725/929/3729 3724/928/3728 3720/924/3724
f 3724/928/3728 3726/930/3730 3723/927/3727
f 3726/930/3730 3724/928/3728 3727/931/3731
f 3727/931/3731 3724/928/3728 3725/929/3729
f 3726/930/3730 3727/931/3731 3728/932/3732
f 3719/923/3723 3721/925/3725 3729/933/3733
f 3729/933/3733 3730/934/3734 3719/923/3723
f 3730/934/3734 3725/929/3729 3720/924/3724
f 3719/923/3723 3730/934/3734 3720/924/3724
f 3730/934/3734 3731/935/3735 3725/929/3729
f 3731/935/3735 3730/934/3734 3732/936/3736
f 3729/933/3733 3732/936/3736 3730/934/3734
f 3731/935/3735 3732/936/3736 3733/937/3737
f 3733/937/3737 3732/936/3736 3734/938/3738
f 3735/939/3739 3731/935/3735 3733/937/3737
f 3735/939/3739 3733/937/3737 3734/938/3738
f 3736/940/3740 3732/936/3736 3729/933/3733
f 3732/936/3736 3736/940/3740 3734/938/3738
f 3737/941/3741 3734/938/3738 3736/940/3740
f 3736/940/3740 3729/933/3733 3738/942/3742
f 3734/938/3738 3737/941/3741 3739/943/3743
f 3740/944/3744 3739/943/3743 3737/941/3741
f 3740/944/3744 3737/941/3741 3741/945/3745
f 3741/945/3745 3737/941/3741 3742/946/3746
f 3742/946/3746 3736/940/3740 3738/942/3742
f 3736/940/3740 3742/946/3746 3737/941/3741
f 3740/944/3744 3741/945/3745 3743/947/3747
f 3740/944/3744 3743/947/3747 3744/948/3748
f 3745/949/3749 3735/939/3739 3734/938/3738
f 3745/949/3749 3734/938/3738 3746/950/3750
f 3734/938/3738 3739/943/3743 3746/950/3750
f 3742/946/3746 3738/942/3742 3747/951/3751
f 3748/952/3752 3741/945/3745 3742/946/3746
f 3748/952/3752 3749/953/3753 3741/945/3745
f 3749/953/3753 3743/947/3747 3741/945/3745
f 3748/952/3752 3742/946/3746 3750/954/3754
f 3747/951/3751 3750/954/3754 3742/946/3746
f 3748/952/3752 3750/954/3754 3751/955/3755
f 3749/953/3753 3748/952/3752 3751/955/3755
f 3752/956/3756 3749/953/3753 3751/955/3755
f 3751/955/3755 3753/957/3757 3752/956/3756
f 3752/956/3756 3753/957/3757 3754/958/3758
f 3752/956/3756 3754/958/3758 3755/959/3759
f 3755/959/3759 3754/958/3758 3756/960/3760
f 3754/958/3758 3757/961/3761 3756/960/3760
f 3757/961/3761 3754/958/3758 3753/957/3757
f 3757/961/3761 3758/962/3762 3756/960/3760
f 3755/959/3759 3756/960/3760 3759/963/3763
f 3760/964/3764 3755/959/3759 3759/963/3763
f 3760/964/3764 3759/963/3763 3761/965/3765
f 3761/965/3765 3762/966/3766 3760/964/3764
f 3763/967/3767 3755/959/3759 3760/964/3764
f 3752/956/3756 3755/959/3759 3763/967/3767
f 3763/967/3767 3760/964/3764 3764/968/3768
f 3763/967/3767 3764/968/3768 3765/969/3769
f 3765/969/3769 3764/968/3768 3766/970/3770
f 3765/969/3769 3766/970/3770 3767/971/3771
f 3763/967/3767 3765/969/3769 3768/972/3772
f 3767/971/3771 3766/970/3770 3769/973/3773
f 3767/971/3771 3769/973/3773 3770/974/3774
f 3770/974/3774 3769/973/3773 3771/975/3775
f 3772/976/3776 3769/973/3773 3766/970/3770
f 3772/976/3776 3766/970/3770 3773/977/3777
f 3773/977/3777 3762/966/3766 3761/965/3765
f 3764/968/3768 3773/977/3777 3766/970/3770
f 3764/968/3768 3762/966/3766 3773/977/3777
f 3772/976/3776 3773/977/3777 3774/978/3778
f 3773/977/3777 3761/965/3765 3774/978/3778
f 3772/976/3776 3774/978/3778 3775/979/3779
f 3769/973/3773 3772/976/3776 3776/980/3780
f 3775/979/3779 3776/980/3780 3772/976/3776
f 3769/973/3773 3776/980/3780 3777/981/3781
f 3777/981/3781 3771/975/3775 3769/973/3773
f 3775/979/3779 3774/978/3778 3778/982/3782
f 3775/979/3779 3778/982/3782 3779/983/3783
f 3780/984/3784 3778/982/3782 3774/978/3778
f 3780/984/3784 3774/978/3778 3761/965/3765
f 3781/985/3785 3780/984/3784 3761/965/3765
f 3781/985/3785 3761/965/3765 3759/963/3763
f 3759/963/3763 3782/986/3786 3781/985/3785
f 3759/963/3763 3756/960/3760 3782/986/3786
f 3775/979/3779 3779/983/3783 3783/987/3787
f 3783/987/3787 3784/988/3788 3775/979/3779
f 3775/979/3779 3784/988/3788 3776/980/3780
f 3756/960/3760 3786/989/3789 3785/990/3790
f 3785/990/3790 3786/989/3789 3787/991/3791
f 3788/992/3792 3787/991/3791 3786/989/3789
f 3788/992/3792 3789/993/3793 3787/991/3791
f 3756/960/3760 3758/962/3762 3786/989/3789
f 3786/989/3789 3790/994/3794 3788/992/3792
f 3786/989/3789 3758/962/3762 3790/994/3794
f 3758/962/3762 3791/995/3795 3790/994/3794
f 3792/996/3796 3790/994/3794 3791/995/3795
f 3792/996/3796 3793/860/3797 3790/994/3794
f 3793/860/3797 3788/992/3792 3790/994/3794
f 3758/962/3762 3794/997/3798 3791/995/3795
f 3792/996/3796 3791/995/3795 3655/859/3659
f 3792/996/3796 3655/859/3659 3795/860/3799
f 3791/995/3795 3659/863/3663 3655/859/3659
f 3796/998/3800 3659/863/3663 3791/995/3795
f 3796/998/3800 3791/995/3795 3797/999/3801
f 3796/998/3800 3797/999/3801 3701/905/3705
f 3796/998/3800 3658/862/3662 3659/863/3663
f 3796/998/3800 3660/864/3664 3658/862/3662
f 3660/864/3664 3796/998/3800 3701/905/3705
f 3655/859/3659 3659/863/3663 3798/861/3802
f 3651/855/3655 3798/861/3802 3659/863/3663
f 3757/961/3761 3794/997/3798 3758/962/3762
f 3660/864/3664 3701/905/3705 3664/868/3668
f 3799/861/3803 3800/856/3803 3655/859/3659
f 3801/1000/3804 3802/1001/3805 3607/811/3611
f 3801/1000/3804 3803/1002/3806 3802/1001/3805
f 3804/1003/3807 3803/1002/3806 3801/1000/3804
f 3668/872/3672 3801/1000/3804 3607/811/3611
f 3670/874/3674 3801/1000/3804 3668/872/3672
f 3670/874/3674 3805/1004/3808 3801/1000/3804
f 3670/874/3674 3806/1005/3809 3805/1004/3808
f 3670/874/3674 3672/876/3676 3806/1005/3809
f 3807/1006/3810 3806/1005/3809 3672/876/3676
f 3807/1006/3810 3672/876/3676 3674/878/3678
f 3668/872/3672 3607/811/3611 3612/816/3616
f 3804/1003/3807 3808/1007/3811 3803/1002/3806
f 3804/1003/3807 3809/1008/3812 3808/1007/3811
f 3809/1008/3812 3810/1009/3813 3808/1007/3811
f 3811/1010/3814 3808/1007/3811 3810/1009/3813
f 3812/1011/3815 3811/1010/3814 3810/1009/3813
f 3811/1010/3814 3812/1011/3815 3813/1012/3816
f 3811/1010/3814 3813/1012/3816 3814/1013/3817
f 3811/1010/3814 3814/1013/3817 3815/1014/3818
f 3811/1010/3814 3815/1014/3818 3816/1015/3819
f 3811/1010/3814 3816/1015/3819 3808/1007/3811
f 3812/1011/3815 3810/1009/3813 3817/1016/3820
f 3818/1017/3821 3812/1011/3815 3817/1016/3820
f 3818/1017/3821 3817/1016/3820 3819/1018/3822
f 3820/1019/3823 3812/1011/3815 3818/1017/3821
f 3820/1019/3823 3813/1012/3816 3812/1011/3815
f 3817/1016/3820 3810/1009/3813 3821/1020/3824
f 3809/1008/3812 3821/1020/3824 3810/1009/3813
f 3817/1016/3820 3821/1020/3824 3822/1021/3825
f 3822/1021/3825 3819/1018/3822 3817/1016/3820
f 3822/1021/3825 3823/1022/3826 3819/1018/3822
f 3824/1023/3827 3819/1018/3822 3823/1022/3826
f 3825/1024/3828 3820/1019/3823 3818/1017/3821
f 3826/1025/3829 3816/1015/3819 3815/1014/3818
f 3826/1025/3829 3802/1001/3805 3816/1015/3819
f 3607/811/3611 3802/1001/3805 3826/1025/3829
f 3803/1002/3806 3816/1015/3819 3802/1001/3805
f 3803/1002/3806 3808/1007/3811 3816/1015/3819
f 3824/1023/3827 3827/1026/3830 3819/1018/3822
f 3827/1026/3830 3818/1017/3821 3819/1018/3822
f 3827/1026/3830 3828/1027/3831 3818/1017/3821
f 3825/1024/3828 3818/1017/3821 3828/1027/3831
f 3824/1023/3827 3823/1022/3826 3829/1028/3832
f 3830/1029/3833 3832/1030/3834 3831/1031/3835
f 3830/1029/3833 3785/990/3790 3832/1030/3834
f 3831/1031/3835 3832/1030/3834 3833/1032/3836
f 3831/1031/3835 3833/1032/3836 3834/1033/3837
f 3834/1033/3837 3833/1032/3836 3835/1034/3838
f 3834/1033/3837 3835/1034/3838 3836/1035/3839
f 3836/1035/3839 3835/1034/3838 3837/1036/3840
f 3785/990/3790 3838/991/3841 3832/1030/3834
f 3839/1037/3842 3835/1034/3838 3833/1032/3836
f 3839/1037/3842 3833/1032/3836 3840/1038/3843
f 3832/1030/3834 3840/1038/3843 3833/1032/3836
f 3839/1037/3842 3840/1038/3843 3841/1039/3844
f 3839/1037/3842 3841/1039/3844 3842/1040/3845
f 3840/1038/3843 3789/993/3793 3841/1039/3844
f 3840/1038/3843 3843/1041/3846 3789/993/3793
f 3832/1030/3834 3843/1041/3846 3840/1038/3843
f 3843/1041/3846 3844/991/3847 3789/993/3793
f 3837/1036/3840 3835/1034/3838 3845/1042/3848
f 3839/1037/3842 3846/1043/3849 3835/1034/3838
f 3835/1034/3838 3846/1043/3849 3845/1042/3848
f 3842/1040/3845 3846/1043/3849 3839/1037/3842
f 3842/1040/3845 3847/1044/3850 3846/1043/3849
f 3848/1045/3851 3847/1044/3850 3842/1040/3845
f 3849/1046/3852 3851/1047/3853 3850/1049/3854
f 3849/1046/3852 3852/1048/3855 3851/1047/3853
f 3850/1049/3854 3851/1047/3853 3853/1050/3856
f 3851/1047/3853 3854/1051/3857 3853/1050/3856
f 3851/1047/3853 3855/1052/3858 3854/1051/3857
f 3856/1053/3859 3853/1050/3856 3854/1051/3857
f 3856/1053/3859 3854/1051/3857 3857/1054/3860
f 3850/1049/3854 3853/1050/3856 3858/1055/3861
f 3859/1056/3862 3851/1047/3853 3852/1048/3855
f 3859/1056/3862 3855/1052/3858 3851/1047/3853
f 3860/1057/3863 3859/1056/3862 3852/1048/3855
f 3860/1057/3863 3861/1058/3864 3859/1056/3862
f 3852/1048/3855 3862/1059/3865 3860/1057/3863
f 3852/1048/3855 3849/1046/3852 3862/1059/3865
f 3862/1059/3865 3849/1046/3852 3863/1060/3866
f 3862/1059/3865 3863/1060/3866 3864/1061/3867
f 3865/1003/3868 3862/1059/3865 3864/1061/3867
f 3865/1003/3868 3801/1000/3804 3862/1059/3865
f 3801/1000/3804 3860/1057/3863 3862/1059/3865
f 3801/1000/3804 3805/1004/3808 3860/1057/3863
f 3805/1004/3808 3861/1058/3864 3860/1057/3863
f 3805/1004/3808 3866/1067/3869 3861/1058/3864
f 3853/1050/3856 3856/1053/3859 3867/1065/3870
f 3867/1065/3870 3868/1064/3871 3858/1055/3861
f 3869/1062/3872 3858/1055/3861 3868/1064/3871
f 3869/1062/3872 3850/1049/3854 3858/1055/3861
f 3869/1062/3872 3870/1063/3873 3850/1049/3854
f 3849/1046/3852 3870/1063/3873 3863/1060/3866
f 3849/1046/3852 3850/1049/3854 3870/1063/3873
f 3869/1062/3872 3868/1064/3871 3871/1066/3874
f 3872/1067/3875 3805/1004/3808 3873/1068/3876
f 3872/1067/3875 3873/1068/3876 3874/1069/3877
f 3873/1068/3876 3875/1070/3878 3874/1069/3877
f 3873/1068/3876 3876/1071/3879 3875/1070/3878
f 3877/1072/3880 3876/1071/3879 3873/1068/3876
f 3877/1072/3880 3878/1073/3881 3876/1071/3879
f 3878/1073/3881 3879/1074/3882 3876/1071/3879
f 3878/1073/3881 3880/1075/3883 3879/1074/3882
f 3881/1076/3884 3880/1075/3883 3878/1073/3881
f 3881/1076/3884 3878/1073/3881 3882/1077/3885
f 3877/1072/3880 3882/1077/3885 3878/1073/3881
f 3881/1076/3884 3883/1078/3886 3880/1075/3883
f 3883/1078/3886 3879/1074/3882 3880/1075/3883
f 3881/1076/3884 3884/1079/3887 3883/1078/3886
f 3885/1080/3888 3883/1078/3886 3884/1079/3887
f 3885/1080/3888 3884/1079/3887 3886/1081/3889
f 3883/1078/3886 3887/1082/3890 3879/1074/3882
f 3887/1082/3890 3883/1078/3886 3888/1083/3891
f 3883/1078/3886 3885/1080/3888 3888/1083/3891
f 3889/1084/3892 3879/1074/3882 3887/1082/3890
f 3889/1084/3892 3890/1085/3893 3879/1074/3882
f 3876/1071/3879 3890/1085/3893 3875/1070/3878
f 3876/1071/3879 3879/1074/3882 3890/1085/3893
f 3877/1072/3880 3891/1086/3894 3882/1077/3885
f 3891/1086/3894 3877/1072/3880 3806/1005/3809
f 3806/1005/3809 3877/1072/3880 3873/1068/3876
f 3806/1005/3809 3873/1068/3876 3805/1004/3808
f 3891/1086/3894 3806/1005/3809 3807/1006/3810
f 3892/1087/3895 3887/1082/3890 3888/1083/3891
f 3892/1087/3895 3893/1088/3896 3887/1082/3890
f 3893/1088/3896 3889/1084/3892 3887/1082/3890
f 3893/1088/3896 3894/1089/3897 3889/1084/3892
f 3895/1090/3898 3897/1091/3899 3896/1093/3900
f 3895/1090/3898 3898/1092/3901 3897/1091/3899
f 3899/1094/3902 3896/1093/3900 3897/1091/3899
f 3899/1094/3902 3900/1095/3903 3896/1093/3900
f 3900/1095/3903 3899/1094/3902 3901/1096/3904
f 3900/1095/3903 3901/1096/3904 3902/1097/3905
f 3902/1097/3905 3903/1098/3906 3900/1095/3903
f 3902/1097/3905 3904/1099/3907 3903/1098/3906
f 3905/1100/3908 3903/1098/3906 3904/1099/3907
f 3905/1100/3908 3906/1101/3909 3903/1098/3906
f 3903/1098/3906 3907/1102/3910 3900/1095/3903
f 3908/1102/3911 3903/1098/3906 3906/1101/3909
f 3909/1103/3912 3896/1093/3900 3900/1095/3903
f 3909/1103/3912 3906/1101/3913 3910/1104/3914
f 3909/1103/3912 3911/1102/3915 3906/1101/3913
f 3909/1103/3912 3900/1095/3903 3912/1102/3916
f 3913/1105/3917 3909/1103/3912 3910/1104/3914
f 3913/1105/3917 3896/1093/3900 3909/1103/3912
f 3913/1105/3917 3895/1090/3898 3896/1093/3900
f 3914/1106/3918 3895/1090/3898 3913/1105/3917
f 3914/1106/3918 3915/1107/3919 3895/1090/3898
f 3895/1090/3898 3915/1107/3919 3916/1108/3920
f 3913/1105/3917 3910/1104/3914 3917/1109/3921
f 3917/1109/3921 3914/1106/3918 3913/1105/3917
f 3904/1099/3907 3752/956/3756 3905/1100/3908
f 3895/1090/3898 3916/1108/3920 3898/1092/3901
f 3917/1109/3921 3918/1110/3922 3914/1106/3918
f 3763/967/3767 3919/1111/3923 3752/956/3756
f 3763/967/3767 3768/972/3772 3919/1111/3923
f 3904/1099/3907 3749/953/3753 3752/956/3756
f 3743/947/3747 3749/953/3753 3904/1099/3907
f 3743/947/3747 3904/1099/3907 3902/1097/3905
f 3744/948/3748 3743/947/3747 3902/1097/3905
f 3744/948/3748 3902/1097/3905 3901/1096/3904
f 3675/879/3679 3921/1113/3924 3920/1112/3925
f 3922/1114/3926 3675/879/3679 3920/1112/3925
f 3922/1114/3926 3923/1115/3927 3675/879/3679
f 3924/1116/3928 3923/1115/3927 3922/1114/3926
f 3924/1116/3928 3925/1117/3929 3923/1115/3927
f 3926/1118/3930 3925/1117/3929 3924/1116/3928
f 3924/1116/3928 3927/1119/3931 3926/1118/3930
f 3924/1116/3928 3928/1120/3932 3927/1119/3931
f 3922/1114/3926 3928/1120/3932 3924/1116/3928
f 3926/1118/3930 3927/1119/3931 3929/1121/3933
f 3926/1118/3930 3929/1121/3933 3930/1122/3934
f 3930/1122/3934 3931/1123/3935 3926/1118/3930
f 3926/1118/3930 3931/1123/3935 3925/1117/3929
f 3930/1122/3934 3932/1124/3936 3931/1123/3935
f 3923/1115/3927 3933/1125/3937 3675/879/3679
f 3923/1115/3927 3934/1126/3938 3933/1125/3937
f 3934/1126/3938 3923/1115/3927 3925/1117/3929
f 3931/1123/3935 3932/1124/3936 3935/1127/3939
f 3931/1123/3935 3935/1127/3939 3936/1128/3940
f 3931/1123/3935 3937/1129/3941 3925/1117/3929
f 3931/1123/3935 3936/1128/3940 3937/1129/3941
f 3934/1126/3938 3925/1117/3929 3937/1129/3941
f 3922/1114/3926 3938/1130/3942 3928/1120/3932
f 3938/1130/3942 3920/1112/3925 3939/1131/3943
f 3938/1130/3942 3922/1114/3926 3920/1112/3925
f 3940/1132/3944 3939/1131/3943 3920/1112/3925
f 3940/1132/3944 3920/1112/3925 3921/1113/3924
f 3688/892/3692 3940/1132/3944 3921/1113/3924
f 3688/892/3692 3921/1113/3924 3941/1133/3945
f 3688/892/3692 3942/1134/3946 3940/1132/3944
f 3687/891/3691 3688/892/3692 3941/1133/3945
f 3687/891/3691 3941/1133/3945 3666/870/3670
f 3687/891/3691 3666/870/3670 3680/884/3684
f 3667/871/3671 3666/870/3670 3941/1133/3945
f 3667/871/3671 3941/1133/3945 3669/873/3673
f 3680/884/3684 3666/870/3670 3665/869/3669
f 3680/884/3684 3665/869/3669 3677/881/3681
f 3942/1134/3946 3688/892/3692 3686/890/3690
f 3675/879/3679 3941/1133/3945 3921/1113/3924
f 3675/879/3679 3669/873/3673 3941/1133/3945
f 3675/879/3679 3933/1125/3937 3671/875/3675
f 3933/1125/3937 3673/877/3677 3671/875/3675
f 3943/1135/3947 3945/1136/3948 3944/1138/3949
f 3943/1135/3947 3946/1137/3950 3945/1136/3948
f 3947/1139/3951 3945/1136/3948 3946/1137/3950
f 3947/1139/3951 3946/1137/3950 3948/1140/3952
f 3943/1135/3947 3944/1138/3949 3949/1141/3953
f 3949/1141/3953 3944/1138/3949 3950/1142/3954
f 3944/1138/3949 3951/1143/3955 3950/1142/3954
f 3952/1144/3956 3951/1143/3955 3944/1138/3949
f 3953/1145/3957 3952/1144/3956 3944/1138/3949
f 3953/1145/3957 3944/1138/3949 3945/1136/3948
f 3947/1139/3951 3953/1145/3957 3945/1136/3948
f 3952/1144/3956 3954/1146/3958 3951/1143/3955
f 3954/1146/3958 3955/1147/3959 3951/1143/3955
f 3954/1146/3958 3956/1148/3960 3955/1147/3959
f 3953/1145/3957 3957/1149/3961 3952/1144/3956
f 3952/1144/3956 3958/1150/3962 3954/1146/3958
f 3952/1144/3956 3957/1149/3961 3958/1150/3962
f 3959/1151/3963 3954/1146/3958 3958/1150/3962
f 3959/1151/3963 3956/1148/3960 3954/1146/3958
f 3960/1152/3964 3951/1143/3955 3955/1147/3959
f 3960/1152/3964 3950/1142/3954 3951/1143/3955
f 3961/1153/3965 3960/1152/3964 3955/1147/3959
f 3961/1153/3965 3955/1147/3959 3962/1154/3966
f 3962/1154/3966 3956/1148/3960 3959/1151/3963
f 3955/1147/3959 3956/1148/3960 3962/1154/3966
f 3963/1155/3967 3962/1154/3966 3959/1151/3963
f 3964/1156/3968 3958/1150/3962 3957/1149/3961
f 3965/1157/3969 3964/1156/3968 3957/1149/3961
f 3965/1157/3969 3957/1149/3961 3966/1158/3970
f 3728/932/3732 3965/1157/3969 3966/1158/3970
f 3728/932/3732 3966/1158/3970 3967/1159/3971
f 3968/1160/3972 3967/1159/3971 3966/1158/3970
f 3966/1158/3970 3957/1149/3961 3968/1160/3972
f 3968/1160/3972 3969/1161/3973 3967/1159/3971
f 3969/1161/3973 3968/1160/3972 3970/1162/3974
f 3969/1161/3973 3970/1162/3974 3971/1163/3975
f 3964/1156/3968 3965/1157/3969 3727/931/3731
f 3727/931/3731 3965/1157/3969 3728/932/3732
f 3964/1156/3968 3727/931/3731 3972/1164/3976
f 3963/1155/3967 3959/1151/3963 3972/1164/3976
f 3963/1155/3967 3972/1164/3976 3727/931/3731
f 3953/1145/3957 3970/1162/3974 3968/1160/3972
f 3972/1164/3976 3958/1150/3962 3964/1156/3968
f 3972/1164/3976 3959/1151/3963 3958/1150/3962
f 3953/1145/3957 3968/1160/3972 3957/1149/3961
f 3725/929/3729 3973/1165/3977 3727/931/3731
f 3731/935/3735 3973/1165/3977 3725/929/3729
f 3731/935/3735 3974/939/3978 3973/1165/3977
f 3975/966/3979 3764/968/3768 3976/964/3979
f 3977/991/3980 3978/1041/3980 3832/1030/3834
f 3979/853/3981 3980/858/3982 3645/849/3649
f 3645/849/3649 3980/858/3982 3981/843/3983
f 3745/949/3749 3949/1141/3953 3735/939/3739
f 3943/1135/3947 3949/1141/3953 3745/949/3749
f 3950/1142/3954 3982/939/3984 3949/1141/3953
f 3950/1142/3954 3960/1152/3964 3982/939/3984
f 3982/939/3984 3960/1152/3964 3961/1153/3965
f 3983/843/3985 3654/858/3658 3642/846/3646
f 3642/846/3646 3618/822/3622 3621/825/3625
f 3642/846/3646 3648/852/3652 3618/822/3622
f 3617/821/3621 3618/822/3622 3648/852/3652
f 3631/835/3635 3642/846/3646 3621/825/3625
f 3984/1166/3986 3986/1167/3987 3985/1169/3988
f 3984/1166/3986 3987/1168/3989 3986/1167/3987
f 3986/1167/3987 3988/1170/3990 3985/1169/3988
f 3989/1171/3991 3987/1168/3989 3984/1166/3986
f 3989/1171/3991 3990/1172/3992 3987/1168/3989
f 3991/1173/3993 3986/1167/3987 3987/1168/3989
f 3991/1173/3993 3988/1170/3990 3986/1167/3987
f 3991/1173/3993 3987/1168/3989 3992/1174/3994
f 3992/1174/3994 3987/1168/3989 3990/1172/3992
f 3993/1175/3995 3988/1170/3990 3991/1173/3993
f 3994/1176/3996 3991/1173/3993 3992/1174/3994
f 3994/1176/3996 3993/1175/3995 3991/1173/3993
f 3992/1174/3994 3990/1172/3992 3995/1177/3997
f 3996/1178/3998 3992/1174/3994 3995/1177/3997
f 3996/1178/3998 3994/1176/3996 3992/1174/3994
f 3990/1172/3992 3989/1171/3991 3997/1179/3999
f 3990/1172/3992 3997/1179/3999 3998/1180/4000
f 3990/1172/3992 3998/1180/4000 3999/1181/4001
f 3996/1178/4002 3999/1181/4001 4000/1182/4003
f 4001/1178/4004 3995/1177/3997 3999/1181/4005
f 4002/1172/4006 3999/1181/4005 3995/1177/3997
f 4003/1183/4007 4005/1185/4008 4004/1184/4009
f 4006/1186/4010 4003/1183/4007 4004/1184/4009
f 4006/1186/4010 4007/1187/4011 4003/1183/4007
f 4006/1186/4010 4008/1188/4012 4007/1187/4011
f 4007/1187/4011 4009/1185/4013 4003/1183/4007
f 4006/1186/4010 4004/1184/4009 4010/1189/4014
f 4011/1190/4015 4006/1186/4010 4010/1189/4014
f 4011/1190/4015 4010/1189/4014 4012/1191/4016
f 4013/1192/4017 4006/1186/4010 4011/1190/4015
f 4013/1192/4017 4008/1188/4012 4006/1186/4010
f 4014/1193/4018 4007/1187/4011 4008/1188/4012
f 4014/1193/4018 4015/1194/4019 4007/1187/4011
f 4016/1195/4020 4015/1194/4019 4014/1193/4018
f 4016/1195/4020 4017/1196/4021 4015/1194/4019
f 4017/1196/4021 4018/1185/4022 4015/1194/4019
f 4015/1194/4019 4019/1185/4023 4007/1187/4011
f 4020/1197/4024 4014/1193/4018 4008/1188/4012
f 4013/1192/4017 4020/1197/4024 4008/1188/4012
f 4013/1192/4017 4011/1190/4015 4021/1198/4025
f 4012/1191/4016 4021/1198/4025 4011/1190/4015
f 4013/1192/4017 4021/1198/4025 4022/1199/4026
f 4012/1191/4016 4023/1200/4027 4021/1198/4025
f 4024/1201/4028 4013/1192/4017 4022/1199/4026
f 4025/1201/4029 4020/1197/4024 4013/1192/4017
f 4020/1197/4024 4026/1202/4030 4014/1193/4018
f 4016/1195/4020 4014/1193/4018 4026/1202/4030
f 4016/1195/4020 4026/1202/4030 4027/1203/4031
f 4027/1203/4031 4026/1202/4030 4028/1204/4032
f 4027/1203/4031 4028/1204/4032 4029/1205/4033
f 4030/1201/4034 4026/1202/4030 4020/1197/4024
f 4030/1201/4034 4028/1204/4032 4026/1202/4030
f 4031/1206/4035 4033/1208/4036 4032/1207/4037
f 4034/1209/4038 4032/1207/4037 4033/1208/4036
f 4035/1210/4039 4037/1211/4040 4036/1213/4041
f 4035/1210/4039 4038/1212/4042 4037/1211/4040
f 4037/1211/4040 4039/1214/4043 4036/1213/4041
f 4040/1215/4044 4038/1212/4042 4035/1210/4039
f 4040/1215/4044 4041/1216/4045 4038/1212/4042
f 4042/1217/4046 4037/1211/4040 4038/1212/4042
f 4042/1217/4046 4038/1212/4042 4043/1218/4047
f 4043/1218/4047 4038/1212/4042 4041/1216/4045
f 4042/1217/4046 4044/1214/4048 4037/1211/4040
f 4045/1219/4049 4044/1214/4048 4042/1217/4046
f 4046/1220/4050 4042/1217/4046 4043/1218/4047
f 4046/1220/4050 4045/1219/4049 4042/1217/4046
f 4047/1221/4051 4045/1219/4049 4046/1220/4050
f 4047/1221/4051 4048/1222/4052 4045/1219/4049
f 4048/1222/4052 4049/1214/4053 4045/1219/4049
f 4050/1223/4054 4047/1221/4051 4046/1220/4050
f 4050/1223/4054 4046/1220/4050 4051/1224/4055
f 4051/1224/4055 4046/1220/4050 4043/1218/4047
f 4043/1218/4047 4041/1216/4045 4052/1225/4056
f 4051/1224/4055 4043/1218/4047 4053/1225/4057
f 4041/1216/4045 4040/1215/4044 4054/1226/4058
f 4041/1216/4045 4054/1226/4058 4055/1227/4059
f 4041/1216/4045 4055/1227/4059 4056/1228/4060
f 4041/1216/4045 4056/1228/4060 4057/1225/4061
f 4051/1224/4055 4058/1229/4062 4050/1223/4054
f 4051/1224/4055 4059/1230/4063 4058/1229/4062
f 4051/1224/4055 4060/1228/4064 4059/1230/4063
f 4051/1224/4055 4061/1225/4065 4060/1228/4064
f 4062/1231/4066 4064/1232/4067 4063/1234/4068
f 4062/1231/4066 4065/1233/4069 4064/1232/4067
f 4063/1234/4068 4066/1235/4070 4062/1231/4066
f 4067/1236/4071 4064/1232/4067 4065/1233/4069
f 4067/1236/4071 4065/1233/4069 4068/1237/4072
f 4069/1238/4073 4063/1234/4068 4064/1232/4067
f 4069/1238/4073 4070/1239/4074 4063/1234/4068
f 4071/1240/4075 4070/1239/4074 4069/1238/4073
f 4071/1240/4075 4069/1238/4073 4072/1241/4076
f 4071/1240/4075 4073/1235/4077 4070/1239/4074
f 4072/1241/4076 4069/1238/4073 4074/1242/4078
f 4072/1241/4076 4074/1242/4078 4075/1243/4079
f 4070/1239/4074 4076/1235/4080 4063/1234/4068
f 4077/1244/4081 4074/1242/4078 4069/1238/4073
f 4067/1236/4071 4077/1244/4081 4064/1232/4067
f 4077/1244/4081 4069/1238/4073 4064/1232/4067
f 4075/1243/4079 4074/1242/4078 4078/1245/4082
f 4075/1243/4079 4078/1245/4082 4079/1246/4083
f 4080/1247/4084 4074/1242/4078 4077/1244/4081
f 4080/1247/4084 4078/1245/4082 4074/1242/4078
f 4080/1247/4084 4077/1244/4081 4067/1236/4071
f 4068/1237/4072 4081/1248/4085 4067/1236/4071
f 4080/1247/4084 4067/1236/4071 4081/1248/4085
f 4068/1237/4072 4082/1249/4086 4081/1248/4085
f 4083/1250/4087 4085/1252/4088 4084/1251/4089
f 4086/1253/4090 4084/1251/4089 4085/1252/4088
f 4087/1254/4091 4089/1255/4092 4088/1257/4093
f 4087/1254/4091 4090/1256/4094 4089/1255/4092
f 4089/1255/4092 4091/1258/4095 4088/1257/4093
f 4092/1259/4096 4090/1256/4094 4087/1254/4091
f 4092/1259/4096 4093/1260/4097 4090/1256/4094
f 4094/1261/4098 4089/1255/4092 4090/1256/4094
f 4094/1261/4098 4090/1256/4094 4095/1262/4099
f 4095/1262/4099 4090/1256/4094 4093/1260/4097
f 4094/1261/4098 4096/1258/4100 4089/1255/4092
f 4097/1263/4101 4096/1258/4100 4094/1261/4098
f 4098/1264/4102 4094/1261/4098 4095/1262/4099
f 4098/1264/4102 4097/1263/4101 4094/1261/4098
f 4099/1265/4103 4097/1263/4101 4098/1264/4102
f 4099/1265/4103 4100/1266/4104 4097/1263/4101
f 4100/1266/4104 4101/1258/4105 4097/1263/4101
f 4102/1267/4106 4099/1265/4103 4098/1264/4102
f 4102/1267/4106 4098/1264/4102 4103/1268/4107
f 4103/1268/4107 4098/1264/4102 4095/1262/4099
f 4095/1262/4099 4093/1260/4097 4104/1269/4108
f 4103/1268/4107 4095/1262/4099 4105/1269/4109
f 4093/1260/4097 4092/1259/4096 4106/1270/4110
f 4093/1260/4097 4106/1270/4110 4107/1271/4111
f 4093/1260/4097 4107/1271/4111 4108/1272/4112
f 4093/1260/4097 4108/1272/4112 4109/1269/4113
f 4103/1268/4107 4110/1273/4114 4102/1267/4106
f 4103/1268/4107 4111/1274/4115 4110/1273/4114
f 4103/1268/4107 4112/1272/4116 4111/1274/4115
f 4103/1268/4107 4113/1269/4117 4112/1272/4116
f 4114/1275/4118 4116/1276/4119 4115/1278/4120
f 4114/1275/4118 4117/1277/4121 4116/1276/4119
f 4116/1276/4119 4118/1279/4122 4115/1278/4120
f 4119/1280/4123 4117/1277/4121 4114/1275/4118
f 4119/1280/4123 4114/1275/4118 4120/1281/4124
f 4121/1282/4125 4116/1276/4119 4117/1277/4121
f 4121/1282/4125 4122/1283/4126 4116/1276/4119
f 4123/1284/4127 4122/1283/4126 4121/1282/4125
f 4123/1284/4127 4124/1285/4128 4122/1283/4126
f 4124/1285/4128 4125/1279/4129 4122/1283/4126
f 4123/1284/4127 4121/1282/4125 4126/1286/4130
f 4123/1284/4127 4126/1286/4130 4127/1287/4131
f 4122/1283/4126 4128/1279/4132 4116/1276/4119
f 4129/1288/4133 4126/1286/4130 4121/1282/4125
f 4119/1280/4123 4129/1288/4133 4117/1277/4121
f 4129/1288/4133 4121/1282/4125 4117/1277/4121
f 4127/1287/4131 4126/1286/4130 4130/1289/4134
f 4127/1287/4131 4130/1289/4134 4131/1290/4135
f 4132/1291/4136 4126/1286/4130 4129/1288/4133
f 4132/1291/4136 4129/1288/4133 4119/1280/4123
f 4133/1291/4137 4130/1289/4134 4126/1286/4130
f 4120/1281/4124 4134/1292/4138 4119/1280/4123
f 4120/1281/4124 4135/1293/4139 4134/1292/4138
f 4136/1291/4140 4119/1280/4123 4134/1292/4138
f 4137/1294/4141 4139/1296/4142 4138/1295/4143
f 4140/1297/4144 4138/1295/4143 4139/1296/4142
f 4141/1298/4145 4143/1299/4146 4142/1301/4147
f 4141/1298/4145 4144/1300/4148 4143/1299/4146
f 4143/1299/4146 4145/1302/4149 4142/1301/4147
f 4146/1303/4150 4144/1300/4148 4141/1298/4145
f 4146/1303/4150 4147/1304/4151 4144/1300/4148
f 4148/1305/4152 4143/1299/4146 4144/1300/4148
f 4148/1305/4152 4144/1300/4148 4149/1306/4153
f 4149/1306/4153 4144/1300/4148 4147/1304/4151
f 4148/1305/4152 4150/1302/4154 4143/1299/4146
f 4151/1307/4155 4150/1302/4154 4148/1305/4152
f 4152/1308/4156 4148/1305/4152 4149/1306/4153
f 4152/1308/4156 4151/1307/4155 4148/1305/4152
f 4153/1309/4157 4151/1307/4155 4152/1308/4156
f 4153/1309/4157 4154/1310/4158 4151/1307/4155
f 4154/1310/4158 4155/1302/4159 4151/1307/4155
f 4156/1311/4160 4153/1309/4157 4152/1308/4156
f 4156/1311/4160 4152/1308/4156 4157/1312/4161
f 4157/1312/4161 4152/1308/4156 4149/1306/4153
f 4149/1306/4153 4147/1304/4151 4158/1313/4162
f 4157/1312/4161 4149/1306/4153 4159/1313/4163
f 4147/1304/4151 4146/1303/4150 4160/1314/4164
f 4147/1304/4151 4160/1314/4164 4161/1315/4165
f 4147/1304/4151 4161/1315/4165 4162/1316/4166
f 4147/1304/4151 4162/1316/4166 4163/1313/4167
f 4157/1312/4161 4164/1317/4168 4156/1311/4160
f 4157/1312/4161 4165/1318/4169 4164/1317/4168
f 4157/1312/4161 4166/1316/4170 4165/1318/4169
f 4157/1312/4161 4167/1313/4171 4166/1316/4170
f 4168/1319/4172 4170/1320/4173 4169/1322/4174
f 4168/1319/4172 4171/1321/4175 4170/1320/4173
f 4170/1320/4173 4172/1323/4176 4169/1322/4174
f 4173/1324/4177 4171/1321/4175 4168/1319/4172
f 4173/1324/4177 4168/1319/4172 4174/1325/4178
f 4175/1326/4179 4170/1320/4173 4171/1321/4175
f 4175/1326/4179 4176/1327/4180 4170/1320/4173
f 4177/1328/4181 4176/1327/4180 4175/1326/4179
f 4177/1328/4181 4178/1329/4182 4176/1327/4180
f 4178/1329/4182 4179/1323/4183 4176/1327/4180
f 4177/1328/4181 4175/1326/4179 4180/1330/4184
f 4177/1328/4181 4180/1330/4184 4181/1331/4185
f 4176/1327/4180 4182/1323/4186 4170/1320/4173
f 4183/1332/4187 4175/1326/4179 4171/1321/4175
f 4173/1324/4177 4183/1332/4187 4171/1321/4175
f 4183/1332/4187 4180/1330/4184 4175/1326/4179
f 4181/1331/4185 4180/1330/4184 4184/1333/4188
f 4181/1331/4185 4184/1333/4188 4185/1334/4189
f 4186/1335/4190 4183/1332/4187 4173/1324/4177
f 4186/1335/4190 4180/1330/4184 4183/1332/4187
f 4186/1335/4190 4184/1333/4188 4180/1330/4184
f 4174/1325/4178 4187/1336/4191 4173/1324/4177
f 4188/1335/4192 4173/1324/4177 4187/1336/4191
f 4174/1325/4178 4189/1337/4193 4187/1336/4191
f 4190/1338/4194 4192/1340/4195 4191/1339/4196
f 4193/1341/4197 4191/1339/4196 4192/1340/4195
f 4194/1342/4198 4196/1343/4199 4195/1345/4200
f 4194/1342/4198 4197/1344/4201 4196/1343/4199
f 4196/1343/4199 4198/1346/4202 4195/1345/4200
f 4197/1344/4201 4194/1342/4198 4199/1347/4203
f 4197/1344/4201 4199/1347/4203 4200/1348/4204
f 4200/1348/4204 4199/1347/4203 4201/1349/4205
f 4200/1348/4204 4201/1349/4205 4202/1350/4206
f 4197/1344/4201 4203/1351/4207 4196/1343/4199
f 4197/1344/4201 4204/1352/4208 4203/1351/4207
f 4204/1352/4208 4197/1344/4201 4200/1348/4204
f 4203/1351/4207 4205/1346/4209 4196/1343/4199
f 4203/1351/4207 4204/1352/4208 4206/1353/4210
f 4203/1351/4207 4206/1353/4210 4207/1354/4211
f 4203/1351/4207 4207/1354/4211 4205/1346/4209
f 4208/1355/4212 4207/1354/4211 4206/1353/4210
f 4208/1355/4212 4209/1356/4213 4207/1354/4211
f 4210/1346/4214 4207/1354/4211 4209/1356/4213
f 4206/1353/4210 4211/1357/4215 4208/1355/4212
f 4206/1353/4210 4212/1358/4216 4211/1357/4215
f 4204/1352/4208 4212/1358/4216 4206/1353/4210
f 4212/1358/4216 4213/1359/4217 4211/1357/4215
f 4212/1358/4216 4214/1360/4218 4213/1359/4217
f 4200/1348/4204 4202/1350/4206 4215/1361/4219
f 4200/1348/4204 4215/1361/4219 4216/1362/4220
f 4212/1358/4216 4217/1361/4221 4214/1360/4218
f 4212/1358/4216 4218/1362/4222 4217/1361/4221
f 4204/1352/4208 4219/1362/4223 4212/1358/4216
f 4204/1352/4208 4200/1348/4204 4220/1362/4224
f 4221/1363/4225 4223/1364/4226 4222/1366/4227
f 4221/1363/4225 4224/1365/4228 4223/1364/4226
f 4224/1365/4228 4225/1367/4229 4223/1364/4226
f 4226/1368/4230 4221/1363/4225 4222/1366/4227
f 4226/1368/4230 4222/1366/4227 4227/1369/4231
f 4227/1369/4231 4228/1370/4232 4226/1368/4230
f 4227/1369/4231 4229/1371/4233 4228/1370/4232
f 4230/1372/4234 4224/1365/4228 4221/1363/4225
f 4230/1372/4234 4231/1373/4235 4224/1365/4228
f 4230/1372/4234 4232/1374/4236 4231/1373/4235
f 4230/1372/4234 4233/1375/4237 4232/1374/4236
f 4232/1374/4236 4234/1367/4238 4231/1373/4235
f 4233/1375/4237 4230/1372/4234 4235/1376/4239
f 4221/1363/4225 4235/1376/4239 4230/1372/4234
f 4221/1363/4225 4226/1368/4230 4235/1376/4239
f 4233/1375/4237 4235/1376/4239 4236/1377/4240
f 4236/1377/4240 4235/1376/4239 4237/1378/4241
f 4237/1378/4241 4226/1368/4230 4228/1370/4232
f 4237/1378/4241 4235/1376/4239 4226/1368/4230
f 4236/1377/4240 4237/1378/4241 4238/1379/4242
f 4231/1373/4235 4239/1367/4243 4224/1365/4228
f 4240/1380/4244 4242/1382/4245 4241/1381/4246
f 4241/1381/4246 4242/1382/4245 4243/1383/4247
f 4244/1384/4248 4246/1386/4249 4245/1385/4250
f 4246/1386/4249 4247/1387/4251 4245/1385/4250
f 4248/1388/4252 4244/1384/4248 4245/1385/4250
f 4247/1387/4251 4249/1389/4253 4245/1385/4250
f 4250/986/4254 3785/990/3790 3830/1029/3833
f 4250/986/4254 4251/960/4255 3785/990/3790
f 3626/830/3630 4252/1390/4256 3630/834/3634
f 3626/830/3630 3633/837/3637 4252/1390/4256
f 3853/1050/3856 3867/1065/3870 3858/1055/3861
f 4253/1111/4257 3905/1100/3908 4254/956/4257
f 4255/1391/4258 4257/1393/4259 4256/1392/4260
f 4258/1394/4261 4255/1391/4258 4256/1392/4260
f 4259/1395/4262 4258/1394/4261 4256/1392/4260
f 4257/1393/4259 4260/1396/4263 4256/1392/4260
f 4261/1397/4264 4259/1395/4262 4256/1392/4260
f 4262/1398/4265 4261/1397/4264 4256/1392/4260
f 4263/1399/4266 4262/1398/4265 4256/1392/4260
f 4260/1396/4263 4263/1399/4266 4256/1392/4260
f 4264/1400/4267 4266/1401/4268 4265/1403/4269
f 4264/1400/4267 4267/1402/4270 4266/1401/4268
f 4265/1403/4269 4268/1404/4271 4264/1400/4267
f 4265/1403/4269 4269/1405/4272 4268/1404/4271
f 4267/1402/4270 4264/1400/4267 4270/1406/4273
f 4267/1402/4270 4270/1406/4273 4271/1407/4274
f 4267/1402/4270 4271/1407/4274 4272/1408/4275
f 4267/1402/4270 4272/1408/4275 4273/1409/4276
f 4266/1401/4268 4267/1402/4270 4273/1409/4276
f 4273/1409/4276 4272/1408/4275 4274/1410/4277
f 4273/1409/4276 4274/1410/4277 4275/1411/4278
f 4276/1412/4279 4264/1400/4267 4268/1404/4271
f 4276/1412/4279 4270/1406/4273 4264/1400/4267
f 4275/1411/4278 4277/1413/4280 4273/1409/4276
f 4266/1401/4268 4273/1409/4276 4277/1413/4280
f 4275/1411/4278 4278/1414/4281 4277/1413/4280
f 4279/1415/4282 4281/1416/4283 4280/1418/4284
f 4279/1415/4282 4282/1417/4285 4281/1416/4283
f 4282/1417/4285 4283/1419/4286 4281/1416/4283
f 4282/1417/4285 4284/1420/4287 4283/1419/4286
f 4285/1421/4288 4279/1415/4282 4280/1418/4284
f 4285/1421/4288 4280/1418/4284 4286/1422/4289
f 4287/1423/4290 4280/1418/4284 4281/1416/4283
f 4287/1423/4290 4288/1424/4291 4280/1418/4284
f 4286/1422/4289 4280/1418/4284 4288/1424/4291
f 4289/1425/4292 4288/1424/4291 4287/1423/4290
f 4286/1422/4289 4288/1424/4291 4290/1425/4293
f 4281/1416/4283 4291/1426/4294 4287/1423/4290
f 4281/1416/4283 4283/1419/4286 4291/1426/4294
f 4292/1427/4295 4287/1423/4290 4291/1426/4294
f 4293/1425/4296 4287/1423/4290 4292/1427/4295
f 4292/1427/4295 4291/1426/4294 4294/1428/4297
f 4283/1419/4286 4294/1428/4297 4291/1426/4294
f 4283/1419/4286 4295/1429/4298 4294/1428/4297
f 4296/1420/4299 4295/1429/4298 4283/1419/4286
f 4296/1420/4299 4297/1430/4300 4295/1429/4298
f 4279/1415/4282 4298/1435/4301 4282/1417/4285
f 4279/1415/4282 4299/1431/4302 4298/1435/4301
f 4282/1417/4285 4298/1435/4301 4300/1436/4303
f 4282/1417/4285 4300/1436/4303 4301/1420/4304
f 4299/1431/4302 4302/1434/4305 4298/1435/4301
f 4299/1431/4302 4303/1433/4306 4302/1434/4305
f 4304/1432/4307 4303/1433/4306 4299/1431/4302
f 4304/1432/4307 4305/1437/4308 4303/1433/4306
f 4306/1438/4309 4298/1435/4301 4302/1434/4305
f 4306/1438/4309 4300/1436/4303 4298/1435/4301
f 4307/1439/4310 4306/1438/4309 4302/1434/4305
f 4307/1439/4310 4308/1440/4311 4306/1438/4309
f 4308/1440/4311 4300/1436/4303 4306/1438/4309
f 4308/1440/4311 4309/1441/4312 4300/1436/4303
f 4309/1441/4312 4310/1420/4313 4300/1436/4303
f 4309/1441/4312 4311/1430/4314 4310/1420/4313
f 4312/1437/4315 4302/1434/4305 4303/1433/4306
f 4313/1437/4316 4307/1439/4310 4302/1434/4305
f 4285/1421/4288 4304/1432/4307 4299/1431/4302
f 4285/1421/4288 4299/1431/4302 4279/1415/4282
f 4314/1400/4317 4316/1401/4318 4315/1403/4319
f 4314/1400/4317 4317/1402/4320 4316/1401/4318
f 4315/1403/4319 4318/1404/4321 4314/1400/4317
f 4315/1403/4319 4319/1405/4322 4318/1404/4321
f 4317/1402/4320 4314/1400/4317 4320/1406/4323
f 4317/1402/4320 4320/1406/4323 4321/1407/4324
f 4317/1402/4320 4321/1407/4324 4322/1408/4325
f 4317/1402/4320 4322/1408/4325 4323/1409/4326
f 4316/1401/4318 4317/1402/4320 4323/1409/4326
f 4323/1409/4326 4322/1408/4325 4324/1410/4327
f 4323/1409/4326 4324/1410/4327 4325/1411/4328
f 4326/1412/4329 4314/1400/4317 4318/1404/4321
f 4326/1412/4329 4320/1406/4323 4314/1400/4317
f 4325/1411/4328 4327/1413/4330 4323/1409/4326
f 4316/1401/4318 4323/1409/4326 4327/1413/4330
f 4325/1411/4328 4328/1414/4331 4327/1413/4330
f 4329/1442/4332 4331/1443/4333 4330/1445/4334
f 4329/1442/4332 4332/1444/4335 4331/1443/4333
f 4332/1444/4335 4333/1446/4336 4331/1443/4333
f 4332/1444/4335 4334/1447/4337 4333/1446/4336
f 4335/1448/4338 4329/1442/4332 4330/1445/4334
f 4335/1448/4338 4330/1445/4334 4336/1449/4339
f 4337/1450/4340 4330/1445/4334 4331/1443/4333
f 4337/1450/4340 4338/1451/4341 4330/1445/4334
f 4336/1449/4339 4330/1445/4334 4338/1451/4341
f 4339/1452/4342 4338/1451/4341 4337/1450/4340
f 4336/1449/4339 4338/1451/4341 4340/1452/4343
f 4331/1443/4333 4341/1453/4344 4337/1450/4340
f 4331/1443/4333 4333/1446/4336 4341/1453/4344
f 4342/1454/4345 4337/1450/4340 4341/1453/4344
f 4343/1452/4346 4337/1450/4340 4342/1454/4345
f 4342/1454/4345 4341/1453/4344 4344/1455/4347
f 4333/1446/4336 4344/1455/4347 4341/1453/4344
f 4333/1446/4336 4345/1456/4348 4344/1455/4347
f 4346/1447/4349 4345/1456/4348 4333/1446/4336
f 4346/1447/4349 4347/1457/4350 4345/1456/4348
f 4329/1442/4332 4348/1462/4351 4332/1444/4335
f 4329/1442/4332 4349/1458/4352 4348/1462/4351
f 4332/1444/4335 4348/1462/4351 4350/1463/4353
f 4332/1444/4335 4350/1463/4353 4351/1447/4354
f 4349/1458/4352 4352/1461/4355 4348/1462/4351
f 4349/1458/4352 4353/1460/4356 4352/1461/4355
f 4354/1459/4357 4353/1460/4356 4349/1458/4352
f 4354/1459/4357 4355/1464/4358 4353/1460/4356
f 4356/1465/4359 4348/1462/4351 4352/1461/4355
f 4356/1465/4359 4350/1463/4353 4348/1462/4351
f 4357/1466/4360 4356/1465/4359 4352/1461/4355
f 4357/1466/4360 4358/1467/4361 4356/1465/4359
f 4358/1467/4361 4350/1463/4353 4356/1465/4359
f 4358/1467/4361 4359/1468/4362 4350/1463/4353
f 4359/1468/4362 4360/1447/4363 4350/1463/4353
f 4359/1468/4362 4361/1457/4364 4360/1447/4363
f 4362/1464/4365 4352/1461/4355 4353/1460/4356
f 4363/1464/4366 4357/1466/4360 4352/1461/4355
f 4335/1448/4338 4354/1459/4357 4349/1458/4352
f 4335/1448/4338 4349/1458/4352 4329/1442/4332
f 4364/1400/4367 4366/1401/4368 4365/1403/4369
f 4364/1400/4367 4367/1402/4370 4366/1401/4368
f 4365/1403/4369 4368/1404/4371 4364/1400/4367
f 4365/1403/4369 4369/1405/4372 4368/1404/4371
f 4367/1402/4370 4364/1400/4367 4370/1406/4373
f 4367/1402/4370 4370/1406/4373 4371/1407/4374
f 4367/1402/4370 4371/1407/4374 4372/1408/4375
f 4367/1402/4370 4372/1408/4375 4373/1409/4376
f 4366/1401/4368 4367/1402/4370 4373/1409/4376
f 4373/1409/4376 4372/1408/4375 4374/1410/4377
f 4373/1409/4376 4374/1410/4377 4375/1411/4378
f 4376/1412/4379 4364/1400/4367 4368/1404/4371
f 4376/1412/4379 4370/1406/4373 4364/1400/4367
f 4375/1411/4378 4377/1413/4380 4373/1409/4376
f 4366/1401/4368 4373/1409/4376 4377/1413/4380
f 4375/1411/4378 4378/1414/4381 4377/1413/4380
f 4379/1442/4382 4381/1443/4383 4380/1445/4384
f 4379/1442/4382 4382/1444/4385 4381/1443/4383
f 4382/1444/4385 4383/1446/4386 4381/1443/4383
f 4382/1444/4385 4384/1447/4387 4383/1446/4386
f 4385/1448/4388 4379/1442/4382 4380/1445/4384
f 4385/1448/4388 4380/1445/4384 4386/1449/4389
f 4387/1450/4390 4380/1445/4384 4381/1443/4383
f 4387/1450/4390 4388/1451/4391 4380/1445/4384
f 4386/1449/4389 4380/1445/4384 4388/1451/4391
f 4389/1452/4392 4388/1451/4391 4387/1450/4390
f 4386/1449/4389 4388/1451/4391 4390/1452/4393
f 4381/1443/4383 4391/1453/4394 4387/1450/4390
f 4381/1443/4383 4383/1446/4386 4391/1453/4394
f 4392/1454/4395 4387/1450/4390 4391/1453/4394
f 4393/1452/4396 4387/1450/4390 4392/1454/4395
f 4392/1454/4395 4391/1453/4394 4394/1455/4397
f 4383/1446/4386 4394/1455/4397 4391/1453/4394
f 4383/1446/4386 4395/1456/4398 4394/1455/4397
f 4396/1447/4399 4395/1456/4398 4383/1446/4386
f 4396/1447/4399 4397/1457/4400 4395/1456/4398
f 4379/1442/4382 4398/1462/4401 4382/1444/4385
f 4379/1442/4382 4399/1458/4402 4398/1462/4401
f 4382/1444/4385 4398/1462/4401 4400/1463/4403
f 4382/1444/4385 4400/1463/4403 4401/1447/4404
f 4399/1458/4402 4402/1461/4405 4398/1462/4401
f 4399/1458/4402 4403/1460/4406 4402/1461/4405
f 4404/1459/4407 4403/1460/4406 4399/1458/4402
f 4404/1459/4407 4405/1464/4408 4403/1460/4406
f 4406/1465/4409 4398/1462/4401 4402/1461/4405
f 4406/1465/4409 4400/1463/4403 4398/1462/4401
f 4407/1466/4410 4406/1465/4409 4402/1461/4405
f 4407/1466/4410 4408/1467/4411 4406/1465/4409
f 4408/1467/4411 4400/1463/4403 4406/1465/4409
f 4408/1467/4411 4409/1468/4412 4400/1463/4403
f 4409/1468/4412 4410/1447/4413 4400/1463/4403
f 4409/1468/4412 4411/1457/4414 4410/1447/4413
f 4412/1464/4415 4402/1461/4405 4403/1460/4406
f 4413/1464/4416 4407/1466/4410 4402/1461/4405
f 4385/1448/4388 4404/1459/4407 4399/1458/4402
f 4385/1448/4388 4399/1458/4402 4379/1442/4382
f 4414/1400/4417 4416/1401/4418 4415/1403/4419
f 4414/1400/4417 4417/1402/4420 4416/1401/4418
f 4415/1403/4419 4418/1404/4421 4414/1400/4417
f 4415/1403/4419 4419/1405/4422 4418/1404/4421
f 4417/1402/4420 4414/1400/4417 4420/1406/4423
f 4417/1402/4420 4420/1406/4423 4421/1407/4424
f 4417/1402/4420 4421/1407/4424 4422/1408/4425
f 4417/1402/4420 4422/1408/4425 4423/1409/4426
f 4416/1401/4418 4417/1402/4420 4423/1409/4426
f 4423/1409/4426 4422/1408/4425 4424/1410/4427
f 4423/1409/4426 4424/1410/4427 4425/1411/4428
f 4426/1412/4429 4414/1400/4417 4418/1404/4421
f 4426/1412/4429 4420/1406/4423 4414/1400/4417
f 4425/1411/4428 4427/1413/4430 4423/1409/4426
f 4416/1401/4418 4423/1409/4426 4427/1413/4430
f 4425/1411/4428 4428/1414/4431 4427/1413/4430
f 4429/1442/4432 4431/1443/4433 4430/1445/4434
f 4429/1442/4432 4432/1444/4435 4431/1443/4433
f 4432/1444/4435 4433/1446/4436 4431/1443/4433
f 4432/1444/4435 4434/1447/4437 4433/1446/4436
f 4435/1448/4438 4429/1442/4432 4430/1445/4434
f 4435/1448/4438 4430/1445/4434 4436/1449/4439
f 4437/1450/4440 4430/1445/4434 4431/1443/4433
f 4437/1450/4440 4438/1451/4441 4430/1445/4434
f 4436/1449/4439 4430/1445/4434 4438/1451/4441
f 4439/1452/4442 4438/1451/4441 4437/1450/4440
f 4436/1449/4439 4438/1451/4441 4440/1452/4443
f 4431/1443/4433 4441/1453/4444 4437/1450/4440
f 4431/1443/4433 4433/1446/4436 4441/1453/4444
f 4442/1454/4445 4437/1450/4440 4441/1453/4444
f 4443/1452/4446 4437/1450/4440 4442/1454/4445
f 4442/1454/4445 4441/1453/4444 4444/1455/4447
f 4433/1446/4436 4444/1455/4447 4441/1453/4444
f 4433/1446/4436 4445/1456/4448 4444/1455/4447
f 4446/1447/4449 4445/1456/4448 4433/1446/4436
f 4446/1447/4449 4447/1457/4450 4445/1456/4448
f 4429/1442/4432 4448/1462/4451 4432/1444/4435
f 4429/1442/4432 4449/1458/4452 4448/1462/4451
f 4432/1444/4435 4448/1462/4451 4450/1463/4453
f 4432/1444/4435 4450/1463/4453 4451/1447/4454
f 4449/1458/4452 4452/1461/4455 4448/1462/4451
f 4449/1458/4452 4453/1460/4456 4452/1461/4455
f 4454/1459/4457 4453/1460/4456 4449/1458/4452
f 4454/1459/4457 4455/1464/4458 4453/1460/4456
f 4456/1465/4459 4448/1462/4451 4452/1461/4455
f 4456/1465/4459 4450/1463/4453 4448/1462/4451
f 4457/1466/4460 4456/1465/4459 4452/1461/4455
f 4457/1466/4460 4458/1467/4461 4456/1465/4459
f 4458/1467/4461 4450/1463/4453 4456/1465/4459
f 4458/1467/4461 4459/1468/4462 4450/1463/4453
f 4459/1468/4462 4460/1447/4463 4450/1463/4453
f 4459/1468/4462 4461/1457/4464 4460/1447/4463
f 4462/1464/4465 4452/1461/4455 4453/1460/4456
f 4463/1464/4466 4457/1466/4460 4452/1461/4455
f 4435/1448/4438 4454/1459/4457 4449/1458/4452
f 4435/1448/4438 4449/1458/4452 4429/1442/4432
f 4464/1469/4467 4466/1470/4468 4465/1472/4469
f 4464/1469/4467 4467/1471/4470 4466/1470/4468
f 4468/1473/4471 4467/1471/4470 4464/1469/4467
f 4468/1473/4471 4469/1474/4472 4467/1471/4470
f 4465/1472/4469 4470/1475/4473 4464/1469/4467
f 4465/1472/4469 4471/1476/4474 4470/1475/4473
f 4464/1469/4467 4472/1477/4475 4468/1473/4471
f 4464/1469/4467 4470/1475/4473 4472/1477/4475
f 4473/1478/4476 4466/1470/4468 4467/1471/4470
f 4473/1478/4476 4474/1479/4477 4466/1470/4468
f 4467/1471/4470 4475/1480/4478 4473/1478/4476
f 4467/1471/4470 4469/1474/4472 4475/1480/4478
f 4474/1479/4477 4473/1478/4476 4476/1481/4479
f 4474/1479/4477 4476/1481/4479 4477/1482/4480
f 4478/1483/4481 4473/1478/4476 4475/1480/4478
f 4478/1483/4481 4476/1481/4479 4473/1478/4476
f 4479/1484/4482 4481/1485/4483 4480/1487/4484
f 4479/1484/4482 4482/1486/4485 4481/1485/4483
f 4480/1487/4484 4483/1488/4486 4479/1484/4482
f 4480/1487/4484 4484/1489/4487 4483/1488/4486
f 4482/1486/4485 4485/1490/4488 4481/1485/4483
f 4482/1486/4485 4486/1491/4489 4485/1490/4488
f 4482/1486/4485 4479/1484/4482 4487/1492/4490
f 4482/1486/4485 4487/1492/4490 4488/1493/4491
f 4489/1494/4492 4488/1493/4491 4487/1492/4490
f 4489/1494/4492 4490/1495/4493 4488/1493/4491
f 4491/1496/4494 4489/1494/4492 4487/1492/4490
f 4491/1496/4494 4479/1484/4482 4483/1488/4486
f 4491/1496/4494 4487/1492/4490 4479/1484/4482
f 4491/1496/4494 4492/1497/4495 4489/1494/4492
f 4483/1488/4486 4492/1497/4495 4491/1496/4494
f 4493/1493/4496 4486/1491/4489 4482/1486/4485
f 4493/1493/4496 4494/1495/4497 4486/1491/4489
f 4483/1488/4486 4495/1498/4498 4492/1497/4495
f 4496/1489/4499 4495/1498/4498 4483/1488/4486
f 4496/1489/4499 4497/1499/4500 4495/1498/4498
f 4485/1490/4488 4498/1501/4501 4481/1485/4483
f 4499/1500/4502 4481/1485/4483 4498/1501/4501
f 4499/1500/4502 4480/1487/4484 4481/1485/4483
f 4500/1502/4503 4480/1487/4484 4499/1500/4502
f 4500/1502/4503 4501/1489/4504 4480/1487/4484
f 4498/1501/4501 4502/1504/4505 4499/1500/4502
f 4498/1501/4501 4503/1505/4506 4502/1504/4505
f 4503/1505/4506 4504/1506/4507 4502/1504/4505
f 4503/1505/4506 4505/1507/4508 4504/1506/4507
f 4504/1506/4507 4506/1508/4509 4502/1504/4505
f 4506/1508/4509 4499/1500/4502 4502/1504/4505
f 4506/1508/4509 4500/1502/4503 4499/1500/4502
f 4504/1506/4507 4507/1509/4510 4506/1508/4509
f 4500/1502/4503 4506/1508/4509 4507/1509/4510
f 4500/1502/4503 4507/1509/4510 4508/1510/4511
f 4509/1489/4512 4500/1502/4503 4508/1510/4511
f 4509/1489/4512 4508/1510/4511 4510/1499/4513
f 4485/1490/4488 4511/1503/4514 4498/1501/4501
f 4511/1503/4514 4512/1505/4515 4498/1501/4501
f 4511/1503/4514 4513/1507/4516 4512/1505/4515
f 4514/1511/4517 4516/1513/4518 4515/1512/4519
f 4515/1512/4519 4517/1514/4520 4514/1511/4517
f 4515/1512/4519 4518/1515/4521 4517/1514/4520
f 4518/1515/4521 4515/1512/4519 4519/1516/4522
f 4518/1515/4521 4519/1516/4522 4520/1517/4523
f 4521/1518/4524 4520/1517/4523 4519/1516/4522
f 4522/1519/4525 4521/1518/4524 4519/1516/4522
f 4519/1516/4522 4523/1520/4526 4522/1519/4525
f 4521/1518/4524 4524/1521/4527 4520/1517/4523
f 4522/1519/4525 4525/1522/4528 4521/1518/4524
f 4525/1522/4528 4526/1523/4529 4521/1518/4524
f 4520/1517/4523 4524/1521/4527 4527/1524/4530
f 4527/1524/4530 4528/1525/4531 4520/1517/4523
f 4517/1514/4520 4518/1515/4521 4529/1526/4532
f 4527/1524/4530 4524/1521/4527 4530/1527/4533
f 4524/1521/4527 4531/1528/4534 4530/1527/4533
f 4532/1529/4535 4531/1528/4534 4524/1521/4527
f 4526/1523/4529 4532/1529/4535 4521/1518/4524
f 4532/1529/4535 4524/1521/4527 4521/1518/4524
f 4533/1530/4536 4529/1526/4532 4518/1515/4521
f 4520/1517/4523 4533/1530/4536 4518/1515/4521
f 4534/1531/4537 4533/1530/4536 4520/1517/4523
f 4520/1517/4523 4528/1525/4531 4534/1531/4537
f 4535/1532/4538 4523/1520/4526 4519/1516/4522
f 4536/1533/4539 4535/1532/4538 4519/1516/4522
f 4536/1533/4539 4519/1516/4522 4515/1512/4519
f 4536/1533/4539 4515/1512/4519 4516/1513/4518
f 4537/1534/4540 4539/1535/4541 4538/1537/4542
f 4537/1534/4540 4540/1536/4543 4539/1535/4541
f 4541/1538/4544 4539/1535/4541 4540/1536/4543
f 4541/1538/4544 4540/1536/4543 4542/1539/4545
f 4542/1539/4545 4543/1540/4546 4541/1538/4544
f 4542/1539/4545 4544/1541/4547 4543/1540/4546
f 4545/1542/4548 4540/1536/4543 4537/1534/4540
f 4545/1542/4548 4537/1534/4540 4546/1543/4549
f 4542/1539/4545 4547/1544/4550 4544/1541/4547
f 4542/1539/4545 4548/1545/4551 4547/1544/4550
f 4540/1536/4543 4548/1545/4551 4542/1539/4545
f 4540/1536/4543 4545/1542/4548 4548/1545/4551
f 4539/1535/4541 4541/1538/4544 4549/1546/4552
f 4541/1538/4544 4550/1540/4553 4549/1546/4552
f 4544/1541/4554 4551/1547/4555 4550/1540/4556
f 4544/1541/4554 4552/1548/4557 4551/1547/4555
f 4553/1549/4558 4552/1548/4557 4544/1541/4554
f 4553/1549/4558 4544/1541/4554 4554/1544/4559
f 4554/1544/4560 4548/1545/4551 4555/1550/4561
f 4555/1550/4561 4548/1545/4551 4545/1542/4548
f 4556/1551/4562 4545/1542/4548 4546/1543/4549
f 4556/1551/4562 4557/1552/4563 4545/1542/4548
f 4555/1550/4561 4545/1542/4548 4557/1552/4563
f 4557/1552/4563 4558/1553/4564 4555/1550/4561
f 4555/1550/4561 4558/1553/4564 4559/1549/4565
f 4557/1552/4563 4560/1554/4566 4558/1553/4564
f 4556/1551/4562 4560/1554/4566 4557/1552/4563
f 4556/1551/4562 4561/1555/4567 4560/1554/4566
f 4562/1556/4568 4561/1555/4567 4556/1551/4562
f 4562/1556/4568 4563/1557/4569 4561/1555/4567
f 4562/1556/4568 4556/1551/4562 4546/1543/4549
f 4562/1556/4568 4546/1543/4549 4564/1558/4570
f 4546/1543/4549 4565/1559/4571 4564/1558/4570
f 4565/1559/4571 4566/1560/4572 4564/1558/4570
f 4565/1559/4571 4546/1543/4549 4537/1534/4540
f 4565/1559/4571 4537/1534/4540 4567/1561/4573
f 4568/1562/4574 4567/1561/4573 4537/1534/4540
f 4568/1562/4574 4537/1534/4540 4538/1537/4542
f 4569/1563/4575 4567/1561/4573 4568/1562/4574
f 4569/1563/4575 4570/1564/4576 4567/1561/4573
f 4567/1561/4573 4571/1565/4577 4565/1559/4571
f 4567/1561/4573 4570/1564/4576 4571/1565/4577
f 4571/1565/4577 4566/1560/4572 4565/1559/4571
f 4569/1563/4575 4568/1562/4574 4572/1566/4578
f 4568/1562/4574 4573/1567/4579 4572/1566/4578
f 4538/1537/4542 4573/1567/4579 4568/1562/4574
f 4538/1537/4542 4574/1568/4580 4573/1567/4579
f 4538/1537/4542 4575/1569/4581 4574/1568/4580
f 4576/1570/4582 4574/1568/4580 4575/1569/4581
f 4576/1570/4582 4577/1571/4583 4574/1568/4580
f 4578/1572/4584 4576/1570/4582 4575/1569/4581
f 4578/1572/4584 4575/1569/4581 4579/1573/4585
f 4579/1573/4585 4580/1574/4586 4578/1572/4584
f 4579/1573/4585 4549/1546/4552 4580/1574/4586
f 4581/1547/4587 4580/1574/4586 4549/1546/4552
f 4539/1535/4541 4579/1573/4585 4575/1569/4581
f 4538/1537/4542 4539/1535/4541 4575/1569/4581
f 4539/1535/4541 4549/1546/4552 4579/1573/4585
f 4582/1547/4588 4549/1546/4552 4583/1540/4588
f 4555/1550/4589 4585/1549/4590 4584/1544/4590
f 4586/1575/4591 4588/1576/4592 4587/1578/4593
f 4586/1575/4591 4589/1577/4594 4588/1576/4592
f 4586/1575/4591 4590/1579/4595 4589/1577/4594
f 4586/1575/4591 4591/1580/4596 4590/1579/4595
f 4592/1581/4597 4587/1578/4593 4588/1576/4592
f 4592/1581/4597 4593/1582/4598 4587/1578/4593
f 4589/1577/4594 4590/1579/4595 4594/1583/4599
f 4589/1577/4594 4594/1583/4599 4595/1584/4600
f 4595/1584/4600 4594/1583/4599 4596/1585/4601
f 4595/1584/4600 4596/1585/4601 4597/1586/4602
f 4598/1587/4603 4595/1584/4600 4597/1586/4602
f 4598/1587/4603 4599/1588/4604 4595/1584/4600
f 4599/1588/4604 4589/1577/4594 4595/1584/4600
f 4599/1588/4604 4588/1576/4592 4589/1577/4594
f 4588/1576/4592 4600/1589/4605 4592/1581/4597
f 4588/1576/4592 4599/1588/4604 4600/1589/4605
f 4600/1589/4605 4599/1588/4604 4598/1587/4603
f 4590/1579/4595 4601/1590/4606 4594/1583/4599
f 4596/1585/4601 4594/1583/4599 4601/1590/4606
f 4590/1579/4595 4602/1591/4607 4601/1590/4606
f 4602/1591/4607 4590/1579/4595 4591/1580/4596
f 4602/1591/4607 4591/1580/4596 4603/1592/4608
f 4600/1589/4605 4598/1587/4603 4604/1593/4609
f 4597/1586/4602 4604/1593/4609 4598/1587/4603
f 4600/1589/4605 4604/1593/4609 4605/1594/4610
f 4605/1594/4610 4592/1581/4597 4600/1589/4605
f 4606/1595/4611 4605/1594/4610 4604/1593/4609
f 4606/1595/4611 4607/1596/4612 4605/1594/4610
f 4604/1593/4609 4608/1597/4613 4606/1595/4611
f 4604/1593/4609 4609/1598/4614 4608/1597/4613
f 4610/1599/4615 4602/1591/4607 4603/1592/4608
f 4610/1599/4615 4603/1592/4608 4611/1600/4616
f 4612/1601/4617 4610/1599/4615 4611/1600/4616
f 4613/1602/4618 4610/1599/4615 4612/1601/4617
f 4613/1602/4618 4614/1603/4619 4610/1599/4615
f 4602/1591/4607 4614/1603/4619 4601/1590/4606
f 4602/1591/4607 4610/1599/4615 4614/1603/4619
f 4615/1604/4620 4614/1603/4619 4613/1602/4618
f 4616/1605/4621 4614/1603/4619 4615/1604/4620
f 4616/1605/4621 4617/1606/4622 4614/1603/4619
f 4617/1606/4622 4616/1605/4621 4618/1597/4623
f 4617/1606/4622 4618/1597/4623 4619/1598/4624
f 4601/1590/4606 4614/1603/4619 4617/1606/4622
f 4601/1590/4606 4617/1606/4622 4596/1585/4601
f 4597/1586/4602 4596/1585/4601 4617/1606/4622
f 4597/1586/4602 4617/1606/4622 4620/1598/4625
f 4597/1586/4602 4621/1598/4626 4604/1593/4609
f 4622/1607/4627 4624/1609/4628 4623/1608/4629
f 4623/1608/4629 4624/1609/4628 4625/1610/4630
f 4623/1608/4629 4625/1610/4630 4626/1611/4631
f 4627/1612/4632 4626/1611/4631 4625/1610/4630
f 4627/1612/4632 4625/1610/4630 4628/1613/4633
f 4627/1612/4632 4628/1613/4633 4629/1614/4634
f 4627/1612/4632 4629/1614/4634 4630/1615/4635
f 4631/1616/4636 4633/1617/4637 4632/1619/4638
f 4631/1616/4636 4634/1618/4639 4633/1617/4637
f 4633/1617/4637 4634/1618/4639 4593/1582/4598
f 4633/1617/4637 4593/1582/4598 4592/1581/4597
f 4605/1594/4610 4633/1617/4637 4592/1581/4597
f 4632/1619/4638 4633/1617/4637 4605/1594/4610
f 4632/1619/4638 4605/1594/4610 4607/1596/4612
f 4635/1620/4640 4637/1621/4641 4636/1623/4642
f 4635/1620/4640 4638/1622/4643 4637/1621/4641
f 4636/1623/4642 4637/1621/4641 4639/1624/4644
f 4636/1623/4642 4639/1624/4644 4640/1625/4645
f 4641/1626/4646 4638/1622/4643 4635/1620/4640
f 4641/1626/4646 4642/1627/4647 4638/1622/4643
f 4643/1628/4648 4640/1625/4645 4639/1624/4644
f 4643/1628/4648 4639/1624/4644 4644/1629/4649
f 4645/1630/4650 4643/1628/4648 4644/1629/4649
f 4645/1630/4650 4644/1629/4649 4646/1631/4651
f 4646/1631/4651 4647/1632/4652 4645/1630/4650
f 4646/1631/4651 4648/1633/4653 4647/1632/4652
f 4642/1627/4647 4641/1626/4646 4649/1634/4654
f 4642/1627/4647 4649/1634/4654 4650/1635/4655
f 4648/1633/4653 4651/1636/4656 4647/1632/4652
f 4648/1633/4653 4652/1637/4657 4651/1636/4656
f 4651/1636/4656 4652/1637/4657 4653/1638/4658
f 4650/1635/4655 4649/1634/4654 4654/1639/4659
f 4655/1640/4660 4657/1641/4661 4656/1643/4662
f 4655/1640/4660 4658/1642/4663 4657/1641/4661
f 4656/1643/4662 4657/1641/4661 4659/1644/4664
f 4656/1643/4662 4659/1644/4664 4660/1645/4665
f 4657/1641/4661 4658/1642/4663 4661/1646/4666
f 4657/1641/4661 4661/1646/4666 4662/1647/4667
f 4659/1644/4664 4657/1641/4661 4662/1647/4667
f 4659/1644/4664 4662/1647/4667 4663/1648/4668
f 4664/1649/4669 4658/1642/4663 4655/1640/4660
f 4664/1649/4669 4665/1650/4670 4658/1642/4663
f 4655/1640/4660 4666/1651/4671 4664/1649/4669
f 4655/1640/4660 4667/1652/4672 4666/1651/4671
f 4656/1643/4662 4667/1652/4672 4655/1640/4660
f 4667/1652/4672 4656/1643/4662 4668/1653/4673
f 4660/1645/4665 4668/1653/4673 4656/1643/4662
f 4668/1653/4673 4660/1645/4665 4669/1654/4674
f 4670/1655/4675 4658/1642/4663 4665/1650/4670
f 4670/1655/4675 4661/1646/4666 4658/1642/4663
f 4668/1653/4673 4671/1656/4676 4667/1652/4672
f 4668/1653/4673 4672/1657/4677 4671/1656/4676
f 4669/1654/4674 4672/1657/4677 4668/1653/4673
f 4669/1654/4674 4673/1658/4678 4672/1657/4677
f 4667/1652/4672 4674/1659/4679 4666/1651/4671
f 4667/1652/4672 4671/1656/4676 4674/1659/4679
f 4659/1644/4664 4663/1648/4668 4675/1660/4680
f 4660/1645/4665 4675/1660/4680 4676/1727/4681
f 4669/1654/4674 4660/1645/4665 4676/1727/4681
f 4660/1645/4665 4659/1644/4664 4675/1660/4680
f 4677/1661/4682 4673/1658/4678 4669/1654/4674
f 4677/1661/4682 4678/1662/4683 4673/1658/4678
f 4678/1662/4683 4677/1661/4682 4679/1663/4684
f 4678/1662/4683 4679/1663/4684 4680/1664/4685
f 4681/1672/4686 4676/1727/4681 4675/1660/4680
f 4682/1673/4687 4681/1672/4686 4675/1660/4680
f 4682/1673/4687 4683/1674/4688 4681/1672/4686
f 4682/1673/4687 4684/1675/4689 4683/1674/4688
f 4685/1676/4690 4683/1674/4688 4684/1675/4689
f 4685/1676/4690 4686/1677/4691 4683/1674/4688
f 4687/1678/4692 4683/1674/4688 4686/1677/4691
f 4687/1678/4692 4686/1677/4691 4688/1679/4693
f 4689/1680/4694 4688/1679/4693 4686/1677/4691
f 4689/1680/4694 4690/1681/4695 4688/1679/4693
f 4689/1680/4694 4691/1682/4696 4690/1681/4695
f 4689/1680/4694 4692/1683/4697 4691/1682/4696
f 4692/1683/4697 4693/1684/4698 4691/1682/4696
f 4692/1683/4697 4694/1685/4699 4693/1684/4698
f 4694/1685/4699 4692/1683/4697 4695/1686/4700
f 4694/1685/4699 4695/1686/4700 4696/1687/4701
f 4692/1683/4697 4689/1680/4694 4697/1688/4702
f 4689/1680/4694 4686/1677/4691 4697/1688/4702
f 4692/1683/4697 4697/1688/4702 4695/1686/4700
f 4697/1688/4702 4686/1677/4691 4685/1676/4690
f 4694/1685/4699 4698/1689/4703 4693/1684/4698
f 4687/1678/4692 4699/1690/4704 4683/1674/4688
f 4700/1691/4705 4694/1685/4699 4696/1687/4701
f 4698/1689/4703 4694/1685/4699 4700/1691/4705
f 4700/1691/4705 4696/1687/4701 4701/1692/4706
f 4700/1691/4705 4701/1692/4706 4702/1693/4707
f 4701/1692/4706 4703/1694/4708 4702/1693/4707
f 4704/1695/4709 4702/1693/4707 4703/1694/4708
f 4704/1695/4709 4703/1694/4708 4705/1696/4710
f 4706/1697/4711 4704/1695/4709 4705/1696/4710
f 4706/1697/4711 4705/1696/4710 4707/1698/4712
f 4708/1699/4713 4706/1697/4711 4707/1698/4712
f 4708/1699/4713 4707/1698/4712 4709/1700/4714
f 4709/1700/4714 4710/1701/4715 4708/1699/4713
f 4709/1700/4714 4711/1702/4716 4710/1701/4715
f 4712/1703/4717 4711/1702/4716 4709/1700/4714
f 4712/1703/4717 4709/1700/4714 4713/1704/4718
f 4707/1698/4712 4713/1704/4718 4709/1700/4714
f 4707/1698/4712 4714/1705/4719 4713/1704/4718
f 4705/1696/4710 4714/1705/4719 4707/1698/4712
f 4705/1696/4710 4715/1706/4720 4714/1705/4719
f 4703/1694/4708 4715/1706/4720 4705/1696/4710
f 4703/1694/4708 4716/1707/4721 4715/1706/4720
f 4701/1692/4706 4716/1707/4721 4703/1694/4708
f 4708/1699/4713 4710/1701/4715 4717/1708/4722
f 4708/1699/4713 4717/1708/4722 4718/1709/4723
f 4718/1709/4723 4706/1697/4711 4708/1699/4713
f 4719/1710/4724 4718/1709/4723 4717/1708/4722
f 4719/1710/4724 4720/1711/4725 4718/1709/4723
f 4721/1712/4726 4718/1709/4723 4720/1711/4725
f 4718/1709/4723 4721/1712/4726 4706/1697/4711
f 4721/1712/4726 4720/1711/4725 4722/1713/4727
f 4723/1714/4728 4721/1712/4726 4722/1713/4727
f 4723/1714/4728 4722/1713/4727 4724/1715/4729
f 4721/1712/4726 4723/1714/4728 4704/1695/4709
f 4725/1716/4730 4723/1714/4728 4724/1715/4729
f 4723/1714/4728 4725/1716/4730 4702/1693/4707
f 4723/1714/4728 4702/1693/4707 4704/1695/4709
f 4721/1712/4726 4704/1695/4709 4706/1697/4711
f 4725/1716/4730 4700/1691/4705 4702/1693/4707
f 4726/1717/4731 4700/1691/4705 4725/1716/4730
f 4725/1716/4730 4727/1718/4732 4726/1717/4731
f 4728/1719/4733 4726/1717/4731 4727/1718/4732
f 4728/1719/4733 4729/1720/4734 4726/1717/4731
f 4728/1719/4733 4727/1718/4732 4730/1721/4735
f 4728/1719/4733 4730/1721/4735 4731/1722/4736
f 4727/1718/4732 4732/1723/4737 4730/1721/4735
f 4733/1716/4738 4724/1715/4739 4732/1723/4737
f 4727/1718/4732 4733/1716/4738 4732/1723/4737
f 4734/1724/4740 4728/1719/4733 4731/1722/4736
f 4734/1724/4740 4729/1720/4734 4728/1719/4733
f 4698/1689/4703 4700/1691/4705 4726/1717/4731
f 4726/1717/4731 4729/1720/4734 4735/1725/4741
f 4726/1717/4731 4735/1725/4741 4736/1726/4742
f 4737/1728/4743 4739/1729/4744 4738/1731/4745
f 4737/1728/4743 4740/1730/4746 4739/1729/4744
f 4738/1731/4745 4739/1729/4744 4741/1732/4747
f 4738/1731/4745 4741/1732/4747 4742/1733/4748
f 4739/1729/4744 4743/1734/4749 4741/1732/4747
f 4739/1729/4744 4744/1735/4750 4743/1734/4749
f 4739/1729/4744 4740/1730/4746 4744/1735/4750
f 4745/1736/4751 4743/1734/4749 4744/1735/4750
f 4744/1735/4750 4746/1737/4752 4745/1736/4751
f 4740/1730/4746 4746/1737/4752 4744/1735/4750
f 4741/1732/4747 4747/1738/4753 4742/1733/4748
f 4748/1739/4754 4743/1734/4749 4745/1736/4751
f 4749/1740/4755 4748/1739/4754 4745/1736/4751
f 4749/1740/4755 4745/1736/4751 4750/1741/4756
f 4746/1737/4752 4750/1741/4756 4745/1736/4751
f 4749/1740/4755 4750/1741/4756 4751/1742/4757
f 4749/1740/4755 4751/1742/4757 4752/1743/4758
f 4749/1740/4755 4752/1743/4758 4753/1744/4759
f 4753/1744/4759 4748/1739/4754 4749/1740/4755
f 4753/1744/4759 4754/1745/4760 4748/1739/4754
f 4753/1744/4759 4752/1743/4758 4755/1746/4761
f 4753/1744/4759 4755/1746/4761 4756/1747/4762
f 4756/1747/4762 4754/1745/4760 4753/1744/4759
f 4757/1748/4763 4755/1746/4761 4752/1743/4758
f 4757/1748/4763 4752/1743/4758 4758/1749/4764
f 4756/1747/4762 4755/1746/4761 4759/1750/4765
f 4756/1747/4762 4759/1750/4765 4760/1751/4766
f 4759/1750/4765 4761/1752/4767 4760/1751/4766
f 4759/1750/4765 4762/1753/4768 4761/1752/4767
f 4763/1754/4769 4755/1746/4761 4757/1748/4763
f 4763/1754/4769 4759/1750/4765 4755/1746/4761
f 4756/1747/4762 4764/1755/4770 4754/1745/4760
f 4756/1747/4762 4760/1751/4766 4764/1755/4770
f 4765/1756/4771 4764/1755/4770 4760/1751/4766
f 4765/1756/4771 4760/1751/4766 4761/1752/4767
f 4761/1752/4767 4762/1753/4768 4766/1757/4772
f 4762/1753/4768 4767/1758/4773 4766/1757/4772
f 4768/1759/4774 4766/1757/4772 4767/1758/4773
f 4768/1759/4774 4769/1760/4775 4766/1757/4772
f 4770/1761/4776 4769/1760/4775 4768/1759/4774
f 4771/1762/4777 4769/1760/4775 4770/1761/4776
f 4771/1762/4777 4772/1763/4778 4769/1760/4775
f 4773/1764/4779 4771/1762/4777 4770/1761/4776
f 4773/1764/4779 4774/1765/4780 4771/1762/4777
f 4771/1762/4777 4775/1766/4781 4772/1763/4778
f 4772/1763/4778 4775/1766/4781 4776/1767/4782
f 4772/1763/4778 4776/1767/4782 4777/1768/4783
f 4777/1768/4783 4765/1756/4771 4772/1763/4778
f 4764/1755/4770 4765/1756/4771 4777/1768/4783
f 4771/1762/4777 4778/1769/4784 4775/1766/4781
f 4779/1770/4785 4773/1764/4779 4770/1761/4776
f 4779/1770/4785 4770/1761/4776 4780/1771/4786
f 4770/1761/4776 4768/1759/4774 4780/1771/4786
f 4781/1772/4787 4772/1763/4778 4765/1756/4771
f 4769/1760/4775 4772/1763/4778 4781/1772/4787
f 4769/1760/4775 4781/1772/4787 4766/1757/4772
f 4761/1752/4767 4766/1757/4772 4781/1772/4787
f 4765/1756/4771 4761/1752/4767 4781/1772/4787
f 4779/1770/4785 4782/1773/4788 4773/1764/4779
f 4779/1770/4785 4783/1774/4789 4782/1773/4788
f 4784/1775/4790 4782/1773/4788 4783/1774/4789
f 4784/1775/4790 4783/1774/4789 4785/1776/4791
f 4773/1764/4779 4786/1777/4792 4774/1765/4780
f 4787/1778/4793 4786/1777/4792 4782/1773/4788
f 4787/1778/4793 4782/1773/4788 4788/1775/4794
f 4787/1778/4793 4789/1783/4795 4786/1777/4792
f 4787/1778/4793 4790/1780/4796 4789/1783/4795
f 4791/1779/4797 4790/1780/4796 4787/1778/4793
f 4792/1781/4798 4790/1780/4796 4791/1779/4797
f 4792/1781/4798 4791/1779/4797 4793/1782/4799
f 4791/1779/4797 4787/1778/4793 4794/1775/4800
f 4795/1784/4801 4793/1782/4799 4791/1779/4797
f 4795/1784/4801 4796/1785/4802 4793/1782/4799
f 4792/1781/4798 4797/1786/4803 4790/1780/4796
f 4790/1780/4796 4797/1786/4803 4789/1783/4795
f 4792/1781/4798 4798/1787/4804 4797/1786/4803
f 4799/1788/4805 4792/1781/4798 4793/1782/4799
f 4799/1788/4805 4798/1787/4804 4792/1781/4798
f 4799/1788/4805 4793/1782/4799 4800/1789/4806
f 4796/1785/4802 4800/1789/4806 4793/1782/4799
f 4801/1790/4807 4799/1788/4805 4800/1789/4806
f 4801/1790/4807 4800/1789/4806 4802/1791/4808
f 4801/1790/4807 4802/1791/4808 4803/1792/4809
f 4801/1790/4807 4803/1792/4809 4804/1793/4810
f 4801/1790/4807 4805/1794/4811 4799/1788/4805
f 4804/1793/4810 4805/1794/4811 4801/1790/4807
f 4805/1794/4811 4798/1787/4804 4799/1788/4805
f 4796/1785/4802 4806/1795/4812 4800/1789/4806
f 4802/1791/4808 4800/1789/4806 4806/1795/4812
f 4804/1793/4810 4803/1792/4809 4807/1796/4813
f 4802/1791/4808 4806/1795/4812 4808/1801/4814
f 4804/1793/4810 4809/1802/4815 4805/1794/4811
f 4810/1803/4816 4809/1802/4815 4804/1793/4810
f 4804/1793/4810 4807/1796/4813 4810/1803/4816
f 4810/1803/4816 4807/1796/4813 4811/1804/4817
f 4812/1805/4818 4809/1802/4815 4810/1803/4816
f 4810/1803/4816 4811/1804/4817 4812/1805/4818
f 4813/1806/4819 4812/1805/4818 4811/1804/4817
f 4813/1806/4819 4814/1807/4820 4812/1805/4818
f 4815/1808/4821 4812/1805/4818 4814/1807/4820
f 4812/1805/4818 4815/1808/4821 4809/1802/4815
f 4815/1808/4821 4814/1807/4820 4816/1809/4822
f 4816/1809/4822 4817/1810/4823 4815/1808/4821
f 4816/1809/4822 4818/1811/4824 4817/1810/4823
f 4774/1765/4780 4820/1798/4825 4819/1799/4826
f 4774/1765/4780 4821/1797/4827 4820/1798/4825
f 4819/1799/4826 4820/1798/4825 4822/1800/4828
f 4819/1799/4826 4822/1800/4828 4778/1769/4784
f 4774/1765/4780 4789/1783/4795 4821/1797/4827
f 4789/1783/4795 4774/1765/4780 4786/1777/4792
f 4822/1800/4828 4775/1766/4781 4778/1769/4784
f 4822/1800/4828 4776/1767/4782 4775/1766/4781
f 4771/1762/4777 4819/1799/4826 4778/1769/4784
f 4771/1762/4777 4774/1765/4780 4819/1799/4826
f 4797/1786/4803 4821/1797/4827 4789/1783/4795
f 4773/1764/4779 4782/1773/4788 4786/1777/4792
f 4762/1753/4768 4823/1812/4829 4767/1758/4773
f 4759/1750/4765 4823/1812/4829 4762/1753/4768
f 4759/1750/4765 4763/1754/4769 4823/1812/4829
f 4824/1813/4830 4826/1814/4831 4825/1816/4832
f 4824/1813/4830 4827/1815/4833 4826/1814/4831
f 4825/1816/4832 4828/1817/4834 4824/1813/4830
f 4825/1816/4832 4829/1818/4835 4828/1817/4834
f 4826/1814/4831 4827/1815/4833 4830/1819/4836
f 4826/1814/4831 4830/1819/4836 4831/1820/4837
f 4830/1819/4836 4832/1821/4838 4831/1820/4837
f 4830/1819/4836 4833/1822/4839 4832/1821/4838
f 4826/1814/4831 4834/1823/4840 4825/1816/4832
f 4826/1814/4831 4831/1820/4837 4834/1823/4840
f 4832/1821/4838 4835/1824/4841 4831/1820/4837
f 4835/1824/4841 4834/1823/4840 4831/1820/4837
f 4825/1816/4832 4836/1825/4842 4829/1818/4835
f 4825/1816/4832 4834/1823/4840 4836/1825/4842
f 4837/1826/4843 4834/1823/4840 4835/1824/4841
f 4837/1826/4843 4836/1825/4842 4834/1823/4840
f 4838/1827/4844 4835/1824/4841 4832/1821/4838
f 4839/1828/4845 4832/1821/4838 4833/1822/4839
f 4832/1821/4838 4839/1828/4845 4838/1827/4844
f 4839/1828/4845 4840/1829/4846 4838/1827/4844
f 4838/1827/4844 4840/1829/4846 4841/1830/4847
f 4841/1830/4847 4840/1829/4846 4842/1831/4848
f 4843/1832/4849 4837/1826/4843 4835/1824/4841
f 4838/1827/4844 4843/1832/4849 4835/1824/4841
f 4838/1827/4844 4844/1833/4850 4843/1832/4849
f 4838/1827/4844 4841/1830/4847 4844/1833/4850
f 4837/1826/4843 4843/1832/4849 4845/1834/4851
f 4846/1835/4852 4845/1834/4851 4843/1832/4849
f 4846/1835/4852 4843/1832/4849 4844/1833/4850
f 4837/1826/4843 4845/1834/4851 4847/1836/4853
f 4836/1825/4842 4837/1826/4843 4847/1836/4853
f 4847/1836/4853 4845/1834/4851 4848/1837/4854
f 4848/1837/4854 4845/1834/4851 4846/1835/4852
f 4846/1835/4852 4849/1838/4855 4848/1837/4854
f 4849/1838/4855 4846/1835/4852 4850/1839/4856
f 4844/1833/4850 4850/1839/4856 4846/1835/4852
f 4844/1833/4850 4851/1840/4857 4850/1839/4856
f 4844/1833/4850 4841/1830/4847 4851/1840/4857
f 4848/1837/4854 4852/1841/4858 4847/1836/4853
f 4848/1837/4854 4849/1838/4855 4853/1842/4859
f 4852/1841/4858 4848/1837/4854 4853/1842/4859
f 4841/1830/4847 4854/1843/4860 4851/1840/4857
f 4841/1830/4847 4842/1831/4848 4854/1843/4860
f 4849/1838/4855 4850/1839/4856 4855/1844/4861
f 4849/1838/4855 4855/1844/4861 4856/1845/4862
f 4857/1846/4863 4850/1839/4856 4851/1840/4857
f 4857/1846/4863 4855/1844/4861 4850/1839/4856
f 4856/1845/4862 4858/1842/4864 4849/1838/4855
f 4856/1845/4862 4859/1847/4865 4858/1842/4864
f 4851/1840/4857 4854/1843/4860 4860/1848/4866
f 4851/1840/4857 4860/1848/4866 4857/1846/4863
f 4861/1849/4867 4860/1848/4866 4854/1843/4860
f 4861/1849/4867 4854/1843/4860 4862/1850/4868
f 4861/1849/4867 4862/1850/4868 4863/1851/4869
f 4861/1849/4867 4863/1851/4869 4864/1852/4870
f 4863/1851/4869 4862/1850/4868 4865/1853/4871
f 4862/1850/4868 4866/1854/4872 4865/1853/4871
f 4862/1850/4868 4842/1831/4848 4866/1854/4872
f 4862/1850/4868 4854/1843/4860 4842/1831/4848
f 4865/1853/4871 4866/1854/4872 4867/1855/4873
f 4868/1856/4874 4865/1853/4871 4867/1855/4873
f 4868/1856/4874 4869/1857/4875 4865/1853/4871
f 4869/1857/4875 4870/1858/4876 4865/1853/4871
f 4870/1858/4876 4863/1851/4869 4865/1853/4871
f 4868/1856/4874 4871/1859/4877 4869/1857/4875
f 4871/1859/4877 4868/1856/4874 4872/1860/4878
f 4872/1860/4878 4868/1856/4874 4867/1855/4873
f 4871/1859/4877 4872/1860/4878 4873/1861/4879
f 4874/1862/4880 4871/1859/4877 4873/1861/4879
f 4874/1862/4880 4873/1861/4879 4875/1863/4881
f 4876/1864/4882 4874/1862/4880 4875/1863/4881
f 4876/1864/4882 4877/1865/4883 4874/1862/4880
f 4877/1865/4883 4876/1864/4882 4878/1866/4884
f 4877/1865/4883 4878/1866/4884 4879/1867/4885
f 4871/1859/4877 4874/1862/4880 4880/1868/4886
f 4874/1862/4880 4877/1865/4883 4880/1868/4886
f 4871/1859/4877 4880/1868/4886 4869/1857/4875
f 4880/1868/4886 4881/1869/4887 4869/1857/4875
f 4869/1857/4875 4881/1869/4887 4870/1858/4876
f 4870/1858/4876 4881/1869/4887 4882/1870/4888
f 4881/1869/4887 4883/1871/4889 4882/1870/4888
f 4882/1870/4888 4883/1871/4889 4884/1872/4890
f 4883/1871/4889 4885/1873/4891 4884/1872/4890
f 4884/1872/4890 4885/1873/4891 4886/1874/4892
f 4887/1875/4893 4880/1868/4886 4877/1865/4883
f 4880/1868/4886 4887/1875/4893 4881/1869/4887
f 4881/1869/4887 4887/1875/4893 4883/1871/4889
f 4879/1867/4885 4887/1875/4893 4877/1865/4883
f 4888/1876/4894 4883/1871/4889 4887/1875/4893
f 4883/1871/4889 4888/1876/4894 4885/1873/4891
f 4882/1870/4888 4884/1872/4890 4889/1877/4895
f 4884/1872/4890 4886/1874/4892 4890/1878/4896
f 4889/1877/4895 4884/1872/4890 4890/1878/4896
f 4864/1852/4870 4889/1877/4895 4890/1878/4896
f 4889/1877/4895 4870/1858/4876 4882/1870/4888
f 4889/1877/4895 4863/1851/4869 4870/1858/4876
f 4863/1851/4869 4889/1877/4895 4864/1852/4870
f 4879/1867/4885 4878/1866/4884 4891/1879/4897
f 4892/1882/4898 4864/1852/4870 4890/1878/4896
f 4892/1882/4898 4890/1878/4896 4893/1883/4899
f 4893/1883/4899 4890/1878/4896 4886/1874/4892
f 4892/1882/4898 4861/1849/4867 4864/1852/4870
f 4892/1882/4898 4894/1884/4900 4861/1849/4867
f 4861/1849/4867 4894/1884/4900 4860/1848/4866
f 4885/1873/4891 4888/1876/4894 4895/1885/4901
f 4888/1876/4894 4896/1881/4902 4895/1885/4901
f 4888/1876/4894 4897/1880/4903 4896/1881/4902
f 4879/1867/4885 4896/1881/4902 4897/1880/4903
f 4879/1867/4885 4891/1879/4897 4896/1881/4902
f 4887/1875/4893 4879/1867/4885 4897/1880/4903
f 4888/1876/4894 4887/1875/4893 4897/1880/4903
f 4885/1873/4891 4895/1885/4901 4898/1886/4904
f 4898/1886/4904 4899/1874/4905 4885/1873/4891
f 4898/1886/4906 4900/1887/4907 4886/1874/4892
f 4893/1883/4899 4886/1874/4892 4900/1887/4907
f 4836/1825/4842 4847/1836/4853 4901/1888/4908
f 4902/1889/4909 4836/1825/4842 4901/1888/4908
f 4902/1889/4909 4829/1818/4835 4836/1825/4842
f 4901/1888/4908 4903/1890/4910 4902/1889/4909
f 4829/1818/4835 4902/1889/4909 4903/1890/4910
f 4829/1818/4835 4903/1890/4910 4904/1891/4911
f 4828/1817/4834 4829/1818/4835 4904/1891/4911
f 4903/1890/4910 4901/1888/4908 4905/1892/4912
f 4905/1892/4912 4901/1888/4908 4852/1841/4858
f 4901/1888/4908 4847/1836/4853 4852/1841/4858
f 4905/1892/4912 4852/1841/4858 4906/1893/4913
f 4906/1893/4913 4852/1841/4858 4907/1842/4914
f 4906/1893/4913 4907/1842/4914 4908/1847/4915
f 4909/1894/4916 4911/1895/4917 4910/1897/4918
f 4909/1894/4916 4912/1896/4919 4911/1895/4917
f 4912/1896/4919 4913/1898/4920 4911/1895/4917
f 4912/1896/4919 4914/1899/4921 4913/1898/4920
f 4915/1900/4922 4914/1899/4921 4912/1896/4919
f 4915/1900/4922 4916/1901/4923 4914/1899/4921
f 4912/1896/4919 4917/1902/4924 4915/1900/4922
f 4912/1896/4919 4909/1894/4916 4917/1902/4924
f 4918/1903/4925 4915/1900/4922 4917/1902/4924
f 4918/1903/4925 4919/1904/4926 4915/1900/4922
f 4916/1901/4923 4915/1900/4922 4919/1904/4926
f 4916/1901/4923 4919/1904/4926 4920/1905/4927
f 4921/1906/4928 4916/1901/4923 4920/1905/4927
f 4921/1906/4928 4922/1907/4929 4916/1901/4923
f 4922/1907/4929 4914/1899/4921 4916/1901/4923
f 4922/1907/4929 4921/1906/4928 4923/1908/4930
f 4922/1907/4929 4923/1908/4930 4924/1909/4931
f 4925/1910/4932 4922/1907/4929 4924/1909/4931
f 4925/1910/4932 4913/1898/4920 4914/1899/4921
f 4922/1907/4929 4925/1910/4932 4914/1899/4921
f 4925/1910/4932 4924/1909/4931 4926/1911/4933
f 4926/1911/4933 4927/1912/4934 4925/1910/4932
f 4925/1910/4932 4927/1912/4934 4913/1898/4920
f 4926/1911/4933 4928/1913/4935 4927/1912/4934
f 4923/1908/4930 4921/1906/4928 4929/1914/4936
f 4923/1908/4930 4929/1914/4936 4930/1915/4937
f 4921/1906/4928 4920/1905/4927 4931/1916/4938
f 4921/1906/4928 4931/1916/4938 4929/1914/4936
f 4919/1904/4926 4918/1903/4925 4932/1917/4939
f 4933/1918/4940 4920/1905/4927 4919/1904/4926
f 4933/1918/4940 4919/1904/4926 4932/1917/4939
f 4926/1911/4933 4924/1909/4931 4934/1919/4941
f 4934/1919/4941 4924/1909/4931 4923/1908/4930
f 4926/1911/4933 4934/1919/4941 4935/1920/4942
f 4935/1920/4942 4928/1913/4935 4926/1911/4933
f 4936/1921/4943 4935/1920/4942 4934/1919/4941
f 4936/1921/4943 4937/1922/4944 4935/1920/4942
f 4938/1923/4945 4937/1922/4944 4936/1921/4943
f 4938/1923/4945 4936/1921/4943 4939/1924/4946
f 4939/1924/4946 4940/1925/4947 4938/1923/4945
f 4939/1924/4946 4941/1926/4948 4940/1925/4947
f 4942/1927/4949 4941/1926/4948 4939/1924/4946
f 4942/1927/4949 4939/1924/4946 4943/1928/4950
f 4939/1924/4946 4944/1929/4951 4943/1928/4950
f 4939/1924/4946 4936/1921/4943 4944/1929/4951
f 4944/1929/4951 4936/1921/4943 4934/1919/4941
f 4944/1929/4951 4934/1919/4941 4945/1930/4952
f 4934/1919/4941 4923/1908/4930 4945/1930/4952
f 4943/1928/4950 4944/1929/4951 4946/1931/4953
f 4946/1931/4953 4944/1929/4951 4945/1930/4952
f 4947/1932/4954 4946/1931/4953 4945/1930/4952
f 4943/1928/4950 4946/1931/4953 4948/1933/4955
f 4943/1928/4950 4948/1933/4955 4949/1934/4956
f 4949/1934/4956 4942/1927/4949 4943/1928/4950
f 4947/1932/4954 4950/1935/4957 4946/1931/4953
f 4946/1931/4953 4951/1936/4958 4948/1933/4955
f 4923/1908/4930 4930/1915/4937 4945/1930/4952
f 4947/1932/4954 4945/1930/4952 4930/1915/4937
f 4952/1937/4959 4938/1923/4945 4940/1925/4947
f 4952/1937/4959 4953/1938/4960 4938/1923/4945
f 4937/1922/4944 4938/1923/4945 4953/1938/4960
f 4937/1922/4944 4953/1938/4960 4954/1939/4961
f 4937/1922/4944 4954/1939/4961 4955/1940/4962
f 4937/1922/4944 4955/1940/4962 4935/1920/4942
f 4935/1920/4942 4955/1940/4962 4928/1913/4935
f 4956/1941/4963 4954/1939/4961 4953/1938/4960
f 4956/1941/4963 4953/1938/4960 4957/1942/4964
f 4952/1937/4959 4957/1942/4964 4953/1938/4960
f 4952/1937/4959 4958/1943/4965 4957/1942/4964
f 4959/1944/4966 4928/1913/4935 4955/1940/4962
f 4959/1944/4966 4954/1939/4961 4956/1941/4963
f 4959/1944/4966 4955/1940/4962 4954/1939/4961
f 4959/1944/4966 4960/1945/4967 4928/1913/4935
f 4961/1946/4968 4928/1913/4935 4960/1945/4967
f 4961/1946/4968 4927/1912/4934 4928/1913/4935
f 4962/1947/4969 4961/1946/4968 4960/1945/4967
f 4962/1947/4969 4963/1948/4970 4961/1946/4968
f 4961/1946/4968 4963/1948/4970 4964/1949/4971
f 4965/1950/4972 4964/1949/4971 4963/1948/4970
f 4964/1949/4971 4965/1950/4972 4966/1951/4973
f 4964/1949/4971 4966/1951/4973 4967/1952/4974
f 4968/1953/4975 4967/1952/4974 4966/1951/4973
f 4968/1953/4975 4966/1951/4973 4969/1954/4976
f 4965/1950/4972 4963/1948/4970 4970/1955/4977
f 4970/1955/4977 4963/1948/4970 4962/1947/4969
f 4961/1946/4968 4964/1949/4971 4971/1956/4978
f 4971/1956/4978 4964/1949/4971 4967/1952/4974
f 4971/1956/4978 4927/1912/4934 4961/1946/4968
f 4971/1956/4978 4967/1952/4974 4972/1957/4979
f 4911/1895/4917 4971/1956/4978 4972/1957/4979
f 4910/1897/4918 4911/1895/4917 4972/1957/4979
f 4910/1897/4918 4972/1957/4979 4973/1958/4980
f 4967/1952/4974 4973/1958/4980 4972/1957/4979
f 4967/1952/4974 4968/1953/4975 4973/1958/4980
f 4911/1895/4917 4913/1898/4920 4971/1956/4978
f 4971/1956/4978 4913/1898/4920 4927/1912/4934
f 4974/1959/4981 4966/1951/4973 4965/1950/4972
f 4974/1959/4981 4969/1954/4976 4966/1951/4973
f 4965/1950/4972 4975/1960/4982 4974/1959/4981
f 4976/1961/4983 4975/1960/4982 4965/1950/4972
f 4965/1950/4972 4970/1955/4977 4976/1961/4983
f 4970/1955/4977 4977/1962/4984 4976/1961/4983
f 4970/1955/4977 4962/1947/4969 4977/1962/4984
f 4978/1963/4985 4979/1964/4986 4931/1916/4938
f 4980/1965/4987 4979/1964/4986 4978/1963/4985
f 4920/1905/4927 4978/1963/4985 4931/1916/4938
f 4978/1963/4985 4920/1905/4927 4933/1918/4940
f 4981/1966/4988 4978/1963/4985 4933/1918/4940
f 4978/1963/4985 4981/1966/4988 4982/1967/4989
f 4983/1968/4990 4985/1970/4991 4984/1969/4992
f 4984/1969/4992 4985/1970/4991 4951/1936/4958
f 4946/1931/4953 4984/1969/4992 4951/1936/4958
f 4950/1935/4957 4984/1969/4992 4946/1931/4953
f 4950/1935/4957 4986/1971/4993 4984/1969/4992
f 4986/1971/4993 4983/1968/4990 4984/1969/4992
f 4987/1972/4994 4989/1974/4995 4988/1973/4996
f 4988/1973/4996 4989/1974/4995 4990/1975/4997
f 4990/1975/4997 4991/1976/4998 4988/1973/4996
f 4987/1972/4994 4992/1977/4999 4989/1974/4995
f 4989/1974/4995 4992/1977/4999 4993/1978/5000
f 4991/1976/4998 4990/1975/4997 4994/1979/5001
f 4995/1980/5002 4994/1979/5001 4990/1975/4997
f 4991/1976/4998 4994/1979/5001 4996/1981/5003
f 4995/1980/5002 4996/1981/5003 4994/1979/5001
f 4991/1976/4998 4996/1981/5003 4997/1982/5004
f 4997/1982/5004 4996/1981/5003 4998/1983/5005
f 4997/1982/5004 4998/1983/5005 4999/1984/5006
f 5000/1985/5007 4999/1984/5006 4998/1983/5005
f 5000/1985/5007 5001/1986/5008 4999/1984/5006
f 4995/1980/5002 5002/1987/5009 4996/1981/5003
f 5002/1987/5009 5003/1985/5010 4996/1981/5003
f 4996/1981/5003 5003/1985/5010 4998/1983/5005
f 5004/1988/5011 5003/1985/5010 5002/1987/5009
f 5004/1988/5011 5005/1986/5012 5003/1985/5010
f 5006/1989/5013 4993/1978/5000 4992/1977/4999
f 5006/1989/5013 5007/1990/5014 4993/1978/5000
f 5008/1991/5015 5007/1990/5014 5006/1989/5013
f 5009/1992/5016 5007/1990/5014 5008/1991/5015
f 5009/1992/5016 5008/1991/5015 5010/1993/5017
f 5008/1991/5015 5006/1989/5013 5011/1994/5018
f 5012/1995/5019 5011/1994/5018 5006/1989/5013
f 4987/1972/4994 5012/1995/5019 5006/1989/5013
f 5012/1995/5019 5013/1996/5020 5011/1994/5018
f 5014/1991/5021 5011/1994/5018 5013/1996/5020
f 5014/1991/5021 5013/1996/5020 5015/1993/5022
f 4987/1972/4994 5006/1989/5013 4992/1977/4999
f 5016/1997/5023 4990/1975/4997 5017/1998/5024
f 4995/1980/5002 4990/1975/4997 5016/1997/5023
f 5017/1998/5024 4990/1975/4997 4989/1974/4995
f 4989/1974/4995 4993/1978/5000 5017/1998/5024
f 5018/1999/5025 5020/2000/5026 5019/2002/5027
f 5018/1999/5025 5021/2001/5028 5020/2000/5026
f 5022/2003/5029 5019/2002/5027 5020/2000/5026
f 5022/2003/5029 5020/2000/5026 5023/2004/5030
f 5024/2005/5031 5022/2003/5029 5023/2004/5030
f 5024/2005/5031 5019/2002/5027 5022/2003/5029
f 5024/2005/5031 5018/1999/5025 5019/2002/5027
f 5024/2005/5031 5023/2004/5030 5025/2006/5032
f 5023/2004/5030 5026/2007/5033 5025/2006/5032
f 5023/2004/5030 5027/2008/5034 5026/2007/5033
f 5023/2004/5030 5028/2009/5035 5027/2008/5034
f 5023/2004/5030 5020/2000/5026 5028/2009/5035
f 5029/2010/5036 5027/2008/5034 5028/2009/5035
f 5029/2010/5036 5028/2009/5035 5030/2011/5037
f 5020/2000/5026 5031/2012/5038 5028/2009/5035
f 5020/2000/5026 5021/2001/5028 5031/2012/5038
f 5030/2011/5037 5032/2013/5039 5029/2010/5036
f 5030/2011/5037 5033/2014/5040 5032/2013/5039
f 5034/2015/5041 5032/2013/5039 5033/2014/5040
f 5034/2015/5041 5035/2016/5042 5032/2013/5039
f 5034/2015/5041 5036/2017/5043 5035/2016/5042
f 5034/2015/5041 5037/2018/5044 5036/2017/5043
f 5038/1665/5045 5040/1668/5046 5039/1667/5047
f 5040/1668/5046 5038/1665/5045 5041/1669/5048
f 4680/1664/4685 5038/1665/5045 5039/1667/5047
f 4680/1664/4685 4679/1663/4684 5038/1665/5045
f 5042/1666/5049 5038/1665/5045 4679/1663/4684
f 5042/1666/5049 5041/1669/5048 5038/1665/5045
f 5043/1661/5050 5042/1666/5049 4679/1663/4684
f 5042/1666/5049 5044/1670/5051 5041/1669/5048
f 5042/1666/5049 5045/1671/5052 5044/1670/5051
f 5043/1661/5050 4681/1672/4686 5042/1666/5049
f 5042/1666/5049 4681/1672/4686 4699/1690/4704
f 4676/1727/4681 4681/1672/4686 5043/1661/5050
f 4681/1672/4686 4683/1674/4688 4699/1690/4704
f 4669/1654/4674 4676/1727/4681 5043/1661/5050
f 5046/2019/5053 5048/2021/5054 5047/2020/5055
f 5046/2019/5053 5049/2022/5056 5048/2021/5054
f 5046/2019/5053 4960/1945/4967 5049/2022/5056
f 5048/2021/5054 5050/2023/5057 5047/2020/5055
f 5051/2024/5058 5047/2020/5055 5050/2023/5057
f 5051/2024/5058 5052/2025/5059 5047/2020/5055
f 5053/2026/5060 5048/2021/5054 5049/2022/5056
f 4959/1944/4966 5053/2026/5060 5049/2022/5056
f 4960/1945/4967 4959/1944/4966 5049/2022/5056
f 4959/1944/4966 5054/2027/5061 5053/2026/5060
f 4959/1944/4966 4956/1941/4963 5054/2027/5061
f 4957/1942/4964 5054/2027/5061 4956/1941/4963
f 4957/1942/4964 5055/2028/5062 5054/2027/5061
f 5055/2028/5062 4957/1942/4964 5056/2029/5063
f 5056/2029/5063 4957/1942/4964 4958/1943/4965
f 5057/2030/5064 5055/2028/5062 5056/2029/5063
f 5058/2031/5065 5056/2029/5063 4958/1943/4965
f 5058/2031/5065 5057/2030/5064 5056/2029/5063
f 5057/2030/5064 5058/2031/5065 5059/2032/5066
f 5057/2030/5064 5059/2032/5066 5060/2033/5067
f 5059/2032/5066 5061/2034/5068 5060/2033/5067
f 5059/2032/5066 5062/2035/5069 5061/2034/5068
f 5063/2036/5070 4752/1743/4758 4751/1742/4757
f 5063/2036/5070 4758/1749/4764 4752/1743/4758
f 4791/1779/4797 5064/1776/5071 4795/1784/4801
f 4791/1779/4797 4794/1775/4800 5065/1776/5072
f 4747/1738/4753 5066/2037/5073 4742/1733/4748
f 4918/1903/4925 5067/2038/5074 4932/1917/4939
f 5068/2039/5075 5070/2040/5076 5069/2042/5077
f 5068/2039/5075 5071/2041/5078 5070/2040/5076
f 5071/2041/5078 5072/2043/5079 5070/2040/5076
f 5071/2041/5078 5073/2044/5080 5072/2043/5079
f 5073/2044/5080 5074/2045/5081 5072/2043/5079
f 5073/2044/5080 5075/2046/5082 5074/2045/5081
f 5076/2047/5083 5074/2045/5081 5075/2046/5082
f 5077/2048/5084 5068/2039/5075 5069/2042/5077
f 5077/2048/5084 5069/2042/5077 5078/2049/5085
f 5077/2048/5084 5078/2049/5085 5079/2050/5086
f 5077/2048/5084 5079/2050/5086 5080/2051/5087
f 5080/2051/5087 5079/2050/5086 5081/2052/5088
f 5080/2051/5087 5081/2052/5088 5082/2053/5089
f 5082/2053/5089 5081/2052/5088 5083/2054/5090
f 5082/2053/5089 5083/2054/5090 5084/2055/5091
f 5084/2055/5091 5083/2054/5090 5085/2056/5092
f 5084/2055/5091 5085/2056/5092 5086/2057/5093
f 5087/2058/5094 5086/2057/5093 5085/2056/5092
f 5087/2058/5094 5088/2059/5095 5086/2057/5093
f 5089/2060/5096 5087/2058/5094 5085/2056/5092
f 5076/2047/5083 5090/2061/5097 5074/2045/5081
f 5091/2062/5098 5076/2047/5083 5075/2046/5082
f 5092/2063/5099 5094/2064/5100 5093/2066/5101
f 5092/2063/5099 5095/2065/5102 5094/2064/5100
f 5093/2066/5101 5096/2067/5103 5092/2063/5099
f 5093/2066/5101 5097/2068/5104 5096/2067/5103
f 5098/2069/5105 5094/2064/5100 5095/2065/5102
f 5098/2069/5105 5095/2065/5102 5099/2070/5106
f 5100/2071/5107 5096/2067/5103 5097/2068/5104
f 5100/2071/5107 5097/2068/5104 5101/2072/5108
f 5102/2073/5109 5100/2071/5107 5101/2072/5108
f 5092/2063/5099 5096/2067/5103 5103/2075/5110
f 5092/2063/5099 5103/2075/5110 5104/2076/5111
f 5104/2076/5111 5095/2065/5102 5092/2063/5099
f 5104/2076/5111 5103/2075/5110 5105/2077/5112
f 5104/2076/5111 5105/2077/5112 5106/2078/5113
f 5107/2079/5114 5104/2076/5111 5106/2078/5113
f 5099/2070/5106 5095/2065/5102 5107/2079/5114
f 5104/2076/5111 5107/2079/5114 5095/2065/5102
f 5107/2079/5114 5106/2078/5113 5108/2080/5115
f 5109/2081/5116 5107/2079/5114 5108/2080/5115
f 5110/2082/5117 5105/2077/5112 5103/2075/5110
f 5096/2067/5103 5110/2082/5117 5103/2075/5110
f 5096/2067/5103 5100/2071/5107 5110/2082/5117
f 5110/2082/5117 5111/2083/5118 5105/2077/5112
f 5112/2084/5119 5111/2083/5118 5110/2082/5117
f 5112/2084/5119 5113/2085/5120 5111/2083/5118
f 5114/2086/5121 5110/2082/5117 5100/2071/5107
f 5114/2086/5121 5112/2084/5119 5110/2082/5117
f 5112/2084/5119 5115/2087/5122 5113/2085/5120
f 5112/2084/5119 5114/2086/5121 5115/2087/5122
f 5116/2073/5123 5115/2087/5122 5114/2086/5121
f 5116/2073/5123 5101/2072/5108 5117/2074/5124
f 5116/2073/5123 5117/2074/5124 5115/2087/5122
f 5116/2073/5123 5114/2086/5121 5100/2071/5107
f 5118/2081/5125 5108/2080/5126 5119/2088/5125
f 5099/2070/5106 5107/2079/5114 5120/2081/5127
f 5121/2089/5128 5099/2070/5106 5120/2081/5127
f 5121/2089/5128 5122/2090/5129 5099/2070/5106
f 5122/2090/5129 5121/2089/5128 5123/2091/5130
f 5121/2089/5128 5124/2092/5131 5123/2091/5130
f 5121/2089/5128 5125/2093/5132 5124/2092/5131
f 5123/2091/5130 5124/2092/5131 5126/2094/5133
f 5123/2091/5130 5126/2094/5133 5127/2095/5134
f 5127/2095/5134 5126/2094/5133 5128/2096/5135
f 5127/2095/5134 5128/2096/5135 5129/2097/5136
f 5130/2098/5137 5129/2097/5136 5128/2096/5135
f 5130/2098/5137 5128/2096/5135 5131/2099/5138
f 5122/2090/5129 5123/2091/5130 5132/2100/5139
f 5132/2100/5139 5123/2091/5130 5127/2095/5134
f 5132/2100/5139 5133/2101/5140 5122/2090/5129
f 5132/2100/5139 5134/2102/5141 5133/2101/5140
f 5135/2103/5142 5134/2102/5141 5132/2100/5139
f 5132/2100/5139 5127/2095/5134 5135/2103/5142
f 5135/2103/5142 5127/2095/5134 5129/2097/5136
f 5135/2103/5142 5136/2104/5143 5134/2102/5141
f 5137/2105/5144 5136/2104/5143 5135/2103/5142
f 5135/2103/5142 5129/2097/5136 5137/2105/5144
f 5137/2105/5144 5138/2106/5145 5136/2104/5143
f 5139/2107/5146 5138/2106/5145 5137/2105/5144
f 5129/2097/5136 5140/2108/5147 5137/2105/5144
f 5129/2097/5136 5130/2098/5137 5140/2108/5147
f 5130/2098/5137 5141/2109/5148 5140/2108/5147
f 5130/2098/5137 5131/2099/5138 5141/2109/5148
f 5142/2107/5149 5140/2108/5147 5141/2109/5148
f 5137/2105/5144 5140/2108/5147 5142/2107/5149
f 5142/2107/5149 5141/2109/5148 5143/2110/5150
f 5144/2107/5151 5145/2110/5151 5138/2106/5145
f 5122/2090/5129 5133/2101/5140 5098/2069/5105
f 5122/2090/5129 5098/2069/5105 5099/2070/5106
f 5146/2081/5152 5125/2093/5132 5121/2089/5128
f 5146/2081/5152 5147/2088/5153 5125/2093/5132
f 5148/2330/5154 5150/2331/5155 5149/2332/5156
f 5149/2332/5156 5151/2333/5157 5148/2330/5154
f 5152/2332/5158 5153/2334/5159 5151/2333/5157
f 5153/2334/5159 5154/2335/5160 5151/2333/5157
f 5153/2334/5159 5155/2336/5161 5154/2335/5160
f 5155/2336/5161 5156/2337/5162 5154/2335/5160
f 5155/2336/5161 5157/2338/5163 5156/2337/5162
f 5157/2338/5163 5158/2339/5164 5156/2337/5162
f 5157/2338/5163 5159/2340/5165 5158/2339/5164
f 5158/2339/5164 5159/2340/5165 5160/2341/5166
f 5158/2339/5164 5160/2341/5166 5161/2342/5167
f 5162/2343/5168 5159/2340/5165 5157/2338/5163
f 5155/2336/5161 5162/2343/5168 5157/2338/5163
f 5162/2343/5168 5163/2344/5169 5159/2340/5165
f 5164/2345/5170 5163/2344/5169 5162/2343/5168
f 5165/2346/5171 5163/2344/5169 5164/2345/5170
f 5163/2344/5169 5165/2346/5171 5166/2347/5172
f 5163/2344/5169 5166/2347/5172 5167/2348/5173
f 5167/2348/5173 5159/2340/5165 5163/2344/5169
f 5167/2348/5173 5160/2341/5166 5159/2340/5165
f 5166/2347/5172 5168/2349/5174 5167/2348/5173
f 5166/2347/5172 5169/2350/5175 5168/2349/5174
f 5170/2351/5176 5168/2349/5174 5169/2350/5175
f 5170/2351/5176 5171/2352/5177 5168/2349/5174
f 5160/2341/5166 5172/2353/5178 5161/2342/5167
f 5160/2341/5166 5173/2354/5179 5172/2353/5178
f 5167/2348/5173 5173/2354/5179 5160/2341/5166
f 5167/2348/5173 5168/2349/5174 5173/2354/5179
f 5174/2355/5180 5171/2352/5177 5170/2351/5176
f 5174/2355/5180 5175/2356/5181 5171/2352/5177
f 5176/2357/5182 5175/2356/5181 5174/2355/5180
f 5176/2357/5182 5177/2358/5183 5175/2356/5181
f 5176/2357/5182 5178/2359/5184 5177/2358/5183
f 5178/2359/5184 5176/2357/5182 5179/2360/5185
f 5164/2345/5170 5162/2343/5168 5180/2361/5186
f 5180/2361/5186 5162/2343/5168 5181/2362/5187
f 5181/2362/5187 5162/2343/5168 5182/2363/5188
f 5155/2336/5161 5182/2363/5188 5162/2343/5168
f 5182/2363/5188 5155/2336/5161 5153/2334/5159
f 5181/2362/5187 5182/2363/5188 5152/2332/5158
f 5182/2363/5188 5153/2334/5159 5152/2332/5158
f 5181/2362/5187 5152/2332/5158 5183/2364/5189
f 5152/2332/5158 5150/2331/5155 5183/2364/5189
f 5184/2365/5190 5186/2366/5191 5185/2367/5192
f 5184/2365/5190 5187/2368/5193 5186/2366/5191
f 5188/2369/5194 5186/2366/5191 5187/2368/5193
f 5188/2369/5194 5189/2370/5195 5186/2366/5191
f 5189/2370/5195 5188/2369/5194 5190/2371/5196
f 5189/2370/5195 5190/2371/5196 5191/2372/5197
f 5191/2372/5197 5190/2371/5196 5192/2373/5198
f 5191/2372/5197 5192/2373/5198 5193/2374/5199
f 5193/2374/5199 5192/2373/5198 5194/2375/5200
f 5193/2374/5199 5194/2375/5200 5195/2376/5201
f 5194/2375/5200 5196/2377/5202 5195/2376/5201
f 5195/2376/5201 5197/2378/5203 5193/2374/5199
f 5195/2376/5201 5198/2379/5204 5197/2378/5203
f 5198/2379/5204 5195/2376/5201 5196/2377/5202
f 5198/2379/5204 5199/2380/5205 5197/2378/5203
f 5200/2381/5206 5197/2378/5203 5199/2380/5205
f 5197/2378/5203 5200/2381/5206 5193/2374/5199
f 5200/2381/5206 5191/2372/5197 5193/2374/5199
f 5200/2381/5206 5199/2380/5205 5201/2382/5207
f 5200/2381/5206 5201/2382/5207 5202/2383/5208
f 5200/2381/5206 5202/2383/5208 5203/2384/5209
f 5191/2372/5197 5203/2384/5209 5189/2370/5195
f 5203/2384/5209 5191/2372/5197 5200/2381/5206
f 5198/2379/5204 5204/2385/5210 5199/2380/5205
f 5205/2386/5211 5204/2385/5210 5198/2379/5204
f 5198/2379/5204 5196/2377/5202 5205/2386/5211
f 5205/2386/5211 5206/2387/5212 5204/2385/5210
f 5203/2384/5209 5202/2383/5208 5207/2388/5213
f 5203/2384/5209 5207/2388/5213 5208/2389/5214
f 5208/2389/5214 5207/2388/5213 5209/2390/5215
f 5208/2389/5214 5209/2390/5215 5210/2391/5216
f 5210/2391/5216 5209/2390/5215 5211/2392/5217
f 5210/2391/5216 5211/2392/5217 5212/2393/5218
f 5212/2393/5218 5211/2392/5217 5213/2394/5219
f 5212/2393/5218 5213/2394/5219 5214/2395/5220
f 5212/2393/5218 5185/2367/5192 5210/2391/5216
f 5212/2393/5218 5215/2396/5221 5185/2367/5192
f 5210/2391/5216 5186/2366/5191 5208/2389/5214
f 5210/2391/5216 5185/2367/5192 5186/2366/5191
f 5216/2395/5222 5215/2396/5221 5212/2393/5218
f 5208/2389/5214 5189/2370/5195 5203/2384/5209
f 5208/2389/5214 5186/2366/5191 5189/2370/5195
f 5213/2394/5219 5211/2392/5217 5217/2397/5223
f 5213/2394/5219 5217/2397/5223 5218/2398/5224
f 5211/2392/5217 5219/2399/5225 5217/2397/5223
f 5211/2392/5217 5209/2390/5215 5219/2399/5225
f 5209/2390/5215 5220/2400/5226 5219/2399/5225
f 5209/2390/5215 5207/2388/5213 5220/2400/5226
f 5202/2383/5208 5220/2400/5226 5207/2388/5213
f 5202/2383/5208 5221/2401/5227 5220/2400/5226
f 5202/2383/5208 5222/2402/5228 5221/2401/5227
f 5202/2383/5208 5201/2382/5207 5222/2402/5228
f 5222/2402/5228 5201/2382/5207 5199/2380/5205
f 5222/2402/5228 5199/2380/5205 5223/2403/5229
f 5223/2403/5229 5199/2380/5205 5204/2385/5210
f 5204/2385/5210 5224/2404/5230 5223/2403/5229
f 5204/2385/5210 5206/2387/5212 5224/2404/5230
f 5216/2395/5222 5225/2405/5231 5215/2396/5221
f 5226/2406/5232 5215/2396/5221 5225/2405/5231
f 5226/2406/5232 5227/2407/5233 5215/2396/5221
f 5228/2408/5234 5215/2396/5221 5227/2407/5233
f 5229/2409/5235 5228/2408/5234 5227/2407/5233
f 5230/2410/5236 5229/2409/5235 5227/2407/5233
f 5230/2410/5236 5227/2407/5233 5231/2411/5237
f 5227/2407/5233 5232/2406/5238 5231/2411/5237
f 5233/2412/5239 5228/2408/5234 5229/2409/5235
f 5228/2408/5234 5185/2367/5192 5215/2396/5221
f 5233/2412/5239 5185/2367/5192 5228/2408/5234
f 5184/2365/5190 5185/2367/5192 5233/2412/5239
f 5234/2406/5240 5225/2405/5241 5235/2396/5242
f 5234/2406/5240 5235/2396/5242 5236/2407/5243
f 5237/2408/5244 5236/2407/5243 5235/2396/5242
f 5238/2409/5245 5236/2407/5243 5237/2408/5244
f 5236/2407/5243 5238/2409/5245 5239/2410/5246
f 5236/2407/5243 5239/2410/5246 5240/2411/5247
f 5236/2407/5243 5240/2411/5247 5241/2406/5248
f 5242/2412/5249 5238/2409/5245 5237/2408/5244
f 5237/2408/5244 5235/2396/5242 5243/2367/5250
f 5242/2412/5249 5237/2408/5244 5243/2367/5250
f 5244/2393/5251 5243/2367/5250 5235/2396/5242
f 5244/2393/5251 5245/2391/5252 5243/2367/5250
f 5245/2391/5252 5244/2393/5251 5246/2392/5253
f 5245/2391/5252 5246/2392/5253 5247/2390/5254
f 5248/2394/5255 5246/2392/5253 5244/2393/5251
f 5248/2394/5255 5244/2393/5251 5249/2395/5256
f 5247/2390/5254 5250/2389/5257 5245/2391/5252
f 5247/2390/5254 5251/2388/5258 5250/2389/5257
f 5251/2388/5258 5252/2384/5259 5250/2389/5257
f 5251/2388/5258 5253/2383/5260 5252/2384/5259
f 5254/2381/5261 5252/2384/5259 5253/2383/5260
f 5254/2381/5261 5253/2383/5260 5255/2382/5262
f 5256/2380/5263 5254/2381/5261 5255/2382/5262
f 5256/2380/5263 5257/2378/5264 5254/2381/5261
f 5258/2379/5265 5257/2378/5264 5256/2380/5263
f 5258/2379/5265 5256/2380/5263 5259/2385/5266
f 5259/2385/5266 5260/2386/5267 5258/2379/5265
f 5259/2385/5266 5261/2387/5268 5260/2386/5267
f 5257/2378/5264 5258/2379/5265 5262/2376/5269
f 5257/2378/5264 5262/2376/5269 5263/2374/5270
f 5257/2378/5264 5263/2374/5270 5254/2381/5261
f 5263/2374/5270 5262/2376/5269 5264/2375/5271
f 5263/2374/5270 5264/2375/5271 5265/2373/5272
f 5264/2375/5271 5262/2376/5269 5266/2377/5273
f 5258/2379/5265 5266/2377/5273 5262/2376/5269
f 5258/2379/5265 5260/2386/5267 5266/2377/5273
f 5267/2372/5274 5263/2374/5270 5265/2373/5272
f 5252/2384/5259 5254/2381/5261 5267/2372/5274
f 5254/2381/5261 5263/2374/5270 5267/2372/5274
f 5267/2372/5274 5265/2373/5272 5268/2371/5275
f 5269/2370/5276 5267/2372/5274 5268/2371/5275
f 5269/2370/5276 5268/2371/5275 5270/2369/5277
f 5270/2369/5277 5271/2368/5278 5269/2370/5276
f 5267/2372/5274 5269/2370/5276 5252/2384/5259
f 5269/2370/5276 5250/2389/5257 5252/2384/5259
f 5259/2385/5266 5272/2404/5279 5261/2387/5268
f 5259/2385/5266 5273/2403/5280 5272/2404/5279
f 5269/2370/5276 5274/2366/5281 5250/2389/5257
f 5271/2368/5278 5274/2366/5281 5269/2370/5276
f 5275/2365/5282 5274/2366/5281 5271/2368/5278
f 5275/2365/5282 5243/2367/5250 5274/2366/5281
f 5274/2366/5281 5245/2391/5252 5250/2389/5257
f 5274/2366/5281 5243/2367/5250 5245/2391/5252
f 5275/2365/5282 5242/2412/5249 5243/2367/5250
f 5256/2380/5263 5276/2402/5283 5273/2403/5280
f 5256/2380/5263 5255/2382/5262 5276/2402/5283
f 5253/2383/5260 5276/2402/5283 5255/2382/5262
f 5253/2383/5260 5277/2401/5284 5276/2402/5283
f 5278/2400/5285 5277/2401/5284 5253/2383/5260
f 5278/2400/5285 5253/2383/5260 5251/2388/5258
f 5247/2390/5254 5278/2400/5285 5251/2388/5258
f 5247/2390/5254 5279/2399/5286 5278/2400/5285
f 5246/2392/5253 5279/2399/5286 5247/2390/5254
f 5246/2392/5253 5280/2397/5287 5279/2399/5286
f 5248/2394/5255 5280/2397/5287 5246/2392/5253
f 5248/2394/5255 5281/2398/5288 5280/2397/5287
f 5273/2403/5280 5259/2385/5266 5256/2380/5263
f 5194/2375/5200 5283/2413/5289 5282/2377/5289
f 5284/2414/5290 5286/2415/5291 5285/2416/5292
f 5284/2414/5290 5287/2417/5293 5286/2415/5291
f 5288/2418/5294 5287/2417/5293 5284/2414/5290
f 5288/2418/5294 5289/2419/5295 5287/2417/5293
f 5289/2419/5295 5290/2420/5296 5287/2417/5293
f 5290/2420/5296 5291/2421/5297 5287/2417/5293
f 5291/2421/5297 5286/2415/5291 5287/2417/5293
f 5284/2414/5290 5285/2416/5292 5292/2422/5298
f 5284/2414/5290 5292/2422/5298 5293/2423/5299
f 5293/2423/5299 5288/2418/5294 5284/2414/5290
f 5293/2423/5299 5294/2424/5300 5288/2418/5294
f 5285/2416/5292 5286/2415/5291 5295/2425/5301
f 5285/2416/5292 5295/2425/5301 5296/2426/5302
f 5297/2427/5303 5296/2426/5302 5295/2425/5301
f 5286/2415/5291 5297/2427/5303 5295/2425/5301
f 5286/2415/5291 5291/2421/5297 5297/2427/5303
f 5297/2427/5303 5298/2428/5304 5296/2426/5302
f 5285/2416/5292 5296/2426/5302 5299/2422/5305
f 5289/2419/5295 5300/2429/5306 5290/2420/5296
f 5301/2430/5307 5303/2431/5308 5302/2432/5309
f 5301/2430/5307 5304/2433/5310 5303/2431/5308
f 5305/2434/5311 5304/2433/5310 5301/2430/5307
f 5305/2434/5311 5306/2435/5312 5304/2433/5310
f 5304/2433/5310 5307/2436/5313 5303/2431/5308
f 5308/2437/5314 5303/2431/5308 5307/2436/5313
f 5308/2437/5314 5309/2438/5315 5303/2431/5308
f 5310/2439/5316 5309/2438/5315 5308/2437/5314
f 5310/2439/5316 5311/2440/5317 5309/2438/5315
f 5304/2433/5310 5312/2441/5318 5307/2436/5313
f 5306/2435/5312 5312/2441/5318 5304/2433/5310
f 5306/2435/5312 5313/2442/5319 5312/2441/5318
f 5314/2443/5320 5311/2440/5317 5310/2439/5316
f 5314/2443/5320 5310/2439/5316 5315/2444/5321
f 5315/2444/5321 5316/2445/5322 5314/2443/5320
f 5316/2445/5322 5315/2444/5321 5317/2446/5323
f 5316/2445/5322 5317/2446/5323 5318/2447/5324
f 5318/2447/5324 5317/2446/5323 5319/2448/5325
f 5318/2447/5324 5319/2448/5325 5320/2449/5326
f 5321/2450/5327 5314/2443/5320 5316/2445/5322
f 5321/2450/5327 5316/2445/5322 5322/2451/5328
f 5318/2447/5324 5322/2451/5328 5316/2445/5322
f 5323/2452/5329 5314/2443/5320 5321/2450/5327
f 5323/2452/5329 5324/2453/5330 5314/2443/5320
f 5311/2440/5317 5314/2443/5320 5324/2453/5330
f 5309/2438/5315 5311/2440/5317 5325/2454/5331
f 5324/2453/5330 5323/2452/5329 5326/2455/5332
f 5324/2453/5330 5326/2455/5332 5327/2456/5333
f 5323/2452/5329 5328/2457/5334 5326/2455/5332
f 5323/2452/5329 5329/2458/5335 5328/2457/5334
f 5330/2450/5336 5329/2458/5335 5323/2452/5329
f 5330/2450/5337 5322/2451/5328 5331/2459/5338
f 5321/2450/5327 5332/2460/5339 5329/2458/5335
f 5332/2460/5339 5321/2450/5327 5331/2459/5338
f 5328/2457/5334 5333/2461/5340 5326/2455/5332
f 5325/2454/5331 5327/2456/5333 5333/2461/5340
f 5327/2456/5333 5326/2455/5332 5333/2461/5340
f 5311/2440/5317 5327/2456/5333 5325/2454/5331
f 5311/2440/5317 5324/2453/5330 5327/2456/5333
f 5331/2459/5338 5322/2451/5328 5334/2462/5341
f 5331/2459/5338 5334/2462/5341 5335/2463/5342
f 5334/2462/5341 5336/2464/5343 5335/2463/5342
f 5325/2454/5331 5333/2461/5340 5337/2465/5344
f 5302/2432/5309 5325/2454/5331 5337/2465/5344
f 5302/2432/5309 5303/2431/5308 5325/2454/5331
f 5309/2438/5315 5325/2454/5331 5303/2431/5308
f 5328/2457/5334 5338/2466/5345 5333/2461/5340
f 5337/2465/5344 5338/2466/5345 5302/2432/5309
f 5333/2461/5340 5338/2466/5345 5337/2465/5344
f 5338/2466/5345 5328/2457/5334 5339/2467/5346
f 5339/2467/5346 5340/2468/5347 5338/2466/5345
f 5340/2468/5347 5302/2432/5309 5338/2466/5345
f 5340/2468/5347 5301/2430/5307 5302/2432/5309
f 5341/2434/5348 5301/2430/5307 5340/2468/5347
f 5341/2434/5348 5340/2468/5347 5342/2469/5349
f 5342/2469/5349 5340/2468/5347 5339/2467/5346
f 5342/2469/5349 5339/2467/5346 5343/2470/5350
f 5344/2471/5351 5343/2470/5350 5339/2467/5346
f 5344/2471/5351 5339/2467/5346 5345/2472/5352
f 5345/2472/5352 5339/2467/5346 5328/2457/5334
f 5345/2472/5352 5328/2457/5334 5346/2473/5353
f 5329/2458/5335 5346/2473/5353 5328/2457/5334
f 5318/2447/5324 5348/2474/5354 5347/2475/5355
f 5318/2447/5324 5347/2475/5355 5322/2451/5328
f 5349/2476/5356 5347/2475/5355 5348/2474/5354
f 5334/2462/5341 5347/2475/5355 5349/2476/5356
f 5334/2462/5341 5322/2451/5328 5347/2475/5355
f 5348/2474/5354 5350/2477/5357 5349/2476/5356
f 5348/2474/5354 5351/2478/5358 5350/2477/5357
f 5348/2474/5354 5318/2447/5324 5320/2449/5326
f 5348/2474/5354 5320/2449/5326 5352/2478/5359
f 5334/2462/5341 5349/2476/5356 5353/2464/5360
f 5349/2476/5356 5354/2479/5361 5353/2464/5360
f 5349/2476/5356 5350/2477/5357 5354/2479/5361
f 5353/2464/5360 5354/2479/5361 5355/2480/5362
f 5353/2464/5360 5355/2480/5362 5356/2481/5363
f 5353/2464/5360 5356/2481/5363 5357/2482/5364
f 5353/2464/5360 5357/2482/5364 5358/2463/5365
f 5335/2463/5342 5357/2482/5364 5359/2483/5366
f 5360/2484/5367 5335/2463/5342 5359/2483/5366
f 5331/2459/5338 5335/2463/5342 5360/2484/5367
f 5331/2459/5338 5360/2484/5367 5332/2460/5339
f 5360/2484/5367 5361/2485/5368 5332/2460/5339
f 5360/2484/5367 5359/2483/5366 5361/2485/5368
f 5362/2477/5369 5351/2478/5358 5363/2474/5370
f 5362/2477/5369 5363/2474/5370 5364/2476/5371
f 5364/2476/5371 5363/2474/5370 5365/2475/5372
f 5366/2447/5373 5365/2475/5372 5363/2474/5370
f 5366/2447/5373 5367/2451/5374 5365/2475/5372
f 5366/2447/5373 5368/2445/5375 5367/2451/5374
f 5368/2445/5375 5366/2447/5373 5369/2446/5376
f 5368/2445/5375 5369/2446/5376 5370/2444/5377
f 5370/2444/5377 5371/2443/5378 5368/2445/5375
f 5371/2443/5378 5370/2444/5377 5372/2439/5379
f 5371/2443/5378 5372/2439/5379 5373/2440/5380
f 5372/2439/5379 5374/2438/5381 5373/2440/5380
f 5372/2439/5379 5375/2437/5382 5374/2438/5381
f 5375/2437/5382 5376/2431/5383 5374/2438/5381
f 5375/2437/5382 5377/2436/5384 5376/2431/5383
f 5377/2436/5384 5378/2433/5385 5376/2431/5383
f 5379/2430/5386 5376/2431/5383 5378/2433/5385
f 5379/2430/5386 5380/2432/5387 5376/2431/5383
f 5381/2434/5388 5379/2430/5386 5378/2433/5385
f 5381/2434/5388 5378/2433/5385 5382/2435/5389
f 5377/2436/5384 5383/2441/5390 5378/2433/5385
f 5383/2441/5390 5382/2435/5389 5378/2433/5385
f 5383/2441/5390 5384/2442/5391 5382/2435/5389
f 5373/2440/5380 5385/2453/5392 5371/2443/5378
f 5371/2443/5378 5385/2453/5392 5386/2452/5393
f 5371/2443/5378 5386/2452/5393 5387/2450/5394
f 5374/2438/5381 5388/2454/5395 5373/2440/5380
f 5374/2438/5381 5376/2431/5383 5388/2454/5395
f 5388/2454/5395 5376/2431/5383 5380/2432/5387
f 5385/2453/5392 5389/2455/5396 5386/2452/5393
f 5385/2453/5392 5390/2456/5397 5389/2455/5396
f 5386/2452/5393 5389/2455/5396 5391/2457/5398
f 5386/2452/5393 5391/2457/5398 5392/2458/5399
f 5387/2450/5400 5392/2458/5401 5393/2460/5402
f 5394/2450/5403 5386/2452/5393 5392/2458/5399
f 5391/2457/5398 5389/2455/5396 5395/2461/5404
f 5388/2454/5395 5395/2461/5404 5390/2456/5397
f 5390/2456/5397 5395/2461/5404 5389/2455/5396
f 5373/2440/5380 5390/2456/5397 5385/2453/5392
f 5373/2440/5380 5388/2454/5395 5390/2456/5397
f 5393/2460/5402 5396/2459/5405 5387/2450/5400
f 5394/2450/5406 5396/2459/5405 5367/2451/5374
f 5368/2445/5375 5387/2450/5394 5367/2451/5374
f 5368/2445/5375 5371/2443/5378 5387/2450/5394
f 5397/2462/5407 5367/2451/5374 5396/2459/5405
f 5397/2462/5407 5396/2459/5405 5398/2463/5408
f 5399/2464/5409 5397/2462/5407 5398/2463/5408
f 5388/2454/5395 5400/2465/5410 5395/2461/5404
f 5391/2457/5398 5395/2461/5404 5401/2466/5411
f 5395/2461/5404 5400/2465/5410 5401/2466/5411
f 5401/2466/5411 5402/2467/5412 5391/2457/5398
f 5402/2467/5412 5401/2466/5411 5403/2468/5413
f 5403/2468/5413 5401/2466/5411 5380/2432/5387
f 5400/2465/5410 5380/2432/5387 5401/2466/5411
f 5388/2454/5395 5380/2432/5387 5400/2465/5410
f 5403/2468/5413 5380/2432/5387 5379/2430/5386
f 5403/2468/5413 5379/2430/5386 5404/2434/5414
f 5403/2468/5413 5404/2434/5414 5405/2469/5415
f 5402/2467/5412 5403/2468/5413 5405/2469/5415
f 5402/2467/5412 5405/2469/5415 5406/2470/5350
f 5397/2462/5407 5365/2475/5372 5367/2451/5374
f 5397/2462/5407 5364/2476/5371 5365/2475/5372
f 5407/2464/5416 5364/2476/5371 5397/2462/5407
f 5408/2479/5417 5364/2476/5371 5407/2464/5416
f 5408/2479/5417 5362/2477/5369 5364/2476/5371
f 5409/2480/5418 5408/2479/5417 5407/2464/5416
f 5409/2480/5418 5407/2464/5416 5410/2481/5419
f 5411/2471/5351 5402/2467/5412 5406/2470/5350
f 5411/2471/5351 5412/2472/5420 5402/2467/5412
f 5407/2464/5416 5413/2482/5421 5410/2481/5419
f 5407/2464/5416 5414/2463/5422 5413/2482/5421
f 5412/2472/5420 5391/2457/5398 5402/2467/5412
f 5412/2472/5420 5415/2473/5423 5391/2457/5398
f 5392/2458/5399 5391/2457/5398 5415/2473/5423
f 5398/2463/5408 5416/2483/5424 5413/2482/5421
f 5416/2483/5424 5398/2463/5408 5417/2484/5425
f 5396/2459/5405 5417/2484/5425 5398/2463/5408
f 5396/2459/5405 5393/2460/5402 5417/2484/5425
f 5417/2484/5425 5393/2460/5402 5418/2485/5426
f 5416/2483/5424 5417/2484/5425 5418/2485/5426
f 5419/2330/5427 5421/2332/5428 5420/2331/5429
f 5422/2333/5430 5421/2332/5428 5419/2330/5427
f 5422/2333/5430 5424/2334/5431 5423/2332/5432
f 5423/2332/5432 5425/2364/5433 5420/2331/5434
f 5426/2335/5435 5424/2334/5431 5422/2333/5430
f 5426/2335/5435 5427/2336/5436 5424/2334/5431
f 5427/2336/5436 5426/2335/5435 5428/2337/5437
f 5427/2336/5436 5428/2337/5437 5429/2338/5438
f 5429/2338/5438 5428/2337/5437 5430/2339/5439
f 5429/2338/5438 5430/2339/5439 5431/2340/5440
f 5432/2342/5441 5431/2340/5440 5430/2339/5439
f 5432/2342/5441 5433/2341/5442 5431/2340/5440
f 5431/2340/5440 5434/2343/5443 5429/2338/5438
f 5427/2336/5436 5429/2338/5438 5434/2343/5443
f 5431/2340/5440 5435/2344/5444 5434/2343/5443
f 5435/2344/5444 5431/2340/5440 5433/2341/5442
f 5436/2345/5445 5434/2343/5443 5435/2344/5444
f 5437/2346/5446 5436/2345/5445 5435/2344/5444
f 5438/2348/5447 5437/2346/5446 5435/2344/5444
f 5435/2344/5444 5433/2341/5442 5438/2348/5447
f 5438/2348/5447 5439/2347/5448 5437/2346/5446
f 5440/2349/5449 5439/2347/5448 5438/2348/5447
f 5440/2349/5449 5441/2350/5450 5439/2347/5448
f 5442/2351/5451 5441/2350/5450 5440/2349/5449
f 5442/2351/5451 5440/2349/5449 5443/2352/5452
f 5444/2353/5453 5433/2341/5442 5432/2342/5441
f 5444/2353/5453 5445/2354/5454 5433/2341/5442
f 5445/2354/5454 5438/2348/5447 5433/2341/5442
f 5445/2354/5454 5440/2349/5449 5438/2348/5447
f 5446/2355/5455 5442/2351/5451 5443/2352/5452
f 5446/2355/5455 5443/2352/5452 5447/2356/5456
f 5448/2357/5457 5446/2355/5455 5447/2356/5456
f 5448/2357/5457 5447/2356/5456 5449/2358/5458
f 5448/2357/5457 5449/2358/5458 5450/2359/5459
f 5450/2359/5459 5451/2360/5460 5448/2357/5457
f 5436/2345/5445 5452/2361/5461 5434/2343/5443
f 5452/2361/5461 5453/2362/5462 5434/2343/5443
f 5453/2362/5462 5454/2363/5463 5434/2343/5443
f 5453/2362/5462 5423/2332/5432 5454/2363/5463
f 5427/2336/5436 5434/2343/5443 5454/2363/5463
f 5427/2336/5436 5454/2363/5463 5424/2334/5431
f 5423/2332/5432 5424/2334/5431 5454/2363/5463
f 5453/2362/5462 5425/2364/5433 5423/2332/5432
f 5264/2375/5464 5456/2377/5465 5455/2413/5465
f 5235/2396/5242 5457/2395/5466 5244/2393/5251
f 5235/2396/5242 5225/2405/5241 5457/2395/5466
f 5458/2415/5467 5460/2414/5468 5459/2416/5469
f 5458/2415/5467 5461/2417/5470 5460/2414/5468
f 5461/2417/5470 5462/2418/5471 5460/2414/5468
f 5461/2417/5470 5463/2419/5472 5462/2418/5471
f 5463/2419/5472 5461/2417/5470 5464/2420/5473
f 5464/2420/5473 5461/2417/5470 5465/2421/5474
f 5461/2417/5470 5458/2415/5467 5465/2421/5474
f 5460/2414/5468 5466/2422/5475 5459/2416/5469
f 5460/2414/5468 5467/2423/5299 5466/2422/5475
f 5467/2423/5299 5460/2414/5468 5462/2418/5471
f 5467/2423/5299 5462/2418/5471 5468/2424/5476
f 5459/2416/5469 5469/2425/5477 5458/2415/5467
f 5470/2426/5478 5469/2425/5477 5459/2416/5469
f 5471/2427/5479 5469/2425/5477 5470/2426/5478
f 5458/2415/5467 5471/2427/5479 5465/2421/5474
f 5458/2415/5467 5469/2425/5477 5471/2427/5479
f 5471/2427/5479 5470/2426/5478 5472/2428/5480
f 5470/2426/5478 5459/2416/5469 5473/2422/5481
f 5463/2419/5472 5464/2420/5473 5474/2429/5482
f 5366/2447/5373 5475/2448/5483 5369/2446/5376
f 5366/2447/5373 5476/2449/5484 5475/2448/5483
f 5476/2449/5484 5366/2447/5373 5363/2474/5370
f 5476/2449/5484 5363/2474/5370 5477/2478/5485
f 5478/2330/5486 5480/2331/5487 5479/2332/5488
f 5479/2332/5488 5481/2333/5489 5478/2330/5486
f 5482/2332/5490 5483/2334/5491 5481/2333/5489
f 5483/2334/5491 5484/2335/5492 5481/2333/5489
f 5483/2334/5491 5485/2336/5493 5484/2335/5492
f 5485/2336/5493 5486/2337/5494 5484/2335/5492
f 5485/2336/5493 5487/2338/5495 5486/2337/5494
f 5487/2338/5495 5488/2339/5496 5486/2337/5494
f 5487/2338/5495 5489/2340/5497 5488/2339/5496
f 5488/2339/5496 5489/2340/5497 5490/2341/5498
f 5488/2339/5496 5490/2341/5498 5491/2342/5499
f 5492/2343/5500 5489/2340/5497 5487/2338/5495
f 5485/2336/5493 5492/2343/5500 5487/2338/5495
f 5492/2343/5500 5493/2344/5501 5489/2340/5497
f 5494/2345/5502 5493/2344/5501 5492/2343/5500
f 5495/2346/5503 5493/2344/5501 5494/2345/5502
f 5493/2344/5501 5495/2346/5503 5496/2347/5504
f 5493/2344/5501 5496/2347/5504 5497/2348/5505
f 5497/2348/5505 5489/2340/5497 5493/2344/5501
f 5497/2348/5505 5490/2341/5498 5489/2340/5497
f 5496/2347/5504 5498/2349/5506 5497/2348/5505
f 5496/2347/5504 5499/2350/5507 5498/2349/5506
f 5500/2351/5508 5498/2349/5506 5499/2350/5507
f 5500/2351/5508 5501/2352/5509 5498/2349/5506
f 5490/2341/5498 5502/2353/5510 5491/2342/5499
f 5490/2341/5498 5503/2354/5511 5502/2353/5510
f 5497/2348/5505 5503/2354/5511 5490/2341/5498
f 5497/2348/5505 5498/2349/5506 5503/2354/5511
f 5504/2355/5512 5501/2352/5509 5500/2351/5508
f 5504/2355/5512 5505/2356/5513 5501/2352/5509
f 5506/2357/5514 5505/2356/5513 5504/2355/5512
f 5506/2357/5514 5507/2358/5515 5505/2356/5513
f 5506/2357/5514 5508/2359/5516 5507/2358/5515
f 5508/2359/5516 5506/2357/5514 5509/2360/5517
f 5494/2345/5502 5492/2343/5500 5510/2361/5518
f 5510/2361/5518 5492/2343/5500 5511/2362/5519
f 5511/2362/5519 5492/2343/5500 5512/2363/5520
f 5485/2336/5493 5512/2363/5520 5492/2343/5500
f 5512/2363/5520 5485/2336/5493 5483/2334/5491
f 5511/2362/5519 5512/2363/5520 5482/2332/5490
f 5512/2363/5520 5483/2334/5491 5482/2332/5490
f 5511/2362/5519 5482/2332/5490 5513/2364/5521
f 5482/2332/5490 5480/2331/5522 5513/2364/5521
f 5514/2365/5523 5516/2366/5524 5515/2367/5525
f 5514/2365/5523 5517/2368/5526 5516/2366/5524
f 5518/2369/5527 5516/2366/5524 5517/2368/5526
f 5518/2369/5527 5519/2370/5528 5516/2366/5524
f 5519/2370/5528 5518/2369/5527 5520/2371/5529
f 5519/2370/5528 5520/2371/5529 5521/2372/5530
f 5521/2372/5530 5520/2371/5529 5522/2373/5531
f 5521/2372/5530 5522/2373/5531 5523/2374/5532
f 5523/2374/5532 5522/2373/5531 5524/2375/5533
f 5523/2374/5532 5524/2375/5533 5525/2376/5534
f 5524/2375/5533 5526/2377/5535 5525/2376/5534
f 5525/2376/5534 5527/2378/5536 5523/2374/5532
f 5525/2376/5534 5528/2379/5537 5527/2378/5536
f 5528/2379/5537 5525/2376/5534 5526/2377/5535
f 5528/2379/5537 5529/2380/5538 5527/2378/5536
f 5530/2381/5539 5527/2378/5536 5529/2380/5538
f 5527/2378/5536 5530/2381/5539 5523/2374/5532
f 5530/2381/5539 5521/2372/5530 5523/2374/5532
f 5530/2381/5539 5529/2380/5538 5531/2382/5540
f 5530/2381/5539 5531/2382/5540 5532/2383/5541
f 5530/2381/5539 5532/2383/5541 5533/2384/5542
f 5521/2372/5530 5533/2384/5542 5519/2370/5528
f 5533/2384/5542 5521/2372/5530 5530/2381/5539
f 5528/2379/5537 5534/2385/5543 5529/2380/5538
f 5535/2386/5544 5534/2385/5543 5528/2379/5537
f 5528/2379/5537 5526/2377/5535 5535/2386/5544
f 5535/2386/5544 5536/2387/5545 5534/2385/5543
f 5533/2384/5542 5532/2383/5541 5537/2388/5546
f 5533/2384/5542 5537/2388/5546 5538/2389/5547
f 5538/2389/5547 5537/2388/5546 5539/2390/5548
f 5538/2389/5547 5539/2390/5548 5540/2391/5549
f 5540/2391/5549 5539/2390/5548 5541/2392/5550
f 5540/2391/5549 5541/2392/5550 5542/2393/5551
f 5542/2393/5551 5541/2392/5550 5543/2394/5552
f 5542/2393/5551 5543/2394/5552 5544/2395/5553
f 5542/2393/5551 5515/2367/5525 5540/2391/5549
f 5542/2393/5551 5545/2396/5554 5515/2367/5525
f 5540/2391/5549 5516/2366/5524 5538/2389/5547
f 5540/2391/5549 5515/2367/5525 5516/2366/5524
f 5546/2395/5555 5545/2396/5554 5542/2393/5551
f 5538/2389/5547 5519/2370/5528 5533/2384/5542
f 5538/2389/5547 5516/2366/5524 5519/2370/5528
f 5543/2394/5552 5541/2392/5550 5547/2397/5556
f 5543/2394/5552 5547/2397/5556 5548/2398/5557
f 5541/2392/5550 5549/2399/5558 5547/2397/5556
f 5541/2392/5550 5539/2390/5548 5549/2399/5558
f 5539/2390/5548 5550/2400/5559 5549/2399/5558
f 5539/2390/5548 5537/2388/5546 5550/2400/5559
f 5532/2383/5541 5550/2400/5559 5537/2388/5546
f 5532/2383/5541 5551/2401/5560 5550/2400/5559
f 5532/2383/5541 5552/2402/5561 5551/2401/5560
f 5532/2383/5541 5531/2382/5540 5552/2402/5561
f 5552/2402/5561 5531/2382/5540 5529/2380/5538
f 5552/2402/5561 5529/2380/5538 5553/2403/5562
f 5553/2403/5562 5529/2380/5538 5534/2385/5543
f 5534/2385/5543 5554/2404/5563 5553/2403/5562
f 5534/2385/5543 5536/2387/5545 5554/2404/5563
f 5546/2395/5555 5555/2405/5564 5545/2396/5554
f 5556/2406/5565 5545/2396/5554 5555/2405/5564
f 5556/2406/5565 5557/2407/5566 5545/2396/5554
f 5558/2408/5567 5545/2396/5554 5557/2407/5566
f 5559/2409/5568 5558/2408/5567 5557/2407/5566
f 5560/2410/5569 5559/2409/5568 5557/2407/5566
f 5560/2410/5569 5557/2407/5566 5561/2411/5570
f 5557/2407/5566 5562/2406/5571 5561/2411/5570
f 5563/2412/5572 5558/2408/5567 5559/2409/5568
f 5558/2408/5567 5515/2367/5525 5545/2396/5554
f 5563/2412/5572 5515/2367/5525 5558/2408/5567
f 5514/2365/5523 5515/2367/5525 5563/2412/5572
f 5564/2406/5573 5555/2405/5574 5565/2396/5575
f 5564/2406/5573 5565/2396/5575 5566/2407/5576
f 5567/2408/5577 5566/2407/5576 5565/2396/5575
f 5568/2409/5578 5566/2407/5576 5567/2408/5577
f 5566/2407/5576 5568/2409/5578 5569/2410/5579
f 5566/2407/5576 5569/2410/5579 5570/2411/5580
f 5566/2407/5576 5570/2411/5580 5571/2406/5581
f 5572/2412/5582 5568/2409/5578 5567/2408/5577
f 5567/2408/5577 5565/2396/5575 5573/2367/5583
f 5572/2412/5582 5567/2408/5577 5573/2367/5583
f 5574/2393/5584 5573/2367/5583 5565/2396/5575
f 5574/2393/5584 5575/2391/5585 5573/2367/5583
f 5575/2391/5585 5574/2393/5584 5576/2392/5586
f 5575/2391/5585 5576/2392/5586 5577/2390/5587
f 5578/2394/5588 5576/2392/5586 5574/2393/5584
f 5578/2394/5588 5574/2393/5584 5579/2395/5589
f 5577/2390/5587 5580/2389/5590 5575/2391/5585
f 5577/2390/5587 5581/2388/5591 5580/2389/5590
f 5581/2388/5591 5582/2384/5592 5580/2389/5590
f 5581/2388/5591 5583/2383/5593 5582/2384/5592
f 5584/2381/5594 5582/2384/5592 5583/2383/5593
f 5584/2381/5594 5583/2383/5593 5585/2382/5595
f 5586/2380/5596 5584/2381/5594 5585/2382/5595
f 5586/2380/5596 5587/2378/5597 5584/2381/5594
f 5588/2379/5598 5587/2378/5597 5586/2380/5596
f 5588/2379/5598 5586/2380/5596 5589/2385/5599
f 5589/2385/5599 5590/2386/5600 5588/2379/5598
f 5589/2385/5599 5591/2387/5601 5590/2386/5600
f 5587/2378/5597 5588/2379/5598 5592/2376/5602
f 5587/2378/5597 5592/2376/5602 5593/2374/5603
f 5587/2378/5597 5593/2374/5603 5584/2381/5594
f 5593/2374/5603 5592/2376/5602 5594/2375/5604
f 5593/2374/5603 5594/2375/5604 5595/2373/5605
f 5594/2375/5604 5592/2376/5602 5596/2377/5606
f 5588/2379/5598 5596/2377/5606 5592/2376/5602
f 5588/2379/5598 5590/2386/5600 5596/2377/5606
f 5597/2372/5607 5593/2374/5603 5595/2373/5605
f 5582/2384/5592 5584/2381/5594 5597/2372/5607
f 5584/2381/5594 5593/2374/5603 5597/2372/5607
f 5597/2372/5607 5595/2373/5605 5598/2371/5608
f 5599/2370/5609 5597/2372/5607 5598/2371/5608
f 5599/2370/5609 5598/2371/5608 5600/2369/5610
f 5600/2369/5610 5601/2368/5611 5599/2370/5609
f 5597/2372/5607 5599/2370/5609 5582/2384/5592
f 5599/2370/5609 5580/2389/5590 5582/2384/5592
f 5589/2385/5599 5602/2404/5612 5591/2387/5601
f 5589/2385/5599 5603/2403/5613 5602/2404/5612
f 5599/2370/5609 5604/2366/5614 5580/2389/5590
f 5601/2368/5611 5604/2366/5614 5599/2370/5609
f 5605/2365/5615 5604/2366/5614 5601/2368/5611
f 5605/2365/5615 5573/2367/5583 5604/2366/5614
f 5604/2366/5614 5575/2391/5585 5580/2389/5590
f 5604/2366/5614 5573/2367/5583 5575/2391/5585
f 5605/2365/5615 5572/2412/5582 5573/2367/5583
f 5586/2380/5596 5606/2402/5616 5603/2403/5613
f 5586/2380/5596 5585/2382/5595 5606/2402/5616
f 5583/2383/5593 5606/2402/5616 5585/2382/5595
f 5583/2383/5593 5607/2401/5617 5606/2402/5616
f 5608/2400/5618 5607/2401/5617 5583/2383/5593
f 5608/2400/5618 5583/2383/5593 5581/2388/5591
f 5577/2390/5587 5608/2400/5618 5581/2388/5591
f 5577/2390/5587 5609/2399/5619 5608/2400/5618
f 5576/2392/5586 5609/2399/5619 5577/2390/5587
f 5576/2392/5586 5610/2397/5620 5609/2399/5619
f 5578/2394/5588 5610/2397/5620 5576/2392/5586
f 5578/2394/5588 5611/2398/5621 5610/2397/5620
f 5603/2403/5613 5589/2385/5599 5586/2380/5596
f 5524/2375/5622 5613/2413/5623 5612/2377/5623
f 5614/2414/5624 5616/2415/5625 5615/2416/5626
f 5614/2414/5624 5617/2417/5627 5616/2415/5625
f 5618/2418/5628 5617/2417/5627 5614/2414/5624
f 5618/2418/5628 5619/2419/5629 5617/2417/5627
f 5619/2419/5629 5620/2420/5630 5617/2417/5627
f 5620/2420/5630 5621/2421/5631 5617/2417/5627
f 5621/2421/5631 5616/2415/5625 5617/2417/5627
f 5614/2414/5624 5615/2416/5626 5622/2422/5632
f 5614/2414/5624 5622/2422/5632 5623/2423/5633
f 5623/2423/5633 5618/2418/5628 5614/2414/5624
f 5623/2423/5633 5624/2424/5634 5618/2418/5628
f 5615/2416/5626 5616/2415/5625 5625/2425/5635
f 5615/2416/5626 5625/2425/5635 5626/2426/5636
f 5627/2427/5637 5626/2426/5636 5625/2425/5635
f 5616/2415/5625 5627/2427/5637 5625/2425/5635
f 5616/2415/5625 5621/2421/5631 5627/2427/5637
f 5627/2427/5637 5628/2428/5638 5626/2426/5636
f 5615/2416/5626 5626/2426/5636 5629/2422/5639
f 5619/2419/5629 5630/2429/5640 5620/2420/5630
f 5631/2430/5641 5633/2431/5642 5632/2432/5643
f 5631/2430/5641 5634/2433/5644 5633/2431/5642
f 5635/2434/5645 5634/2433/5644 5631/2430/5641
f 5635/2434/5645 5636/2435/5646 5634/2433/5644
f 5634/2433/5644 5637/2436/5647 5633/2431/5642
f 5638/2437/5648 5633/2431/5642 5637/2436/5647
f 5638/2437/5648 5639/2438/5649 5633/2431/5642
f 5640/2439/5650 5639/2438/5649 5638/2437/5648
f 5640/2439/5650 5641/2440/5651 5639/2438/5649
f 5634/2433/5644 5642/2441/5652 5637/2436/5647
f 5636/2435/5646 5642/2441/5652 5634/2433/5644
f 5636/2435/5646 5643/2442/5653 5642/2441/5652
f 5644/2443/5654 5641/2440/5651 5640/2439/5650
f 5644/2443/5654 5640/2439/5650 5645/2444/5655
f 5645/2444/5655 5646/2445/5656 5644/2443/5654
f 5646/2445/5656 5645/2444/5655 5647/2446/5657
f 5646/2445/5656 5647/2446/5657 5648/2447/5658
f 5648/2447/5658 5647/2446/5657 5649/2448/5659
f 5648/2447/5658 5649/2448/5659 5650/2449/5660
f 5651/2450/5661 5644/2443/5654 5646/2445/5656
f 5651/2450/5661 5646/2445/5656 5652/2451/5662
f 5648/2447/5658 5652/2451/5662 5646/2445/5656
f 5653/2452/5663 5644/2443/5654 5651/2450/5661
f 5653/2452/5663 5654/2453/5664 5644/2443/5654
f 5641/2440/5651 5644/2443/5654 5654/2453/5664
f 5639/2438/5649 5641/2440/5651 5655/2454/5665
f 5654/2453/5664 5653/2452/5663 5656/2455/5666
f 5654/2453/5664 5656/2455/5666 5657/2456/5667
f 5653/2452/5663 5658/2457/5668 5656/2455/5666
f 5653/2452/5663 5659/2458/5669 5658/2457/5668
f 5660/2450/5670 5659/2458/5669 5653/2452/5663
f 5660/2450/5670 5652/2451/5662 5661/2459/5671
f 5651/2450/5661 5662/2460/5672 5659/2458/5669
f 5662/2460/5672 5651/2450/5661 5661/2459/5671
f 5658/2457/5668 5663/2461/5673 5656/2455/5666
f 5655/2454/5665 5657/2456/5667 5663/2461/5673
f 5657/2456/5667 5656/2455/5666 5663/2461/5673
f 5641/2440/5651 5657/2456/5667 5655/2454/5665
f 5641/2440/5651 5654/2453/5664 5657/2456/5667
f 5661/2459/5671 5652/2451/5662 5664/2462/5674
f 5661/2459/5671 5664/2462/5674 5665/2463/5675
f 5664/2462/5674 5666/2464/5676 5665/2463/5675
f 5655/2454/5665 5663/2461/5673 5667/2465/5677
f 5632/2432/5643 5655/2454/5665 5667/2465/5677
f 5632/2432/5643 5633/2431/5642 5655/2454/5665
f 5639/2438/5649 5655/2454/5665 5633/2431/5642
f 5658/2457/5668 5668/2466/5678 5663/2461/5673
f 5667/2465/5677 5668/2466/5678 5632/2432/5643
f 5663/2461/5673 5668/2466/5678 5667/2465/5677
f 5668/2466/5678 5658/2457/5668 5669/2467/5679
f 5669/2467/5679 5670/2468/5680 5668/2466/5678
f 5670/2468/5680 5632/2432/5643 5668/2466/5678
f 5670/2468/5680 5631/2430/5641 5632/2432/5643
f 5671/2434/5681 5631/2430/5641 5670/2468/5680
f 5671/2434/5681 5670/2468/5680 5672/2469/5682
f 5672/2469/5682 5670/2468/5680 5669/2467/5679
f 5672/2469/5682 5669/2467/5679 5673/2470/5683
f 5674/2471/5684 5673/2470/5683 5669/2467/5679
f 5674/2471/5684 5669/2467/5679 5675/2472/5685
f 5675/2472/5685 5669/2467/5679 5658/2457/5668
f 5675/2472/5685 5658/2457/5668 5676/2473/5686
f 5659/2458/5669 5676/2473/5686 5658/2457/5668
f 5648/2447/5658 5678/2474/5687 5677/2475/5688
f 5648/2447/5658 5677/2475/5688 5652/2451/5662
f 5679/2476/5689 5677/2475/5688 5678/2474/5687
f 5664/2462/5674 5677/2475/5688 5679/2476/5689
f 5664/2462/5674 5652/2451/5662 5677/2475/5688
f 5678/2474/5687 5680/2477/5690 5679/2476/5689
f 5678/2474/5687 5681/2478/5691 5680/2477/5690
f 5678/2474/5687 5648/2447/5658 5650/2449/5660
f 5678/2474/5687 5650/2449/5660 5682/2478/5692
f 5664/2462/5674 5679/2476/5689 5683/2464/5693
f 5679/2476/5689 5684/2479/5694 5683/2464/5693
f 5679/2476/5689 5680/2477/5690 5684/2479/5694
f 5683/2464/5693 5684/2479/5694 5685/2480/5695
f 5683/2464/5693 5685/2480/5695 5686/2481/5696
f 5683/2464/5693 5686/2481/5696 5687/2482/5697
f 5683/2464/5693 5687/2482/5697 5688/2463/5698
f 5665/2463/5675 5687/2482/5697 5689/2483/5699
f 5690/2484/5700 5665/2463/5675 5689/2483/5699
f 5661/2459/5671 5665/2463/5675 5690/2484/5700
f 5661/2459/5671 5690/2484/5700 5662/2460/5672
f 5690/2484/5700 5691/2485/5701 5662/2460/5672
f 5690/2484/5700 5689/2483/5699 5691/2485/5701
f 5692/2477/5702 5681/2478/5703 5693/2474/5704
f 5692/2477/5702 5693/2474/5704 5694/2476/5705
f 5694/2476/5705 5693/2474/5704 5695/2475/5706
f 5696/2447/5707 5695/2475/5706 5693/2474/5704
f 5696/2447/5707 5697/2451/5708 5695/2475/5706
f 5696/2447/5707 5698/2445/5709 5697/2451/5708
f 5698/2445/5709 5696/2447/5707 5699/2446/5710
f 5698/2445/5709 5699/2446/5710 5700/2444/5711
f 5700/2444/5711 5701/2443/5712 5698/2445/5709
f 5701/2443/5712 5700/2444/5711 5702/2439/5713
f 5701/2443/5712 5702/2439/5713 5703/2440/5714
f 5702/2439/5713 5704/2438/5715 5703/2440/5714
f 5702/2439/5713 5705/2437/5716 5704/2438/5715
f 5705/2437/5716 5706/2431/5717 5704/2438/5715
f 5705/2437/5716 5707/2436/5718 5706/2431/5717
f 5707/2436/5718 5708/2433/5719 5706/2431/5717
f 5709/2430/5720 5706/2431/5717 5708/2433/5719
f 5709/2430/5720 5710/2432/5721 5706/2431/5717
f 5711/2434/5722 5709/2430/5720 5708/2433/5719
f 5711/2434/5722 5708/2433/5719 5712/2435/5723
f 5707/2436/5718 5713/2441/5724 5708/2433/5719
f 5713/2441/5724 5712/2435/5723 5708/2433/5719
f 5713/2441/5724 5714/2442/5725 5712/2435/5723
f 5703/2440/5714 5715/2453/5726 5701/2443/5712
f 5701/2443/5712 5715/2453/5726 5716/2452/5727
f 5701/2443/5712 5716/2452/5727 5717/2450/5728
f 5704/2438/5715 5718/2454/5729 5703/2440/5714
f 5704/2438/5715 5706/2431/5717 5718/2454/5729
f 5718/2454/5729 5706/2431/5717 5710/2432/5721
f 5715/2453/5726 5719/2455/5730 5716/2452/5727
f 5715/2453/5726 5720/2456/5731 5719/2455/5730
f 5716/2452/5727 5719/2455/5730 5721/2457/5732
f 5716/2452/5727 5721/2457/5732 5722/2458/5733
f 5717/2450/5734 5722/2458/5735 5723/2460/5736
f 5724/2450/5737 5716/2452/5727 5722/2458/5733
f 5721/2457/5732 5719/2455/5730 5725/2461/5738
f 5718/2454/5729 5725/2461/5738 5720/2456/5731
f 5720/2456/5731 5725/2461/5738 5719/2455/5730
f 5703/2440/5714 5720/2456/5731 5715/2453/5726
f 5703/2440/5714 5718/2454/5729 5720/2456/5731
f 5723/2460/5736 5726/2459/5739 5717/2450/5734
f 5724/2450/5737 5726/2459/5739 5697/2451/5708
f 5698/2445/5709 5717/2450/5728 5697/2451/5708
f 5698/2445/5709 5701/2443/5712 5717/2450/5728
f 5727/2462/5740 5697/2451/5708 5726/2459/5739
f 5727/2462/5740 5726/2459/5739 5728/2463/5741
f 5729/2464/5742 5727/2462/5740 5728/2463/5741
f 5718/2454/5729 5730/2465/5743 5725/2461/5738
f 5721/2457/5732 5725/2461/5738 5731/2466/5744
f 5725/2461/5738 5730/2465/5743 5731/2466/5744
f 5731/2466/5744 5732/2467/5745 5721/2457/5732
f 5732/2467/5745 5731/2466/5744 5733/2468/5746
f 5733/2468/5746 5731/2466/5744 5710/2432/5721
f 5730/2465/5743 5710/2432/5721 5731/2466/5744
f 5718/2454/5729 5710/2432/5721 5730/2465/5743
f 5733/2468/5746 5710/2432/5721 5709/2430/5720
f 5733/2468/5746 5709/2430/5720 5734/2434/5747
f 5733/2468/5746 5734/2434/5747 5735/2469/5748
f 5732/2467/5745 5733/2468/5746 5735/2469/5748
f 5732/2467/5745 5735/2469/5748 5736/2470/5683
f 5727/2462/5740 5695/2475/5706 5697/2451/5708
f 5727/2462/5740 5694/2476/5705 5695/2475/5706
f 5737/2464/5749 5694/2476/5705 5727/2462/5740
f 5738/2479/5750 5694/2476/5705 5737/2464/5749
f 5738/2479/5750 5692/2477/5702 5694/2476/5705
f 5739/2480/5751 5738/2479/5750 5737/2464/5749
f 5739/2480/5751 5737/2464/5749 5740/2481/5752
f 5741/2471/5684 5732/2467/5745 5736/2470/5683
f 5741/2471/5684 5742/2472/5753 5732/2467/5745
f 5737/2464/5749 5743/2482/5754 5740/2481/5752
f 5737/2464/5749 5744/2463/5755 5743/2482/5754
f 5742/2472/5753 5721/2457/5732 5732/2467/5745
f 5742/2472/5753 5745/2473/5756 5721/2457/5732
f 5722/2458/5733 5721/2457/5732 5745/2473/5756
f 5728/2463/5741 5746/2483/5757 5743/2482/5754
f 5746/2483/5757 5728/2463/5741 5747/2484/5758
f 5726/2459/5739 5747/2484/5758 5728/2463/5741
f 5726/2459/5739 5723/2460/5736 5747/2484/5758
f 5747/2484/5758 5723/2460/5736 5748/2485/5759
f 5746/2483/5757 5747/2484/5758 5748/2485/5759
f 5749/2330/5760 5751/2332/5761 5750/2331/5762
f 5752/2333/5763 5751/2332/5761 5749/2330/5760
f 5752/2333/5763 5754/2334/5764 5753/2332/5765
f 5753/2332/5765 5755/2364/5766 5750/2331/5767
f 5756/2335/5768 5754/2334/5764 5752/2333/5763
f 5756/2335/5768 5757/2336/5769 5754/2334/5764
f 5757/2336/5769 5756/2335/5768 5758/2337/5770
f 5757/2336/5769 5758/2337/5770 5759/2338/5771
f 5759/2338/5771 5758/2337/5770 5760/2339/5772
f 5759/2338/5771 5760/2339/5772 5761/2340/5773
f 5762/2342/5774 5761/2340/5773 5760/2339/5772
f 5762/2342/5774 5763/2341/5775 5761/2340/5773
f 5761/2340/5773 5764/2343/5776 5759/2338/5771
f 5757/2336/5769 5759/2338/5771 5764/2343/5776
f 5761/2340/5773 5765/2344/5777 5764/2343/5776
f 5765/2344/5777 5761/2340/5773 5763/2341/5775
f 5766/2345/5778 5764/2343/5776 5765/2344/5777
f 5767/2346/5779 5766/2345/5778 5765/2344/5777
f 5768/2348/5780 5767/2346/5779 5765/2344/5777
f 5765/2344/5777 5763/2341/5775 5768/2348/5780
f 5768/2348/5780 5769/2347/5781 5767/2346/5779
f 5770/2349/5782 5769/2347/5781 5768/2348/5780
f 5770/2349/5782 5771/2350/5783 5769/2347/5781
f 5772/2351/5784 5771/2350/5783 5770/2349/5782
f 5772/2351/5784 5770/2349/5782 5773/2352/5785
f 5774/2353/5786 5763/2341/5775 5762/2342/5774
f 5774/2353/5786 5775/2354/5787 5763/2341/5775
f 5775/2354/5787 5768/2348/5780 5763/2341/5775
f 5775/2354/5787 5770/2349/5782 5768/2348/5780
f 5776/2355/5788 5772/2351/5784 5773/2352/5785
f 5776/2355/5788 5773/2352/5785 5777/2356/5789
f 5778/2357/5790 5776/2355/5788 5777/2356/5789
f 5778/2357/5790 5777/2356/5789 5779/2358/5791
f 5778/2357/5790 5779/2358/5791 5780/2359/5792
f 5780/2359/5792 5781/2360/5793 5778/2357/5790
f 5766/2345/5778 5782/2361/5794 5764/2343/5776
f 5782/2361/5794 5783/2362/5795 5764/2343/5776
f 5783/2362/5795 5784/2363/5796 5764/2343/5776
f 5783/2362/5795 5753/2332/5765 5784/2363/5796
f 5757/2336/5769 5764/2343/5776 5784/2363/5796
f 5757/2336/5769 5784/2363/5796 5754/2334/5764
f 5753/2332/5765 5754/2334/5764 5784/2363/5796
f 5783/2362/5795 5755/2364/5766 5753/2332/5765
f 5594/2375/5604 5786/2377/5797 5785/2413/5797
f 5565/2396/5575 5787/2395/5798 5574/2393/5584
f 5565/2396/5575 5555/2405/5574 5787/2395/5798
f 5788/2415/5799 5790/2414/5800 5789/2416/5801
f 5788/2415/5799 5791/2417/5802 5790/2414/5800
f 5791/2417/5802 5792/2418/5803 5790/2414/5800
f 5791/2417/5802 5793/2419/5804 5792/2418/5803
f 5793/2419/5804 5791/2417/5802 5794/2420/5805
f 5794/2420/5805 5791/2417/5802 5795/2421/5806
f 5791/2417/5802 5788/2415/5799 5795/2421/5806
f 5790/2414/5800 5796/2422/5807 5789/2416/5801
f 5790/2414/5800 5797/2423/5633 5796/2422/5807
f 5797/2423/5633 5790/2414/5800 5792/2418/5803
f 5797/2423/5633 5792/2418/5803 5798/2424/5808
f 5789/2416/5801 5799/2425/5809 5788/2415/5799
f 5800/2426/5810 5799/2425/5809 5789/2416/5801
f 5801/2427/5811 5799/2425/5809 5800/2426/5810
f 5788/2415/5799 5801/2427/5811 5795/2421/5806
f 5788/2415/5799 5799/2425/5809 5801/2427/5811
f 5801/2427/5811 5800/2426/5810 5802/2428/5812
f 5800/2426/5810 5789/2416/5801 5803/2422/5813
f 5793/2419/5804 5794/2420/5805 5804/2429/5814
f 5696/2447/5707 5805/2448/5815 5699/2446/5710
f 5696/2447/5707 5806/2449/5816 5805/2448/5815
f 5806/2449/5816 5696/2447/5707 5693/2474/5704
f 5806/2449/5816 5693/2474/5704 5807/2478/5817
f 5808/2486/5818 5810/2487/5819 5809/2488/5820
f 5808/2486/5818 5809/2488/5820 5811/2489/5821
f 5808/2486/5818 5811/2489/5821 5812/2490/5822
f 5813/2491/5823 5810/2487/5819 5808/2486/5818
f 5813/2491/5823 5814/2492/5824 5810/2487/5819
f 5815/2493/5825 5810/2487/5819 5814/2492/5824
f 5815/2493/5825 5809/2488/5820 5810/2487/5819
f 5809/2488/5820 5816/2494/5826 5811/2489/5821
f 5809/2488/5820 5815/2493/5825 5816/2494/5826
f 5817/2495/5827 5811/2489/5821 5816/2494/5826
f 5811/2489/5821 5817/2495/5827 5818/2496/5828
f 5812/2490/5822 5811/2489/5821 5818/2496/5828
f 5818/2496/5828 5819/2497/5829 5812/2490/5822
f 5819/2497/5829 5820/2498/5830 5812/2490/5822
f 5808/2486/5818 5820/2498/5830 5813/2491/5823
f 5808/2486/5818 5812/2490/5822 5820/2498/5830
f 5819/2497/5829 5821/2499/5831 5820/2498/5830
f 5817/2495/5827 5816/2494/5826 5822/2500/5832
f 5823/2501/5833 5819/2497/5829 5818/2496/5828
f 5819/2497/5829 5824/2502/5834 5821/2499/5831
f 5819/2497/5829 5823/2501/5833 5824/2502/5834
f 5825/2503/5835 5824/2502/5834 5823/2501/5833
f 5826/2504/5836 5825/2503/5835 5823/2501/5833
f 5826/2504/5836 5827/2505/5837 5825/2503/5835
f 5826/2504/5836 5823/2501/5833 5828/2506/5838
f 5828/2506/5838 5823/2501/5833 5818/2496/5828
f 5818/2496/5828 5829/2507/5839 5828/2506/5838
f 5829/2507/5839 5830/2508/5840 5828/2506/5838
f 5826/2504/5836 5828/2506/5838 5830/2508/5840
f 5829/2507/5839 5831/2509/5841 5830/2508/5840
f 5832/2510/5842 5827/2505/5837 5826/2504/5836
f 5826/2504/5836 5830/2508/5840 5832/2510/5842
f 5832/2510/5842 5833/2511/5843 5827/2505/5837
f 5834/2512/5844 5827/2505/5837 5833/2511/5843
f 5834/2512/5844 5825/2503/5835 5827/2505/5837
f 5825/2503/5835 5834/2512/5844 5824/2502/5834
f 5829/2507/5839 5835/2513/5845 5831/2509/5841
f 5829/2507/5839 5836/2514/5846 5835/2513/5845
f 5836/2514/5846 5829/2507/5839 5818/2496/5828
f 5837/2515/5847 5835/2513/5845 5836/2514/5846
f 5838/2516/5848 5837/2515/5847 5836/2514/5846
f 5838/2516/5848 5839/2517/5849 5837/2515/5847
f 5838/2516/5848 5836/2514/5846 5840/2518/5850
f 5840/2518/5850 5836/2514/5846 5818/2496/5828
f 5818/2496/5828 5817/2495/5827 5840/2518/5850
f 5817/2495/5827 5841/2519/5851 5840/2518/5850
f 5838/2516/5848 5840/2518/5850 5841/2519/5851
f 5817/2495/5827 5822/2500/5832 5841/2519/5851
f 5842/2520/5852 5839/2517/5849 5838/2516/5848
f 5838/2516/5848 5841/2519/5851 5842/2520/5852
f 5842/2520/5852 5843/2521/5853 5839/2517/5849
f 5844/2522/5854 5839/2517/5849 5843/2521/5853
f 5844/2522/5854 5837/2515/5847 5839/2517/5849
f 5837/2515/5847 5844/2522/5854 5835/2513/5845
f 5845/2523/5855 5847/2524/5855 5846/2525/5855
f 5845/2523/5855 5846/2525/5855 5848/2526/5855
f 5845/2523/5855 5848/2526/5855 5849/2527/5855
f 5850/2528/5855 5852/2529/5855 5851/2530/5855
f 5850/2528/5855 5851/2530/5855 5853/2531/5855
f 5850/2528/5855 5853/2531/5855 5854/2532/5855
f 5855/2533/5855 5857/2534/5855 5856/2535/5855
f 5855/2533/5855 5856/2535/5855 5858/2536/5855
f 5855/2533/5855 5858/2536/5855 5859/2537/5855
f 5860/2538/5828 5862/2539/5828 5861/2540/5828
f 5861/2540/5828 5862/2539/5828 5863/2541/5828
f 5861/2540/5828 5863/2541/5828 5864/2542/5828
f 5861/2540/5828 5864/2542/5828 5865/2543/5828
f 5861/2540/5828 5865/2543/5828 5866/2544/5828
f 5861/2540/5828 5866/2544/5828 5867/2545/5828
f 5861/2540/5828 5867/2545/5828 5868/2546/5828
f 5861/2540/5828 5868/2546/5828 5860/2538/5828
f 5869/2540/5855 5871/2546/5855 5870/2538/5855
f 5871/2546/5855 5869/2540/5855 5872/2545/5855
f 5872/2545/5855 5869/2540/5855 5873/2544/5855
f 5873/2544/5855 5869/2540/5855 5874/2543/5855
f 5874/2543/5855 5869/2540/5855 5875/2542/5856
f 5875/2542/5856 5869/2540/5855 5876/2541/5855
f 5876/2541/5855 5869/2540/5855 5877/2539/5855
f 5877/2539/5855 5869/2540/5855 5870/2538/5855
f 5878/2547/5857 5880/2548/5858 5879/2549/5858
f 5878/2547/5857 5881/2550/5857 5880/2548/5858
f 5882/2551/5859 5881/2550/5857 5878/2547/5857
f 5882/2551/5859 5883/2552/5859 5881/2550/5857
f 5884/2553/5860 5883/2552/5859 5882/2551/5859
f 5884/2553/5860 5885/2554/5861 5883/2552/5859
f 5886/2555/5862 5885/2554/5861 5884/2553/5860
f 5886/2555/5862 5887/2556/5862 5885/2554/5861
f 5888/2557/5863 5887/2556/5862 5886/2555/5862
f 5888/2557/5863 5889/2558/5863 5887/2556/5862
f 5890/2559/5864 5889/2558/5863 5888/2557/5863
f 5890/2559/5864 5891/2560/5865 5889/2558/5863
f 5892/2561/5866 5891/2560/5865 5890/2559/5864
f 5892/2561/5866 5893/2562/5867 5891/2560/5865
f 5894/2563/5868 5893/2562/5867 5892/2561/5866
f 5894/2563/5868 5895/2564/5868 5893/2562/5867
f 5896/2565/5869 5898/2566/5870 5897/2567/5871
f 5896/2565/5869 5899/2568/5872 5898/2566/5870
f 5898/2566/5870 5899/2568/5872 5900/2569/5873
f 5898/2566/5870 5900/2569/5873 5901/2570/5874
f 5901/2570/5874 5900/2569/5873 5902/2571/5875
f 5901/2570/5874 5902/2571/5875 5903/2572/5876
f 5903/2572/5876 5902/2571/5875 5904/2573/5877
f 5903/2572/5876 5904/2573/5877 5905/2574/5878
f 5905/2574/5878 5904/2573/5877 5906/2575/5879
f 5905/2574/5878 5906/2575/5879 5907/2576/5880
f 5907/2576/5880 5906/2575/5879 5908/2577/5881
f 5907/2576/5880 5908/2577/5881 5909/2578/5882
f 5909/2578/5882 5908/2577/5881 5910/2579/5883
f 5909/2578/5882 5910/2579/5883 5911/2580/5884
f 5911/2580/5884 5896/2565/5869 5897/2567/5871
f 5911/2580/5884 5910/2579/5883 5896/2565/5869
f 5899/2568/5872 5896/2565/5869 5912/2581/5855
f 5900/2569/5873 5899/2568/5872 5912/2581/5855
f 5902/2571/5875 5900/2569/5873 5912/2581/5855
f 5904/2573/5877 5902/2571/5875 5912/2581/5855
f 5906/2575/5879 5904/2573/5877 5912/2581/5855
f 5908/2577/5881 5906/2575/5879 5912/2581/5855
f 5910/2579/5883 5908/2577/5881 5912/2581/5855
f 5896/2565/5869 5910/2579/5883 5912/2581/5855
f 5913/2582/5885 5901/2570/5874 5903/2572/5876
f 5914/2583/5886 5903/2572/5876 5905/2574/5878
f 5914/2583/5886 5913/2582/5885 5903/2572/5876
f 5915/2584/5887 5905/2574/5878 5907/2576/5880
f 5915/2584/5887 5914/2583/5886 5905/2574/5878
f 5916/2585/5888 5915/2584/5887 5907/2576/5880
f 5917/2586/5889 5916/2585/5888 5907/2576/5880
f 5917/2586/5889 5907/2576/5880 5918/2578/5890
f 5919/2587/5891 5909/2578/5882 5911/2580/5884
f 5920/2588/5892 5919/2587/5891 5911/2580/5884
f 5920/2588/5892 5911/2580/5884 5897/2567/5871
f 5921/2589/5893 5920/2588/5892 5897/2567/5871
f 5921/2589/5893 5897/2567/5871 5898/2566/5870
f 5922/2590/5894 5921/2589/5893 5898/2566/5870
f 5922/2590/5894 5898/2566/5870 5923/2570/5894
f 5913/2582/5885 5925/2590/5895 5924/2570/5895
f 5919/2587/5891 5927/2586/5896 5926/2578/5896
f 5928/2591/5897 5930/2592/5898 5929/2593/5899
f 5930/2592/5898 5928/2591/5897 5931/2594/5900
f 5928/2591/5897 5932/2595/5901 5931/2594/5900
f 5928/2591/5897 5933/2596/5902 5932/2595/5901
f 5928/2591/5897 5934/2597/5903 5933/2596/5902
f 5928/2591/5897 5935/2598/5904 5934/2597/5903
f 5928/2591/5897 5936/2599/5905 5935/2598/5904
f 5928/2591/5897 5937/2600/5906 5936/2599/5905
f 5937/2600/5906 5928/2591/5897 5929/2593/5899
f 5938/2601/5907 5940/2602/5908 5939/2603/5909
f 5941/2604/5910 5938/2601/5907 5939/2603/5909
f 5942/2605/5911 5938/2601/5907 5941/2604/5910
f 5943/2606/5912 5938/2601/5907 5942/2605/5911
f 5944/2607/5913 5943/2606/5912 5942/2605/5911
f 5942/2605/5911 5941/2604/5910 5945/2608/5914
f 5941/2604/5910 5939/2603/5909 5946/2609/5915
f 5947/2610/5916 5941/2604/5910 5946/2609/5915
f 5941/2604/5910 5947/2610/5916 5945/2608/5914
f 5940/2602/5908 5948/2611/5917 5939/2603/5909
f 5948/2611/5917 5940/2602/5908 5949/2612/5918
f 5948/2611/5917 5949/2612/5918 5950/2613/5919
f 5951/2614/5920 5950/2613/5919 5949/2612/5918
f 5951/2614/5920 5949/2612/5918 5952/2615/5921
f 5952/2615/5921 5949/2612/5918 5953/2616/5922
f 5953/2616/5922 5949/2612/5918 5940/2602/5908
f 5938/2601/5907 5953/2616/5922 5940/2602/5908
f 5944/2607/5913 5954/2617/5923 5943/2606/5912
f 5955/2618/5924 5954/2617/5923 5944/2607/5913
f 5955/2618/5924 5944/2607/5913 5956/2619/5925
f 5955/2618/5924 5956/2619/5925 5957/2620/5926
f 5958/2621/5927 5960/2622/5928 5959/2623/5929
f 5958/2621/5927 5961/2624/5930 5960/2622/5928
f 5962/2625/5931 5960/2622/5928 5961/2624/5930
f 5962/2625/5931 5963/2626/5932 5960/2622/5928
f 5964/2627/5933 5962/2625/5931 5961/2624/5930
f 5964/2627/5933 5961/2624/5930 5958/2621/5927
f 5965/2628/5934 5964/2627/5933 5958/2621/5927
f 5965/2628/5934 5966/2629/5935 5964/2627/5933
f 5966/2629/5935 5967/2630/5936 5964/2627/5933
f 5966/2629/5935 5968/2631/5937 5967/2630/5936
f 5968/2631/5937 5969/2632/5938 5967/2630/5936
f 5968/2631/5937 5970/2633/5939 5969/2632/5938
f 5971/2634/5940 5967/2630/5936 5969/2632/5938
f 5972/2635/5941 5968/2631/5937 5966/2629/5935
f 5973/2636/5942 5968/2631/5937 5972/2635/5941
f 5973/2636/5942 5974/2637/5943 5968/2631/5937
f 5974/2637/5943 5970/2633/5939 5968/2631/5937
f 5974/2637/5943 5973/2636/5942 5975/2638/5944
f 5973/2636/5942 5976/2639/5945 5975/2638/5944
f 5976/2639/5945 5973/2636/5942 5972/2635/5941
f 5967/2630/5936 5971/2634/5940 5977/2640/5946
f 5978/2641/5947 5967/2630/5936 5977/2640/5946
f 5978/2641/5947 5977/2640/5946 5979/2642/5948
f 5967/2630/5936 5978/2641/5947 5980/2643/5949
f 5978/2641/5947 5981/2644/5950 5980/2643/5949
f 5978/2641/5947 5979/2642/5948 5981/2644/5950
f 5980/2643/5949 5981/2644/5950 5982/2645/5951
f 5980/2643/5949 5982/2645/5951 5962/2625/5931
f 5982/2645/5951 5983/2646/5952 5962/2625/5931
f 5964/2627/5933 5980/2643/5949 5962/2625/5931
f 5983/2646/5952 5963/2626/5932 5962/2625/5931
f 5984/2647/5953 5976/2639/5945 5972/2635/5941
f 5985/2648/5954 5984/2647/5953 5972/2635/5941
f 5984/2647/5953 5985/2648/5954 5986/2649/5955
f 5985/2648/5954 5987/2650/5956 5986/2649/5955
f 5984/2647/5953 5986/2649/5955 5988/2651/5957
f 5985/2648/5954 5972/2635/5941 5966/2629/5935
f 5965/2628/5934 5985/2648/5954 5966/2629/5935
f 5985/2648/5954 5965/2628/5934 5989/2650/5958
f 5990/2652/5959 5989/2650/5958 5965/2628/5934
f 5990/2652/5959 5965/2628/5934 5991/2653/5960
f 5990/2652/5959 5991/2653/5960 5959/2623/5929
f 5990/2652/5959 5959/2623/5929 5992/2654/5961
f 5967/2630/5936 5980/2643/5949 5964/2627/5933
f 5993/2621/5962 5995/2623/5963 5994/2653/5964
f 5993/2621/5962 5994/2653/5964 5996/2628/5965
f 5997/2655/5966 5999/2601/5967 5998/2602/5968
f 5997/2655/5966 5998/2602/5968 6000/2612/5969
f 6001/2656/5970 5997/2655/5966 6000/2612/5969
f 6002/2614/5971 6001/2656/5970 6000/2612/5969
f 6002/2614/5971 6000/2612/5969 6003/2613/5972
f 6000/2612/5969 6004/2611/5973 6003/2613/5972
f 6000/2612/5969 5998/2602/5968 6004/2611/5973
f 6005/2603/5974 6004/2611/5973 5998/2602/5968
f 5999/2601/5967 6005/2603/5974 5998/2602/5968
f 5999/2601/5967 6006/2657/5975 6005/2603/5974
f 5999/2601/5967 6007/2658/5976 6006/2657/5975
f 6007/2658/5976 6008/2610/5977 6006/2657/5975
f 6008/2610/5977 6007/2658/5976 6009/2659/5978
f 6007/2658/5976 6010/2605/5979 6009/2659/5978
f 6007/2658/5976 5999/2601/5967 6010/2605/5979
f 6011/2606/5980 6010/2605/5979 5999/2601/5967
f 6011/2606/5980 6012/2660/5981 6010/2605/5979
f 6011/2606/5980 6013/2617/5982 6012/2660/5981
f 6014/2618/5983 6012/2660/5981 6013/2617/5982
f 6014/2618/5983 6015/2619/5984 6012/2660/5981
f 6014/2618/5983 6016/2620/5985 6015/2619/5984
f 6017/2622/5986 6019/2621/5987 6018/2623/5988
f 6017/2622/5986 6020/2624/5989 6019/2621/5987
f 6021/2625/5990 6020/2624/5989 6017/2622/5986
f 6021/2625/5990 6017/2622/5986 6022/2626/5991
f 6021/2625/5990 6023/2627/5992 6020/2624/5989
f 6019/2621/5987 6020/2624/5989 6023/2627/5992
f 6024/2628/5993 6019/2621/5987 6023/2627/5992
f 6024/2628/5993 6023/2627/5992 6025/2661/5994
f 6024/2628/5993 6025/2661/5994 6026/2648/5995
f 6026/2648/5995 6027/2650/5996 6024/2628/5993
f 6024/2628/5993 6027/2650/5996 6028/2652/5997
f 6018/2623/5988 6028/2652/5997 6029/2654/5998
f 6018/2623/5988 6030/2653/5999 6028/2652/5997
f 6024/2628/5993 6028/2652/5997 6030/2653/5999
f 6025/2661/5994 6023/2627/5992 6031/2643/6000
f 6021/2625/5990 6031/2643/6000 6023/2627/5992
f 6025/2661/5994 6031/2643/6000 6032/2630/6001
f 6033/2631/6002 6025/2661/5994 6032/2630/6001
f 6033/2631/6002 6032/2630/6001 6034/2632/6003
f 6033/2631/6002 6034/2632/6003 6035/2633/6004
f 6036/2634/6005 6034/2632/6003 6032/2630/6001
f 6032/2630/6001 6037/2640/6006 6036/2634/6005
f 6038/2641/6007 6037/2640/6006 6032/2630/6001
f 6031/2643/6000 6038/2641/6007 6032/2630/6001
f 6033/2631/6002 6035/2633/6004 6039/2636/6008
f 6040/2635/6009 6033/2631/6002 6039/2636/6008
f 6026/2648/5995 6025/2661/5994 6040/2635/6009
f 6025/2661/5994 6033/2631/6002 6040/2635/6009
f 6038/2641/6007 6041/2642/6010 6037/2640/6006
f 6038/2641/6007 6042/2644/6011 6041/2642/6010
f 6038/2641/6007 6031/2643/6000 6042/2644/6011
f 6031/2643/6000 6043/2645/6012 6042/2644/6011
f 6044/2662/6013 6040/2635/6009 6039/2636/6008
f 6044/2662/6013 6039/2636/6008 6045/2638/6014
f 6046/2663/6015 6040/2635/6009 6044/2662/6013
f 6039/2636/6008 6047/2637/6016 6045/2638/6014
f 6035/2633/6004 6047/2637/6016 6039/2636/6008
f 6046/2663/6015 6026/2648/5995 6040/2635/6009
f 6046/2663/6015 6048/2649/6017 6026/2648/5995
f 6026/2648/5995 6048/2649/6017 6049/2650/6018
f 6046/2663/6015 6050/2651/6019 6048/2649/6017
f 6021/2625/5990 6051/2646/6020 6043/2645/6012
f 6021/2625/5990 6022/2626/5991 6051/2646/6020
f 6031/2643/6000 6021/2625/5990 6043/2645/6012
f 6052/2621/6021 6054/2653/6022 6053/2623/6023
f 6052/2621/6021 6055/2628/6024 6054/2653/6022
f 6056/2601/6025 6058/2602/6026 6057/2603/6027
f 6059/2604/6028 6056/2601/6025 6057/2603/6027
f 6060/2605/6029 6056/2601/6025 6059/2604/6028
f 6061/2606/6030 6056/2601/6025 6060/2605/6029
f 6062/2607/6031 6061/2606/6030 6060/2605/6029
f 6060/2605/6029 6059/2604/6028 6063/2608/6032
f 6059/2604/6028 6057/2603/6027 6064/2609/6033
f 6065/2610/6034 6059/2604/6028 6064/2609/6033
f 6059/2604/6028 6065/2610/6034 6063/2608/6032
f 6058/2602/6026 6066/2611/6035 6057/2603/6027
f 6066/2611/6035 6058/2602/6026 6067/2612/6036
f 6066/2611/6035 6067/2612/6036 6068/2613/6037
f 6069/2614/6038 6068/2613/6037 6067/2612/6036
f 6069/2614/6038 6067/2612/6036 6070/2615/6039
f 6070/2615/6039 6067/2612/6036 6071/2616/6040
f 6071/2616/6040 6067/2612/6036 6058/2602/6026
f 6056/2601/6025 6071/2616/6040 6058/2602/6026
f 6062/2607/6031 6072/2617/6041 6061/2606/6030
f 6073/2618/6042 6072/2617/6041 6062/2607/6031
f 6073/2618/6042 6062/2607/6031 6074/2619/6043
f 6073/2618/6042 6074/2619/6043 6075/2620/6044
f 6076/2621/6045 6078/2622/6046 6077/2623/6047
f 6076/2621/6045 6079/2624/6048 6078/2622/6046
f 6080/2625/6049 6078/2622/6046 6079/2624/6048
f 6080/2625/6049 6081/2626/6050 6078/2622/6046
f 6082/2627/6051 6080/2625/6049 6079/2624/6048
f 6082/2627/6051 6079/2624/6048 6076/2621/6045
f 6083/2628/6052 6082/2627/6051 6076/2621/6045
f 6083/2628/6052 6084/2629/6053 6082/2627/6051
f 6084/2629/6053 6085/2643/6054 6082/2627/6051
f 6082/2627/6051 6085/2643/6054 6080/2625/6049
f 6085/2643/6054 6086/2645/6055 6080/2625/6049
f 6086/2645/6055 6087/2646/6056 6080/2625/6049
f 6087/2646/6056 6081/2626/6050 6080/2625/6049
f 6085/2643/6054 6088/2644/6057 6086/2645/6055
f 6089/2641/6058 6088/2644/6057 6085/2643/6054
f 6090/2630/6059 6089/2641/6058 6085/2643/6054
f 6084/2629/6053 6090/2630/6059 6085/2643/6054
f 6084/2629/6053 6091/2631/6060 6090/2630/6059
f 6091/2631/6060 6092/2633/6061 6090/2630/6059
f 6093/2635/6062 6091/2631/6060 6084/2629/6053
f 6094/2636/6063 6091/2631/6060 6093/2635/6062
f 6094/2636/6063 6095/2637/6064 6091/2631/6060
f 6095/2637/6064 6092/2633/6061 6091/2631/6060
f 6095/2637/6064 6094/2636/6063 6096/2638/6065
f 6094/2636/6063 6097/2639/6066 6096/2638/6065
f 6097/2639/6066 6094/2636/6063 6093/2635/6062
f 6089/2641/6058 6090/2630/6059 6098/2640/6067
f 6089/2641/6058 6098/2640/6067 6099/2642/6068
f 6089/2641/6058 6099/2642/6068 6088/2644/6057
f 6090/2630/6059 6100/2634/6069 6098/2640/6067
f 6100/2634/6069 6090/2630/6059 6101/2632/6070
f 6092/2633/6061 6101/2632/6070 6090/2630/6059
f 6102/2647/6071 6097/2639/6066 6093/2635/6062
f 6103/2648/6072 6102/2647/6071 6093/2635/6062
f 6102/2647/6071 6103/2648/6072 6104/2649/6073
f 6103/2648/6072 6105/2650/6074 6104/2649/6073
f 6102/2647/6071 6104/2649/6073 6106/2651/6075
f 6103/2648/6072 6093/2635/6062 6084/2629/6053
f 6083/2628/6052 6103/2648/6072 6084/2629/6053
f 6103/2648/6072 6083/2628/6052 6107/2650/6076
f 6108/2652/6077 6107/2650/6076 6083/2628/6052
f 6108/2652/6077 6083/2628/6052 6109/2653/6078
f 6108/2652/6077 6109/2653/6078 6077/2623/6047
f 6108/2652/6077 6077/2623/6047 6110/2654/6079
f 6111/2621/6080 6113/2623/6081 6112/2653/6082
f 6111/2621/6080 6112/2653/6082 6114/2628/6083
f 6115/2655/6084 6117/2601/6085 6116/2602/6086
f 6115/2655/6084 6116/2602/6086 6118/2612/6087
f 6119/2656/6088 6115/2655/6084 6118/2612/6087
f 6120/2614/6089 6119/2656/6088 6118/2612/6087
f 6120/2614/6089 6118/2612/6087 6121/2613/6090
f 6118/2612/6087 6122/2611/6091 6121/2613/6090
f 6118/2612/6087 6116/2602/6086 6122/2611/6091
f 6123/2603/6092 6122/2611/6091 6116/2602/6086
f 6117/2601/6085 6123/2603/6092 6116/2602/6086
f 6117/2601/6085 6124/2657/6093 6123/2603/6092
f 6117/2601/6085 6125/2658/6094 6124/2657/6093
f 6125/2658/6094 6126/2610/6095 6124/2657/6093
f 6126/2610/6095 6125/2658/6094 6127/2659/6096
f 6125/2658/6094 6128/2605/6097 6127/2659/6096
f 6125/2658/6094 6117/2601/6085 6128/2605/6097
f 6129/2606/6098 6128/2605/6097 6117/2601/6085
f 6129/2606/6098 6130/2660/6099 6128/2605/6097
f 6129/2606/6098 6131/2617/6100 6130/2660/6099
f 6132/2618/6101 6130/2660/6099 6131/2617/6100
f 6132/2618/6101 6133/2619/6102 6130/2660/6099
f 6132/2618/6101 6134/2620/6103 6133/2619/6102
f 6135/2622/6104 6137/2621/6105 6136/2623/6106
f 6135/2622/6104 6138/2624/6107 6137/2621/6105
f 6139/2625/6108 6138/2624/6107 6135/2622/6104
f 6139/2625/6108 6135/2622/6104 6140/2626/6109
f 6139/2625/6108 6141/2627/6110 6138/2624/6107
f 6137/2621/6105 6138/2624/6107 6141/2627/6110
f 6142/2628/6111 6137/2621/6105 6141/2627/6110
f 6142/2628/6111 6141/2627/6110 6143/2661/6112
f 6142/2628/6111 6143/2661/6112 6144/2648/6113
f 6144/2648/6113 6145/2650/6114 6142/2628/6111
f 6142/2628/6111 6145/2650/6114 6146/2652/6115
f 6136/2623/6116 6146/2652/6115 6147/2654/6117
f 6136/2623/6116 6148/2653/6118 6146/2652/6115
f 6142/2628/6111 6146/2652/6115 6148/2653/6118
f 6143/2661/6112 6141/2627/6110 6149/2643/6119
f 6139/2625/6108 6149/2643/6119 6141/2627/6110
f 6143/2661/6112 6149/2643/6119 6150/2630/6120
f 6151/2631/6121 6143/2661/6112 6150/2630/6120
f 6151/2631/6121 6150/2630/6120 6152/2633/6122
f 6151/2631/6121 6152/2633/6122 6153/2636/6123
f 6154/2635/6124 6151/2631/6121 6153/2636/6123
f 6144/2648/6113 6143/2661/6112 6154/2635/6124
f 6143/2661/6112 6151/2631/6121 6154/2635/6124
f 6149/2643/6119 6155/2641/6125 6150/2630/6120
f 6155/2641/6125 6156/2640/6126 6150/2630/6120
f 6150/2630/6120 6156/2640/6126 6157/2634/6127
f 6157/2634/6127 6158/2632/6128 6150/2630/6120
f 6150/2630/6120 6158/2632/6128 6152/2633/6122
f 6155/2641/6125 6159/2642/6129 6156/2640/6126
f 6155/2641/6125 6160/2644/6130 6159/2642/6129
f 6155/2641/6125 6149/2643/6119 6160/2644/6130
f 6149/2643/6119 6161/2645/6131 6160/2644/6130
f 6162/2662/6132 6154/2635/6124 6153/2636/6123
f 6162/2662/6132 6153/2636/6123 6163/2638/6133
f 6164/2663/6134 6154/2635/6124 6162/2662/6132
f 6153/2636/6123 6165/2637/6135 6163/2638/6133
f 6152/2633/6122 6165/2637/6135 6153/2636/6123
f 6164/2663/6134 6144/2648/6113 6154/2635/6124
f 6164/2663/6134 6166/2649/6136 6144/2648/6113
f 6144/2648/6113 6166/2649/6136 6167/2650/6137
f 6164/2663/6134 6168/2651/6138 6166/2649/6136
f 6139/2625/6108 6169/2646/6139 6161/2645/6131
f 6139/2625/6108 6140/2626/6109 6169/2646/6139
f 6149/2643/6119 6139/2625/6108 6161/2645/6131
f 6170/2621/6140 6172/2653/6141 6171/2623/6142
f 6170/2621/6140 6173/2628/6143 6172/2653/6141
f 6174/2601/6144 6176/2602/6145 6175/2603/6146
f 6177/2604/6147 6174/2601/6144 6175/2603/6146
f 6178/2605/6148 6174/2601/6144 6177/2604/6147
f 6179/2606/6149 6174/2601/6144 6178/2605/6148
f 6180/2607/6150 6179/2606/6149 6178/2605/6148
f 6178/2605/6148 6177/2604/6147 6181/2608/6151
f 6177/2604/6147 6175/2603/6146 6182/2609/6152
f 6183/2610/6153 6177/2604/6147 6182/2609/6152
f 6177/2604/6147 6183/2610/6153 6181/2608/6151
f 6176/2602/6145 6184/2611/6154 6175/2603/6146
f 6184/2611/6154 6176/2602/6145 6185/2612/6155
f 6184/2611/6154 6185/2612/6155 6186/2613/6156
f 6187/2614/6157 6186/2613/6156 6185/2612/6155
f 6187/2614/6157 6185/2612/6155 6188/2615/6158
f 6188/2615/6158 6185/2612/6155 6189/2616/6159
f 6189/2616/6159 6185/2612/6155 6176/2602/6145
f 6174/2601/6144 6189/2616/6159 6176/2602/6145
f 6180/2607/6150 6190/2617/6160 6179/2606/6149
f 6191/2618/6161 6190/2617/6160 6180/2607/6150
f 6191/2618/6161 6180/2607/6150 6192/2619/6162
f 6191/2618/6161 6192/2619/6162 6193/2620/6163
f 6194/2621/6164 6196/2622/6165 6195/2623/6166
f 6194/2621/6164 6197/2624/6167 6196/2622/6165
f 6198/2625/6168 6196/2622/6165 6197/2624/6167
f 6198/2625/6168 6199/2626/6169 6196/2622/6165
f 6200/2627/6170 6198/2625/6168 6197/2624/6167
f 6200/2627/6170 6197/2624/6167 6194/2621/6164
f 6201/2628/6171 6200/2627/6170 6194/2621/6164
f 6201/2628/6171 6202/2629/6172 6200/2627/6170
f 6202/2629/6172 6203/2630/6173 6200/2627/6170
f 6202/2629/6172 6204/2631/6174 6203/2630/6173
f 6204/2631/6174 6205/2632/6175 6203/2630/6173
f 6204/2631/6174 6206/2633/6176 6205/2632/6175
f 6207/2634/6177 6203/2630/6173 6205/2632/6175
f 6208/2635/6178 6204/2631/6174 6202/2629/6172
f 6209/2636/6179 6204/2631/6174 6208/2635/6178
f 6209/2636/6179 6210/2637/6180 6204/2631/6174
f 6210/2637/6180 6206/2633/6176 6204/2631/6174
f 6210/2637/6180 6209/2636/6179 6211/2638/6181
f 6209/2636/6179 6212/2639/6182 6211/2638/6181
f 6212/2639/6182 6209/2636/6179 6208/2635/6178
f 6203/2630/6173 6207/2634/6177 6213/2640/6183
f 6214/2641/6184 6203/2630/6173 6213/2640/6183
f 6214/2641/6184 6213/2640/6183 6215/2642/6185
f 6203/2630/6173 6214/2641/6184 6216/2643/6186
f 6214/2641/6184 6217/2644/6187 6216/2643/6186
f 6214/2641/6184 6215/2642/6185 6217/2644/6187
f 6216/2643/6186 6217/2644/6187 6218/2645/6188
f 6216/2643/6186 6218/2645/6188 6198/2625/6168
f 6218/2645/6188 6219/2646/6189 6198/2625/6168
f 6200/2627/6170 6216/2643/6186 6198/2625/6168
f 6219/2646/6189 6199/2626/6169 6198/2625/6168
f 6220/2647/6190 6212/2639/6182 6208/2635/6178
f 6221/2648/6191 6220/2647/6190 6208/2635/6178
f 6220/2647/6190 6221/2648/6191 6222/2649/6192
f 6221/2648/6191 6223/2650/6193 6222/2649/6192
f 6220/2647/6190 6222/2649/6192 6224/2651/6194
f 6221/2648/6191 6208/2635/6178 6202/2629/6172
f 6201/2628/6171 6221/2648/6191 6202/2629/6172
f 6221/2648/6191 6201/2628/6171 6225/2650/6195
f 6226/2652/6196 6225/2650/6195 6201/2628/6171
f 6226/2652/6196 6201/2628/6171 6227/2653/6197
f 6226/2652/6196 6227/2653/6197 6195/2623/6166
f 6226/2652/6196 6195/2623/6166 6228/2654/6198
f 6203/2630/6173 6216/2643/6186 6200/2627/6170
f 6229/2621/6199 6231/2623/6200 6230/2653/6201
f 6229/2621/6199 6230/2653/6201 6232/2628/6202
f 6233/2655/6203 6235/2601/6204 6234/2602/6205
f 6233/2655/6203 6234/2602/6205 6236/2612/6206
f 6237/2656/6207 6233/2655/6203 6236/2612/6206
f 6238/2614/6208 6237/2656/6207 6236/2612/6206
f 6238/2614/6208 6236/2612/6206 6239/2613/6209
f 6236/2612/6206 6240/2611/6210 6239/2613/6209
f 6236/2612/6206 6234/2602/6205 6240/2611/6210
f 6241/2603/6211 6240/2611/6210 6234/2602/6205
f 6235/2601/6204 6241/2603/6211 6234/2602/6205
f 6235/2601/6204 6242/2657/6212 6241/2603/6211
f 6235/2601/6204 6243/2658/6213 6242/2657/6212
f 6243/2658/6213 6244/2610/6214 6242/2657/6212
f 6244/2610/6214 6243/2658/6213 6245/2659/6215
f 6243/2658/6213 6246/2605/6216 6245/2659/6215
f 6243/2658/6213 6235/2601/6204 6246/2605/6216
f 6247/2606/6217 6246/2605/6216 6235/2601/6204
f 6247/2606/6217 6248/2660/6218 6246/2605/6216
f 6247/2606/6217 6249/2617/6219 6248/2660/6218
f 6250/2618/6220 6248/2660/6218 6249/2617/6219
f 6250/2618/6220 6251/2619/6221 6248/2660/6218
f 6250/2618/6220 6252/2620/6222 6251/2619/6221
f 6253/2622/6223 6255/2621/6224 6254/2623/6225
f 6253/2622/6223 6256/2624/6226 6255/2621/6224
f 6257/2625/6227 6256/2624/6226 6253/2622/6223
f 6257/2625/6227 6253/2622/6223 6258/2626/6228
f 6257/2625/6227 6259/2627/6229 6256/2624/6226
f 6255/2621/6224 6256/2624/6226 6259/2627/6229
f 6260/2628/6230 6255/2621/6224 6259/2627/6229
f 6260/2628/6230 6259/2627/6229 6261/2661/6231
f 6260/2628/6230 6261/2661/6231 6262/2648/6232
f 6262/2648/6232 6263/2650/6233 6260/2628/6230
f 6260/2628/6230 6263/2650/6233 6264/2652/6234
f 6254/2623/6225 6264/2652/6234 6265/2654/6235
f 6254/2623/6225 6266/2653/6236 6264/2652/6234
f 6260/2628/6230 6264/2652/6234 6266/2653/6236
f 6261/2661/6231 6259/2627/6229 6267/2643/6237
f 6257/2625/6227 6267/2643/6237 6259/2627/6229
f 6261/2661/6231 6267/2643/6237 6268/2630/6238
f 6269/2631/6239 6261/2661/6231 6268/2630/6238
f 6269/2631/6239 6268/2630/6238 6270/2632/6240
f 6269/2631/6239 6270/2632/6240 6271/2633/6241
f 6272/2634/6242 6270/2632/6240 6268/2630/6238
f 6268/2630/6238 6273/2640/6243 6272/2634/6242
f 6274/2641/6244 6273/2640/6243 6268/2630/6238
f 6267/2643/6237 6274/2641/6244 6268/2630/6238
f 6269/2631/6239 6271/2633/6241 6275/2636/6245
f 6276/2635/6246 6269/2631/6239 6275/2636/6245
f 6262/2648/6232 6261/2661/6231 6276/2635/6246
f 6261/2661/6231 6269/2631/6239 6276/2635/6246
f 6274/2641/6244 6277/2642/6247 6273/2640/6243
f 6274/2641/6244 6278/2644/6248 6277/2642/6247
f 6274/2641/6244 6267/2643/6237 6278/2644/6248
f 6267/2643/6237 6279/2645/6249 6278/2644/6248
f 6280/2662/6250 6276/2635/6246 6275/2636/6245
f 6280/2662/6250 6275/2636/6245 6281/2638/6251
f 6282/2663/6252 6276/2635/6246 6280/2662/6250
f 6275/2636/6245 6283/2637/6253 6281/2638/6251
f 6271/2633/6241 6283/2637/6253 6275/2636/6245
f 6282/2663/6252 6262/2648/6232 6276/2635/6246
f 6282/2663/6252 6284/2649/6254 6262/2648/6232
f 6262/2648/6232 6284/2649/6254 6285/2650/6255
f 6282/2663/6252 6286/2651/6256 6284/2649/6254
f 6257/2625/6227 6287/2646/6257 6279/2645/6249
f 6257/2625/6227 6258/2626/6228 6287/2646/6257
f 6267/2643/6237 6257/2625/6227 6279/2645/6249
f 6288/2621/6258 6290/2653/6259 6289/2623/6260
f 6288/2621/6258 6291/2628/6261 6290/2653/6259
